ds,yhat,yhat_lower,yhat_upper
2021-04-15 08:17:00,-0.013599806547371918,-10.522675835869347,10.018851518423078
2021-04-15 08:18:00,-0.013318825103730059,-10.05757479316782,10.567051744562436
2021-04-15 08:19:00,-0.013022485467232947,-9.901028126614952,10.789325767804302
2021-04-15 08:20:00,-0.012711764029061046,-10.790313994625912,10.1486359187652
2021-04-15 08:21:00,-0.012387622184022784,-10.978357737345396,10.979098751020178
2021-04-15 08:22:00,-0.012051005958171213,-11.024146690102596,11.63669613924324
2021-04-15 08:23:00,-0.011702845641778259,-10.60738246071833,10.501748079439043
2021-04-15 08:24:00,-0.011344055419547416,-10.737855873819347,10.320031224708908
2021-04-15 08:25:00,-0.01097553300754317,-10.281582621565766,11.461292328052211
2021-04-15 08:26:00,-0.010598159319122114,-10.01080503659706,10.47539741162488
2021-04-15 08:27:00,-0.010212798106207455,-9.950100951764222,9.711855487552485
2021-04-15 08:28:00,-0.009820295641612908,-9.771873545241926,11.200027973642463
2021-04-15 08:29:00,-0.009421480377317715,-9.86130198307126,10.807921137142515
2021-04-15 08:30:00,-0.009017162636367426,-10.698094642878923,10.516244690843303
2021-04-15 08:31:00,-0.008608134299082804,-10.518501664517942,10.579336769758877
2021-04-15 08:32:00,-0.008195168499416927,-9.353034059274558,10.839548495130435
2021-04-15 08:33:00,-0.0077790193302887944,-10.747286744545015,10.508174422918046
2021-04-15 08:34:00,-0.007360421560151598,-10.537170765378065,10.239663408818112
2021-04-15 08:35:00,-0.006940090353846573,-10.421961091361009,10.798053283994129
2021-04-15 08:36:00,-0.0065187210015228425,-10.735574990001698,10.259765542695435
2021-04-15 08:37:00,-0.006096988663419345,-10.57307951603012,11.546376008660637
2021-04-15 08:38:00,-0.005675548104717598,-10.564091691143503,10.403764154471602
2021-04-15 08:39:00,-0.005255033475282889,-9.985608549823972,10.818541584654325
2021-04-15 08:40:00,-0.00483605804680276,-10.871606616016003,9.933143506785951
2021-04-15 08:41:00,-0.004419214006841088,-11.034211146014764,10.781568803424575
2021-04-15 08:42:00,-0.0040050722403945915,-10.644439645515765,9.926022811475455
2021-04-15 08:43:00,-0.0035941821074735314,-10.343439524921358,10.361178087301921
2021-04-15 08:44:00,-0.0031870712576496096,-10.714092225169003,11.293288774878489
2021-04-15 08:45:00,-0.002784245442202904,-10.608440827482916,11.261131289438046
2021-04-15 08:46:00,-0.0023861883209793655,-11.19601332387259,11.143667276979404
2021-04-15 08:47:00,-0.0019933613070032274,-10.804928805499744,9.847789726671627
2021-04-15 08:48:00,-0.0016062033736751191,-10.797600473950926,10.60762580314595
2021-04-15 08:49:00,-0.0012251309490659557,-10.856915161994195,9.56042824798761
2021-04-15 08:50:00,-0.0008505377261806002,-9.599362142423379,10.94589457974741
2021-04-15 08:51:00,-0.00048279456619682026,-11.152199617073839,10.44237646742262
2021-04-15 08:52:00,-0.00012224933824789286,-11.297141955400846,10.314048627608887
2021-04-15 08:53:00,0.00023077315573172275,-10.695060793094738,11.114956325807855
2021-04-15 08:54:00,0.0005759713305584224,-9.863553349887002,10.750927080937544
2021-04-15 08:55:00,0.0009130668858412516,-10.715152831987984,10.134987773386584
2021-04-15 08:56:00,0.0012418048810323157,-10.55080297445179,11.530052268258048
2021-04-15 08:57:00,0.0015619538550817325,-9.757346821383717,9.828325777113891
2021-04-15 08:58:00,0.001873305862337027,-10.886112613041135,11.292607136770508
2021-04-15 08:59:00,0.0021756765196079275,-10.401854876728631,10.295611382127458
2021-04-15 09:00:00,0.0024689050985496896,-10.755153171344332,10.758985261904938
2021-04-15 09:01:00,0.002752854503718982,-11.13576277263868,10.813370383214378
2021-04-15 09:02:00,0.003027411386726575,-10.518231325632721,11.022917405940234
2021-04-15 09:03:00,0.003292486043858678,-9.789198011264322,11.025850521244791
2021-04-15 09:04:00,0.0035480125614888447,-10.941582580170007,9.785510898932072
2021-04-15 09:05:00,0.00379394871619132,-10.90770451692347,10.1543259844859
2021-04-15 09:06:00,0.004030276005863254,-10.60484322480308,10.4055295457924
2021-04-15 09:07:00,0.004256999610463996,-10.396149238715186,10.369237455483812
2021-04-15 09:08:00,0.00447414839342275,-10.140207897621263,10.210712375127374
2021-04-15 09:09:00,0.004681774855986864,-11.629955751843681,10.240627063893088
2021-04-15 09:10:00,0.004879955040771655,-10.63752425386992,10.681640698120503
2021-04-15 09:11:00,0.005068788539971281,-10.010374872744823,10.348624937382624
2021-04-15 09:12:00,0.005248398414078981,-10.403111585231924,10.523958514113916
2021-04-15 09:13:00,0.005418931047277864,-10.981634115364836,10.259819743490254
2021-04-15 09:14:00,0.0055805561793766945,-10.258563660914707,10.30086048317709
2021-04-15 09:15:00,0.00573346669009589,-9.856815168335757,10.852144215436073
2021-04-15 09:16:00,0.005877878596161179,-10.895061658587794,11.345197608626401
2021-04-15 09:17:00,0.006014030838945694,-10.554068711766659,11.099429677900217
2021-04-15 09:18:00,0.006142185270059164,-11.242409728865495,9.804121140109226
2021-04-15 09:19:00,0.006262626426000506,-11.247730028117948,10.660952816915335
2021-04-15 09:20:00,0.006375661416426204,-11.090153833431486,10.59426112221009
2021-04-15 09:21:00,0.006481619783234693,-10.712979510183525,9.995823500274957
2021-04-15 09:22:00,0.006580853356016436,-11.361277875053702,10.981043842439117
2021-04-15 09:23:00,0.0066737360224702336,-10.025068625253065,10.966625505497587
2021-04-15 09:24:00,0.006760663615411722,-10.597561635216774,10.79023664253989
2021-04-15 09:25:00,0.006842053668290493,-9.681412788110771,10.921217490429022
2021-04-15 09:26:00,0.00691834530072466,-10.685248645436605,10.655661934228538
2021-04-15 09:27:00,0.006989998884101789,-10.38890278226353,10.534575296547088
2021-04-15 09:28:00,0.007057495972028649,-11.027406751170458,10.769342937478633
2021-04-15 09:29:00,0.007121338995673465,-11.466258882381116,10.258935685824289
2021-04-15 09:30:00,0.007182051023920333,-10.618298872104516,10.582156077976363
2021-04-15 09:31:00,0.00724017554725731,-10.643917563139288,10.61661070508611
2021-04-15 09:32:00,0.007296276255310041,-10.05517358252413,10.056102217916337
2021-04-15 09:33:00,0.007350936769932814,-11.500291235015219,10.665875525822521
2021-04-15 09:34:00,0.007404760310923186,-11.485464253084922,10.409698482079154
2021-04-15 09:35:00,0.007458369524756092,-11.859702483978287,10.784670899044714
2021-04-15 09:36:00,0.007512406178766806,-10.065375357036737,11.195183256416481
2021-04-15 09:37:00,0.007567530778278764,-10.549695609882157,10.255088978321547
2021-04-15 09:38:00,0.007624422435340339,-10.414408165876614,10.889386115039766
2021-04-15 09:39:00,0.007683778416035625,-10.370914952338294,10.903027373881486
2021-04-15 09:40:00,0.007746313926020543,-11.361911733227414,10.174845469286426
2021-04-15 09:41:00,0.007812761721466388,-10.940494475761037,11.138502682482459
2021-04-15 09:42:00,0.007883871862281344,-10.605537613704216,10.368971563738658
2021-04-15 09:43:00,0.007960411326977113,-10.419053282067274,10.398079072858557
2021-04-15 09:44:00,0.008043163637397432,-10.86042799582653,9.702232663593138
2021-04-15 09:45:00,0.008132928621312874,-10.486580862329104,10.293742482978065
2021-04-15 09:46:00,0.008230521922274359,-10.70337454016947,10.36910651706748
2021-04-15 09:47:00,0.008336774796757762,-10.863684190140777,10.365082124756935
2021-04-15 09:48:00,0.008452533557640862,-10.666506749748,10.828815814725491
2021-04-15 09:49:00,0.00857865938956237,-9.975520408945306,11.229880170138737
2021-04-15 09:50:00,0.008716027862363251,-11.230237604823008,11.4356425742365
2021-04-15 09:51:00,0.00886552851382183,-10.52217559897616,10.863586522113794
2021-04-15 09:52:00,0.009028064576475314,-10.088702408665293,11.020230968888454
2021-04-15 09:53:00,0.009204552496024587,-9.750055381511256,10.44752731407995
2021-04-15 09:54:00,0.009395921508663752,-10.31169722115263,10.313923167697592
2021-04-15 09:55:00,0.009603113289238463,-10.162467918517208,10.023114446448224
2021-04-15 09:56:00,0.009827081501762924,-10.469165655513423,10.309445939609589
2021-04-15 09:57:00,0.010068791461752102,-10.76226643976083,10.67874364302582
2021-04-15 09:58:00,0.010329219497806408,-10.78778257959438,10.47933186719889
2021-04-15 09:59:00,0.010609352817544382,-10.634961016506043,10.833024271990746
2021-04-15 10:00:00,0.010910188805478116,-10.258942611135009,10.814437124405183
2021-04-15 10:01:00,0.011232734752302576,-10.437921218354196,11.313586738449395
2021-04-15 10:02:00,0.011578007314109406,-10.812214619448602,10.976680182540031
2021-04-15 10:03:00,0.01194703214935633,-10.291034217563926,10.175167833986714
2021-04-15 10:04:00,0.012340843405303836,-10.441578005654815,10.035546885067236
2021-04-15 10:05:00,0.012760483227053587,-10.354171494457507,10.911268878550423
2021-04-15 10:06:00,0.01320700138873232,-10.754333988667819,10.889434445523632
2021-04-15 10:07:00,0.013681454803210702,-10.230175752232968,10.511291562086148
2021-04-15 10:08:00,0.014184906958653598,-10.89893550306696,10.366642657975346
2021-04-15 10:09:00,0.014718427597508188,-10.343425810685208,10.715331511483056
2021-04-15 10:10:00,0.015283092085613625,-11.036930385657064,10.596378928493598
2021-04-15 10:11:00,0.01587998111192568,-10.468153054437764,10.847210308937338
2021-04-15 10:12:00,0.016510179983586837,-10.322044706855076,9.891370886460445
2021-04-15 10:13:00,0.01717477837050052,-10.441271004555801,10.820899249946367
2021-04-15 10:14:00,0.017874869681773542,-10.317527705944197,11.086355803771772
2021-04-15 10:15:00,0.018611550571891566,-10.99648553001251,10.494188894601406
2021-04-15 10:16:00,0.01938592049203547,-11.041125331766102,10.133368989341731
2021-04-15 10:17:00,0.020199081259231755,-11.04639403834473,10.759173576333415
2021-04-15 10:18:00,0.02105213642052217,-11.707168756953486,10.474666317934409
2021-04-15 10:19:00,0.021946190818090572,-9.983064966452453,10.794529042103367
2021-04-15 10:20:00,0.02288235013136586,-10.4770052636952,10.584162062199685
2021-04-15 10:21:00,0.023861720378783535,-11.173496822642925,10.62917617891608
2021-04-15 10:22:00,0.024885407268158688,-10.115737691029247,11.557132510887127
2021-04-15 10:23:00,0.02595451593712783,-10.51714953176845,10.837839700724397
2021-04-15 10:24:00,0.027070150217541222,-10.456997962567845,10.377008013951999
2021-04-15 10:25:00,0.028233412308690475,-11.37552026689249,9.785734838845206
2021-04-15 10:26:00,0.02944540212331903,-10.420198067109775,10.731529050311115
2021-04-15 10:27:00,0.03070721693608114,-10.639434037805785,10.969246737197082
2021-04-15 10:28:00,0.03201995077052455,-10.089609971016577,11.116754152623395
2021-04-15 10:29:00,0.033384693886976735,-10.68870928935197,10.66102179935829
2021-04-15 10:30:00,0.034802532352047666,-10.708642681671888,10.942936954459185
2021-04-15 10:31:00,0.03627454751802228,-10.981057898567428,11.184514953060567
2021-04-15 10:32:00,0.03780181546536654,-11.027969707366458,11.253561390293669
2021-04-15 10:33:00,0.03938540652874678,-10.896478645037078,10.680774873856011
2021-04-15 10:34:00,0.0410263848284631,-10.39038901141339,11.075241833562242
2021-04-15 10:35:00,0.04272580771116996,-10.97219717713633,10.861146019934722
2021-04-15 10:36:00,0.04448472529029024,-10.025427428126974,10.294358639819276
2021-04-15 10:37:00,0.046304179983696625,-10.071637567010033,10.90499435249228
2021-04-15 10:38:00,0.04818520590055453,-10.387654408466997,9.925968900767588
2021-04-15 10:39:00,0.0501288284744591,-10.630399882105158,10.667406986542833
2021-04-15 10:40:00,0.05213606386889247,-10.795561945561085,11.02997297357848
2021-04-15 10:41:00,0.05420791855981333,-10.323732000334669,10.488947668999847
2021-04-15 10:42:00,0.05634538887186413,-10.0318461059487,10.7509952932817
2021-04-15 10:43:00,0.0585494603154636,-11.137029449106596,11.25819708466024
2021-04-15 10:44:00,0.06082110734721946,-10.58680665454139,10.013054012358223
2021-04-15 10:45:00,0.06316129277567484,-9.898396825863744,11.259022381030913
2021-04-15 10:46:00,0.06557096716739441,-10.06190685439611,10.679773392158475
2021-04-15 10:47:00,0.0680510686321949,-10.25051620294492,10.499862895845888
2021-04-15 10:48:00,0.07060252211102025,-10.781945886479297,10.473530524231515
2021-04-15 10:49:00,0.07322623906840664,-11.03700738573992,10.247793704826014
2021-04-15 10:50:00,0.07592311692773313,-10.004925147698167,10.938973556386292
2021-04-15 10:51:00,0.07869403867376301,-10.2547584836555,10.739067270199712
2021-04-15 10:52:00,0.08153987240854799,-10.67080145997854,10.156298656342507
2021-04-15 10:53:00,0.08446147085987799,-10.076406539360002,10.330527846760607
2021-04-15 10:54:00,0.08745967089530415,-11.00753260177678,10.499569254902847
2021-04-15 10:55:00,0.0905352931876835,-11.005842817387613,11.088688260949276
2021-04-15 10:56:00,0.09368914176242471,-10.453228897820857,10.81172120724678
2021-04-15 10:57:00,0.09692200339731116,-9.743585428278859,10.88017482819493
2021-04-15 10:58:00,0.10023464746383925,-10.44809617208605,10.845056525432767
2021-04-15 10:59:00,0.10362782530240577,-9.963287112235522,10.644929343630631
2021-04-15 11:00:00,0.10710226984870752,-10.99978518723155,10.794174198374854
2021-04-15 11:01:00,0.11065869531931549,-9.57446043868276,10.739337684739654
2021-04-15 11:02:00,0.11429779668134432,-11.591338277223983,10.54820429297201
2021-04-15 11:03:00,0.1180202493090069,-10.594443471007851,10.399441356325637
2021-04-15 11:04:00,0.12182670858808509,-9.670263041852094,11.25889942973366
2021-04-15 11:05:00,0.12571780952044798,-10.893359331848135,11.228008655222379
2021-04-15 11:06:00,0.12969416642119513,-10.450951856597849,11.823933516654433
2021-04-15 11:07:00,0.13375637233061188,-11.14163039368844,10.592861636713664
2021-04-15 11:08:00,0.1379049989162876,-10.519880150756364,11.04465133245783
2021-04-15 11:09:00,0.1421405959691351,-10.172240656369965,10.125869482952433
2021-04-15 11:10:00,0.14646369096344358,-9.554158272375044,10.977380898961103
2021-04-15 11:11:00,0.1508747889102151,-9.887441674811983,10.894029487336843
2021-04-15 11:12:00,0.15537437190704462,-11.120672800875079,10.076409195483889
2021-04-15 11:13:00,0.15996289877199743,-10.410947405708258,11.432122014857136
2021-04-15 11:14:00,0.16464080477286647,-10.142774918677386,10.73589442240381
2021-04-15 11:15:00,0.16940850127927531,-10.560945301080272,11.124659326515898
2021-04-15 11:16:00,0.17426637552680335,-10.148184310104243,11.296225492320549
2021-04-15 11:17:00,0.179214790190381,-10.064369196988032,11.506797908902056
2021-04-15 11:18:00,0.18425408317328784,-9.99332167838512,10.367963403823373
2021-04-15 11:19:00,0.18938456729848574,-10.189897219833426,10.903972557630762
2021-04-15 11:20:00,0.19460653002580686,-10.011126004284547,11.530969911013015
2021-04-15 11:21:00,0.1999202331649116,-10.886385163512507,10.492142593495744
2021-04-15 11:22:00,0.20532591269277756,-10.504625410489998,10.226387117369562
2021-04-15 11:23:00,0.21082377836777055,-9.416370154121791,10.637734251811864
2021-04-15 11:24:00,0.21641401355514478,-10.1647301314781,11.496620324377512
2021-04-15 11:25:00,0.22209677505972425,-9.011620748132259,12.5183892130299
2021-04-15 11:26:00,0.22787219273111936,-10.27296499611411,11.030464059229761
2021-04-15 11:27:00,0.23374036938298326,-9.668517995096598,11.51366769570491
2021-04-15 11:28:00,0.2397013805113829,-10.42162931402084,12.014583985543759
2021-04-15 11:29:00,0.24575527408360398,-9.525390897129348,10.673248893896886
2021-04-15 11:30:00,0.25190207054634006,-11.285577506285858,11.40576378770842
2021-04-15 11:31:00,0.2581417621503912,-10.181228704494544,10.860531674806575
2021-04-15 11:32:00,0.2644743134097626,-10.610513213195137,10.794483782662024
2021-04-15 11:33:00,0.2708996604490781,-10.014914008401336,10.743305830055798
2021-04-15 11:34:00,0.2774177110353806,-9.035491302498627,11.3799095247975
2021-04-15 11:35:00,0.2840283444416444,-9.709249594378328,10.391792901227843
2021-04-15 11:36:00,0.2907314112274741,-10.413927002091917,10.837122951520906
2021-04-15 11:37:00,0.2975267332359375,-10.852806847692017,10.143924464340103
2021-04-15 11:38:00,0.3044141033498875,-9.847638682349952,10.97036651740076
2021-04-15 11:39:00,0.31139328540171,-10.333791593239575,11.126690124934939
2021-04-15 11:40:00,0.3184640141806361,-9.980684190839135,10.530333070385517
2021-04-15 11:41:00,0.3256259952183055,-10.344304884060632,10.359824129374072
2021-04-15 11:42:00,0.332878904735923,-10.399647572980538,11.048104279972813
2021-04-15 11:43:00,0.3402223896396145,-10.026887231942517,10.567104192462063
2021-04-15 11:44:00,0.34765606736316995,-9.914903482417245,10.971214664407036
2021-04-15 11:45:00,0.35517952586153007,-10.44979580492988,10.970523056299035
2021-04-15 11:46:00,0.36279232373249287,-10.132368835901717,10.501395272925834
2021-04-15 11:47:00,0.3704939897448109,-10.528255694332536,10.413023034434282
2021-04-15 11:48:00,0.378284023355173,-9.855308332012982,11.497255207083777
2021-04-15 11:49:00,0.3861618943312992,-10.631696144421083,10.740862298308565
2021-04-15 11:50:00,0.39412704283080036,-10.18643582563874,10.914256676054233
2021-04-15 11:51:00,0.4021788795569052,-9.53948529357114,10.383295830179085
2021-04-15 11:52:00,0.41031677760505725,-10.457939995430474,10.770549783471933
2021-04-15 11:53:00,0.4185400964820665,-9.166685390661645,11.184566662578698
2021-04-15 11:54:00,0.4268481583102905,-10.21309808490628,11.125388088392251
2021-04-15 11:55:00,0.4352402556552541,-10.209692438364275,10.806962594553424
2021-04-15 11:56:00,0.44371565184695694,-9.66341390304508,11.245719478864967
2021-04-15 11:57:00,0.45227358086876146,-9.667713903172851,10.742113623992235
2021-04-15 11:58:00,0.46091324743412326,-10.191112845050402,11.776513572815702
2021-04-15 11:59:00,0.469633827204105,-9.85144244812083,11.160566458800016
2021-04-15 12:00:00,0.47843446671605644,-10.872262088954413,10.797990918260586
2021-04-15 12:01:00,0.48731428364550267,-9.788465911686556,10.828563404303706
2021-04-15 12:02:00,0.49627236696396526,-10.3020828828186,10.973981054993805
2021-04-15 12:03:00,0.5053077766943623,-10.900846484556064,10.195802537497851
2021-04-15 12:04:00,0.5144195446710795,-10.177945929392463,11.744860208179515
2021-04-15 12:05:00,0.5236066740254021,-11.02774772915601,11.621849882241548
2021-04-15 12:06:00,0.5328681398569686,-10.095819323554588,10.773587576974505
2021-04-15 12:07:00,0.542202889288889,-9.816289367363607,11.726375065739008
2021-04-15 12:08:00,0.5516098412815442,-9.926291240601833,10.874918077388651
2021-04-15 12:09:00,0.5610878874082409,-11.006189031850203,10.893217523040704
2021-04-15 12:10:00,0.5706358916542731,-9.492133472017574,12.493154344402841
2021-04-15 12:11:00,0.5802526906657279,-9.715205477062135,11.486789371488305
2021-04-15 12:12:00,0.5899370941486366,-9.887638574896611,11.135897014366655
2021-04-15 12:13:00,0.599687884877862,-9.99626152266689,11.032905309594359
2021-04-15 12:14:00,0.6095038191183675,-9.376829983293613,11.028421485123623
2021-04-15 12:15:00,0.6193836268202946,-10.13284025296438,11.70065260750795
2021-04-15 12:16:00,0.6293260117317214,-9.620869746393108,10.81024904104009
2021-04-15 12:17:00,0.6393296519030831,-9.08669535438245,11.275348180600984
2021-04-15 12:18:00,0.6493931998464066,-9.970591016569616,10.952109596009125
2021-04-15 12:19:00,0.6595152827076411,-9.70693837330906,11.476427687445259
2021-04-15 12:20:00,0.669694502823276,-9.96860819869816,11.123969471138464
2021-04-15 12:21:00,0.6799294377381256,-9.395151138524342,10.943237307631847
2021-04-15 12:22:00,0.6902186407170193,-10.025878812751056,10.831763745337131
2021-04-15 12:23:00,0.7005606411441367,-10.565573999330532,11.898906067259116
2021-04-15 12:24:00,0.710953944375422,-10.062478826419172,11.23801789121457
2021-04-15 12:25:00,0.7213970327594488,-9.604496948859737,11.254141581476256
2021-04-15 12:26:00,0.7318883654999749,-9.708259587025276,10.747620634274273
2021-04-15 12:27:00,0.7424263790915885,-9.796757785038121,10.790020254242043
2021-04-15 12:28:00,0.7530094878817941,-10.185236502846568,11.28291807411701
2021-04-15 12:29:00,0.7636360841749569,-9.598490125322542,10.986611321529773
2021-04-15 12:30:00,0.7743045388515148,-10.233422602324985,11.26921687800431
2021-04-15 12:31:00,0.7850132016570396,-10.372500896005025,11.769136262320622
2021-04-15 12:32:00,0.7957604014922435,-9.81605806443592,11.375515345086734
2021-04-15 12:33:00,0.8065444470318616,-10.339315118994516,11.637062789517023
2021-04-15 12:34:00,0.817363627029619,-9.383702803778034,11.38018275745491
2021-04-15 12:35:00,0.8282162106344726,-9.363894112436615,11.904211716697999
2021-04-15 12:36:00,0.8391004480714475,-9.293554353816699,11.031896981264477
2021-04-15 12:37:00,0.8500145707846876,-8.316508160879302,11.606888568150366
2021-04-15 12:38:00,0.8609567921076212,-9.484393642904658,11.898617872650753
2021-04-15 12:39:00,0.871925307765461,-10.027908190879918,11.12091799967537
2021-04-15 12:40:00,0.882918295862374,-9.729951962337939,10.744660936325152
2021-04-15 12:41:00,0.8939339180250464,-9.575504157018313,11.475135189027437
2021-04-15 12:42:00,0.9049703194089702,-9.400469796901175,10.897968660316902
2021-04-15 12:43:00,0.916025629217613,-9.921078507102651,11.710122671129291
2021-04-15 12:44:00,0.9270979614698333,-10.073041424276907,11.767867167846209
2021-04-15 12:45:00,0.9381854149810654,-9.350479398619242,11.822335251009193
2021-04-15 12:46:00,0.9492860745168652,-9.666081329632531,11.628806904344307
2021-04-15 12:47:00,0.9603980108094042,-9.00653832739834,11.421401041055816
2021-04-15 12:48:00,0.9715192811295642,-9.28310494385799,11.169797277422862
2021-04-15 12:49:00,0.9826479300212679,-9.073263748773805,11.42726056624888
2021-04-15 12:50:00,0.9937819895635491,-9.02548401775288,12.770766708489585
2021-04-15 12:51:00,1.0049194800956065,-9.857215112730666,12.48633348544124
2021-04-15 12:52:00,1.0160584106968367,-9.495497776199768,11.213808350832371
2021-04-15 12:53:00,1.0271967795639458,-9.290998369830955,11.902482365508137
2021-04-15 12:54:00,1.0383325748190069,-9.135790246860342,11.622110786151483
2021-04-15 12:55:00,1.049463774898913,-10.056355624189406,11.358618525455544
2021-04-15 12:56:00,1.0605883490253225,-9.398387668026665,12.22323782226416
2021-04-15 12:57:00,1.0717042580278862,-9.65453895401914,11.09635416666161
2021-04-15 12:58:00,1.0828094545784381,-9.111625485002888,11.717108784236377
2021-04-15 12:59:00,1.0939018839850183,-8.703267509014802,12.067208759379405
2021-04-15 13:00:00,1.1049794848563526,-9.683051100549074,12.083145849650846
2021-04-15 13:01:00,1.1160401891330378,-9.357243619154548,10.909418856372858
2021-04-15 13:02:00,1.1270819234179,-9.181123965300873,11.315188172628858
2021-04-15 13:03:00,1.1381026090002135,-9.070350746048666,12.261144075231849
2021-04-15 13:04:00,1.1491001625911437,-9.064527965212516,11.874232856992041
2021-04-15 13:05:00,1.1600724970336462,-9.890246026941515,11.949923859007606
2021-04-15 13:06:00,1.17101752165614,-9.404619062667178,11.674986914776467
2021-04-15 13:07:00,1.181933143119674,-9.017557907749838,12.23207674511712
2021-04-15 13:08:00,1.1928172658896097,-8.791388534412189,12.92729115162213
2021-04-15 13:09:00,1.203667792709181,-9.232107640634258,12.10566593511604
2021-04-15 13:10:00,1.2144826254160104,-8.88900812824139,11.945120651081385
2021-04-15 13:11:00,1.225259665483884,-9.489097766605264,11.101048993456232
2021-04-15 13:12:00,1.235996814452176,-8.748416956385515,11.466247024716537
2021-04-15 13:13:00,1.246691974790052,-9.555002693138373,11.502694141494029
2021-04-15 13:14:00,1.2573430502902252,-9.633894425753907,11.493142148441438
2021-04-15 13:15:00,1.2679479467682686,-9.118711513204179,12.897964308129625
2021-04-15 13:16:00,1.2785045728418507,-8.868030025959632,12.0728534902309
2021-04-15 13:17:00,1.2890108399921987,-9.469568293388697,12.619126918585472
2021-04-15 13:18:00,1.29946466390736,-9.52216535606066,12.057853279914331
2021-04-15 13:19:00,1.3098639645555057,-9.276857232979554,11.881409181606672
2021-04-15 13:20:00,1.3202066669025858,-9.669814459400685,11.755342542897086
2021-04-15 13:21:00,1.3304907017501137,-9.549081158684263,11.426506250920067
2021-04-15 13:22:00,1.340714005995061,-9.575137595092551,11.747979106294816
2021-04-15 13:23:00,1.350874523575305,-9.046093424119325,11.985178368374894
2021-04-15 13:24:00,1.3609702058583506,-9.332979613793324,12.41466384112158
2021-04-15 13:25:00,1.370999012296817,-9.462904160541408,11.768677163434266
2021-04-15 13:26:00,1.3809589110917064,-9.870868344636978,11.222046796992167
2021-04-15 13:27:00,1.390847879760403,-9.767155096617287,13.304275421343133
2021-04-15 13:28:00,1.4006639057132806,-9.32394721031594,11.078006341692765
2021-04-15 13:29:00,1.4104049869466952,-9.914460726180772,11.32747656370269
2021-04-15 13:30:00,1.4200691324759176,-8.530260373707797,12.570862717818091
2021-04-15 13:31:00,1.4296543631646044,-9.26295281095646,11.530049174351255
2021-04-15 13:32:00,1.4391587122044063,-9.171166142771382,11.851893279744987
2021-04-15 13:33:00,1.448580225595332,-9.758010110119026,11.23679241849079
2021-04-15 13:34:00,1.4579169629592894,-8.98479242209899,11.954611533304723
2021-04-15 13:35:00,1.4671669979821145,-9.735983408557576,11.91390361930772
2021-04-15 13:36:00,1.4763284190224333,-9.114287016891836,11.903134891759729
2021-04-15 13:37:00,1.4853993298980739,-8.734244709053408,12.30615922089397
2021-04-15 13:38:00,1.4943778499670053,-8.659818749557832,11.718856710577048
2021-04-15 13:39:00,1.5032621153573378,-9.572494060290548,11.60114766744578
2021-04-15 13:40:00,1.5120502790578607,-8.986812838615595,12.711631948552318
2021-04-15 13:41:00,1.5207405116024446,-9.551300013401825,12.014377096235597
2021-04-15 13:42:00,1.5293310018401511,-9.373227469036646,11.828288370647313
2021-04-15 13:43:00,1.5378199571897342,-8.66830691629795,11.340397559523376
2021-04-15 13:44:00,1.546205604420583,-8.586602832423686,12.291285187100689
2021-04-15 13:45:00,1.5544861902027556,-8.927448580469934,12.664851704870893
2021-04-15 13:46:00,1.562659981444812,-9.36504931677174,12.01365737751725
2021-04-15 13:47:00,1.5707252661409794,-8.04127571253822,12.215318862078158
2021-04-15 13:48:00,1.5786803536717544,-8.765864673805762,12.26580245667759
2021-04-15 13:49:00,1.5865235754554279,-9.23225834140808,10.967687072829083
2021-04-15 13:50:00,1.5942532854655593,-9.356812879012647,10.816518245784644
2021-04-15 13:51:00,1.6018678606618832,-9.486311055143922,12.754042752218036
2021-04-15 13:52:00,1.6093657016741478,-8.906931748237715,11.630895825056715
2021-04-15 13:53:00,1.6167452333256582,-8.728374433433277,12.046738874409419
2021-04-15 13:54:00,1.6240049047248428,-9.280490740850878,12.918883604291924
2021-04-15 13:55:00,1.6311431904051918,-8.993738117328695,11.547712831624116
2021-04-15 13:56:00,1.6381585904051614,-8.474735036224603,12.577992083277794
2021-04-15 13:57:00,1.6450496307732503,-8.18051107688116,11.665591742953117
2021-04-15 13:58:00,1.6518148641944936,-9.765887994752624,12.126746462175609
2021-04-15 13:59:00,1.6584528704053705,-9.272308126128117,11.983364823205617
2021-04-15 14:00:00,1.6649622566084612,-8.836074644631271,11.925495692001528
2021-04-15 14:01:00,1.671341658073249,-8.909207510843736,12.461229559744076
2021-04-15 14:02:00,1.6775897383563196,-9.235426254598995,12.24370388660018
2021-04-15 14:03:00,1.6837051900269384,-8.988140055478196,12.418281138023518
2021-04-15 14:04:00,1.6896867348904183,-8.5850361065675,12.251314476602449
2021-04-15 14:05:00,1.6955331244531129,-8.73140748321229,12.586539316288093
2021-04-15 14:06:00,1.7012431405098896,-9.631519410433288,11.998171227532593
2021-04-15 14:07:00,1.706815595309958,-8.477240452772076,12.264438026692334
2021-04-15 14:08:00,1.7122493321118104,-8.361372328697641,12.588534282438374
2021-04-15 14:09:00,1.717543225672179,-8.709003754096067,12.085785576861836
2021-04-15 14:10:00,1.7226961823215285,-8.781756833453581,12.315796508572454
2021-04-15 14:11:00,1.7277071407090325,-8.745950508061812,13.073073892965644
2021-04-15 14:12:00,1.7325750719327062,-8.718906374010402,12.670614147386251
2021-04-15 14:13:00,1.7372989799852863,-9.177687043304408,12.342673640363298
2021-04-15 14:14:00,1.7418779021335,-8.67881008495939,11.844283191739985
2021-04-15 14:15:00,1.7463109091282734,-8.54102669866949,12.347781898727021
2021-04-15 14:16:00,1.7505971057757166,-9.164343404249248,13.453968855628771
2021-04-15 14:17:00,1.7547356310970823,-8.71159055105396,11.72553439262745
2021-04-15 14:18:00,1.7587256586166222,-9.116444472749135,11.10725237832696
2021-04-15 14:19:00,1.7625663967576997,-8.02277797268985,11.853606016465422
2021-04-15 14:20:00,1.766257089167873,-8.320472471393515,12.212000520799734
2021-04-15 14:21:00,1.7697970148943467,-8.593014648012838,11.976111549475878
2021-04-15 14:22:00,1.7731854887192555,-8.704569182155623,11.829042118834188
2021-04-15 14:23:00,1.7764218614949439,-8.562339618288915,12.146266090002008
2021-04-15 14:24:00,1.7795055202465515,-8.257819352295517,12.558681492191193
2021-04-15 14:25:00,1.7824358886111973,-9.057573385067334,12.574411029924143
2021-04-15 14:26:00,1.785212426863282,-8.971935177279889,12.349094451293984
2021-04-15 14:27:00,1.7878346323653669,-8.48752201798505,12.306923006736417
2021-04-15 14:28:00,1.7903020395868345,-9.197440966820496,12.270276986657533
2021-04-15 14:29:00,1.7926142203995736,-8.921235355741532,12.250226090264208
2021-04-15 14:30:00,1.7947707843454386,-8.925101544496393,12.542950539231372
2021-04-15 14:31:00,1.796771378639639,-8.070597433020595,11.999684668859782
2021-04-15 14:32:00,1.7986156885524438,-7.879574647375559,11.736237918961882
2021-04-15 14:33:00,1.800303437363993,-9.68966853993399,12.188420226836673
2021-04-15 14:34:00,1.8018343867292876,-8.921853177447492,12.483273097093234
2021-04-15 14:35:00,1.8032083366262661,-8.771193305558338,12.163655514675225
2021-04-15 14:36:00,1.8044251255799197,-9.172362789698962,13.111604328583272
2021-04-15 14:37:00,1.8054846308419275,-9.012738974140522,12.320300451233837
2021-04-15 14:38:00,1.8063867683487769,-9.41624360006653,12.125782510439137
2021-04-15 14:39:00,1.8071314929105802,-8.211355383328751,13.259353593462425
2021-04-15 14:40:00,1.8077187983229912,-8.04252186346876,12.721706728076834
2021-04-15 14:41:00,1.8081487173995017,-8.897710518451714,12.582833808225425
2021-04-15 14:42:00,1.8084213220021486,-8.174111015833333,12.838654583026432
2021-04-15 14:43:00,1.8085367231033467,-8.400851978808264,11.693978076385045
2021-04-15 14:44:00,1.8084950709514196,-9.293007728932812,12.393774435159555
2021-04-15 14:45:00,1.8082965548827616,-8.964626314270921,12.069759482301153
2021-04-15 14:46:00,1.807941403520481,-8.37838292087021,12.30231704474724
2021-04-15 14:47:00,1.807429884691835,-8.84660146614078,13.03057863401137
2021-04-15 14:48:00,1.806762305460695,-9.425945743474653,12.67780790048968
2021-04-15 14:49:00,1.805939012037149,-9.100938806408156,12.249749659863307
2021-04-15 14:50:00,1.8049603898632978,-8.92196524713799,11.95372362491102
2021-04-15 14:51:00,1.80382686347588,-9.17153621078648,12.302673743452655
2021-04-15 14:52:00,1.802538896539619,-9.419111297635475,12.103511472140278
2021-04-15 14:53:00,1.8010969916258506,-10.08844033400257,12.643434767189202
2021-04-15 14:54:00,1.7995016903601315,-9.110062894839906,12.157730371533233
2021-04-15 14:55:00,1.7977535731461098,-8.630383332781602,11.860848896754634
2021-04-15 14:56:00,1.795853259201973,-8.993805048447523,13.028687602301542
2021-04-15 14:57:00,1.7938014062882717,-9.247105297868965,11.538210265467631
2021-04-15 14:58:00,1.7915987108245932,-9.041916083759457,11.747823033245394
2021-04-15 14:59:00,1.7892459074894036,-8.106213598085628,11.867150823936562
2021-04-15 15:00:00,1.786743769261438,-8.897538286223801,12.482002442999606
2021-04-15 15:01:00,1.7840931072341326,-8.488634455537982,12.070954621103263
2021-04-15 15:02:00,1.7812947703458875,-8.24526266254378,12.466676446106112
2021-04-15 15:03:00,1.778349645323393,-8.867152119815119,12.700585803430066
2021-04-15 15:04:00,1.7752586564485684,-9.27643658025951,12.35297585860282
2021-04-15 15:05:00,1.7720227653235603,-9.277878131548439,12.919036037976955
2021-04-15 15:06:00,1.7686429707461009,-9.321764418966461,11.969703453721673
2021-04-15 15:07:00,1.7651203082581208,-8.759772673581836,12.102435029114517
2021-04-15 15:08:00,1.7614558503499282,-9.555040491361154,11.886154784705793
2021-04-15 15:09:00,1.7576507056668356,-8.480463123241183,13.036257585090343
2021-04-15 15:10:00,1.7537060191877585,-8.872047579984311,12.463192979832419
2021-04-15 15:11:00,1.749622971744057,-8.666367389851516,12.37966811756545
2021-04-15 15:12:00,1.7454027798007754,-8.30474046088078,11.827811240136937
2021-04-15 15:13:00,1.7410466951687993,-9.127785144367916,12.151307153386172
2021-04-15 15:14:00,1.7365560046303339,-9.484952600497989,12.641037921459585
2021-04-15 15:15:00,1.7319320297504437,-9.52407718584943,12.197438609527412
2021-04-15 15:16:00,1.7271761264902934,-8.885363543204827,11.141810389455225
2021-04-15 15:17:00,1.7222896848111058,-8.48137072937345,11.24354062425952
2021-04-15 15:18:00,1.7172741284559387,-9.270055969246082,11.599659177973175
2021-04-15 15:19:00,1.712130914517628,-8.619337011414176,11.663695542489727
2021-04-15 15:20:00,1.7068615330827284,-8.942288412235316,12.127078661802976
2021-04-15 15:21:00,1.7014675068749845,-9.124323081523523,12.98126301437395
2021-04-15 15:22:00,1.6959503908966544,-8.815592789686914,11.858745684387161
2021-04-15 15:23:00,1.6903117718378575,-9.017364124354124,12.139987577220543
2021-04-15 15:24:00,1.684553268077065,-9.295775685392556,11.878474221001293
2021-04-15 15:25:00,1.6786765288160574,-7.914054545080957,12.363496539008581
2021-04-15 15:26:00,1.6726832339576136,-8.644886387246004,12.423825812516434
2021-04-15 15:27:00,1.6674974819117425,-8.983396325144676,12.044825035670131
2021-04-15 15:28:00,1.6621986240610083,-8.84748686981665,12.538077534434386
2021-04-15 15:29:00,1.6567884295770363,-8.755060797425058,12.154237086213113
2021-04-15 15:30:00,1.6512686962648195,-8.610809840589889,12.675486476827835
2021-04-15 15:31:00,1.6456412503024533,-9.99333633364348,12.177872772075657
2021-04-15 15:32:00,1.6399079458591985,-8.926404394240764,12.496999918520444
2021-04-15 15:33:00,1.6340706643260807,-9.555294470801396,12.782585404271904
2021-04-15 15:34:00,1.6281313140413487,-7.649785849705895,12.929624047429241
2021-04-15 15:35:00,1.622091829728787,-8.112230571854795,13.152751523507636
2021-04-15 15:36:00,1.615954171926294,-8.91377531749736,12.449125528452496
2021-04-15 15:37:00,1.6097203265683722,-9.048298915651497,12.002588406204548
2021-04-15 15:38:00,1.6033923043095046,-8.4673298455694,12.104876318842008
2021-04-15 15:39:00,1.59697214011753,-9.00194201167016,12.262858068425787
2021-04-15 15:40:00,1.5904618927178475,-8.951581006583195,12.436339224286098
2021-04-15 15:41:00,1.5838636439440412,-8.901802903992133,12.195076353168416
2021-04-15 15:42:00,1.577179498159305,-8.424823503878327,11.7985897546311
2021-04-15 15:43:00,1.5704115819977202,-9.841536773955958,12.880547156728245
2021-04-15 15:44:00,1.56356204325192,-8.757541825194382,12.120216505458796
2021-04-15 15:45:00,1.5566330508916413,-8.588073774835728,12.466997466881068
2021-04-15 15:46:00,1.5496267939260049,-8.832805413375375,11.495617693083364
2021-04-15 15:47:00,1.5425454811286596,-9.641528983558466,11.76178164076682
2021-04-15 15:48:00,1.5353913404202995,-9.01049287934465,12.510445224113381
2021-04-15 15:49:00,1.5281666181122668,-8.293246170975658,11.677183523843691
2021-04-15 15:50:00,1.5208735784442866,-8.734813416408315,11.638085942308164
2021-04-15 15:51:00,1.5135145028507382,-8.589109629149096,12.432394223609018
2021-04-15 15:52:00,1.5060916893216991,-9.458391134802971,10.98899303430156
2021-04-15 15:53:00,1.4986074519663068,-9.0316534195691,12.165184640253644
2021-04-15 15:54:00,1.4910641200964592,-8.608004391829757,12.09905937693859
2021-04-15 15:55:00,1.483464037715204,-9.015537428624008,11.94757422075092
2021-04-15 15:56:00,1.4758095629967865,-8.64738274734159,11.533253000296892
2021-04-15 15:57:00,1.468103067339115,-9.073197495801319,12.304952066100086
2021-04-15 15:58:00,1.4603469349970122,-8.64869033440954,12.249964191701253
2021-04-15 15:59:00,1.4525435622460179,-9.557312992361648,11.653986927006939
2021-04-15 16:00:00,1.4446953566258005,-9.284622442264705,12.14321982778906
2021-04-15 16:01:00,1.436804736702877,-9.51252485436705,12.453833683573658
2021-04-15 16:02:00,1.4288741307673793,-9.845851916020585,12.130441093183258
2021-04-15 16:03:00,1.4209059766333936,-9.733054059761646,11.716944027811202
2021-04-15 16:04:00,1.412902720826616,-9.797702955668678,11.346471543072361
2021-04-15 16:05:00,1.4048668177735864,-8.843097902865857,11.28328648434551
2021-04-15 16:06:00,1.3968007293029743,-9.824462642657684,11.055658474168153
2021-04-15 16:07:00,1.3887069237907865,-9.648829805331934,11.307255476456453
2021-04-15 16:08:00,1.380587875505228,-8.684212803969361,12.479667069185215
2021-04-15 16:09:00,1.3724460640318492,-9.785053224812133,12.262773053997888
2021-04-15 16:10:00,1.364283973396248,-9.347000264511012,11.896546996535816
2021-04-15 16:11:00,1.3561040914167282,-9.143559757764116,11.869869603106547
2021-04-15 16:12:00,1.347908909119814,-9.599977565468235,11.763452642866229
2021-04-15 16:13:00,1.3397009198218206,-9.73859668179211,12.348143295603549
2021-04-15 16:14:00,1.3314826186396524,-8.75988119662835,11.553763853193473
2021-04-15 16:15:00,1.3232565016314957,-10.1179613290946,12.032183075584479
2021-04-15 16:16:00,1.3150250649784865,-9.51955139128008,11.425385423519765
2021-04-15 16:17:00,1.306790804735035,-9.362273245748362,12.762786861593366
2021-04-15 16:18:00,1.2985562155918244,-10.034259075563366,11.965582955757489
2021-04-15 16:19:00,1.2903237902970568,-9.124764559176537,11.647025304677552
2021-04-15 16:20:00,1.2820960193282656,-9.29361370409395,11.84893599814385
2021-04-15 16:21:00,1.2738753895051735,-10.39428978582544,11.900185811183515
2021-04-15 16:22:00,1.265664384006491,-9.922533756831896,11.346175142378344
2021-04-15 16:23:00,1.25746548099475,-9.167389425866386,12.089824359364217
2021-04-15 16:24:00,1.2492811533281358,-9.726625240703664,11.865145784599566
2021-04-15 16:25:00,1.241113867783941,-9.058193826084413,11.401175795678943
2021-04-15 16:26:00,1.2329660841964476,-9.076676023905321,12.215875429685394
2021-04-15 16:27:00,1.2248402548457846,-9.467452333431698,11.704163739890593
2021-04-15 16:28:00,1.2167388238339718,-9.619693030884797,11.570668307184066
2021-04-15 16:29:00,1.208664226169748,-9.70752335233585,11.021186200311883
2021-04-15 16:30:00,1.200618887306189,-9.261644869237875,12.324807453950088
2021-04-15 16:31:00,1.1926052222255354,-10.509405727611135,11.699498851051565
2021-04-15 16:32:00,1.1846256348313202,-9.488732876707505,11.360493833518806
2021-04-15 16:33:00,1.1766825173422597,-9.94767350843859,11.278472878397592
2021-04-15 16:34:00,1.168778249381985,-9.863048837073446,11.63146660299721
2021-04-15 16:35:00,1.1609151975329963,-9.989521739471002,11.50691967585831
2021-04-15 16:36:00,1.1530957144665461,-9.582558651791205,11.508691114283137
2021-04-15 16:37:00,1.1453221381938876,-9.961378636414585,11.930200284037296
2021-04-15 16:38:00,1.1375967918062966,-9.209995557904007,12.854487400868841
2021-04-15 16:39:00,1.1299219821960678,-9.72615971945278,11.272393791924939
2021-04-15 16:40:00,1.122299999811224,-9.513918431919425,11.244903296863772
2021-04-15 16:41:00,1.1147331179001825,-9.515503224416351,11.22065115293948
2021-04-15 16:42:00,1.1072235916996778,-9.022039320847275,11.443073176213952
2021-04-15 16:43:00,1.099773657989428,-9.310630419131193,11.77433104856199
2021-04-15 16:44:00,1.0923855342304938,-9.365565411367303,11.58662152334166
2021-04-15 16:45:00,1.085061418005324,-9.379124616931618,11.779869307554172
2021-04-15 16:46:00,1.0778034864617243,-9.814945528557221,12.067654032688727
2021-04-15 16:47:00,1.0706138955016504,-10.044774393659614,11.547250637263222
2021-04-15 16:48:00,1.0634947792091571,-9.497371506406592,11.951215570967221
2021-04-15 16:49:00,1.056448249331124,-9.441923154579731,11.157250219749493
2021-04-15 16:50:00,1.049476394456445,-8.385453531335068,11.879831747753938
2021-04-15 16:51:00,1.0425812795819551,-9.483528593970298,10.947348309839068
2021-04-15 16:52:00,1.0357649453945479,-9.984051373918945,11.818064775247889
2021-04-15 16:53:00,1.0290294075651731,-10.63047162716962,11.182441375643066
2021-04-15 16:54:00,1.0223766565251973,-8.419977752175843,12.208000257401288
2021-04-15 16:55:00,1.0158086564462379,-9.685653817030873,11.609734203352494
2021-04-15 16:56:00,1.0093273447905322,-9.839500865976198,11.313354543342703
2021-04-15 16:57:00,1.0029346320113754,-8.882568388399166,11.32258618419948
2021-04-15 16:58:00,0.9966324004459238,-9.33809556853628,11.182004182323222
2021-04-15 16:59:00,0.9904225043643728,-9.258543633138435,10.830966147268729
2021-04-15 17:00:00,0.9843067688451907,-9.520552094613256,11.530074631839872
2021-04-15 17:01:00,0.9782869896198587,-9.783729525196755,11.260554229541194
2021-04-15 17:02:00,0.9723649324059404,-10.087747750872007,11.614197322054629
2021-04-15 17:03:00,0.966542332341826,-9.147473093948477,12.186612425470907
2021-04-15 17:04:00,0.9608208935013167,-8.96531444727647,11.486044707633589
2021-04-15 17:05:00,0.9552022884038757,-9.986116818107485,12.244565770688544
2021-04-15 17:06:00,0.9496881574373852,-9.690711605691336,11.957398417091499
2021-04-15 17:07:00,0.9442801084875903,-9.94828092941829,11.814990274890377
2021-04-15 17:08:00,0.9389797162909285,-9.51340397438346,11.40231031106704
2021-04-15 17:09:00,0.9337885220393185,-9.25118397607359,11.727524394282835
2021-04-15 17:10:00,0.9287080329901034,-10.169252169175019,12.34572570712882
2021-04-15 17:11:00,0.9237397218930722,-9.607694977528004,10.850927171659437
2021-04-15 17:12:00,0.9188850264724222,-10.329584240359655,10.903993178067052
2021-04-15 17:13:00,0.914145349312582,-9.141140221002868,11.084301416020702
2021-04-15 17:14:00,0.9095220569587765,-8.936444494619543,10.25168540094997
2021-04-15 17:15:00,0.9050164799951834,-9.252369684284751,11.493160278038571
2021-04-15 17:16:00,0.9006299121767728,-8.90090628324909,12.41733668175392
2021-04-15 17:17:00,0.8963636103504441,-9.83353396064742,12.214781990741992
2021-04-15 17:18:00,0.892218793988803,-9.585840482319444,11.384761139659311
2021-04-15 17:19:00,0.8881966446828091,-9.136798624070336,11.766517519473249
2021-04-15 17:20:00,0.8842983059766419,-9.853303511921002,11.026927740460883
2021-04-15 17:21:00,0.8805248828732536,-9.529574316308054,11.058199759058027
2021-04-15 17:22:00,0.8768774414824523,-9.426413060111031,12.202357702673922
2021-04-15 17:23:00,0.873357008833336,-9.819182046721421,10.8372623841377
2021-04-15 17:24:00,0.8699645723504705,-10.582757426867005,11.316113790635582
2021-04-15 17:25:00,0.8667010797127542,-9.544858428646174,11.42812667115913
2021-04-15 17:26:00,0.8635674384481822,-9.249418694333439,11.417228519459654
2021-04-15 17:27:00,0.8605645156928566,-10.047214013456017,12.010364453855594
2021-04-15 17:28:00,0.8576931379433149,-9.893632407178155,10.907274068525053
2021-04-15 17:29:00,0.8549540906963257,-9.67090000627916,11.769569513217299
2021-04-15 17:30:00,0.8523481182014049,-9.288606476649154,10.808596172121089
2021-04-15 17:31:00,0.8498759234586395,-9.14243540255868,11.89360117455701
2021-04-15 17:32:00,0.847538167612193,-9.233607629447446,11.459354352371797
2021-04-15 17:33:00,0.8453354699643816,-9.559881049017225,10.539326803206418
2021-04-15 17:34:00,0.8432684078001097,-9.531209975438617,11.693431318571465
2021-04-15 17:35:00,0.8413375160552223,-10.426041595398535,11.287850560929552
2021-04-15 17:36:00,0.8395432872094706,-9.94120526930362,11.244455848749826
2021-04-15 17:37:00,0.8378861711347563,-9.513571923420702,11.600032344347628
2021-04-15 17:38:00,0.8363665748568219,-9.997149822677851,10.794073184240284
2021-04-15 17:39:00,0.8349848625543685,-9.934449908216424,11.27822822135806
2021-04-15 17:40:00,0.8337413552492469,-10.350923379032492,11.211472200733919
2021-04-15 17:41:00,0.8326363308432104,-10.274593289550495,11.128221834325345
2021-04-15 17:42:00,0.8316700239562607,-9.312286167862709,11.904615121662987
2021-04-15 17:43:00,0.8308426257549072,-9.841409097530661,11.515959927483216
2021-04-15 17:44:00,0.8301542840110055,-9.395343554301702,11.87090287844893
2021-04-15 17:45:00,0.8296051029618171,-9.528132744422006,11.080983285770813
2021-04-15 17:46:00,0.8291951431952606,-9.629258567493011,11.402650364475326
2021-04-15 17:47:00,0.828924421755261,-9.977740563111531,11.296294454796243
2021-04-15 17:48:00,0.8287929119385845,-10.845360004240503,11.411457645195643
2021-04-15 17:49:00,0.8288005434622555,-10.18046129239492,11.729384200643416
2021-04-15 17:50:00,0.8289472022568432,-9.191103781356578,11.573084342962007
2021-04-15 17:51:00,0.8292327306731901,-9.327918554541139,11.51968840507882
2021-04-15 17:52:00,0.8296569273820775,-10.010951013292107,11.621378985341732
2021-04-15 17:53:00,0.8302195474225946,-10.309226124116007,11.499395272135807
2021-04-15 17:54:00,0.830920302254953,-10.537741905777045,10.893305341661733
2021-04-15 17:55:00,0.8317588598674949,-9.23639211332591,12.209660062153837
2021-04-15 17:56:00,0.8327348448273727,-9.239452690457815,11.650816231361098
2021-04-15 17:57:00,0.8338478382849038,-9.371225471546177,11.641789486492957
2021-04-15 17:58:00,0.8350973781928352,-9.860551727497889,11.62742622043677
2021-04-15 17:59:00,0.8364829593905121,-9.612053162675362,11.277633332575595
2021-04-15 18:00:00,0.8380040336057497,-9.560452068778973,11.112935940398364
2021-04-15 18:01:00,0.8396600098052971,-10.001868492198549,10.954791708274431
2021-04-15 18:02:00,0.8414502541351923,-10.66782417042282,11.593279142341284
2021-04-15 18:03:00,0.84337409024886,-9.618767669415284,11.79105879781964
2021-04-15 18:04:00,0.8454307993480716,-9.790389067517232,11.212088580301225
2021-04-15 18:05:00,0.8476196204708681,-9.988532852898965,11.05479507015505
2021-04-15 18:06:00,0.8499397506726499,-9.25433591982629,10.226552456668514
2021-04-15 18:07:00,0.8523903451912684,-9.787697966743538,11.669232619424653
2021-04-15 18:08:00,0.8549705176965255,-9.205526681793618,11.465793391204837
2021-04-15 18:09:00,0.8576793405423673,-10.27794471507544,11.242401669356166
2021-04-15 18:10:00,0.8605158450681069,-10.306766560764302,11.360147586469681
2021-04-15 18:11:00,0.8634790216781325,-10.303052736360018,11.844480426288591
2021-04-15 18:12:00,0.8665678203788861,-9.666868570112157,10.94412815891986
2021-04-15 18:13:00,0.8697811508270744,-9.956354725404042,12.046943652639905
2021-04-15 18:14:00,0.8731178827722532,-8.932698366521679,12.138976150945519
2021-04-15 18:15:00,0.8765768463527447,-9.139769056312776,11.713465237304954
2021-04-15 18:16:00,0.8801568323645783,-9.029099365428408,11.941403203943603
2021-04-15 18:17:00,0.8838565926173803,-10.3189335955376,11.299756499072329
2021-04-15 18:18:00,0.8876748402916221,-9.141984095826023,11.777942248863347
2021-04-15 18:19:00,0.8916102503008413,-9.582403756273864,11.490353465104763
2021-04-15 18:20:00,0.8956614597197642,-9.358943873982803,11.677213129867125
2021-04-15 18:21:00,0.8998270679628487,-10.135365110011852,11.625466552939313
2021-04-15 18:22:00,0.9041056374439302,-9.948654595378633,12.06782551584735
2021-04-15 18:23:00,0.9084956938572665,-9.720269639159865,12.230254927555634
2021-04-15 18:24:00,0.9129957264621422,-9.83936530154735,11.88017950220848
2021-04-15 18:25:00,0.9176041887761934,-9.70741880518824,10.962714214923512
2021-04-15 18:26:00,0.9223194988477226,-9.185153298901255,11.502512348910866
2021-04-15 18:27:00,0.9271400396528118,-9.500248639486502,11.45997919024596
2021-04-15 18:28:00,0.932064159755187,-9.310079095968119,10.799796425838545
2021-04-15 18:29:00,0.9370901735066965,-9.930266741803852,11.305134541542978
2021-04-15 18:30:00,0.9422163618695218,-8.862941430243696,11.70707906586038
2021-04-15 18:31:00,0.9474409725618131,-9.467951746652492,11.250215752594483
2021-04-15 18:32:00,0.9527622207748143,-9.799541336799916,12.002758286882319
2021-04-15 18:33:00,0.9581782895784638,-9.672178628605282,11.042030334986181
2021-04-15 18:34:00,0.9636873305907386,-10.013604592559087,10.87377885595393
2021-04-15 18:35:00,0.9692874642369271,-9.949773894425402,11.262944463891156
2021-04-15 18:36:00,0.9749767806197073,-10.508884769200654,11.201199628375804
2021-04-15 18:37:00,0.9807533398205622,-9.941537844815556,10.91943323643615
2021-04-15 18:38:00,0.9866151725329344,-9.913722669627928,11.955810101473482
2021-04-15 18:39:00,0.9925602807219279,-9.419479725872472,11.513620096148353
2021-04-15 18:40:00,0.9985866380557009,-10.114568428479716,12.225342683020372
2021-04-15 18:41:00,1.0046921905526272,-8.884545733931862,11.526545039304894
2021-04-15 18:42:00,1.0108748572775037,-9.655258970205661,11.865895655327728
2021-04-15 18:43:00,1.017132530670544,-9.53145713951213,11.505633394023048
2021-04-15 18:44:00,1.0234630776208946,-10.10832369060835,11.349763935707337
2021-04-15 18:45:00,1.029864339447105,-10.245274359902082,10.935261015296216
2021-04-15 18:46:00,1.036334133224407,-8.730445317984646,11.195792822576422
2021-04-15 18:47:00,1.0428702518857613,-9.966711901573676,11.162005236520942
2021-04-15 18:48:00,1.0494704651136708,-9.70912782408528,11.07465149465284
2021-04-15 18:49:00,1.0561325199365668,-9.022468984259813,11.282328814607125
2021-04-15 18:50:00,1.0628541413677244,-10.032743530303561,11.44788079697452
2021-04-15 18:51:00,1.0696330331678097,-9.402811318721248,11.846508002542292
2021-04-15 18:52:00,1.0764668783697424,-9.04557466033237,11.870973902630022
2021-04-15 18:53:00,1.0833533400313617,-9.491090030186816,12.346579297411227
2021-04-15 18:54:00,1.0902900619976692,-9.296497831137406,12.322903798479933
2021-04-15 18:55:00,1.0972746694446294,-8.90739209299881,12.034417899766595
2021-04-15 18:56:00,1.1043047696723316,-9.475666765573779,11.608167533919312
2021-04-15 18:57:00,1.1113779527931678,-8.85308374981116,11.525125428965277
2021-04-15 18:58:00,1.1184917924312061,-8.873527112923787,11.473423071308913
2021-04-15 18:59:00,1.125643846398396,-9.301450178711734,12.062536855188016
2021-04-15 19:00:00,1.1328316576388788,-9.856415006880116,11.627296928698534
2021-04-15 19:01:00,1.1400527176053656,-9.165691840197576,12.039309405840825
2021-04-15 19:02:00,1.1473045781439661,-9.293924977759554,12.304299581711312
2021-04-15 19:03:00,1.1545847413693082,-10.001313477506212,11.161945721362315
2021-04-15 19:04:00,1.1618906971615819,-9.964099609887642,12.254701451482495
2021-04-15 19:05:00,1.16921992418673,-9.672472202755891,11.684009326114236
2021-04-15 19:06:00,1.1765698902919683,-8.973097553636059,11.775741583345155
2021-04-15 19:07:00,1.1839380536315618,-9.105511517534676,11.80439418175823
2021-04-15 19:08:00,1.1913218632370057,-9.423435603529866,11.386839575937671
2021-04-15 19:09:00,1.1987187596461006,-8.624947373122207,12.358338420411267
2021-04-15 19:10:00,1.2061261759810793,-8.51212735152385,11.446341809250212
2021-04-15 19:11:00,1.2135415384539827,-9.19418596503648,12.380971358218558
2021-04-15 19:12:00,1.2209622672354634,-9.34434750400042,12.333313622620235
2021-04-15 19:13:00,1.228385777233624,-9.486261193200423,12.163389948294258
2021-04-15 19:14:00,1.2358094788108072,-8.721480245265196,12.01436325877014
2021-04-15 19:15:00,1.2432307786776895,-9.306709256776115,11.36096115183065
2021-04-15 19:16:00,1.2506470805274197,-9.215774509309908,11.141738475443402
2021-04-15 19:17:00,1.2580557858656076,-9.38312049043254,11.367056309881244
2021-04-15 19:18:00,1.26545429485734,-9.278741820043491,11.96285679351613
2021-04-15 19:19:00,1.272840007098336,-9.694968895524692,11.983097102803438
2021-04-15 19:20:00,1.2802103221793706,-8.761894487638328,11.937865796844584
2021-04-15 19:21:00,1.287562640876662,-9.503912487356475,11.692137254566514
2021-04-15 19:22:00,1.2948943654776748,-9.629249511911606,12.2732051763187
2021-04-15 19:23:00,1.3022029009719776,-9.096841320506183,11.71419902753781
2021-04-15 19:24:00,1.3094856556153491,-9.769571502471138,12.372431189364011
2021-04-15 19:25:00,1.3167400417059385,-8.882107175034765,11.470966911389775
2021-04-15 19:26:00,1.323963476456914,-9.615707942948328,11.394784615193913
2021-04-15 19:27:00,1.3311533827429145,-9.102384377210289,11.412445862590662
2021-04-15 19:28:00,1.3383071898458208,-9.497361852722408,12.752711948052287
2021-04-15 19:29:00,1.3454223343714031,-10.4762955712524,11.773300328737134
2021-04-15 19:30:00,1.3524962607764333,-8.735870643939892,12.679901120001329
2021-04-15 19:31:00,1.3595264224315864,-8.702213827261438,11.904945955717047
2021-04-15 19:32:00,1.3665102822667325,-8.838239304519524,11.959515210191888
2021-04-15 19:33:00,1.373445313422285,-8.8473121698539,12.249265465910819
2021-04-15 19:34:00,1.380329000296438,-9.546013254473722,12.033259212331508
2021-04-15 19:35:00,1.3871588390705745,-8.904205084345636,11.85499872229984
2021-04-15 19:36:00,1.3939323385857918,-9.762920989556124,11.82984590659681
2021-04-15 19:37:00,1.4006470211858895,-9.591720114633617,11.809186148417977
2021-04-15 19:38:00,1.407300423192623,-8.99626840568411,11.873208932774501
2021-04-15 19:39:00,1.4138900960850278,-9.013940297720325,12.281799277251524
2021-04-15 19:40:00,1.4204136069095865,-8.446347050711598,12.209868692467252
2021-04-15 19:41:00,1.4268685390825242,-9.660565780760068,11.367030717049598
2021-04-15 19:42:00,1.4332524933796762,-8.903414473248288,11.971608947950967
2021-04-15 19:43:00,1.439563088306206,-9.082525773531744,10.79627519641286
2021-04-15 19:44:00,1.4457979611837826,-9.018454012715583,12.370430797676987
2021-04-15 19:45:00,1.4519547686904257,-9.461568426696676,11.197695872093574
2021-04-15 19:46:00,1.4580311875891552,-9.281530380457246,11.81798162239652
2021-04-15 19:47:00,1.4640249155114136,-8.915698175417159,11.275335208130343
2021-04-15 19:48:00,1.4699336716973708,-9.467329565565509,11.077337212393696
2021-04-15 19:49:00,1.4757551976083965,-9.995183428628852,12.13982653925593
2021-04-15 19:50:00,1.4814872577298737,-8.9349956486632,11.444081078662435
2021-04-15 19:51:00,1.487127640212579,-8.23439631183818,12.369467150763123
2021-04-15 19:52:00,1.4926741575947478,-8.981083819877199,11.574299362653305
2021-04-15 19:53:00,1.4981246475344339,-8.955096527069944,12.308956197868312
2021-04-15 19:54:00,1.5034769733416409,-8.792864312748424,12.372292833378399
2021-04-15 19:55:00,1.5087290248383505,-8.898003463924095,11.760502114849212
2021-04-15 19:56:00,1.5138787189602125,-8.391067326827699,12.274708891627618
2021-04-15 19:57:00,1.5189240002827908,-9.688757770064804,11.752521612633071
2021-04-15 19:58:00,1.5238628419296805,-8.98096438095901,12.656382903825225
2021-04-15 19:59:00,1.5286932459686888,-10.34235979851468,13.471924917137075
2021-04-15 20:00:00,1.5334132442517598,-8.475551103038852,11.858004140425352
2021-04-15 20:01:00,1.5380208989054902,-8.724986447257415,11.813489638173955
2021-04-15 20:02:00,1.5425143029964699,-8.50316962874512,12.473414144351157
2021-04-15 20:03:00,1.5468915811931616,-9.055786176360733,12.255142279334317
2021-04-15 20:04:00,1.5511508903014202,-9.984266835931674,12.231302291944987
2021-04-15 20:05:00,1.5552904198874897,-8.929101033178203,12.31776849817711
2021-04-15 20:06:00,1.5593083928833367,-8.125170926500594,12.938400270140527
2021-04-15 20:07:00,1.5632030661350773,-9.986259592632198,12.459845156290125
2021-04-15 20:08:00,1.5669727309908112,-9.043076964295734,12.563705556925195
2021-04-15 20:09:00,1.570615713878223,-9.529337610630577,12.606720786997503
2021-04-15 20:10:00,1.5741303768021417,-8.443889255426724,12.107137119626582
2021-04-15 20:11:00,1.5775151179247686,-9.5779672840712,12.188283474934702
2021-04-15 20:12:00,1.5807683721172017,-9.786922906281788,12.029426383836645
2021-04-15 20:13:00,1.5838886114008486,-7.9309079653838985,13.289751445162965
2021-04-15 20:14:00,1.5868743455664143,-9.778564581676282,12.462693794064792
2021-04-15 20:15:00,1.5897241225507046,-8.845401361016338,12.755817679635038
2021-04-15 20:16:00,1.592436529045356,-8.349521282815047,12.199292617731171
2021-04-15 20:17:00,1.5950101909157608,-9.635956726348484,12.322753127629678
2021-04-15 20:18:00,1.5974437736238678,-8.781059080492364,11.917299647428411
2021-04-15 20:19:00,1.5997359828109472,-8.839382340922706,11.983411063102322
2021-04-15 20:20:00,1.601885564606499,-9.074756323618354,12.63429022644152
2021-04-15 20:21:00,1.6038913061659625,-8.89117903817885,12.319952205847935
2021-04-15 20:22:00,1.605752036034442,-8.677306289239478,11.414627794833633
2021-04-15 20:23:00,1.6074666245788243,-8.82592018818205,12.750361259921512
2021-04-15 20:24:00,1.6090339843949921,-8.83725706804661,11.890324043313234
2021-04-15 20:25:00,1.610453070679521,-8.762133642439663,12.33790076901591
2021-04-15 20:26:00,1.6117228816169278,-9.256743176990314,12.044680355025326
2021-04-15 20:27:00,1.6128424587447827,-9.243969915081582,11.598258944317568
2021-04-15 20:28:00,1.6138108872978454,-9.553479066852711,11.87495279991554
2021-04-15 20:29:00,1.6146272965577957,-8.918848933525748,12.268237674024528
2021-04-15 20:30:00,1.6152908601719131,-8.848693371528773,12.033796995226297
2021-04-15 20:31:00,1.615800796478646,-8.771773175695158,12.383141939460016
2021-04-15 20:32:00,1.6161563688038951,-8.859802689063834,11.915047112390326
2021-04-15 20:33:00,1.616356885736582,-9.453815314726354,12.15071581297171
2021-04-15 20:34:00,1.6164017014527077,-9.02531538969667,12.13122533390993
2021-04-15 20:35:00,1.6162902159089405,-8.76398043546515,12.172820472362046
2021-04-15 20:36:00,1.6160218751787507,-8.737433503119126,12.634688395395619
2021-04-15 20:37:00,1.6155961716073022,-8.974955364092647,12.652821948037486
2021-04-15 20:38:00,1.6150126440840593,-9.541848477559009,11.933721556162828
2021-04-15 20:39:00,1.6142708782714787,-9.26926743613687,12.112336742738089
2021-04-15 20:40:00,1.6133705067529207,-8.984935518201667,12.601383903874083
2021-04-15 20:41:00,1.6123112092414011,-9.11191334650783,12.486505118120897
2021-04-15 20:42:00,1.6110927127920809,-8.731031180906951,12.268011584203192
2021-04-15 20:43:00,1.6097147918802535,-9.183917184231838,12.08908714101369
2021-04-15 20:44:00,1.6081772686271603,-9.227040026013425,11.473433831947265
2021-04-15 20:45:00,1.6064800128779249,-8.495317570949673,12.491415359566476
2021-04-15 20:46:00,1.6046229423379599,-8.920435951939307,11.971385788460042
2021-04-15 20:47:00,1.602606022702842,-8.823754320431194,11.74351439810509
2021-04-15 20:48:00,1.6004292677037304,-8.142864290705056,11.385575527643754
2021-04-15 20:49:00,1.5980927391714395,-9.768459114701155,12.364423390515062
2021-04-15 20:50:00,1.595596547241943,-8.823345557364043,13.477482707998096
2021-04-15 20:51:00,1.5929408501651214,-8.809323570249072,12.027040098374712
2021-04-15 20:52:00,1.590125854617792,-9.52138753558491,11.814708520701357
2021-04-15 20:53:00,1.5871518154692423,-9.778669761367224,11.813939820392546
2021-04-15 20:54:00,1.5840190359400306,-8.180860939463297,12.31076989466357
2021-04-15 20:55:00,1.580727867595395,-8.979555253394357,11.724368491273555
2021-04-15 20:56:00,1.577278710270119,-8.842816359328054,11.254029412712901
2021-04-15 20:57:00,1.5736720120318668,-9.744833491807057,11.744018133886524
2021-04-15 20:58:00,1.5699082692148099,-9.208736284301946,11.713218404237965
2021-04-15 20:59:00,1.5659880262607027,-9.3245053506985,11.70524805274367
2021-04-15 21:00:00,1.5619118757280475,-8.463758244862332,12.30037447317992
2021-04-15 21:01:00,1.5576804581474342,-8.868226271236948,13.35365998344979
2021-04-15 21:02:00,1.5532944618955966,-9.484200279159412,12.44131320465804
2021-04-15 21:03:00,1.548754623226981,-8.92957029031099,12.569789590842394
2021-04-15 21:04:00,1.5440617259229712,-9.413561452219831,11.303011595859857
2021-04-15 21:05:00,1.5392166013516535,-8.76822249546231,12.044614952848436
2021-04-15 21:06:00,1.5342201281927133,-9.160792696156209,12.203254063665733
2021-04-15 21:07:00,1.529073232262284,-8.267268721737707,12.674886414488835
2021-04-15 21:08:00,1.5237768864360932,-8.587939751813908,12.081657418107174
2021-04-15 21:09:00,1.5183321103590153,-9.31131684744017,11.999674839874736
2021-04-15 21:10:00,1.5127399701530306,-8.485385051032942,12.236945188385649
2021-04-15 21:11:00,1.507001578525235,-9.201615913306606,12.452704356633104
2021-04-15 21:12:00,1.5011180939871152,-9.547170122068314,11.995089493463507
2021-04-15 21:13:00,1.4950907212735542,-9.270176456924382,11.819833233185006
2021-04-15 21:14:00,1.4889207103967828,-8.886851286348744,11.20533444873964
2021-04-15 21:15:00,1.4826093568526402,-9.349035243207082,10.500841705443346
2021-04-15 21:16:00,1.4761580011690987,-9.260384478303466,12.513529001736266
2021-04-15 21:17:00,1.4695680285733432,-9.548794351485048,11.81325986267199
2021-04-15 21:18:00,1.4628408686553178,-9.58633600030699,12.246123804893115
2021-04-15 21:19:00,1.4559779951723892,-9.245271851489866,12.276852852044522
2021-04-15 21:20:00,1.448980925542479,-9.205987957519195,11.183261410067406
2021-04-15 21:21:00,1.4418512206393115,-9.098585559433769,11.802469544196617
2021-04-15 21:22:00,1.4345904842529926,-9.101332716029845,11.905220541951609
2021-04-15 21:23:00,1.4272003628496002,-9.683838898683039,12.027153213351932
2021-04-15 21:24:00,1.4196825451627368,-9.031534733675626,12.269691575606366
2021-04-15 21:25:00,1.4120387617581966,-9.46381894848782,12.255857127818633
2021-04-15 21:26:00,1.4042707844078788,-8.773841540971235,12.133784026495373
2021-04-15 21:27:00,1.3963804262720763,-9.028363615125588,11.866101251544476
2021-04-15 21:28:00,1.3883695405862024,-9.206000686290865,11.812899360500626
2021-04-15 21:29:00,1.3802400210841481,-8.67884966076661,11.79307563495098
2021-04-15 21:30:00,1.3719938008027637,-9.271832948771682,11.836276616491043
2021-04-15 21:31:00,1.3636328520575616,-9.923089302777926,11.758522683549463
2021-04-15 21:32:00,1.3551591858504584,-8.98580367746938,12.5193844161978
2021-04-15 21:33:00,1.3465748512222144,-8.617415154987185,11.74349158777425
2021-04-15 21:34:00,1.3378819349051831,-9.68643468021876,12.50731191745739
2021-04-15 21:35:00,1.3290825608005545,-8.584991634299252,11.556721862665471
2021-04-15 21:36:00,1.320178889236051,-8.917244900371474,11.942015876213535
2021-04-15 21:37:00,1.3111731167844791,-8.420699849770514,12.75192721726066
2021-04-15 21:38:00,1.3020674753019423,-9.731781360083009,11.78072647021344
2021-04-15 21:39:00,1.2928642316338914,-9.429682032246475,11.115988858020824
2021-04-15 21:40:00,1.2835656869977372,-8.648434654528895,12.703238746964848
2021-04-15 21:41:00,1.2741741763615246,-9.364009341712533,12.230314636248245
2021-04-15 21:42:00,1.2646920676183153,-8.852961384589934,12.545534039575324
2021-04-15 21:43:00,1.2551217616087944,-9.665923178295417,11.004500688231657
2021-04-15 21:44:00,1.2454656906734634,-9.170708974199146,11.782352077828016
2021-04-15 21:45:00,1.2357263188405412,-10.025493981868086,11.256846609029182
2021-04-15 21:46:00,1.2259061405547695,-9.782312389787181,11.512925168103983
2021-04-15 21:47:00,1.2160076802159479,-9.002988793906999,12.019882088543236
2021-04-15 21:48:00,1.2060334919230156,-9.159851613399352,11.170383982426568
2021-04-15 21:49:00,1.1959861580553042,-8.610561803505782,11.821650915730444
2021-04-15 21:50:00,1.1858682894451449,-9.445937971404486,11.192280721354809
2021-04-15 21:51:00,1.1756825239348005,-9.705910300086723,11.68042448697208
2021-04-15 21:52:00,1.1654315261307975,-9.311023872858732,11.755317373168374
2021-04-15 21:53:00,1.1551179866909989,-8.986161594233767,11.11643988219061
2021-04-15 21:54:00,1.1447446214474322,-9.34833349752446,11.309330048738431
2021-04-15 21:55:00,1.1343141707786968,-9.554930427807232,11.581609420416052
2021-04-15 21:56:00,1.1238293989772352,-9.720855995472338,11.407610162316525
2021-04-15 21:57:00,1.113293093256753,-9.59182622421434,11.00948132645248
2021-04-15 21:58:00,1.1027080634454915,-9.109999921212571,12.006372762823052
2021-04-15 21:59:00,1.092077140790867,-9.219376857979164,11.15353757546182
2021-04-15 22:00:00,1.081403177414766,-9.754628940961547,11.056387674361776
2021-04-15 22:01:00,1.070689045768131,-10.132579795518776,11.391499991893893
2021-04-15 22:02:00,1.0599376374759293,-9.643659171356239,11.180162695014191
2021-04-15 22:03:00,1.0491518626690912,-8.911729238479642,11.437120580590383
2021-04-15 22:04:00,1.0383346496596355,-9.518007125834067,11.687209794176063
2021-04-15 22:05:00,1.0274889433480328,-9.710342352777904,11.675219874107865
2021-04-15 22:06:00,1.0166177053708922,-9.453517142345778,11.488292846105786
2021-04-15 22:07:00,1.0057239123716764,-9.500636916476418,10.994957558697703
2021-04-15 22:08:00,0.994810555925778,-9.528183096556411,11.609321546480672
2021-04-15 22:09:00,0.9838806414769388,-9.923688685418036,11.841864464094114
2021-04-15 22:10:00,0.9729371875000059,-10.00213751960365,11.699317904829257
2021-04-15 22:11:00,0.9619832246322367,-8.678319991766454,11.559394647856772
2021-04-15 22:12:00,0.9510217952011366,-9.82205683388314,11.105517091959925
2021-04-15 22:13:00,0.9400559519067484,-9.948515164610747,11.807502381468883
2021-04-15 22:14:00,0.9290887574496182,-9.400908080941894,11.53364286000643
2021-04-15 22:15:00,0.9181232834574229,-9.605457637534117,11.352247583492755
2021-04-15 22:16:00,0.9071626096463723,-9.392106522064312,12.163023341148834
2021-04-15 22:17:00,0.8962098232075315,-10.166475653388375,11.852415060032353
2021-04-15 22:18:00,0.8852680177923765,-10.298752751775496,11.572922487003495
2021-04-15 22:19:00,0.8743402925342574,-9.428676415870802,10.688302818975476
2021-04-15 22:20:00,0.86342975181251,-10.342603253907164,11.152038798564831
2021-04-15 22:21:00,0.8525395034392169,-9.441128481143046,11.423636088897949
2021-04-15 22:22:00,0.8416726590131298,-9.406026129240011,11.464200389446397
2021-04-15 22:23:00,0.8308323318736026,-10.311776627471188,10.926319246492236
2021-04-15 22:24:00,0.8200216370678557,-10.602007026311258,11.684682289280026
2021-04-15 22:25:00,0.809243690436886,-9.182616045037356,12.470294751511073
2021-04-15 22:26:00,0.7985016072828565,-10.019735368949222,11.0624640736476
2021-04-15 22:27:00,0.7877985019433243,-10.282734310507283,10.799640477463267
2021-04-15 22:28:00,0.7771374869280409,-9.006417054405812,12.35821392830696
2021-04-15 22:29:00,0.7665216718748015,-10.101008735537688,11.410634663196205
2021-04-15 22:30:00,0.7559541629134211,-9.487766733963106,11.718247476799585
2021-04-15 22:31:00,0.7454380615769658,-9.94662031696531,11.462825565854901
2021-04-15 22:32:00,0.734976464171133,-9.520849777401654,11.20024702353004
2021-04-15 22:33:00,0.7245724608823082,-10.216625543126773,10.435747877962974
2021-04-15 22:34:00,0.7142291348251277,-9.912542865128026,11.44898566759604
2021-04-15 22:35:00,0.7039495613518524,-10.07558867028058,11.416979050792476
2021-04-15 22:36:00,0.6937367688899999,-9.263407859065516,11.69384549118959
2021-04-15 22:37:00,0.6835938526997599,-10.335868383978015,11.830346013945935
2021-04-15 22:38:00,0.6735238596021237,-10.145107526013462,12.205683995546526
2021-04-15 22:39:00,0.6635298251883035,-10.085697920882572,11.88284377207705
2021-04-15 22:40:00,0.6536147728769703,-10.129805372211024,10.381035989327634
2021-04-15 22:41:00,0.643781713509545,-9.821789971712617,12.37475360585597
2021-04-15 22:42:00,0.6340336439065778,-9.88864702612838,10.96686878603452
2021-04-15 22:43:00,0.6243735467665211,-9.782422974198711,11.307342121131493
2021-04-15 22:44:00,0.6148043891351076,-9.68751425509395,10.997296997391057
2021-04-15 22:45:00,0.6053291219814794,-9.807451914417674,10.848308526844672
2021-04-15 22:46:00,0.5959506794996519,-10.3745491550016,11.72279144176022
2021-04-15 22:47:00,0.5866719778880458,-10.043472511615994,10.672397132383395
2021-04-15 22:48:00,0.5774959148738633,-10.15030091503353,10.779300723658201
2021-04-15 22:49:00,0.5684253688307588,-10.370303645390015,10.57792541788145
2021-04-15 22:50:00,0.5594631979008845,-10.331625841517605,11.440664873741424
2021-04-15 22:51:00,0.550612239350306,-10.05662634209712,11.354394533982337
2021-04-15 22:52:00,0.5418753085788123,-9.914315653490787,11.657701125862818
2021-04-15 22:53:00,0.5332551985353787,-10.574831663974722,10.803693454850517
2021-04-15 22:54:00,0.5247546789087641,-8.920746179305931,12.404522993770374
2021-04-15 22:55:00,0.5163764952392215,-9.966403115673993,11.673125679246988
2021-04-15 22:56:00,0.5081233681589775,-9.77961554717007,10.890515835061818
2021-04-15 22:57:00,0.49999799298745884,-10.357176472793066,10.885136593074007
2021-04-15 22:58:00,0.49200303835656223,-9.737580964653208,10.950409177918724
2021-04-15 22:59:00,0.48414114615936854,-9.506967005404176,11.435425146789237
2021-04-15 23:00:00,0.47641493020281467,-10.729379769201314,10.576464345395333
2021-04-15 23:01:00,0.46882697582091815,-10.77558563722913,11.347382995201057
2021-04-15 23:02:00,0.46137983914754,-9.928908929466859,10.462124033706228
2021-04-15 23:03:00,0.4540760462752579,-9.982298508515163,10.794074224119202
2021-04-15 23:04:00,0.44691809260820337,-9.53495236881317,10.457013033309373
2021-04-15 23:05:00,0.43990844221528436,-10.068726479463123,10.51460539254803
2021-04-15 23:06:00,0.43304952695429144,-9.860225236561716,10.346891538560461
2021-04-15 23:07:00,0.4263437461220222,-9.845715896354658,10.343305817183088
2021-04-15 23:08:00,0.41979346541394513,-10.450661608679827,10.811495930527803
2021-04-15 23:09:00,0.41340101642912275,-10.596199631160832,11.040125261282187
2021-04-15 23:10:00,0.40716869617111995,-11.298346126790076,11.29001824713032
2021-04-15 23:11:00,0.401098766058834,-10.901995332915897,10.669222023299984
2021-04-15 23:12:00,0.3951934515633535,-10.968719212181275,10.143049599420381
2021-04-15 23:13:00,0.3894549414859172,-10.571458627870799,10.93863344981687
2021-04-15 23:14:00,0.38388538731488286,-11.493685825716437,11.313176820973764
2021-04-15 23:15:00,0.3784869026900911,-9.839290097307535,10.749572103653366
2021-04-15 23:16:00,0.3732615627010486,-9.454509401742447,10.560214889894727
2021-04-15 23:17:00,0.36821140331665536,-9.326377973683647,10.823333188049489
2021-04-15 23:18:00,0.36333842101976643,-10.301414270941445,11.77732649914477
2021-04-15 23:19:00,0.3586445718422704,-10.265398468601289,10.941690747977917
2021-04-15 23:20:00,0.3541317712461274,-10.449721957307291,10.845632746467846
2021-04-15 23:21:00,0.3498018931985627,-10.564090671232936,11.145088798352715
2021-04-15 23:22:00,0.34565676983727234,-9.941355368212554,10.728600459847005
2021-04-15 23:23:00,0.34169819095217235,-10.335312353502868,10.5170207900896
2021-04-15 23:24:00,0.3379279034196432,-10.331834248863897,10.877220786865308
2021-04-15 23:25:00,0.33434761065204577,-10.182721007635399,10.52171849536041
2021-04-15 23:26:00,0.33095897222692616,-10.375720400983841,10.38122018071196
2021-04-15 23:27:00,0.32776360332295185,-10.609618531513668,11.19201979820303
2021-04-15 23:28:00,0.3247630742777574,-10.9001317069197,11.195707741152342
2021-04-15 23:29:00,0.3219589101494056,-9.671766999362818,10.930573615861594
2021-04-15 23:30:00,0.3193525901837948,-9.660415629794068,10.018432739805695
2021-04-15 23:31:00,0.31694554758051474,-10.128732761875403,10.737515106742775
2021-04-15 23:32:00,0.3147391688407388,-9.858038200073988,10.679414756607724
2021-04-15 23:33:00,0.3127347934843774,-10.512093865858535,10.67383058736444
2021-04-15 23:34:00,0.31093371372095646,-9.355432955786538,11.107631336666891
2021-04-15 23:35:00,0.3093371739037545,-9.805723044607287,11.158762621480781
2021-04-15 23:36:00,0.3079463702932066,-10.162186177010405,11.333864982369144
2021-04-15 23:37:00,0.3067624506270752,-10.403832187889057,10.742883360614298
2021-04-15 23:38:00,0.3057865138448459,-9.993973979615475,10.67997100315854
2021-04-15 23:39:00,0.3050196097088176,-10.917188431595235,10.820378584933541
2021-04-15 23:40:00,0.3044627384683989,-10.453620237330266,10.77647747362118
2021-04-15 23:41:00,0.304116850640193,-10.09874333695128,9.667238418490705
2021-04-15 23:42:00,0.3039828466314711,-11.222561875642016,10.809085783614075
2021-04-15 23:43:00,0.30406157652857635,-10.738578762901952,10.491868201956743
2021-04-15 23:44:00,0.30435383977634545,-10.032324496156473,11.525178446755257
2021-04-15 23:45:00,0.30486038499612134,-10.45689176197043,11.11606825424778
2021-04-15 23:46:00,0.30558190967184395,-10.041770797304702,11.181302400300881
2021-04-15 23:47:00,0.3065190599846741,-10.288414237705046,10.72502911883283
2021-04-15 23:48:00,0.3076724306052696,-10.75092114019761,10.273929493557027
2021-04-15 23:49:00,0.309042564487102,-10.956020122912907,10.279623128819571
2021-04-15 23:50:00,0.3106299526276213,-9.836968228383943,10.818580518739397
2021-04-15 23:51:00,0.3124350340288309,-9.900942244944659,11.333643628510776
2021-04-15 23:52:00,0.3144581954155776,-10.32680979892139,10.81226992426422
2021-04-15 23:53:00,0.3166997711993742,-10.002720797358194,10.84567144575452
2021-04-15 23:54:00,0.3191600432664097,-10.428980761313946,11.236957329281504
2021-04-15 23:55:00,0.3218392409418933,-10.808438728644141,11.024278771702312
2021-04-15 23:56:00,0.32473754082911865,-9.975840471116523,10.324452124195256
2021-04-15 23:57:00,0.32785506679877563,-10.459065241628313,11.314131451776786
2021-04-15 23:58:00,0.3311918898252926,-9.57204815027702,11.038901133662877
2021-04-15 23:59:00,0.33474802804722414,-9.612130919427543,11.257498878638978
2021-04-16 00:00:00,0.33852344661469247,-10.604845328904785,10.113742926392277
2021-04-16 00:01:00,0.34251805773339505,-10.565696839955399,11.08301223799675
2021-04-16 00:02:00,0.3467317206674818,-10.431715364875783,10.6858570231751
2021-04-16 00:03:00,0.3511642416567644,-9.659238777930765,11.160596718886863
2021-04-16 00:04:00,0.35581537402151264,-10.131725267298942,11.274642463708973
2021-04-16 00:05:00,0.36068481814777464,-9.791070499772337,10.34585379745289
2021-04-16 00:06:00,0.3657722215375061,-9.80743188679606,10.523016585868826
2021-04-16 00:07:00,0.3710771789095253,-10.190280644105641,11.76730304133646
2021-04-16 00:08:00,0.37659923216889246,-10.76504244335112,9.623584581075784
2021-04-16 00:09:00,0.3823378706140601,-9.645106119480218,10.479859112679165
2021-04-16 00:10:00,0.3882925310235148,-9.664025550600556,10.90357262678551
2021-04-16 00:11:00,0.39446259759236435,-10.602285707268127,10.757124098909811
2021-04-16 00:12:00,0.400847402400792,-10.628381830558366,10.398530942455901
2021-04-16 00:13:00,0.4074462251484263,-9.85173418984816,10.70586677292792
2021-04-16 00:14:00,0.41425829370877487,-10.615892277140453,11.058443819772972
2021-04-16 00:15:00,0.4212827840311961,-10.309121556099583,10.430209703622904
2021-04-16 00:16:00,0.42851882039278355,-10.197793437384975,11.214978861698995
2021-04-16 00:17:00,0.43596547565489097,-9.613674101974475,10.568400137355164
2021-04-16 00:18:00,0.44362177144098724,-10.609239978664458,11.483491506801437
2021-04-16 00:19:00,0.4514866783080288,-10.580951778681946,10.651024072260862
2021-04-16 00:20:00,0.45955911610916056,-10.526365599641295,11.627437204673146
2021-04-16 00:21:00,0.4678379540887859,-10.316218934484573,10.668601073615683
2021-04-16 00:22:00,0.47632201130894103,-9.353992328846845,10.714577566475775
2021-04-16 00:23:00,0.48501005685836185,-10.270815899040405,10.874904064859987
2021-04-16 00:24:00,0.4939008100650728,-10.343638269707958,10.653756725943156
2021-04-16 00:25:00,0.5029929409309699,-9.996728031609026,11.993264370815629
2021-04-16 00:26:00,0.5122850705176168,-10.977049210713638,10.26276159422512
2021-04-16 00:27:00,0.521775770890939,-10.131745903132972,11.20549740109246
2021-04-16 00:28:00,0.5314635660734724,-10.312014752069874,11.707994307097591
2021-04-16 00:29:00,0.5413469317614585,-10.397162732491225,11.748605876943486
2021-04-16 00:30:00,0.5514242961741753,-9.857321085763067,10.445969019380462
2021-04-16 00:31:00,0.5616940403659395,-9.627333841998123,11.13295958909293
2021-04-16 00:32:00,0.5721544982227948,-10.247871102506386,11.185670600068732
2021-04-16 00:33:00,0.5828039574805554,-10.731605998124124,11.717471497184992
2021-04-16 00:34:00,0.5936406597226949,-9.915933140162172,11.631505127278151
2021-04-16 00:35:00,0.6046628008668617,-10.598229190482693,11.47340224927528
2021-04-16 00:36:00,0.6158685318038689,-9.262462155912024,11.156843984498217
2021-04-16 00:37:00,0.6272559586004822,-10.335075816263032,11.212596565456957
2021-04-16 00:38:00,0.638823143189876,-9.673817281711877,10.798872849591014
2021-04-16 00:39:00,0.6505681037721248,-9.28716174414367,11.39931939823516
2021-04-16 00:40:00,0.6624888151738416,-9.88711337121108,11.970077742376994
2021-04-16 00:41:00,0.6745832095893611,-10.386135642884168,10.749798608111778
2021-04-16 00:42:00,0.686849176982928,-9.197506136942108,11.207160869107204
2021-04-16 00:43:00,0.6992845654839925,-9.365659413246565,11.373420231436253
2021-04-16 00:44:00,0.7118871822172494,-10.64555259191398,11.019873775499352
2021-04-16 00:45:00,0.7246547935297535,-10.747097184002603,11.934641623500477
2021-04-16 00:46:00,0.7375851257720273,-9.71549526025972,10.433303987292446
2021-04-16 00:47:00,0.7506758659651409,-9.7996174723744,11.128641568130533
2021-04-16 00:48:00,0.7639246618134244,-10.033387590161041,10.663441394756745
2021-04-16 00:49:00,0.7773291231963999,-9.712003480888297,12.099375395793263
2021-04-16 00:50:00,0.7908868217416969,-9.381237135909982,11.900051702834196
2021-04-16 00:51:00,0.8045952924123048,-9.896114321111307,12.460918878658095
2021-04-16 00:52:00,0.818452033477413,-9.394259846542115,11.341019130943288
2021-04-16 00:53:00,0.8324545072755762,-9.551854359852689,11.747901074390683
2021-04-16 00:54:00,0.8466001410168458,-8.989684666078546,12.11319554518869
2021-04-16 00:55:00,0.8608863273520877,-9.19397081323553,11.617805873596215
2021-04-16 00:56:00,0.8753104248669645,-10.036638772754019,11.787440680487778
2021-04-16 00:57:00,0.8898697590423019,-10.150364926372653,11.466951654341662
2021-04-16 00:58:00,0.9045616226069912,-9.124454201908412,11.74936870716959
2021-04-16 00:59:00,0.9193832765229792,-9.61147328594906,11.82795142308271
2021-04-16 01:00:00,0.9343319505060484,-10.453616862570131,11.661360138535947
2021-04-16 01:01:00,0.9494048436432518,-9.274793804469356,12.025308561405327
2021-04-16 01:02:00,0.9645991252609563,-9.509563981126874,11.566623801785953
2021-04-16 01:03:00,0.9799119358247943,-8.98055264039854,11.826678985689322
2021-04-16 01:04:00,0.9953403868753721,-9.383349353993179,11.25718487617359
2021-04-16 01:05:00,1.0108815629333312,-9.776479157416336,12.034358505963239
2021-04-16 01:06:00,1.0265325209916092,-9.391213250954655,12.701090460635111
2021-04-16 01:07:00,1.0422902923504944,-9.506875491121072,11.710590156863853
2021-04-16 01:08:00,1.0581518827148608,-9.654030360661421,12.086928911530402
2021-04-16 01:09:00,1.0741142728713964,-9.92141667928162,11.602339642197496
2021-04-16 01:10:00,1.0901744200875298,-9.700274681419648,12.524099727417406
2021-04-16 01:11:00,1.1063292582832929,-9.655708372656694,11.114299558817168
2021-04-16 01:12:00,1.1225756989185893,-9.425971370175898,11.048575867989895
2021-04-16 01:13:00,1.138910632068212,-10.327870790824825,12.397044828106115
2021-04-16 01:14:00,1.1553309267316347,-9.66249596167313,11.0468885026514
2021-04-16 01:15:00,1.1718334320963963,-10.007095328891777,11.765314707166104
2021-04-16 01:16:00,1.1884149780572484,-9.141708558014512,11.435109424932731
2021-04-16 01:17:00,1.2050723759612199,-9.435525281761976,12.096477012324291
2021-04-16 01:18:00,1.2218024196234287,-9.487543500970146,12.239023335756707
2021-04-16 01:19:00,1.2386018860725327,-8.95857497606143,11.527437243952583
2021-04-16 01:20:00,1.2554675361472298,-10.045372414991599,11.28912488099791
2021-04-16 01:21:00,1.272396115655021,-8.831268777636222,12.013972972877255
2021-04-16 01:22:00,1.2893843558323874,-9.8004598859504,12.467799334368198
2021-04-16 01:23:00,1.3064289744579358,-9.372034430958658,11.672090855285623
2021-04-16 01:24:00,1.3235266767426979,-8.773883929928882,11.673038284087642
2021-04-16 01:25:00,1.340674155467954,-9.349603181775015,11.159728788191021
2021-04-16 01:26:00,1.3578680928288043,-9.44560088556122,11.495894730833392
2021-04-16 01:27:00,1.3751051605973972,-9.631929848270397,11.588783754916168
2021-04-16 01:28:00,1.3923820209302396,-9.26573546658709,11.959844574781174
2021-04-16 01:29:00,1.4096953276752768,-9.027764723390078,12.035756393630075
2021-04-16 01:30:00,1.427041726690629,-8.421619290132458,11.682260788402798
2021-04-16 01:31:00,1.4444178570544068,-9.394027618158548,11.684019754870329
2021-04-16 01:32:00,1.4618203517646933,-9.274444362946454,12.7862168865453
2021-04-16 01:33:00,1.479245838440474,-9.645179092482339,11.595551992163749
2021-04-16 01:34:00,1.4966909405394127,-8.959285741421692,12.462523951080497
2021-04-16 01:35:00,1.514152277667855,-8.479616980675033,13.114111071867228
2021-04-16 01:36:00,1.5316264669522546,-9.945783439037543,12.64289643027454
2021-04-16 01:37:00,1.5491101236470501,-9.400289332065878,12.083172655334163
2021-04-16 01:38:00,1.5665998617365648,-9.080068765084846,12.903478901937438
2021-04-16 01:39:00,1.5840922952134264,-9.346376497522204,12.656745667768465
2021-04-16 01:40:00,1.6015840388783258,-8.537374380693366,12.393376809275198
2021-04-16 01:41:00,1.6190717085061372,-9.119374217895908,12.051673431928572
2021-04-16 01:42:00,1.6365519228338512,-8.237741683707036,12.080546808322305
2021-04-16 01:43:00,1.654021303108554,-9.051331512350583,13.197056375749392
2021-04-16 01:44:00,1.6714764751763904,-8.788325860151259,11.974806330466517
2021-04-16 01:45:00,1.6889140694145117,-8.974032536297338,11.587979750209126
2021-04-16 01:46:00,1.706330721832042,-9.153424410722268,13.15253338251139
2021-04-16 01:47:00,1.7237230750261705,-8.08105523689844,12.495757626659913
2021-04-16 01:48:00,1.7410877790031292,-8.627661898243051,12.026639092080192
2021-04-16 01:49:00,1.7584214916483496,-8.996124907302573,12.34514186507081
2021-04-16 01:50:00,1.7757208801191697,-8.329130065218454,11.927234987736453
2021-04-16 01:51:00,1.79298262112054,-8.985819331990516,11.8251347394007
2021-04-16 01:52:00,1.8102034020679985,-8.851145470128142,12.383867770978425
2021-04-16 01:53:00,1.827379921855068,-9.005331431668617,12.79815986938095
2021-04-16 01:54:00,1.844508891415985,-9.045742990818555,12.750815885708894
2021-04-16 01:55:00,1.861587034778687,-8.139174666110339,12.084084894990836
2021-04-16 01:56:00,1.8786110900252315,-8.685179769208258,12.684121288929523
2021-04-16 01:57:00,1.8955778093679374,-9.328264527043897,12.443098127653556
2021-04-16 01:58:00,1.9124839608938053,-8.826513420190105,12.313591678857549
2021-04-16 01:59:00,1.9293263285132864,-8.6292380658247,12.421704247593473
2021-04-16 02:00:00,1.9461017133166405,-8.504602018858034,12.343148591141713
2021-04-16 02:01:00,1.9628069342716314,-8.762032978291558,12.308395338416432
2021-04-16 02:02:00,1.9794388283720328,-8.51493872109583,13.165796593753296
2021-04-16 02:03:00,1.995994252367308,-8.007818557602056,13.225794488253007
2021-04-16 02:04:00,2.012470082876519,-7.9908148300859185,11.620272606274892
2021-04-16 02:05:00,2.0288632171853873,-8.458867920944957,12.930559508317504
2021-04-16 02:06:00,2.0451705742590005,-8.657816213595167,12.414022191886138
2021-04-16 02:07:00,2.0613890951703038,-8.38358405950986,12.466601097792568
2021-04-16 02:08:00,2.077515744156016,-8.628111741216062,12.585337599300805
2021-04-16 02:09:00,2.093547509093985,-8.656650795730453,12.768661670311905
2021-04-16 02:10:00,2.1094813990227905,-8.171261013740034,12.626085245153565
2021-04-16 02:11:00,2.1253144546013267,-8.125341867668968,12.231956633012091
2021-04-16 02:12:00,2.1410437392276163,-8.643997181219332,12.927715026748972
2021-04-16 02:13:00,2.156666342573243,-8.497823878122576,11.742805533338942
2021-04-16 02:14:00,2.17217938182974,-7.658590540710329,12.350413928378481
2021-04-16 02:15:00,2.1875800018743012,-8.593841177743522,13.148601931779094
2021-04-16 02:16:00,2.2028653762162413,-8.036169401994659,12.77605477532649
2021-04-16 02:17:00,2.2180327077857367,-7.967890685967432,12.771557430979888
2021-04-16 02:18:00,2.2330792290210963,-8.240988249585973,12.497373155313243
2021-04-16 02:19:00,2.2480022033493103,-8.239346121655434,13.923950109583501
2021-04-16 02:20:00,2.2627989248603138,-8.413345860636959,13.43663683676334
2021-04-16 02:21:00,2.277466719857483,-7.901922007222065,13.120428706892074
2021-04-16 02:22:00,2.292002946945379,-8.37204691048798,12.272258167406061
2021-04-16 02:23:00,2.3064049975406573,-8.993464103738901,13.57151073889467
2021-04-16 02:24:00,2.320670296930443,-7.703572700465573,12.637090997595005
2021-04-16 02:25:00,2.3347963044983264,-8.522800125206212,13.317424244609184
2021-04-16 02:26:00,2.348780514361397,-7.395962975515752,13.019323057250567
2021-04-16 02:27:00,2.3626204560788473,-7.247338437524878,13.225199056669293
2021-04-16 02:28:00,2.37631369499591,-7.908711917518596,13.390708608127602
2021-04-16 02:29:00,2.389857833056862,-7.80041684515626,13.323068142605205
2021-04-16 02:30:00,2.403250509115236,-8.64035284142166,12.46927943221152
2021-04-16 02:31:00,2.4164893994755046,-8.724854753062306,13.652060746266253
2021-04-16 02:32:00,2.429572218569012,-8.565084043592924,13.318057645866068
2021-04-16 02:33:00,2.4424967194667544,-8.683544707567837,12.846020876640832
2021-04-16 02:34:00,2.4552606939132358,-7.573088047110824,13.15710261338807
2021-04-16 02:35:00,2.4678619736069987,-8.74683017147886,13.033614998836754
2021-04-16 02:36:00,2.4802984298360986,-7.789769544877811,12.990561055751611
2021-04-16 02:37:00,2.49256797449835,-7.84858340558199,13.694258780301773
2021-04-16 02:38:00,2.5046685605853605,-7.306538461573212,13.643057614529424
2021-04-16 02:39:00,2.5165981819846115,-8.131724132148863,12.637178693767943
2021-04-16 02:40:00,2.528354874713837,-8.352596684045148,12.862901920438597
2021-04-16 02:41:00,2.5399367167827616,-9.613015978959192,12.986407288463178
2021-04-16 02:42:00,2.55134182873814,-7.401266637782509,12.87169665919084
2021-04-16 02:43:00,2.5625683742462115,-8.049909192444364,12.565300617919629
2021-04-16 02:44:00,2.5736145600681812,-7.5518954543239145,13.201046718239322
2021-04-16 02:45:00,2.5844786368604806,-7.865422106426209,13.90833219111902
2021-04-16 02:46:00,2.595158899327664,-7.824069810603874,13.22967203799875
2021-04-16 02:47:00,2.6056536863753283,-7.3960211808472165,13.3366919706227
2021-04-16 02:48:00,2.6159613818445777,-6.577263041466133,13.422051350135652
2021-04-16 02:49:00,2.626080414507916,-7.619497758311639,13.861636446106713
2021-04-16 02:50:00,2.6360092584678823,-7.04515595574624,13.754358612838885
2021-04-16 02:51:00,2.645746433498722,-7.933714906484214,13.614980779702861
2021-04-16 02:52:00,2.6552905052146243,-7.913097281467824,13.23508562423318
2021-04-16 02:53:00,2.664640085472148,-7.622459123948132,13.42999687368089
2021-04-16 02:54:00,2.673793832606979,-8.33765769739543,12.852829497369296
2021-04-16 02:55:00,2.682750451385812,-7.457494328249418,13.569066585834792
2021-04-16 02:56:00,2.691508693694133,-8.161353572914342,12.381800704986619
2021-04-16 02:57:00,2.700067358484204,-7.480288014867869,13.341422143308243
2021-04-16 02:58:00,2.7084252918535126,-7.331532326977287,13.740830943775572
2021-04-16 02:59:00,2.716581387584357,-7.494360474161924,13.585320076176437
2021-04-16 03:00:00,2.724534587003398,-7.475171565821818,12.828227913421468
2021-04-16 03:01:00,2.7322838792795916,-7.0680885913794835,12.49353104581565
2021-04-16 03:02:00,2.7398283016244287,-8.127297258140004,12.816592080971478
2021-04-16 03:03:00,2.747166939275739,-7.373655873851718,13.857470978364343
2021-04-16 03:04:00,2.75429892573898,-7.936666099547799,13.504825347489342
2021-04-16 03:05:00,2.761223442847574,-7.203001272197962,13.597160217217704
2021-04-16 03:06:00,2.7679397208542147,-7.562104708267013,12.822420042929737
2021-04-16 03:07:00,2.7744470386182645,-7.8915346313886925,14.00189738593473
2021-04-16 03:08:00,2.78074472342243,-7.362305074406751,13.67522710915299
2021-04-16 03:09:00,2.7868321513325087,-7.263222227683548,12.735538359962842
2021-04-16 03:10:00,2.792708747092723,-7.857153722465725,12.590542888692605
2021-04-16 03:11:00,2.7983739840367168,-8.102740710301163,13.881748204438267
2021-04-16 03:12:00,2.8038273843706345,-7.341759231118185,14.45384243305982
2021-04-16 03:13:00,2.8090685189649376,-7.504236299164385,13.099316639201021
2021-04-16 03:14:00,2.814097007405452,-8.748227334631048,13.792848617648914
2021-04-16 03:15:00,2.8189125180517234,-7.931997448583387,13.456749584492735
2021-04-16 03:16:00,2.82351476779495,-7.411543131438331,13.247094115976317
2021-04-16 03:17:00,2.8279035223187927,-8.38788224554374,13.856920575420002
2021-04-16 03:18:00,2.8320785957263888,-8.069432299897693,12.96570469410413
2021-04-16 03:19:00,2.8360398506569884,-7.683619853283169,13.969781878634253
2021-04-16 03:20:00,2.839787198119032,-8.21167382591497,12.88275951341426
2021-04-16 03:21:00,2.843320597438587,-7.963994075096581,13.014032137377498
2021-04-16 03:22:00,2.8466400560804304,-7.835512586840325,12.725942978622545
2021-04-16 03:23:00,2.8497456296198584,-8.290478325397958,13.670302983335432
2021-04-16 03:24:00,2.8526374215104537,-8.334120797169678,13.47018984174321
2021-04-16 03:25:00,2.855315582943871,-7.858655546601818,13.034510547348994
2021-04-16 03:26:00,2.8577803127658905,-7.817374608997615,12.86723415092107
2021-04-16 03:27:00,2.8600318572152807,-7.949700458191532,13.066201939131927
2021-04-16 03:28:00,2.862070509741694,-8.172512313328758,12.937996619467688
2021-04-16 03:29:00,2.8638966108689647,-7.10180678115417,13.284530007603195
2021-04-16 03:30:00,2.865510547881262,-7.965755399434105,13.0801476752265
2021-04-16 03:31:00,2.8669127547483377,-7.513462027683224,13.1782426936028
2021-04-16 03:32:00,2.8681037116654515,-7.751520581792955,13.639487664126149
2021-04-16 03:33:00,2.8690839450570644,-8.629806227245966,13.275206636931204
2021-04-16 03:34:00,2.869854027095175,-8.752337971550041,14.157079161051707
2021-04-16 03:35:00,2.8704145755857873,-6.803346052316743,13.626958609564161
2021-04-16 03:36:00,2.8707662535597014,-8.262630425938664,13.34515110505409
2021-04-16 03:37:00,2.870909769076752,-6.854738809762449,13.103150655924894
2021-04-16 03:38:00,2.8708458748780488,-7.0935792647335845,14.034109460431827
2021-04-16 03:39:00,2.8705753680099004,-7.468147542794367,13.4729881290215
2021-04-16 03:40:00,2.870099089595886,-7.486588854799357,13.999848358514827
2021-04-16 03:41:00,2.8694179244403446,-7.267132553560438,14.12141247973091
2021-04-16 03:42:00,2.868532800628058,-6.850494242300353,13.89992121098586
2021-04-16 03:43:00,2.867444689279897,-8.122950245142189,12.582934552822906
2021-04-16 03:44:00,2.8661546040334005,-7.627289105427766,13.676184382571012
2021-04-16 03:45:00,2.864663600805801,-7.858818128242575,13.863115127103436
2021-04-16 03:46:00,2.862972777257321,-7.726977728414324,13.24617961148583
2021-04-16 03:47:00,2.861083272464599,-7.00315964510817,13.826343613763541
2021-04-16 03:48:00,2.8589962665520763,-7.08831509102492,13.30867568533906
2021-04-16 03:49:00,2.8567129800764515,-7.893218551037078,12.751875955390695
2021-04-16 03:50:00,2.8542346738594255,-7.327975727891743,13.478727945941822
2021-04-16 03:51:00,2.851562648260737,-7.373702419276846,13.962160278969646
2021-04-16 03:52:00,2.848698242914379,-8.057708683859808,13.279529568661777
2021-04-16 03:53:00,2.8456428362665065,-7.368341569126296,13.383970218753824
2021-04-16 03:54:00,2.842397844906033,-8.502965397805077,13.711608313836246
2021-04-16 03:55:00,2.8389647232965896,-7.334371753804146,13.00850652533268
2021-04-16 03:56:00,2.8353449631753325,-7.126435835686642,13.532782255388831
2021-04-16 03:57:00,2.831540093053441,-8.087225516115005,14.129374456557432
2021-04-16 03:58:00,2.827551677772637,-7.429992622823844,13.221380717548112
2021-04-16 03:59:00,2.8233813178700684,-6.634005004382486,13.910360232247179
2021-04-16 04:00:00,2.819030649110166,-7.672127878373047,13.620330850861903
2021-04-16 04:01:00,2.8145013420168192,-7.532447364762266,12.838422915302228
2021-04-16 04:02:00,2.8097951012118956,-8.527996916566865,13.716789149839572
2021-04-16 04:03:00,2.804913664879809,-7.231573927432865,13.306731861700127
2021-04-16 04:04:00,2.7998588043188217,-7.5737383418126045,13.033119564931846
2021-04-16 04:05:00,2.79463232321694,-8.24735708985705,13.866517279497431
2021-04-16 04:06:00,2.7892360571998944,-8.04331334546954,14.072731772328474
2021-04-16 04:07:00,2.783671873194349,-8.556606278961114,13.642307907150247
2021-04-16 04:08:00,2.777941668724324,-7.848557271315456,13.044512260165938
2021-04-16 04:09:00,2.772047371670898,-8.018711280757953,13.019428318647506
2021-04-16 04:10:00,2.7659909391889856,-7.574007484695821,13.31454446118666
2021-04-16 04:11:00,2.759774357441221,-7.395520243630465,13.224258203509487
2021-04-16 04:12:00,2.7533996409236883,-8.068046772901718,12.70396892179948
2021-04-16 04:13:00,2.746868831686279,-7.949364104532857,12.726810470658533
2021-04-16 04:14:00,2.740183998934067,-8.160885074736381,13.335859889708741
2021-04-16 04:15:00,2.73334723818006,-7.511628910919909,13.985651967520477
2021-04-16 04:16:00,2.7263606707186874,-8.399355292978633,13.651690465123401
2021-04-16 04:17:00,2.7192264430205513,-7.273862462768585,13.70020884389264
2021-04-16 04:18:00,2.7119467259613863,-7.9253142265423575,13.109597296963319
2021-04-16 04:19:00,2.7045237142265375,-7.525959182688072,13.59683939638272
2021-04-16 04:20:00,2.696959625726992,-8.465372946711826,13.252002068865025
2021-04-16 04:21:00,2.689256700763466,-7.750193871358379,13.60771313438952
2021-04-16 04:22:00,2.681417201570371,-7.770646411611081,12.952958792727037
2021-04-16 04:23:00,2.6734434114695906,-7.254849318357078,13.201719227626944
2021-04-16 04:24:00,2.6653376341349704,-7.964297509187037,13.339402757625779
2021-04-16 04:25:00,2.6571021933399375,-7.488543854193211,12.664419018045734
2021-04-16 04:26:00,2.6487394316627686,-7.798792926339739,12.987934600190803
2021-04-16 04:27:00,2.640251710220671,-8.20231000978404,13.004211359434663
2021-04-16 04:28:00,2.631641407933988,-8.34575164824643,13.43471661214018
2021-04-16 04:29:00,2.6229109206319134,-7.545482074553303,13.915266821803007
2021-04-16 04:30:00,2.6140626606213573,-7.770558128996641,13.495022853031218
2021-04-16 04:31:00,2.605099055758082,-7.92484309766001,12.772961019534407
2021-04-16 04:32:00,2.5960225488442115,-7.8389038604473145,13.096915465159633
2021-04-16 04:33:00,2.5868355970294648,-7.433179487682341,12.98049388588057
2021-04-16 04:34:00,2.5775406708715387,-8.590857783889225,13.193709530790587
2021-04-16 04:35:00,2.5681402539021354,-7.86663763538218,12.765147351189372
2021-04-16 04:36:00,2.5586368416773015,-8.416553560525246,12.373455427134862
2021-04-16 04:37:00,2.5490329411805543,-7.978029019032505,13.04675561185459
2021-04-16 04:38:00,2.5393310702104195,-8.10987748280873,12.873122930363515
2021-04-16 04:39:00,2.5295337565088207,-8.593549176085617,12.984784530724967
2021-04-16 04:40:00,2.519643536950133,-8.279023617125091,13.030965099018461
2021-04-16 04:41:00,2.509662957343401,-8.099558412516355,13.35245253371073
2021-04-16 04:42:00,2.499594571061497,-8.422905714479072,12.626245153596848
2021-04-16 04:43:00,2.489440938829996,-8.043723741462372,12.941279662158273
2021-04-16 04:44:00,2.4792046277613333,-8.17922652347045,12.476778467061797
2021-04-16 04:45:00,2.46888821056069,-7.9136301155987425,12.983654922193061
2021-04-16 04:46:00,2.4584942653325905,-7.845247673081398,13.11775242391641
2021-04-16 04:47:00,2.4480253741449634,-7.952835765304073,13.763226988886755
2021-04-16 04:48:00,2.437484122840788,-8.321604172642454,12.971220260507431
2021-04-16 04:49:00,2.426873100249435,-8.29526899498705,12.84161716358314
2021-04-16 04:50:00,2.416194897249203,-8.0112494837848,13.205700292736806
2021-04-16 04:51:00,2.4054521064126857,-8.363571119972677,12.568410061200135
2021-04-16 04:52:00,2.3946473209727572,-8.344197387497058,12.710971298855894
2021-04-16 04:53:00,2.3837831343025497,-8.180520805052533,12.376070000372483
2021-04-16 04:54:00,2.3728621392884315,-7.95496995603556,12.564103193037889
2021-04-16 04:55:00,2.3618869274468723,-7.747734160687767,13.23287288089938
2021-04-16 04:56:00,2.3508600883038824,-7.822550307484744,13.608764907270702
2021-04-16 04:57:00,2.3397842088596,-7.806831263616654,13.17021370698183
2021-04-16 04:58:00,2.3286618726331456,-8.607425773064346,12.628315630290226
2021-04-16 04:59:00,2.317495659271839,-8.484614004173046,12.896953476836496
2021-04-16 05:00:00,2.306288143641681,-8.241697882759675,12.676750891334887
2021-04-16 05:01:00,2.295041895095101,-8.879740763826339,12.830236905063266
2021-04-16 05:02:00,2.283759477345336,-7.614979733455395,12.61388624540968
2021-04-16 05:03:00,2.2724434470064843,-8.747844245377554,12.011054582897094
2021-04-16 05:04:00,2.2610963534618644,-8.9407139666826,13.00817412254562
2021-04-16 05:05:00,2.249720738208582,-9.05016740828743,12.160572000138231
2021-04-16 05:06:00,2.2383191338616015,-7.879466018582926,12.904984074580861
2021-04-16 05:07:00,2.226894063895367,-8.02542362883073,13.58634247298438
2021-04-16 05:08:00,2.2154480417144575,-8.876742157222946,11.980117523575824
2021-04-16 05:09:00,2.203983570128058,-8.917057583384414,12.919467542139301
2021-04-16 05:10:00,2.1925031408288636,-8.800997818925357,12.817100326574282
2021-04-16 05:11:00,2.181009233520497,-8.648351935383817,13.677572137416613
2021-04-16 05:12:00,2.169504315473736,-9.297206112763494,12.62272487169389
2021-04-16 05:13:00,2.157990840970548,-8.517397465264299,11.912313931197493
2021-04-16 05:14:00,2.146471250416045,-8.685940201429002,12.703171830034862
2021-04-16 05:15:00,2.1349479701455008,-7.841653746464425,13.019005859305297
2021-04-16 05:16:00,2.1234234114564567,-8.836149317847898,13.592977822733655
2021-04-16 05:17:00,2.111899970042659,-8.70971718592831,13.456052373473089
2021-04-16 05:18:00,2.1003800259384433,-8.347085659710814,12.60936891624447
2021-04-16 05:19:00,2.0888659420530287,-8.552533761602168,12.815087441106073
2021-04-16 05:20:00,2.0773600645546515,-7.894311922859003,12.754786578465763
2021-04-16 05:21:00,2.065864721572827,-9.106344353287922,12.834336036138309
2021-04-16 05:22:00,2.054382222832171,-8.196650019003668,13.260971525920517
2021-04-16 05:23:00,2.0429148595941684,-9.392476859150019,11.88340578833083
2021-04-16 05:24:00,2.031464903327316,-9.070976290199994,12.61009262051118
2021-04-16 05:25:00,2.020034605690829,-8.566567396905048,12.346445088081886
2021-04-16 05:26:00,2.008626198055015,-8.001644687655574,12.83712645484904
2021-04-16 05:27:00,1.9972418905920266,-9.19952266937517,12.133053700695296
2021-04-16 05:28:00,1.9858838721895065,-8.471634614300573,13.50128343773791
2021-04-16 05:29:00,1.9745543096852338,-8.80992260923235,12.948952185742103
2021-04-16 05:30:00,1.9632553474102563,-8.352338107147466,11.921008563868284
2021-04-16 05:31:00,1.951989106899224,-8.60470049822153,12.658948157826122
2021-04-16 05:32:00,1.9407576861809506,-8.47469611556895,12.985188881755773
2021-04-16 05:33:00,1.9295631594185845,-7.9705340858314715,12.504754783381266
2021-04-16 05:34:00,1.9184075765549253,-8.020079410939678,12.096229822142787
2021-04-16 05:35:00,1.90729296258443,-8.224318214355474,12.523928617447105
2021-04-16 05:36:00,1.8962213175438418,-9.463596741737272,12.102703080143161
2021-04-16 05:37:00,1.8851946156753314,-9.24193433622354,12.00728664961983
2021-04-16 05:38:00,1.8742148050779794,-8.712770746431232,12.99185058492227
2021-04-16 05:39:00,1.8632838077776874,-8.833067042414573,13.100904684090652
2021-04-16 05:40:00,1.8524035185830208,-8.62389886690899,12.231132420272438
2021-04-16 05:41:00,1.8415758051921411,-8.81739260039392,12.641091070345514
2021-04-16 05:42:00,1.8308025077833927,-8.399759093884228,12.463430925686735
2021-04-16 05:43:00,1.820085438441934,-9.005671283804078,12.34604412008754
2021-04-16 05:44:00,1.8094263810360833,-7.925360878248576,12.275971663425409
2021-04-16 05:45:00,1.7988270598900076,-8.957053687740578,12.264959129308911
2021-04-16 05:46:00,1.7882892318314452,-9.446299130626159,12.019047972391906
2021-04-16 05:47:00,1.7778145936617118,-8.264074798530334,12.894325826416583
2021-04-16 05:48:00,1.7674048124749435,-8.969608325519095,12.32205403782461
2021-04-16 05:49:00,1.7570615253106485,-8.6244963946472,12.352035540926416
2021-04-16 05:50:00,1.746786339165278,-8.38856569517565,12.61456765226864
2021-04-16 05:51:00,1.7365808302455905,-9.383929229186124,12.868197716351643
2021-04-16 05:52:00,1.726446544109146,-8.805631531957058,12.346691324540862
2021-04-16 05:53:00,1.716384995184829,-8.557336291717291,11.725988582343472
2021-04-16 05:54:00,1.7063976664146667,-9.505571316308929,11.948436462366756
2021-04-16 05:55:00,1.6964860094485947,-9.113013132775972,12.726832967751927
2021-04-16 05:56:00,1.6866514438329674,-8.857805883400491,13.291970097129672
2021-04-16 05:57:00,1.6768953572290843,-8.521779271522973,11.696633169532552
2021-04-16 05:58:00,1.6672191050907206,-8.706160868398127,12.258501296720489
2021-04-16 05:59:00,1.6576240102179982,-8.806256281902263,12.517068886323719
2021-04-16 06:00:00,1.6481113631848394,-8.63938077150925,12.042845460022924
2021-04-16 06:01:00,1.6386824212867066,-8.395279177732771,11.577734411423634
2021-04-16 06:02:00,1.6293384091080352,-9.425530303024763,11.844651069202827
2021-04-16 06:03:00,1.6200805180887525,-8.746348647118634,11.906841812513976
2021-04-16 06:04:00,1.6109099063291796,-9.332725811421907,12.082245495531826
2021-04-16 06:05:00,1.6018276986130813,-8.900601438775277,12.712315576539735
2021-04-16 06:06:00,1.5928349860744813,-8.99971574900378,12.361600189597748
2021-04-16 06:07:00,1.583932826283915,-8.580703528792682,11.970137358345964
2021-04-16 06:08:00,1.5751222431187353,-8.510111063895799,12.538041871722925
2021-04-16 06:09:00,1.5664042265102442,-8.71155740247316,12.898830155377732
2021-04-16 06:10:00,1.5577797325616634,-9.176988899680152,11.98872092463967
2021-04-16 06:11:00,1.5492496834221667,-8.705645593793347,13.283599620518384
2021-04-16 06:12:00,1.5408149671610054,-9.518615013061954,11.514832325475016
2021-04-16 06:13:00,1.5324764378303892,-8.4689907199887,12.331200881128026
2021-04-16 06:14:00,1.5242349154031474,-9.62079310558164,11.989568762452135
2021-04-16 06:15:00,1.5160911855028054,-8.762695407357478,12.259039827823237
2021-04-16 06:16:00,1.5080459999894191,-8.686742676330512,12.689847503300552
2021-04-16 06:17:00,1.500100076265201,-8.94297325860061,11.598633021412345
2021-04-16 06:18:00,1.4922540977568006,-8.603865771874306,12.926058956499856
2021-04-16 06:19:00,1.4845087138076538,-9.360394110037825,12.01859514057432
2021-04-16 06:20:00,1.4768645395451676,-9.110672081092018,12.549544005954118
2021-04-16 06:21:00,1.4693221562894117,-9.140971300960228,12.11574626008266
2021-04-16 06:22:00,1.4618821112027582,-9.552686776372102,12.13573520452407
2021-04-16 06:23:00,1.4545449175402485,-9.406094702066648,12.599645159989688
2021-04-16 06:24:00,1.4473110549053751,-9.185694323238403,12.035140742529302
2021-04-16 06:25:00,1.4401809689477247,-8.709756020910511,11.798367081716918
2021-04-16 06:26:00,1.4331550717720234,-8.986494733134617,12.303928885271187
2021-04-16 06:27:00,1.426233741938281,-9.41988189218586,12.331124158275733
2021-04-16 06:28:00,1.4194173245518842,-8.570484317696845,12.485520248982189
2021-04-16 06:29:00,1.412706131477275,-8.566201796478042,11.620700623756244
2021-04-16 06:30:00,1.4061004413546758,-9.75358211524642,11.233627813453763
2021-04-16 06:31:00,1.399600499766774,-8.749417395742052,12.307124098492736
2021-04-16 06:32:00,1.393206519662927,-9.50803741598444,12.55540165940265
2021-04-16 06:33:00,1.3869186810972967,-8.606298968416894,11.945029347466445
2021-04-16 06:34:00,1.3807371316480588,-8.802306501070367,12.830484098167268
2021-04-16 06:35:00,1.374661986745867,-9.291583543838325,12.095666952324391
2021-04-16 06:36:00,1.3686933294785062,-9.736200257641553,11.919103389147706
2021-04-16 06:37:00,1.3628312112709429,-9.495216577794363,11.58681988525437
2021-04-16 06:38:00,1.3570756516698534,-8.610850354722526,12.700238293026015
2021-04-16 06:39:00,1.351426638808228,-9.72412516479621,11.530129974039323
2021-04-16 06:40:00,1.3458841296561355,-9.424249578514829,12.217349700781298
2021-04-16 06:41:00,1.340448050174564,-9.288808312248246,11.702796652668491
2021-04-16 06:42:00,1.3351182956086225,-9.977571424223097,11.533927254665967
2021-04-16 06:43:00,1.329894730783853,-8.852187904589993,12.625305039819075
2021-04-16 06:44:00,1.3247771902373389,-9.4383586643085,12.123370079963822
2021-04-16 06:45:00,1.3197654787975908,-8.934820814047274,12.063940533794979
2021-04-16 06:46:00,1.3148593715323673,-8.88095645899052,12.15280383222626
2021-04-16 06:47:00,1.310058614209343,-8.818015795573576,11.976389444266372
2021-04-16 06:48:00,1.3053629237574755,-9.263427732776044,11.837269935369056
2021-04-16 06:49:00,1.3007719882513462,-9.239306904113407,11.460896241711609
2021-04-16 06:50:00,1.2962854675191036,-8.394996316154476,11.609927032649091
2021-04-16 06:51:00,1.2919029933725443,-10.153508043254888,11.696610638203431
2021-04-16 06:52:00,1.2876241698544209,-9.24218392852783,11.846935683870619
2021-04-16 06:53:00,1.283448573878189,-9.081517608530143,11.534016210798026
2021-04-16 06:54:00,1.2793757551513076,-8.747234092565515,11.811462741885242
2021-04-16 06:55:00,1.2754052369540982,-9.572337781613715,11.43978180632214
2021-04-16 06:56:00,1.2715365162880454,-9.462161713614218,11.033285875271481
2021-04-16 06:57:00,1.2677690643155906,-9.807708434633946,11.781036492095119
2021-04-16 06:58:00,1.2641023267345532,-8.479213603043764,12.39464433784155
2021-04-16 06:59:00,1.2605357242096495,-8.825093553795718,12.424324007410553
2021-04-16 07:00:00,1.2570686526733446,-8.869975303415407,11.462791059287538
2021-04-16 07:01:00,1.2537004838697448,-9.059649859692005,12.023057213360673
2021-04-16 07:02:00,1.2504305657126746,-8.766960248344212,11.675129636308144
2021-04-16 07:03:00,1.247258222629853,-8.692883906449758,12.344849896891517
2021-04-16 07:04:00,1.2441827561218393,-9.192638723871044,12.105937925621447
2021-04-16 07:05:00,1.241203445124882,-9.49197438486867,11.252248722060216
2021-04-16 07:06:00,1.238319546446399,-8.97522672851937,11.607518169040814
2021-04-16 07:07:00,1.2355302952778962,-9.611737750008913,11.313352747426727
2021-04-16 07:08:00,1.2328349054286494,-9.623387676279576,11.848521568547772
2021-04-16 07:09:00,1.2302325702240133,-10.289474657443623,12.171150618244
2021-04-16 07:10:00,1.227722462416533,-9.146062512005248,11.86003966740068
2021-04-16 07:11:00,1.2253037350928537,-9.49981054376143,12.020998496606634
2021-04-16 07:12:00,1.2229755219257927,-9.958899333198245,11.485013892128629
2021-04-16 07:13:00,1.2207369377271315,-8.88029710286271,12.10404737631503
2021-04-16 07:14:00,1.2185870789107116,-9.725846055044117,11.593090113304783
2021-04-16 07:15:00,1.2165250239280847,-8.639637015239808,11.987988738293902
2021-04-16 07:16:00,1.214549833874635,-9.940554540005582,11.35250592739361
2021-04-16 07:17:00,1.2126605529004992,-9.199579672535123,12.47492209364446
2021-04-16 07:18:00,1.2108562086806582,-8.803198623542436,12.106854943656526
2021-04-16 07:19:00,1.2091358130280092,-8.910111933956605,11.552960652246338
2021-04-16 07:20:00,1.207498362295624,-9.222788479191337,11.45477904618181
2021-04-16 07:21:00,1.2059428379503585,-9.211603084295549,12.613094995448067
2021-04-16 07:22:00,1.2044682070358623,-9.797647522141514,11.439191593421725
2021-04-16 07:23:00,1.2030734227653306,-8.352731103776886,12.647385178090401
2021-04-16 07:24:00,1.201757424875822,-8.405444593865937,11.295662834401853
2021-04-16 07:25:00,1.2005191403811062,-9.30695951326082,11.738956617807228
2021-04-16 07:26:00,1.1993574839351924,-9.092993150846373,12.29119945792585
2021-04-16 07:27:00,1.198271358382505,-8.715309378271101,11.87804072638958
2021-04-16 07:28:00,1.1972596553104062,-9.686345151048156,12.173591026915883
2021-04-16 07:29:00,1.1963212555606677,-9.731025676154603,10.948627951148126
2021-04-16 07:30:00,1.1954550298185436,-9.985452398530086,12.171455023592562
2021-04-16 07:31:00,1.1946598390586776,-9.960810750257421,12.006446754963916
2021-04-16 07:32:00,1.1939345350949453,-8.718341333005952,12.191553363215464
2021-04-16 07:33:00,1.1932779612349107,-9.244981945556852,11.804352583135673
2021-04-16 07:34:00,1.1926889526288265,-8.87890651814075,11.597163490909814
2021-04-16 07:35:00,1.1921663369449784,-8.98722099000174,12.19722568927579
2021-04-16 07:36:00,1.1917089348704468,-9.107660517646464,11.486514578784405
2021-04-16 07:37:00,1.1913155606459724,-9.108645920480464,11.430200516197292
2021-04-16 07:38:00,1.1909850225990934,-9.970029601789829,11.80788552964435
2021-04-16 07:39:00,1.1907161236625732,-9.689681027643923,10.984039466808472
2021-04-16 07:40:00,1.190507661989436,-9.402684862436306,11.375224790139212
2021-04-16 07:41:00,1.1903584314194062,-9.096235361916598,11.38809749205001
2021-04-16 07:42:00,1.1902672220085095,-9.061289974754322,11.829133139371493
2021-04-16 07:43:00,1.1902328206764565,-9.652828680034172,12.327228728750297
2021-04-16 07:44:00,1.1902540115888312,-10.026548969213556,10.644744147362236
2021-04-16 07:45:00,1.1903295768013238,-9.831342714744054,12.170972851606772
2021-04-16 07:46:00,1.1904582967760513,-9.601692541542029,11.618340318467697
2021-04-16 07:47:00,1.190638950887845,-9.876815487114284,11.217827658707677
2021-04-16 07:48:00,1.1908703179560216,-9.925164436556146,10.70181817072417
2021-04-16 07:49:00,1.1911511768010494,-9.18003538204671,11.95404996493492
2021-04-16 07:50:00,1.1914803067739235,-10.10087821421231,11.792662977544275
2021-04-16 07:51:00,1.1918564882389233,-9.312153190332303,11.46945407284202
2021-04-16 07:52:00,1.1922785031590277,-8.861170121958727,12.12316629224313
2021-04-16 07:53:00,1.1927451355341852,-9.007508361749172,11.207139288550039
2021-04-16 07:54:00,1.1932551720334676,-9.545137247714518,11.039515245884278
2021-04-16 07:55:00,1.1938074023938632,-8.71611890504267,11.261324306636533
2021-04-16 07:56:00,1.1944006199871111,-10.635020193383804,12.156083300046976
2021-04-16 07:57:00,1.1950336223740174,-8.948617807016893,11.180653439061555
2021-04-16 07:58:00,1.1957052117118423,-9.161799144528189,11.666937491389852
2021-04-16 07:59:00,1.196414195326705,-9.664746902311808,10.969896188153799
2021-04-16 08:00:00,1.1971593862060046,-9.636203740789398,11.835300478242685
2021-04-16 08:01:00,1.1979396034663707,-9.61169967352009,12.545854841176851
2021-04-16 08:02:00,1.198753672875979,-9.30035022513923,10.998811611381885
2021-04-16 08:03:00,1.1996004272908307,-10.121991269988511,11.538045351499026
2021-04-16 08:04:00,1.2004787072099288,-9.937718287541875,12.261585261727843
2021-04-16 08:05:00,1.2013873611963373,-9.03651577985703,11.02554096600498
2021-04-16 08:06:00,1.2023252463711172,-9.048170395765794,11.477359908540237
2021-04-16 08:07:00,1.2032912288792943,-9.200374365624898,11.789053598031032
2021-04-16 08:08:00,1.2042841843585652,-9.39286344531588,12.141998768650618
2021-04-16 08:09:00,1.2053029983799113,-9.268140927672409,12.205399550666526
2021-04-16 08:10:00,1.2063465669180589,-10.013898807766765,11.70083965895417
2021-04-16 08:11:00,1.2074137968075807,-9.286151546244671,11.73215437357383
2021-04-16 08:12:00,1.208503606151547,-9.836637792587402,11.484310582508849
2021-04-16 08:13:00,1.2096149247836778,-9.459105697975735,11.979870996364715
2021-04-16 08:14:00,1.2107466947033452,-9.555354998020857,11.44546820556048
2021-04-16 08:15:00,1.2118978704724348,-8.932659699784326,11.577076543249524
2021-04-16 08:16:00,1.213067419667126,-10.352916197932938,12.271372704878
2021-04-16 08:17:00,1.2142543232537517,-10.053404668930774,11.312897280603428
2021-04-16 08:18:00,1.215457576034362,-9.252460220017824,11.953022567972807
2021-04-16 08:19:00,1.216676187007827,-9.849674167339307,11.014462897964165
2021-04-16 08:20:00,1.217909179782966,-8.677869094248562,11.973985758131704
2021-04-16 08:21:00,1.2191555929652802,-9.740073654990171,12.900286343546938
2021-04-16 08:22:00,1.2204144805303616,-9.957568096125199,11.618737390514807
2021-04-16 08:23:00,1.2216849121812086,-9.453444068979877,12.099773123958633
2021-04-16 08:24:00,1.2229659737403393,-9.76910260455009,12.314201894326445
2021-04-16 08:25:00,1.2242567674891367,-10.328597998367675,12.239418391901703
2021-04-16 08:26:00,1.2255564125159115,-8.726840160152271,12.255562821640659
2021-04-16 08:27:00,1.2268640450641732,-9.236458392114132,11.605952044361622
2021-04-16 08:28:00,1.2281788188666651,-9.249872177955737,11.478258831799124
2021-04-16 08:29:00,1.2294999054673765,-10.301741929245006,12.390893551137525
2021-04-16 08:30:00,1.2308264945452856,-10.183839216369808,11.066156961666428
2021-04-16 08:31:00,1.2321577942195288,-10.107201959694539,12.088317959381916
2021-04-16 08:32:00,1.2334930313561516,-9.168747711499346,11.815450053087005
2021-04-16 08:33:00,1.2348314518622368,-9.21233009465227,11.50271905730531
2021-04-16 08:34:00,1.2361723209693298,-9.663324939892515,12.133280602913572
2021-04-16 08:35:00,1.2375149235125904,-9.469309092921462,12.153444978099516
2021-04-16 08:36:00,1.238858564199702,-9.154468864690527,12.01282035573636
2021-04-16 08:37:00,1.2402025678755773,-9.731800331077242,11.833959579505185
2021-04-16 08:38:00,1.241546279769739,-9.67809245396997,11.624797389822625
2021-04-16 08:39:00,1.2428890657374567,-8.698429441109605,11.421101289935427
2021-04-16 08:40:00,1.244230312500885,-8.953198067892988,11.716642427079226
2021-04-16 08:41:00,1.2455694278796465,-9.260127722831209,11.676287874009802
2021-04-16 08:42:00,1.2469058409829694,-8.79295929407081,11.819852284336044
2021-04-16 08:43:00,1.2482390024545784,-10.109413744994233,12.024319454517643
2021-04-16 08:44:00,1.249568384639471,-9.38209660620302,11.464515918214463
2021-04-16 08:45:00,1.2508934817937454,-9.176337533867963,12.879286734743232
2021-04-16 08:46:00,1.2522138102499023,-9.532044523796587,11.572402625537983
2021-04-16 08:47:00,1.2535289086028392,-9.254828271041982,11.174938534623356
2021-04-16 08:48:00,1.2548383378731134,-9.144511359507518,11.855006989668768
2021-04-16 08:49:00,1.2561416816346678,-9.291132680873842,11.435095467681307
2021-04-16 08:50:00,1.2574385461876632,-8.946873026222427,10.95516567483866
2021-04-16 08:51:00,1.2587285606914251,-9.267525295499771,12.319257308045426
2021-04-16 08:52:00,1.2600113772488313,-10.441099485840933,11.81362625873722
2021-04-16 08:53:00,1.26128667108724,-9.44658193603182,12.166358630227167
2021-04-16 08:54:00,1.2625541405990086,-9.034431748831377,12.649456476192196
2021-04-16 08:55:00,1.263813507491233,-9.355949897006289,12.779437469877244
2021-04-16 08:56:00,1.2650645168207735,-9.690418191719488,11.974638937357046
2021-04-16 08:57:00,1.2663069371343547,-8.736988602202015,12.35290047944435
2021-04-16 08:58:00,1.267540560475858,-9.867101407418842,12.072543362852567
2021-04-16 08:59:00,1.2687652024727596,-9.88765936383311,12.441844829225003
2021-04-16 09:00:00,1.2699807023858516,-9.21771215384818,11.591469357646446
2021-04-16 09:01:00,1.271186923130747,-9.298282679422725,12.872317766862114
2021-04-16 09:02:00,1.2723837513478116,-9.819259997882432,11.21196197503335
2021-04-16 09:03:00,1.273571097344761,-9.06255215096445,11.33905347103371
2021-04-16 09:04:00,1.2747488951963568,-10.02891149390348,11.514621584247825
2021-04-16 09:05:00,1.2759171026909657,-8.704542926025633,11.474636477653734
2021-04-16 09:06:00,1.2770757013056926,-9.488030997982165,11.60351845093264
2021-04-16 09:07:00,1.2782246962469281,-9.95746737177876,12.194025713072964
2021-04-16 09:08:00,1.2793641163790017,-9.347538991797071,11.821781521291571
2021-04-16 09:09:00,1.2804940141785002,-9.757528049313144,12.285545002470142
2021-04-16 09:10:00,1.2816144657002182,-9.910679456379066,11.544732567894801
2021-04-16 09:11:00,1.2827255705363507,-9.957786807463206,12.032185853583082
2021-04-16 09:12:00,1.283827451747391,-8.924308126467494,11.276591781751298
2021-04-16 09:13:00,1.2849202557175219,-8.594207648063792,12.229992127199427
2021-04-16 09:14:00,1.286004152183157,-9.013572270896326,12.717700861555336
2021-04-16 09:15:00,1.287079334034203,-10.069668546887279,11.867123200691786
2021-04-16 09:16:00,1.28814601727372,-9.791034465933112,11.25051845116259
2021-04-16 09:17:00,1.2892044408569143,-9.017968891404395,11.491426670834308
2021-04-16 09:18:00,1.2902548666213942,-9.033847996076608,12.01179605455346
2021-04-16 09:19:00,1.29129758070345,-9.205442727478472,11.224929942073489
2021-04-16 09:20:00,1.2923328886127758,-9.340924676330527,11.836979719927118
2021-04-16 09:21:00,1.2933611199020896,-8.99824875030043,11.791344925799404
2021-04-16 09:22:00,1.2943826264011147,-8.911652854893056,11.902896365368372
2021-04-16 09:23:00,1.2953977819863347,-9.652442711361017,11.795475755014479
2021-04-16 09:24:00,1.296406982505608,-9.375958912287363,11.970221554121636
2021-04-16 09:25:00,1.2974106454810346,-9.131368603083322,12.037166219353121
2021-04-16 09:26:00,1.298409210036017,-9.316292002635864,11.859937901884232
2021-04-16 09:27:00,1.2994031365419416,-9.781757660331573,11.936704619211422
2021-04-16 09:28:00,1.3003929065524158,-9.318552539426559,12.058950794704886
2021-04-16 09:29:00,1.3013790224986077,-9.392118248972352,12.328510617032805
2021-04-16 09:30:00,1.3023620074309898,-8.327223251638832,12.055842098569988
2021-04-16 09:31:00,1.3033424048766364,-9.533175608746978,11.363290325979802
2021-04-16 09:32:00,1.3043207785258844,-9.403023947275083,11.502932867525281
2021-04-16 09:33:00,1.305297711958779,-9.498916147808437,12.248857819038195
2021-04-16 09:34:00,1.3062738084265901,-9.402344435699126,12.072764055058057
2021-04-16 09:35:00,1.3072496905585824,-9.644119658633926,11.76574407246292
2021-04-16 09:36:00,1.3082260001395252,-9.895480350940147,11.77090537036157
2021-04-16 09:37:00,1.3092033976570798,-9.566477659410308,12.329123266375971
2021-04-16 09:38:00,1.3101825622411893,-9.442895387625187,12.09281389664792
2021-04-16 09:39:00,1.3111641911398042,-8.711071911802282,12.351698773776526
2021-04-16 09:40:00,1.3121489995769595,-9.424952575729938,13.317069706444613
2021-04-16 09:41:00,1.3131377202949506,-9.367419040490734,11.965905708982879
2021-04-16 09:42:00,1.3141311033583096,-8.82308253226077,11.480289848971132
2021-04-16 09:43:00,1.3151299157455503,-9.939980152319242,12.406715765863288
2021-04-16 09:44:00,1.3161349409785148,-9.464125951851674,12.127012928434821
2021-04-16 09:45:00,1.3171469788633616,-9.112942778877828,11.948686041884608
2021-04-16 09:46:00,1.3181668451084798,-9.23933121602738,12.153578032655753
2021-04-16 09:47:00,1.319195370883528,-8.651146661405178,11.74143958593721
2021-04-16 09:48:00,1.3202334025889346,-8.910347425018625,11.835969531724954
2021-04-16 09:49:00,1.3212818013434,-9.353078540700473,11.416517583089728
2021-04-16 09:50:00,1.322341442738744,-8.995274332309595,11.007494603292809
2021-04-16 09:51:00,1.3234132163072445,-8.925733163538885,11.10593324054802
2021-04-16 09:52:00,1.3244980252979441,-8.629776376854945,11.122060433390669
2021-04-16 09:53:00,1.3255967861343605,-9.446833058303827,11.838689786315536
2021-04-16 09:54:00,1.3267104280752193,-10.317375068726125,12.61763017876002
2021-04-16 09:55:00,1.32783989277248,-9.941283329793949,11.961637185152473
2021-04-16 09:56:00,1.328986133913405,-8.847546388575246,12.532966751624114
2021-04-16 09:57:00,1.3301501167898895,-9.82414971906882,11.810378528613581
2021-04-16 09:58:00,1.3313328177545356,-9.086676173085813,12.501329389076478
2021-04-16 09:59:00,1.3325352239729624,-9.433093904680504,11.529521796020646
2021-04-16 10:00:00,1.3337583329009424,-9.293779954351862,11.692144815754425
2021-04-16 10:01:00,1.335003151752551,-9.158738416029667,12.2710502783588
2021-04-16 10:02:00,1.3362706972610114,-8.34071465645617,11.5676554244344
2021-04-16 10:03:00,1.3375619950188007,-10.056012139208738,12.806792291375388
2021-04-16 10:04:00,1.3388780791972916,-9.686807119206222,13.353702362343153
2021-04-16 10:05:00,1.3402199919415845,-9.173399312392757,11.628604816323723
2021-04-16 10:06:00,1.3415887830258062,-8.871139432324062,11.040021922992597
2021-04-16 10:07:00,1.3429855093556866,-9.951228098062787,11.567255099436565
2021-04-16 10:08:00,1.3444112344408137,-8.561882966954284,12.201077867372089
2021-04-16 10:09:00,1.345867027977243,-9.756151296574041,11.39632974299501
2021-04-16 10:10:00,1.3473539654053432,-9.561156809686182,11.631329717387851
2021-04-16 10:11:00,1.348873127336574,-8.69720722534778,11.950166878601738
2021-04-16 10:12:00,1.3504255991481398,-8.699108720858593,11.840254874256656
2021-04-16 10:13:00,1.3520124704653753,-8.669959460842263,11.314168621911369
2021-04-16 10:14:00,1.3536348346911384,-8.790576396582422,12.954626764125967
2021-04-16 10:15:00,1.3552937884864191,-10.054673452363833,11.194601655341962
2021-04-16 10:16:00,1.3569904313462025,-9.233629518850382,11.68812805412928
2021-04-16 10:17:00,1.3587258650442786,-9.120822006140946,11.37263959185531
2021-04-16 10:18:00,1.360501193128112,-9.460847686780722,12.649402041142691
2021-04-16 10:19:00,1.3623175204482232,-9.307132893055632,12.039246693886524
2021-04-16 10:20:00,1.3641759526840413,-9.24259914635927,11.598688790848149
2021-04-16 10:21:00,1.3660775958540023,-9.000760200489392,11.325250723501314
2021-04-16 10:22:00,1.36802355566592,-8.743717065725315,11.798731494083372
2021-04-16 10:23:00,1.3700149372316242,-9.628602902535953,11.546794740619651
2021-04-16 10:24:00,1.3720528444603886,-9.311234398889571,12.17904320233124
2021-04-16 10:25:00,1.374138379448223,-9.609780733512341,11.887179471961597
2021-04-16 10:26:00,1.3762726422013425,-8.844877574719934,11.730154491408058
2021-04-16 10:27:00,1.378456729946557,-8.64922271068311,12.215573446849703
2021-04-16 10:28:00,1.3806917366932885,-8.968694986290325,11.630192205625269
2021-04-16 10:29:00,1.3829787527425381,-9.055523642753558,11.23538510445353
2021-04-16 10:30:00,1.3853188641195413,-9.585395083285915,12.26488655655478
2021-04-16 10:31:00,1.3877131522186692,-9.524880906232356,11.914274055227832
2021-04-16 10:32:00,1.3901626930775803,-9.853889753669149,11.718783209238014
2021-04-16 10:33:00,1.3926685570744788,-9.416902389702685,11.48273542947114
2021-04-16 10:34:00,1.3952318082853865,-10.164911812890985,11.605801828007852
2021-04-16 10:35:00,1.3978535041019866,-8.87189359415762,11.728699079128004
2021-04-16 10:36:00,1.4005346946036492,-9.826692774564576,11.92429637634273
2021-04-16 10:37:00,1.4032764222076661,-8.66584988310898,11.457241934543038
2021-04-16 10:38:00,1.4060797210589981,-8.422649748662428,11.709676651611904
2021-04-16 10:39:00,1.408945616529735,-9.010175226756258,11.086281326346645
2021-04-16 10:40:00,1.4118751248467545,-9.159390085979915,11.750069220800622
2021-04-16 10:41:00,1.4148692524858828,-9.060672216893776,12.082611673962319
2021-04-16 10:42:00,1.4179289956949108,-8.807256209664011,11.945052820506984
2021-04-16 10:43:00,1.4210553400866162,-9.513318200145488,11.983043222341895
2021-04-16 10:44:00,1.4242492600275465,-9.34547870036262,11.712542948264998
2021-04-16 10:45:00,1.4275117183919104,-8.865422162714372,12.172530692151323
2021-04-16 10:46:00,1.4308436656923744,-8.692358237667259,12.327977412538647
2021-04-16 10:47:00,1.4342460400794979,-9.642523906628128,12.39747084037261
2021-04-16 10:48:00,1.437719766494879,-9.172740106769712,11.65941547610637
2021-04-16 10:49:00,1.4412657563603495,-8.480333469378087,11.715889407303633
2021-04-16 10:50:00,1.4448849071316856,-8.654692209774261,12.201413319159817
2021-04-16 10:51:00,1.4485781018103374,-8.719718268982158,12.011325737999272
2021-04-16 10:52:00,1.4523462084825682,-8.598755126342427,11.981550177978228
2021-04-16 10:53:00,1.4561900798410758,-9.573859821211768,12.32770285112871
2021-04-16 10:54:00,1.4601105527898082,-8.599710042594078,12.438410922497475
2021-04-16 10:55:00,1.4641084480293218,-9.54395202548981,11.979624802944695
2021-04-16 10:56:00,1.4681845695022284,-8.134693885163744,12.751404227103166
2021-04-16 10:57:00,1.472339704084027,-9.007592631863853,11.216093271655767
2021-04-16 10:58:00,1.4765746210730937,-9.568896752113028,12.140564454015278
2021-04-16 10:59:00,1.4808900718341986,-9.30984462716428,11.636269449485736
2021-04-16 11:00:00,1.4852867893030375,-9.398979455275123,11.848834432817052
2021-04-16 11:01:00,1.4897654876961832,-8.161115810812921,12.47470735064704
2021-04-16 11:02:00,1.4943268619807495,-9.327574594617245,12.225302576547497
2021-04-16 11:03:00,1.498971587513212,-9.36831601586047,12.305048378258643
2021-04-16 11:04:00,1.5037003197092402,-9.165474354440885,12.16822926282064
2021-04-16 11:05:00,1.5085136935692345,-8.202486725731305,12.468834606270773
2021-04-16 11:06:00,1.5134123233877252,-9.850385454026496,11.78735289383685
2021-04-16 11:07:00,1.518396802223974,-8.749620085105732,12.627046114793332
2021-04-16 11:08:00,1.5234677017282063,-9.462876138476343,12.081220147261188
2021-04-16 11:09:00,1.5286255717070683,-9.065167934528054,11.851016572601665
2021-04-16 11:10:00,1.533870939620765,-8.417933593304268,12.019398812420203
2021-04-16 11:11:00,1.539204310512437,-8.987139210231641,11.634027772558616
2021-04-16 11:12:00,1.5446261664317995,-8.71887390089341,11.836412807603564
2021-04-16 11:13:00,1.5501369662192852,-8.298054643697727,13.001197488412336
2021-04-16 11:14:00,1.5557371451426856,-8.957573754227571,12.08233157045223
2021-04-16 11:15:00,1.561427114571626,-8.601370363297725,13.003048642284181
2021-04-16 11:16:00,1.567207261741685,-9.108063034941924,11.427114611538837
2021-04-16 11:17:00,1.5730779493277929,-8.65299178943857,13.117606934734088
2021-04-16 11:18:00,1.579039515212351,-8.786198903868414,12.830924954957903
2021-04-16 11:19:00,1.585092272280956,-8.48504325299298,12.653512986768263
2021-04-16 11:20:00,1.5912365079103363,-9.393063987789654,11.913363290862593
2021-04-16 11:21:00,1.5974724839701824,-8.84443100968878,11.982918415625273
2021-04-16 11:22:00,1.6038004364428315,-9.064781744922978,12.476406109590283
2021-04-16 11:23:00,1.6102205750175875,-8.321892782421935,12.510763698392141
2021-04-16 11:24:00,1.6167330831306406,-9.035092472786644,12.2540480633612
2021-04-16 11:25:00,1.6233381175540864,-9.516264663985199,13.086882742570538
2021-04-16 11:26:00,1.630035808147753,-9.154645696033487,12.252625489021192
2021-04-16 11:27:00,1.6368262577456627,-8.578659018098492,12.04918829017087
2021-04-16 11:28:00,1.64370954177256,-8.360718772015176,12.5551512277537
2021-04-16 11:29:00,1.6506857082913289,-8.63126308331708,12.830929616163719
2021-04-16 11:30:00,1.65775477765206,-8.475110001161426,13.07563643029673
2021-04-16 11:31:00,1.6649167422031579,-8.921707299730638,11.652857360830643
2021-04-16 11:32:00,1.6721715663673153,-8.44934467321038,11.901157525127706
2021-04-16 11:33:00,1.6795191863468835,-8.446672911343228,12.46348073332835
2021-04-16 11:34:00,1.6869595098384704,-8.668515997414834,12.956506343842333
2021-04-16 11:35:00,1.6944924161675061,-9.471384353183161,12.785551209424986
2021-04-16 11:36:00,1.7021177558928318,-8.563334846745622,12.25066290300581
2021-04-16 11:37:00,1.70983535082381,-8.91525300233328,11.705985662656042
2021-04-16 11:38:00,1.717644993860275,-8.620788125038887,12.42628252704481
2021-04-16 11:39:00,1.7255464488346108,-8.91767851960688,11.683938393470541
2021-04-16 11:40:00,1.7335394505090842,-9.241464879448294,12.215209095543171
2021-04-16 11:41:00,1.7416237044962304,-8.178179775002468,12.511908280547361
2021-04-16 11:42:00,1.7497988869089232,-8.872137680766835,12.989037539895804
2021-04-16 11:43:00,1.7580646447625599,-9.545675909542043,12.731774544432081
2021-04-16 11:44:00,1.7664205953807255,-9.2789061658541,11.827010079850456
2021-04-16 11:45:00,1.7748663268294915,-8.7288011246342,11.613211800737659
2021-04-16 11:46:00,1.7834013975946084,-8.509688203696763,12.803717281661909
2021-04-16 11:47:00,1.792025336557784,-8.281243944949429,12.013319511084001
2021-04-16 11:48:00,1.8007376430772302,-8.487433209190142,12.85860185997978
2021-04-16 11:49:00,1.8095377869761509,-8.419331449046805,12.85910995859724
2021-04-16 11:50:00,1.8184252084112833,-8.362457497877292,12.76476456522074
2021-04-16 11:51:00,1.827399318047349,-9.136156186961474,12.386630731037396
2021-04-16 11:52:00,1.8364594969334747,-8.309947282180788,11.731924098527355
2021-04-16 11:53:00,1.845605096635917,-8.736028320881422,12.629988562712859
2021-04-16 11:54:00,1.8548354392895718,-8.82976900562666,12.583449515575564
2021-04-16 11:55:00,1.8641498174599658,-9.122124672013573,12.502323269003204
2021-04-16 11:56:00,1.87354749444662,-8.84330636740737,11.7597893228044
2021-04-16 11:57:00,1.8830277043243302,-9.046984145083284,12.180532414730257
2021-04-16 11:58:00,1.8925896516842493,-8.516762076446037,12.371657242314953
2021-04-16 11:59:00,1.9022325123004227,-9.097408750584131,12.159571274933707
2021-04-16 12:00:00,1.911955432616654,-8.60369558996708,12.4839587257836
2021-04-16 12:01:00,1.921757530402769,-8.390550321314096,11.443621871030654
2021-04-16 12:02:00,1.931637894515042,-9.023569335897959,13.237320992829506
2021-04-16 12:03:00,1.9415955850936295,-8.31359700466415,12.754806042652925
2021-04-16 12:04:00,1.951629633872645,-9.25528270106931,12.061722382659209
2021-04-16 12:05:00,1.9617390440522149,-7.615614400803386,13.043542527470702
2021-04-16 12:06:00,1.9719227907413275,-8.43939716474608,13.033957114519831
2021-04-16 12:07:00,1.9821798209662052,-8.84626675646259,12.34336254825436
2021-04-16 12:08:00,1.9925090538167303,-9.276510947496785,11.989585263809419
2021-04-16 12:09:00,2.0029093807688385,-9.059379351330913,13.27408969153529
2021-04-16 12:10:00,2.013379665840281,-8.549095969280922,12.831555330831003
2021-04-16 12:11:00,2.0239187456771446,-9.24398365776431,12.399915435761807
2021-04-16 12:12:00,2.0345254299854605,-8.722774364410702,12.872281654105512
2021-04-16 12:13:00,2.0451985015345056,-8.294764391766273,12.74654409094368
2021-04-16 12:14:00,2.055936716572528,-8.701949395068059,12.00245908870704
2021-04-16 12:15:00,2.0667388051284092,-9.090682780461314,12.767094178934865
2021-04-16 12:16:00,2.0776034708701596,-9.2745150729836,12.436700708019124
2021-04-16 12:17:00,2.0885293918330783,-8.784573886947012,12.415637913728167
2021-04-16 12:18:00,2.0995152206356433,-8.47496486947356,12.580318504642259
2021-04-16 12:19:00,2.110559584288209,-8.81408910757845,11.732990370388675
2021-04-16 12:20:00,2.1216610852633044,-9.435399328033975,11.486079665680986
2021-04-16 12:21:00,2.1328183009692787,-8.139712875901623,12.515468868941708
2021-04-16 12:22:00,2.144029784807834,-7.863530335759186,13.294289169237691
2021-04-16 12:23:00,2.1552940660258892,-7.920128378159176,13.289367598207841
2021-04-16 12:24:00,2.1666096501170156,-8.810262122460333,13.070741256182744
2021-04-16 12:25:00,2.17797501932643,-8.021757134697967,13.062011867687238
2021-04-16 12:26:00,2.1893886328923413,-8.092474236162118,12.182521039643987
2021-04-16 12:27:00,2.2008489273084573,-7.600324370506816,13.111257344925924
2021-04-16 12:28:00,2.2123543169249276,-8.263492811668177,13.421330476789526
2021-04-16 12:29:00,2.2239031940432668,-7.94788508323613,12.17021022301567
2021-04-16 12:30:00,2.2354939295454086,-7.92195528039979,13.029318005009108
2021-04-16 12:31:00,2.2471248731763116,-7.988296257322893,12.38349199329186
2021-04-16 12:32:00,2.2587943538368913,-8.354284405773845,13.72197683361711
2021-04-16 12:33:00,2.270500680166831,-8.649872458759356,12.505812239291611
2021-04-16 12:34:00,2.2822421410250135,-7.9716995198747425,12.169303431936317
2021-04-16 12:35:00,2.294017005420132,-9.12373941764773,12.572340107879283
2021-04-16 12:36:00,2.305823523717583,-8.701115388753593,12.771727016142432
2021-04-16 12:37:00,2.317659927221054,-8.958563392755968,12.688484419966512
2021-04-16 12:38:00,2.329524429404491,-8.096133168215516,13.355664727878391
2021-04-16 12:39:00,2.3414152258525514,-7.745639306156009,13.454480041121489
2021-04-16 12:40:00,2.3533304948099705,-8.360971443680622,13.184574902339858
2021-04-16 12:41:00,2.365268397801855,-9.602817472592445,13.265465193210547
2021-04-16 12:42:00,2.377227080007288,-8.12423691826985,13.085183371050643
2021-04-16 12:43:00,2.389204670645808,-7.98867979881312,13.396956246120547
2021-04-16 12:44:00,2.401199283683809,-8.732209337459514,12.190429394743266
2021-04-16 12:45:00,2.4132090180554515,-8.442457400832543,13.525945477876398
2021-04-16 12:46:00,2.425231958416604,-8.66637443940896,13.316474373999615
2021-04-16 12:47:00,2.4372661755344938,-8.046310525851675,13.212194559989692
2021-04-16 12:48:00,2.4493097266800032,-7.933936789822588,12.765458297700086
2021-04-16 12:49:00,2.461360656397055,-8.527322389248397,12.353158957810894
2021-04-16 12:50:00,2.4734169967646826,-8.650337456523305,12.04604307364588
2021-04-16 12:51:00,2.485476768087411,-7.312225893200555,13.311581351819386
2021-04-16 12:52:00,2.497537979548657,-8.030337574443056,13.559174076699755
2021-04-16 12:53:00,2.5095986292489187,-8.649000200805931,13.621570750144985
2021-04-16 12:54:00,2.518599866160884,-8.910058865069237,12.729801863969145
2021-04-16 12:55:00,2.527596507974331,-9.086023565063776,14.233692160856338
2021-04-16 12:56:00,2.536586523765655,-8.411322898029637,12.54994583545127
2021-04-16 12:57:00,2.545567874501552,-7.779177509280164,12.877272907462567
2021-04-16 12:58:00,2.5545385127172464,-7.3161070970530755,13.802249187560786
2021-04-16 12:59:00,2.563496383856926,-7.782521049570131,13.419017030007922
2021-04-16 13:00:00,2.572439426393655,-8.134733734009092,13.098245192394867
2021-04-16 13:01:00,2.5813655724031808,-7.812319586184585,13.995296766056992
2021-04-16 13:02:00,2.590272748387158,-7.5740646743013516,13.569821070665537
2021-04-16 13:03:00,2.5991588756685857,-7.109675817563336,13.36771134357321
2021-04-16 13:04:00,2.6080218709586283,-8.177052277061552,13.67602084475398
2021-04-16 13:05:00,2.616859647100241,-8.099392305036394,12.961261734499159
2021-04-16 13:06:00,2.625670113421844,-7.980485041805127,13.649302042153195
2021-04-16 13:07:00,2.634451176596666,-8.069020391323852,12.499168610099423
2021-04-16 13:08:00,2.643200741066005,-8.277310993599551,13.322349129685396
2021-04-16 13:09:00,2.6519167095722027,-8.053934868366104,13.471609603641088
2021-04-16 13:10:00,2.6605969839460792,-8.065811455577991,12.569308854433254
2021-04-16 13:11:00,2.6692394657451097,-7.043826699983201,14.137971619764183
2021-04-16 13:12:00,2.6778420563808574,-8.063249637702736,13.564378952242924
2021-04-16 13:13:00,2.686402658449476,-7.974847935533664,12.850574845151192
2021-04-16 13:14:00,2.694919175617539,-8.858107694390341,12.948777541385343
2021-04-16 13:15:00,2.7033895138258845,-7.599025060278867,13.471070244559504
2021-04-16 13:16:00,2.7118115815678157,-7.378308294176255,13.398195675057595
2021-04-16 13:17:00,2.720183290448001,-9.165344194234446,13.257752831702737
2021-04-16 13:18:00,2.7285025560622533,-8.97858234935018,13.47005104020826
2021-04-16 13:19:00,2.736767298409489,-8.480259437453972,14.270816371387602
2021-04-16 13:20:00,2.7449754424556576,-7.426455507297168,13.353235246017713
2021-04-16 13:21:00,2.753124919002272,-8.06294913815806,13.657780340683564
2021-04-16 13:22:00,2.7612136649627113,-7.982750832558656,13.19347660802659
2021-04-16 13:23:00,2.7692396242256336,-7.936835064239523,13.725128749876239
2021-04-16 13:24:00,2.777200748224688,-8.16317435204092,13.591250957658167
2021-04-16 13:25:00,2.78509499634531,-7.95694177686153,13.725652722401458
2021-04-16 13:26:00,2.7929203368112225,-8.019936314877384,12.794199325878981
2021-04-16 13:27:00,2.8006747472070557,-7.642799971449118,13.694303251964376
2021-04-16 13:28:00,2.808356214831565,-7.266168872392654,13.680963655315663
2021-04-16 13:29:00,2.8159627377915033,-7.352884142166945,13.676643869056997
2021-04-16 13:30:00,2.823492324992988,-7.765948782805451,13.495604301861404
2021-04-16 13:31:00,2.8309429973810754,-8.309419417214668,13.321940384874544
2021-04-16 13:32:00,2.8383127881653203,-7.065065539249168,13.708039122129826
2021-04-16 13:33:00,2.8455997432106175,-7.773984620918705,13.897344900292868
2021-04-16 13:34:00,2.852801922318805,-7.643137006296942,13.151353569473027
2021-04-16 13:35:00,2.859917398996232,-8.055159835168748,13.317543432865389
2021-04-16 13:36:00,2.8669442617805325,-7.547996876827015,13.596884786794305
2021-04-16 13:37:00,2.873880614311042,-7.964212725628501,14.378010498175884
2021-04-16 13:38:00,2.8807245761236704,-7.3035721684608905,13.701087475376342
2021-04-16 13:39:00,2.8874742831928533,-7.613506900158443,13.445573832183637
2021-04-16 13:40:00,2.8941278885924406,-7.7385863895988685,13.612375773957933
2021-04-16 13:41:00,2.900683562836089,-7.88079238987878,13.75147397581934
2021-04-16 13:42:00,2.907139494772859,-8.065690676840745,14.03414504093936
2021-04-16 13:43:00,2.913493891821505,-7.335379657566091,13.982530858933233
2021-04-16 13:44:00,2.9197449807514153,-7.544862374717361,12.674813314021845
2021-04-16 13:45:00,2.925891008232649,-7.383821140906325,13.949671953441142
2021-04-16 13:46:00,2.9319302411955634,-7.835103859435039,13.550853102743048
2021-04-16 13:47:00,2.9378609675484557,-7.698873830787444,12.851051859091744
2021-04-16 13:48:00,2.9436814968209832,-6.734094466808571,13.414142295518191
2021-04-16 13:49:00,2.9493901602618546,-7.06842253177254,13.468266967034374
2021-04-16 13:50:00,2.9549853119907454,-7.588818945187953,13.700847835253649
2021-04-16 13:51:00,2.960465328867276,-7.454373308360422,13.432694035313487
2021-04-16 13:52:00,2.9658286116202763,-7.31518415752903,13.161620178609098
2021-04-16 13:53:00,2.971073584930032,-7.1724611700959375,14.015398549295071
2021-04-16 13:54:00,2.976198698046252,-8.385741418095728,13.721731066766495
2021-04-16 13:55:00,2.981202425425656,-7.252977409212445,13.014726855698646
2021-04-16 13:56:00,2.9860832671246795,-7.987859590641297,13.56233951291477
2021-04-16 13:57:00,2.9908397491918226,-7.471715491102029,13.73902015111009
2021-04-16 13:58:00,2.9954704243121184,-7.656773994587545,13.689586058859474
2021-04-16 13:59:00,2.9999738722220486,-7.655359374289127,13.661615447160147
2021-04-16 14:00:00,3.0043487001481757,-7.832790684513995,13.36338803378367
2021-04-16 14:01:00,3.008593543288032,-7.862185048640214,12.84339792545815
2021-04-16 14:02:00,3.0127070652943866,-7.219539554860084,14.026328237649091
2021-04-16 14:03:00,3.016687958626424,-8.414641300996154,14.335206605381979
2021-04-16 14:04:00,3.020534945202356,-7.473286000785179,13.49441604117233
2021-04-16 14:05:00,3.0242467764516583,-8.027604268456038,13.134370555872792
2021-04-16 14:06:00,3.0278222342199297,-7.083547444714352,13.521623994047108
2021-04-16 14:07:00,3.0312601307075755,-6.922538223586316,14.02850778626669
2021-04-16 14:08:00,3.0345593092199534,-7.74715719908864,13.383521357608306
2021-04-16 14:09:00,3.0377186444688777,-7.105455655113787,13.80357011960214
2021-04-16 14:10:00,3.040737042817772,-7.761534651373785,13.590894033324778
2021-04-16 14:11:00,3.043613442914328,-7.510773322959223,12.91322791641011
2021-04-16 14:12:00,3.046346815828047,-6.955392870611519,13.953252234340468
2021-04-16 14:13:00,3.048936165588685,-7.3383727445147136,14.187538357514113
2021-04-16 14:14:00,3.051380529427947,-7.327654724796495,13.401128791190443
2021-04-16 14:15:00,3.0536789781297746,-8.117251706759069,13.595601287549645
2021-04-16 14:16:00,3.0558306165017655,-7.959567688443866,13.958094110647076
2021-04-16 14:17:00,3.057834583522241,-8.252652011099217,13.374894590498604
2021-04-16 14:18:00,3.05969005271528,-7.8380293365884475,13.639939890131998
2021-04-16 14:19:00,3.0613962325810657,-7.488297428528576,12.9014610060423
2021-04-16 14:20:00,3.0629523666646365,-8.630200420599603,12.888813082167436
2021-04-16 14:21:00,3.0643577340901635,-6.658397567443942,14.198128743816842
2021-04-16 14:22:00,3.0656116496141275,-7.894425684283134,13.691361497095707
2021-04-16 14:23:00,3.0667134640888687,-7.5506209569209215,14.43321625898273
2021-04-16 14:24:00,3.0676625645366458,-7.503162614263486,14.4089069162115
2021-04-16 14:25:00,3.068458374603233,-7.28431463623382,14.052413440931968
2021-04-16 14:26:00,3.069100354552525,-7.123389231204684,13.37151641183363
2021-04-16 14:27:00,3.0695880017814052,-7.534948451643617,14.217223476608568
2021-04-16 14:28:00,3.069920850675229,-7.1437290380246345,13.91938778315941
2021-04-16 14:29:00,3.0700984731878376,-7.621804905740964,13.63392919854961
2021-04-16 14:30:00,3.0701204788329894,-7.4350693976624305,13.727689993412564
2021-04-16 14:31:00,3.069986514851922,-8.028259597879355,13.532284260315384
2021-04-16 14:32:00,3.0696962664378873,-7.712547112249895,13.033775314921469
2021-04-16 14:33:00,3.0692494569743767,-7.7648351666950575,13.845828205947509
2021-04-16 14:34:00,3.0686458480128547,-7.715663300057047,14.38683911641292
2021-04-16 14:35:00,3.0678852396088954,-7.714903957681207,13.493221881357732
2021-04-16 14:36:00,3.0669674702616136,-8.02971684815051,13.379266742972098
2021-04-16 14:37:00,3.0658924172226865,-6.88880602893358,13.689269516178493
2021-04-16 14:38:00,3.0646599964286017,-7.212963932352625,13.310129789129736
2021-04-16 14:39:00,3.0632701626894723,-7.408259857034901,13.931867014299469
2021-04-16 14:40:00,3.061722909806356,-7.362993649539671,12.691745392369459
2021-04-16 14:41:00,3.0600182706021486,-7.8471858658370595,13.455616605498989
2021-04-16 14:42:00,3.058156316884677,-7.9497883689013475,13.649643374924507
2021-04-16 14:43:00,3.0561371597040266,-7.97497559758339,12.743876583734771
2021-04-16 14:44:00,3.0539609492331117,-8.103240725727682,14.256328503656924
2021-04-16 14:45:00,3.0516278748814623,-6.213488890875223,14.45732258323383
2021-04-16 14:46:00,3.0491381652013345,-7.807819637489088,14.306142541147695
2021-04-16 14:47:00,3.046492088088544,-6.767895334962475,13.546767345257749
2021-04-16 14:48:00,3.043689950531247,-7.277250717733924,13.068523130155636
2021-04-16 14:49:00,3.040732098816738,-7.544112585549422,13.763092125501196
2021-04-16 14:50:00,3.0376189183320106,-7.25357792308733,13.787172157596382
2021-04-16 14:51:00,3.0343508336546225,-8.146764359825882,13.017945493743758
2021-04-16 14:52:00,3.0309283084064997,-7.150446795636662,13.894080999027517
2021-04-16 14:53:00,3.027351845191817,-6.598544296972973,13.885297788641347
2021-04-16 14:54:00,3.023621985625186,-7.440088664147999,14.207121600620919
2021-04-16 14:55:00,3.01973931013474,-7.247347657476234,12.973285312899101
2021-04-16 14:56:00,3.0157044378785764,-7.3434535179984355,13.072535328857379
2021-04-16 14:57:00,3.0115180266748554,-7.025218883788328,13.51171561202081
2021-04-16 14:58:00,3.0071807729003304,-6.928946840410364,14.724453993982795
2021-04-16 14:59:00,3.0026934112499215,-7.215135784398679,13.67247996713228
2021-04-16 15:00:00,2.998056714721055,-7.011457433722671,12.917844407582415
2021-04-16 15:01:00,2.9932714944085563,-7.371225254419267,14.004183934149074
2021-04-16 15:02:00,2.9883385992037055,-7.000591672140797,13.23629664368708
2021-04-16 15:03:00,2.983258915896931,-8.513844271008608,13.708183624231662
2021-04-16 15:04:00,2.9780333687045957,-7.351459652610215,12.797206615990756
2021-04-16 15:05:00,2.9726629192962046,-7.4675460436412235,13.767647920431886
2021-04-16 15:06:00,2.9671485664003456,-7.393349575592936,13.595802279433826
2021-04-16 15:07:00,2.9614913456298613,-7.218809524360778,13.500911313878627
2021-04-16 15:08:00,2.955692329402398,-6.771316746168154,14.154085987564162
2021-04-16 15:09:00,2.9497526264409566,-8.26077162056623,14.023644448957413
2021-04-16 15:10:00,2.9436733816384617,-7.463929087873734,13.54738492902268
2021-04-16 15:11:00,2.937455775916074,-7.54446919587782,13.200886999080652
2021-04-16 15:12:00,2.931101025671738,-8.102116093855962,13.741314437339677
2021-04-16 15:13:00,2.9246103827168684,-7.743140902441831,13.641350731862392
2021-04-16 15:14:00,2.9179851338775302,-7.86593853683033,12.915433852893937
2021-04-16 15:15:00,2.9112266006967684,-7.616481423957389,13.288263638591317
2021-04-16 15:16:00,2.90433613913575,-7.443360147905898,13.759108391921655
2021-04-16 15:17:00,2.8973151391781613,-7.482407411736014,13.013768520088439
2021-04-16 15:18:00,2.890165024499664,-7.604565792881538,13.586474469963264
2021-04-16 15:19:00,2.8828872522837083,-7.510719152311057,13.073900097245021
2021-04-16 15:20:00,2.875483312524732,-8.276658721706285,12.77722868672865
2021-04-16 15:21:00,2.867954728040075,-7.700663673393042,13.255671445963781
2021-04-16 15:22:00,2.8603030537369465,-7.358764265159621,13.859474626099948
2021-04-16 15:23:00,2.8525298764019444,-7.812442597116241,13.67651375192753
2021-04-16 15:24:00,2.844636814315655,-7.856537875711423,13.053919098407608
2021-04-16 15:25:00,2.8366255167731875,-7.279075753322699,13.89423558591719
2021-04-16 15:26:00,2.8284976636136716,-7.683060772390428,14.465103336763661
2021-04-16 15:27:00,2.820254964924777,-8.047921916226487,12.565445289560309
2021-04-16 15:28:00,2.8118991604764756,-7.896937208082572,12.73165872189695
2021-04-16 15:29:00,2.8034320193423534,-8.205817902192809,13.054120834247689
2021-04-16 15:30:00,2.7948553394062814,-7.88389877489254,13.346653052189202
2021-04-16 15:31:00,2.786170946820063,-8.194685151300435,13.360567774998781
2021-04-16 15:32:00,2.7773806957529574,-8.106166658692464,14.04948938895386
2021-04-16 15:33:00,2.768486467623764,-8.218225956693871,12.668555254233604
2021-04-16 15:34:00,2.7594901706874166,-8.193498950482285,13.97014511540471
2021-04-16 15:35:00,2.7503937397793248,-7.650883930287275,12.758638164500555
2021-04-16 15:36:00,2.7411991353414025,-7.522493255097051,13.282568222853973
2021-04-16 15:37:00,2.7319083433717464,-8.328315056867275,13.802711350708043
2021-04-16 15:38:00,2.7225233744892896,-8.149478933828037,14.167550925140631
2021-04-16 15:39:00,2.713046263644416,-7.896477163855427,14.026253292799225
2021-04-16 15:40:00,2.7034790696504403,-7.8980863163311845,13.412432144112097
2021-04-16 15:41:00,2.693823874223273,-8.084077110077125,12.864811180433344
2021-04-16 15:42:00,2.684082781844686,-7.3968975682370175,13.57489884265355
2021-04-16 15:43:00,2.674257919029309,-8.006617736261369,12.703082326971224
2021-04-16 15:44:00,2.6643514336900687,-7.889699960881548,12.909794983042195
2021-04-16 15:45:00,2.6543654946755977,-7.622944794537298,13.25038518733612
2021-04-16 15:46:00,2.644302291086149,-8.42121575914635,13.016547934912634
2021-04-16 15:47:00,2.6341640316649952,-7.809365613836541,13.06984213664741
2021-04-16 15:48:00,2.623952944332829,-7.977234897719594,12.89662729970618
2021-04-16 15:49:00,2.6136712754009923,-8.193762035385868,13.119724673725031
2021-04-16 15:50:00,2.6033212891220474,-8.320820932101281,13.29220662500498
2021-04-16 15:51:00,2.5929052668918655,-8.1384482230462,12.462901501495065
2021-04-16 15:52:00,2.582425506751273,-8.203050176888672,14.155391740011376
2021-04-16 15:53:00,2.5718843227598467,-7.605881454536567,13.070988359855894
2021-04-16 15:54:00,2.5612840442981333,-8.441492909669781,13.28999112622293
2021-04-16 15:55:00,2.550627015261168,-9.102553491373927,13.067604946008524
2021-04-16 15:56:00,2.5399155939511004,-7.7211260575842875,12.522198450061612
2021-04-16 15:57:00,2.529152151637514,-8.45933971173542,12.347069377372101
2021-04-16 15:58:00,2.5183390727039434,-7.839706408636526,13.08914164912053
2021-04-16 15:59:00,2.507478753296863,-7.450243777682308,13.05128974204206
2021-04-16 16:00:00,2.4965736010853266,-8.9205087574975,13.176147125923055
2021-04-16 16:01:00,2.48562603450618,-9.098007578563795,13.442309589425832
2021-04-16 16:02:00,2.4746384819469154,-8.135736072115126,12.986166209958006
2021-04-16 16:03:00,2.463613381189165,-7.996570485367937,12.876015528269242
2021-04-16 16:04:00,2.452553178767147,-8.318570676145859,12.265800358331127
2021-04-16 16:05:00,2.4414603290818384,-8.3490299897697,13.707243484601861
2021-04-16 16:06:00,2.4303372939953474,-8.309957428045987,12.430542253679628
2021-04-16 16:07:00,2.4191865418515297,-8.253417972699506,13.463439526988513
2021-04-16 16:08:00,2.4080105469422213,-8.280609384170818,13.408666317554227
2021-04-16 16:09:00,2.3968117888450946,-7.584292549980604,12.935683791607907
2021-04-16 16:10:00,2.3855927516184043,-8.01234801093507,12.833645054347953
2021-04-16 16:11:00,2.374355922982487,-8.348625848207774,13.333875838163708
2021-04-16 16:12:00,2.3631037940944264,-7.756157950021764,13.414959339978266
2021-04-16 16:13:00,2.3518388581401033,-8.068447681070845,12.820349950941576
2021-04-16 16:14:00,2.340563610366698,-7.889672205230576,12.906273826894925
2021-04-16 16:15:00,2.329280546702314,-7.817355048083627,13.574690567636065
2021-04-16 16:16:00,2.3179921634301643,-7.640853495143376,13.30346803734728
2021-04-16 16:17:00,2.306700956590686,-9.104922776292945,12.341625094644924
2021-04-16 16:18:00,2.2954094207953837,-7.935781075270919,13.113213460805422
2021-04-16 16:19:00,2.284120048905082,-8.817882964023896,12.931342335740133
2021-04-16 16:20:00,2.272835331283715,-6.715723994707361,13.014862048319015
2021-04-16 16:21:00,2.2615577548655494,-8.48645758087322,12.552891807524551
2021-04-16 16:22:00,2.250289802711264,-8.528957202668314,13.22555337840342
2021-04-16 16:23:00,2.2390339530758125,-7.476435859320538,12.581312071668577
2021-04-16 16:24:00,2.2277926787854905,-8.29104671024963,12.205590164905574
2021-04-16 16:25:00,2.2165684466175906,-8.066096459692892,12.25375664486412
2021-04-16 16:26:00,2.2053637164063944,-8.417635300324294,12.025943964922185
2021-04-16 16:27:00,2.194180940432031,-8.498827142114887,13.00475164829519
2021-04-16 16:28:00,2.183022490659112,-8.904660203883369,12.980918979051282
2021-04-16 16:29:00,2.1718908742326968,-8.876378429386039,12.680002065295021
2021-04-16 16:30:00,2.160788516607358,-8.004715866516014,13.019113189650525
2021-04-16 16:31:00,2.1497178327955084,-7.467360707719488,13.310890571770763
2021-04-16 16:32:00,2.1386812266093402,-7.861258575209335,12.920097691166673
2021-04-16 16:33:00,2.127681090388541,-8.471384976252722,12.726993069461846
2021-04-16 16:34:00,2.1167198036367307,-7.597631280300338,13.72063140114988
2021-04-16 16:35:00,2.1057997330555636,-9.305936606034914,13.202518761685432
2021-04-16 16:36:00,2.0949232311980266,-8.423490959994817,12.836188040801789
2021-04-16 16:37:00,2.084092636192719,-8.13059267046197,12.90971430896317
2021-04-16 16:38:00,2.0733102710145204,-8.96724461726307,12.163880085368843
2021-04-16 16:39:00,2.0625784426426668,-8.367511469918261,12.843429720767805
2021-04-16 16:40:00,2.0518994414962,-8.655387365373103,12.147976254694285
2021-04-16 16:41:00,2.0412755408235377,-8.766120063304363,11.889710029130788
2021-04-16 16:42:00,2.0307089958614144,-8.077892119725599,12.092249164188239
2021-04-16 16:43:00,2.0202020433895473,-7.7202647243203915,13.721822375407202
2021-04-16 16:44:00,2.0097569008641463,-8.397704002782483,13.13303928206686
2021-04-16 16:45:00,1.9993757658770304,-8.345410543243016,12.758882239766333
2021-04-16 16:46:00,1.9890608155770058,-8.52665643467723,12.300271940302382
2021-04-16 16:47:00,1.9788142058814817,-8.512529858460123,13.440900399270179
2021-04-16 16:48:00,1.9686380708012223,-7.908297658736576,13.228164085153228
2021-04-16 16:49:00,1.9585345221870947,-8.571635046617397,12.829092233086497
2021-04-16 16:50:00,1.948505648525301,-8.70328237224592,13.05745374893741
2021-04-16 16:51:00,1.9385535149140447,-8.188279532005605,12.79505153883827
2021-04-16 16:52:00,1.9286801619402019,-8.18197037053008,13.620699021079332
2021-04-16 16:53:00,1.9188876053733628,-8.833913694855303,12.338387565367883
2021-04-16 16:54:00,1.9091778355714302,-8.168286199435324,12.058952827873576
2021-04-16 16:55:00,1.899552816707101,-7.518941411320626,12.604967828724096
2021-04-16 16:56:00,1.8900144863128372,-8.910042739645618,11.88991763817876
2021-04-16 16:57:00,1.8805647547490525,-7.293896070421244,12.466734012213916
2021-04-16 16:58:00,1.8712055044442837,-8.831698203185706,12.471556184911366
2021-04-16 16:59:00,1.8619385895691458,-8.537423526737802,11.993588380454801
2021-04-16 17:00:00,1.8527658352980994,-9.20650677031995,12.876901956745794
2021-04-16 17:01:00,1.8436890373008317,-8.902665798987961,13.070094832287934
2021-04-16 17:02:00,1.834709961335677,-8.77820380015533,12.335287048371825
2021-04-16 17:03:00,1.8258303425302476,-7.402964131776513,12.056224078458492
2021-04-16 17:04:00,1.8170518849078858,-9.522483251407026,11.388361854520628
2021-04-16 17:05:00,1.8083762610488627,-8.114376342421968,13.45101022860314
2021-04-16 17:06:00,1.7998051113207916,-8.273315685624354,12.701849787363289
2021-04-16 17:07:00,1.791340043609417,-9.140490541431731,12.355999279356505
2021-04-16 17:08:00,1.7829826326693128,-8.465454012812812,12.481652269700945
2021-04-16 17:09:00,1.774734419625214,-8.381412291903953,12.58092767016237
2021-04-16 17:10:00,1.7665969118444473,-9.357202281709332,12.514615344452418
2021-04-16 17:11:00,1.7585715819685899,-8.819129448652188,11.778122337948096
2021-04-16 17:12:00,1.7506598678027119,-8.802079560852146,12.500390407984764
2021-04-16 17:13:00,1.7428631718510132,-10.047184381055938,12.708525947375202
2021-04-16 17:14:00,1.7351828607649993,-8.782323964812711,10.997317826421009
2021-04-16 17:15:00,1.7276202650099013,-7.968006855405488,12.140424388628052
2021-04-16 17:16:00,1.7201766784444217,-8.63793380918224,12.108286945152866
2021-04-16 17:17:00,1.7128533578565215,-8.490192973867115,12.390183672676764
2021-04-16 17:18:00,1.7056515227333093,-8.826899598754137,12.04332232327472
2021-04-16 17:19:00,1.6985723546657447,-9.360434476493024,12.22195065921679
2021-04-16 17:20:00,1.691616997198007,-8.690055916197062,12.548949726538188
2021-04-16 17:21:00,1.6847865553330488,-8.138743192140584,13.23817657075997
2021-04-16 17:22:00,1.6780820951806776,-9.486472112676305,12.500936848340737
2021-04-16 17:23:00,1.6715046437533247,-8.740681346213533,12.077067356874057
2021-04-16 17:24:00,1.6650551885361866,-9.286296808944073,12.828615167213377
2021-04-16 17:25:00,1.6587346771090918,-9.00586650053639,12.305170713751448
2021-04-16 17:26:00,1.6525440171097676,-10.175743606741602,11.874460017427095
2021-04-16 17:27:00,1.646484075583238,-8.760668911494138,11.967797541313614
2021-04-16 17:28:00,1.6405556790807614,-8.773003338365726,11.335586154690077
2021-04-16 17:29:00,1.6347596130453979,-8.37088564549011,12.347178178335325
2021-04-16 17:30:00,1.6290966218147063,-9.243436206172557,12.410282864993375
2021-04-16 17:31:00,1.6235674083027463,-9.029090388472754,11.862755386636737
2021-04-16 17:32:00,1.618172633694731,-9.325796282824026,11.82571849967059
2021-04-16 17:33:00,1.6129129172914523,-8.623136413833635,12.697287385664122
2021-04-16 17:34:00,1.6077888363595092,-8.77804505312404,11.927507817426827
2021-04-16 17:35:00,1.602800925858133,-8.786718096204355,12.785625050909566
2021-04-16 17:36:00,1.59794967824573,-9.623942599713285,12.755976340258862
2021-04-16 17:37:00,1.5932355433894427,-8.431304133052047,11.80161180924418
2021-04-16 17:38:00,1.58865892836994,-8.536034614752623,11.70427014160441
2021-04-16 17:39:00,1.5842201972854884,-9.004827486257595,12.5132899256464
2021-04-16 17:40:00,1.5799196712417394,-9.681899108380373,11.596500330635006
2021-04-16 17:41:00,1.5757576280716121,-8.460287175860113,12.621440863862913
2021-04-16 17:42:00,1.5717343024245811,-8.757801894151022,11.602124278866624
2021-04-16 17:43:00,1.567849885460161,-8.39969275676183,12.110834815951328
2021-04-16 17:44:00,1.5641045249546845,-9.228185651715574,12.40646800028763
2021-04-16 17:45:00,1.5604983251438767,-8.778521534657214,11.328898293584302
2021-04-16 17:46:00,1.557031346615787,-9.298825946331707,12.311332396471125
2021-04-16 17:47:00,1.553703606413146,-9.116184795569987,11.754791118851584
2021-04-16 17:48:00,1.550515077835955,-8.638026074508074,12.341281562128234
2021-04-16 17:49:00,1.5474656905959665,-8.313099228027292,11.985894120318521
2021-04-16 17:50:00,1.5445553306310533,-9.527027627408653,12.411247476959753
2021-04-16 17:51:00,1.5417838402827284,-8.43391351373809,12.485216979811987
2021-04-16 17:52:00,1.5391510182331227,-9.760896261873365,12.143501091768226
2021-04-16 17:53:00,1.5366566194890676,-8.791016617897691,11.687187397263907
2021-04-16 17:54:00,1.534300355559686,-8.507063380442391,12.246846646669757
2021-04-16 17:55:00,1.5320818944337828,-7.943191916179509,13.096063605427137
2021-04-16 17:56:00,1.5300008606320725,-9.259527530206405,12.11541981355167
2021-04-16 17:57:00,1.528056835328014,-8.158367319278371,12.110715973463964
2021-04-16 17:58:00,1.5262493564743542,-8.8539933390898,12.165066732431095
2021-04-16 17:59:00,1.5245779189104383,-8.98411533615444,11.717370198951187
2021-04-16 18:00:00,1.5230419743640813,-9.05397924885801,12.878484494301896
2021-04-16 18:01:00,1.5216409317940185,-9.088970210349274,12.219320982930691
2021-04-16 18:02:00,1.5203741573703302,-8.398136876774366,11.876246057052544
2021-04-16 18:03:00,1.5192409747134334,-9.041302892101381,12.540543903796923
2021-04-16 18:04:00,1.5182406650355456,-9.22834549814832,12.612673858866083
2021-04-16 18:05:00,1.5173724674113005,-8.675286917962765,12.511275195498033
2021-04-16 18:06:00,1.5166355788613795,-9.219549778247067,11.701711278795274
2021-04-16 18:07:00,1.5160291546075673,-9.081154042274763,12.299431221844303
2021-04-16 18:08:00,1.5155523083371638,-8.635800499592996,12.130540378154496
2021-04-16 18:09:00,1.5152041124462707,-8.989795374340122,12.251235006501107
2021-04-16 18:10:00,1.514983598185341,-9.037952052197387,12.00948361059779
2021-04-16 18:11:00,1.5148897560588084,-9.407021171621087,12.121599137776549
2021-04-16 18:12:00,1.5149215359848907,-9.467332554085178,12.103068209621213
2021-04-16 18:13:00,1.515077847684514,-9.772251100000332,12.641176675418937
2021-04-16 18:14:00,1.5153575608680716,-9.674193688570668,11.922132904642334
2021-04-16 18:15:00,1.5157595056869393,-8.767141473712924,12.143421671991678
2021-04-16 18:16:00,1.516282472937147,-8.956221844263654,12.099876352402243
2021-04-16 18:17:00,1.5169252144131553,-8.70490561279001,11.524759053491888
2021-04-16 18:18:00,1.5176864433153252,-8.904981651295545,11.915998885437073
2021-04-16 18:19:00,1.5185648345725453,-9.803268410112699,11.786795332877409
2021-04-16 18:20:00,1.5195590252201048,-8.121755831962894,11.604975363479287
2021-04-16 18:21:00,1.5206676147104952,-9.742238277586551,12.369166495660938
2021-04-16 18:22:00,1.521889165429553,-8.917253126068744,11.642176937392616
2021-04-16 18:23:00,1.5232222030983857,-9.156656794805574,11.774339098864134
2021-04-16 18:24:00,1.5246652169237278,-9.55585799055832,12.229391762899231
2021-04-16 18:25:00,1.5262166604940184,-9.193923595861056,11.711708144153482
2021-04-16 18:26:00,1.5278749517852857,-8.846877845572036,11.73880055108555
2021-04-16 18:27:00,1.529638473847332,-8.943918929122233,12.492201334598384
2021-04-16 18:28:00,1.5315055751687432,-8.964976752138972,11.71276998828525
2021-04-16 18:29:00,1.533474570177901,-9.11834625763332,11.987826648256254
2021-04-16 18:30:00,1.535543739779064,-8.803426226092235,12.758809347139382
2021-04-16 18:31:00,1.5377113317096902,-9.240652162976081,12.265140039235378
2021-04-16 18:32:00,1.5399755611351313,-8.220270028440764,11.433303500604696
2021-04-16 18:33:00,1.542334611203002,-9.206603533270425,11.94408409539698
2021-04-16 18:34:00,1.5447866334277414,-8.700747257262522,12.540158954748032
2021-04-16 18:35:00,1.547329748338115,-8.753318481669432,12.541005078430558
2021-04-16 18:36:00,1.5499620459592154,-7.751078268023128,11.77942449123247
2021-04-16 18:37:00,1.5526815863983874,-8.505206210243058,12.474513080212184
2021-04-16 18:38:00,1.5554864003267077,-9.290053561219466,11.99441770093528
2021-04-16 18:39:00,1.5583744897763787,-9.12303807529605,11.997680382652105
2021-04-16 18:40:00,1.5613438283255718,-8.620541971088057,12.067990245165978
2021-04-16 18:41:00,1.5643923620836906,-8.97266553063362,11.72719738517245
2021-04-16 18:42:00,1.5675180100234922,-8.002957623587438,12.924984918250743
2021-04-16 18:43:00,1.5707186646782074,-9.41520235952551,11.889575841364953
2021-04-16 18:44:00,1.5739921928430203,-8.702150132960696,12.290490788279525
2021-04-16 18:45:00,1.5773364359313558,-9.060111540088439,12.167119850222042
2021-04-16 18:46:00,1.5807492109216363,-9.11110440061707,12.127269569992471
2021-04-16 18:47:00,1.5842283108465869,-9.101999894303717,12.706255010941266
2021-04-16 18:48:00,1.587771505287621,-8.418849745735209,12.573516746972935
2021-04-16 18:49:00,1.5913765413488787,-8.140628467208185,12.087504366312652
2021-04-16 18:50:00,1.5950411440433865,-9.05090001764396,11.922892904721833
2021-04-16 18:51:00,1.598763017081744,-8.556031205422318,12.33238111008
2021-04-16 18:52:00,1.6025398435219467,-8.98867649162096,12.5840571803664
2021-04-16 18:53:00,1.6063692864218304,-7.865402255343154,12.535421341199031
2021-04-16 18:54:00,1.610248989600797,-9.202081601834722,12.385647547928226
2021-04-16 18:55:00,1.6141765783116189,-8.35663360902391,11.868547858873692
2021-04-16 18:56:00,1.6181496597517253,-8.58607893002467,11.99965338626673
2021-04-16 18:57:00,1.6221658241366648,-9.234201664895933,12.405488881724592
2021-04-16 18:58:00,1.6262226449868888,-8.508090447994642,12.42968833797389
2021-04-16 18:59:00,1.6303176802183863,-8.758636059397086,12.400907210880737
2021-04-16 19:00:00,1.634448472670873,-8.542982004550733,12.529859770176445
2021-04-16 19:01:00,1.6386125508116858,-9.192534816610209,12.697223999092538
2021-04-16 19:02:00,1.6428074295273856,-8.42818566552594,12.734537636337201
2021-04-16 19:03:00,1.6470306109242991,-9.189771353258344,12.320886119787607
2021-04-16 19:04:00,1.6512795849173947,-8.966876931931202,11.706800942572176
2021-04-16 19:05:00,1.6555518300904155,-9.01939818425045,11.759842490543749
2021-04-16 19:06:00,1.6598448143965503,-8.946857316389194,11.770089400103762
2021-04-16 19:07:00,1.6641559959105217,-9.271948154173153,12.37438240321872
2021-04-16 19:08:00,1.6684828236903424,-9.112794362720207,12.147261092625348
2021-04-16 19:09:00,1.6728227382738083,-8.630578527503452,12.392709980845593
2021-04-16 19:10:00,1.67717317276079,-8.960117163287713,12.097663903846499
2021-04-16 19:11:00,1.681531553430425,-9.212993500837705,11.78100925425366
2021-04-16 19:12:00,1.685895300364251,-9.092196004946564,12.317446607024458
2021-04-16 19:13:00,1.6902618285369495,-7.863383260795299,12.302080756789168
2021-04-16 19:14:00,1.694628548310325,-8.566302249019891,11.929171657924206
2021-04-16 19:15:00,1.698992866325208,-9.026109590185714,12.626277158500313
2021-04-16 19:16:00,1.7033521863756365,-9.510950630645665,11.652607680110012
2021-04-16 19:17:00,1.707703909861966,-8.540869818792599,12.14533641936208
2021-04-16 19:18:00,1.712045437054242,-8.837126483967795,12.68436513505354
2021-04-16 19:19:00,1.7163741674435582,-9.18653098428311,12.251504461437365
2021-04-16 19:20:00,1.7206875007249438,-9.540480756060136,12.765361960241522
2021-04-16 19:21:00,1.7249828375707728,-8.828594210429065,13.027268347881778
2021-04-16 19:22:00,1.7292575803719061,-8.993472598039679,12.40142431205338
2021-04-16 19:23:00,1.7335091340405313,-9.128438958341956,11.913927294328467
2021-04-16 19:24:00,1.7377349068582242,-9.015945341640128,12.576857535567088
2021-04-16 19:25:00,1.7419323111231295,-9.142180506793053,11.92341779405198
2021-04-16 19:26:00,1.7460987640292587,-7.866183229726549,11.988839936422632
2021-04-16 19:27:00,1.7502316884897982,-8.987919419170685,12.504360362693475
2021-04-16 19:28:00,1.7543285137859435,-8.866965929372709,12.306921182234069
2021-04-16 19:29:00,1.7583866764673663,-8.467724518724504,12.618873870329534
2021-04-16 19:30:00,1.7624036210651597,-9.43824995862935,12.572487055909441
2021-04-16 19:31:00,1.766376800870504,-9.306833483560135,12.882516583989451
2021-04-16 19:32:00,1.7703036789040492,-8.814912937490352,11.957109545766608
2021-04-16 19:33:00,1.774181728210236,-8.663981375937151,12.845807610670022
2021-04-16 19:34:00,1.778008433282332,-9.296352157618081,12.514369482997425
2021-04-16 19:35:00,1.7817812902075822,-8.147633516750263,12.659584418256292
2021-04-16 19:36:00,1.785497807920251,-8.999729558876778,13.061922858541754
2021-04-16 19:37:00,1.7891555086719775,-8.447288006930927,12.655982518653374
2021-04-16 19:38:00,1.7927519288756344,-8.062771760113291,12.285735621235132
2021-04-16 19:39:00,1.79628461994231,-8.934217826403557,12.59196825689786
2021-04-16 19:40:00,1.7997511489193387,-9.022258369547714,12.735407972923543
2021-04-16 19:41:00,1.8031490992729486,-9.491321700423503,11.864322734279241
2021-04-16 19:42:00,1.8064760717385662,-9.112302449058944,12.738149420686703
2021-04-16 19:43:00,1.8097296848457027,-8.99179635640706,11.962752912865948
2021-04-16 19:44:00,1.8129075759123772,-8.302539194334534,12.739854494274468
2021-04-16 19:45:00,1.8160074015932732,-9.825769792593134,12.826081555382583
2021-04-16 19:46:00,1.8190268386662538,-9.395258449130832,11.682278347102452
2021-04-16 19:47:00,1.8219635847432434,-8.981356291096516,12.23331546608383
2021-04-16 19:48:00,1.8248153591229617,-8.06523487418453,12.856067983205989
2021-04-16 19:49:00,1.827579903208229,-8.24509195976279,12.867574133155228
2021-04-16 19:50:00,1.8302549815039464,-8.48570165614127,12.055346759386648
2021-04-16 19:51:00,1.8328383821483472,-8.905361273899164,12.922531599240084
2021-04-16 19:52:00,1.8353279176996518,-8.394463811543819,12.1280758212474
2021-04-16 19:53:00,1.8377214258192653,-8.016154561166859,12.165712306800673
2021-04-16 19:54:00,1.8400167697958099,-8.3337660397009,12.508036621394625
2021-04-16 19:55:00,1.8422118394722427,-8.305544648163025,12.914398101935308
2021-04-16 19:56:00,1.8443045517636665,-8.734334122764881,12.121471348103128
2021-04-16 19:57:00,1.8462928512657413,-7.832012073812267,13.296463086348561
2021-04-16 19:58:00,1.8481747110824385,-9.058484793979742,11.910905545936465
2021-04-16 19:59:00,1.849948133310797,-8.338205877355565,12.422870124162218
2021-04-16 20:00:00,1.851611149768083,-8.609400942405083,13.02528824370669
2021-04-16 20:01:00,1.8531618225960247,-8.626904847935998,12.716811226946266
2021-04-16 20:02:00,1.8545982448612142,-8.90025220896536,11.237120554416018
2021-04-16 20:03:00,1.85591854978467,-9.175836479546115,12.428536136834902
2021-04-16 20:04:00,1.8571208856196892,-8.419457909398576,12.974210078351359
2021-04-16 20:05:00,1.8582034419243187,-8.670129389411299,12.90548874091873
2021-04-16 20:06:00,1.8591644416551218,-8.807874375097139,12.920189134444483
2021-04-16 20:07:00,1.8600021416260646,-8.215129714673221,12.971987940135033
2021-04-16 20:08:00,1.8607148332056962,-9.19894185831304,12.07532183441002
2021-04-16 20:09:00,1.8613008428302686,-8.495034748864315,12.63456608740243
2021-04-16 20:10:00,1.861758532471547,-8.596111899528198,13.279265494556407
2021-04-16 20:11:00,1.862086300324064,-8.532145011548169,12.642538703295584
2021-04-16 20:12:00,1.8622825812411408,-8.696615491884778,12.14473917793537
2021-04-16 20:13:00,1.8623458472598802,-7.6424569348389575,12.609739251723896
2021-04-16 20:14:00,1.8622746081449024,-8.348536738040579,12.86688376305857
2021-04-16 20:15:00,1.8620674118632192,-8.519574912234592,12.94408334042859
2021-04-16 20:16:00,1.8617228450846093,-8.264079307368613,12.31539547270587
2021-04-16 20:17:00,1.8612395336760978,-8.496435336069721,12.331136476566568
2021-04-16 20:18:00,1.8606161431165948,-9.084946739430993,11.206286900199789
2021-04-16 20:19:00,1.859851379025865,-8.07698047951808,12.2457351196899
2021-04-16 20:20:00,1.858943987552693,-8.472844926521619,12.148783948559366
2021-04-16 20:21:00,1.857892755835978,-7.946524397658321,12.313047029822
2021-04-16 20:22:00,1.856696512431525,-9.228440751707351,12.461330792746816
2021-04-16 20:23:00,1.855354127705211,-8.460152102012772,12.139076706292332
2021-04-16 20:24:00,1.8538645142464123,-8.920510389003754,11.608273040585825
2021-04-16 20:25:00,1.852226627259364,-9.195977480867144,12.620706694215126
2021-04-16 20:26:00,1.8504394649229665,-8.96208956319475,12.320320012257648
2021-04-16 20:27:00,1.8485020687780764,-9.192400644798932,12.031647216209876
2021-04-16 20:28:00,1.8464135240578625,-9.462995424151435,12.663323914257667
2021-04-16 20:29:00,1.8441729600457777,-8.648418317470673,12.640285630443696
2021-04-16 20:30:00,1.841779550385377,-8.693674633522745,12.238337895225097
2021-04-16 20:31:00,1.839232513421267,-9.895699078898316,13.094787913016487
2021-04-16 20:32:00,1.8365311124708026,-8.82223128128465,13.003393652042986
2021-04-16 20:33:00,1.8336746561338477,-8.19319732723907,12.770442983274583
2021-04-16 20:34:00,1.8306624985730549,-8.851793248515875,12.646578444285742
2021-04-16 20:35:00,1.8274940397608577,-8.520085970326397,12.088818272296788
2021-04-16 20:36:00,1.8241687257547032,-8.675332680900203,12.649664140068058
2021-04-16 20:37:00,1.8206860489078072,-8.325757611161027,12.13033396667603
2021-04-16 20:38:00,1.817045548114124,-8.707059304830834,12.694621033548795
2021-04-16 20:39:00,1.8132468090254203,-9.217795585862294,12.84444794793766
2021-04-16 20:40:00,1.80928946423358,-8.673438078211793,12.601627892837444
2021-04-16 20:41:00,1.8051731934487778,-8.804491578019459,12.159908973048848
2021-04-16 20:42:00,1.8008977237261752,-8.573745533419997,12.760911733968399
2021-04-16 20:43:00,1.7964628295410658,-8.912424677507563,12.264232946937907
2021-04-16 20:44:00,1.79186833301469,-9.018400249661346,12.608046233512091
2021-04-16 20:45:00,1.7871141040031568,-8.051529376169144,11.986093402463736
2021-04-16 20:46:00,1.7822000601844428,-8.82458287505199,12.415972172512658
2021-04-16 20:47:00,1.7771261672827416,-9.407566117945798,12.445579564330105
2021-04-16 20:48:00,1.7718924389981323,-8.761527928372017,12.147914980274663
2021-04-16 20:49:00,1.766498937206006,-9.364566136667728,12.810823191477123
2021-04-16 20:50:00,1.760945771996618,-8.46223010000238,12.63331173645362
2021-04-16 20:51:00,1.7552331016543548,-8.699252039056583,12.2665986418028
2021-04-16 20:52:00,1.7493611328265586,-8.827686130014344,12.27388909064867
2021-04-16 20:53:00,1.7433301203972438,-8.875411533229176,11.83504964768354
2021-04-16 20:54:00,1.7371403675947534,-8.386209725872797,12.547652569919038
2021-04-16 20:55:00,1.73079222597684,-8.929837811285381,12.503403999533102
2021-04-16 20:56:00,1.7242860953782866,-8.996321150955717,12.066921011981288
2021-04-16 20:57:00,1.7176224238667586,-9.138210693871734,12.385439255038907
2021-04-16 20:58:00,1.7108017077764262,-9.190400319713383,11.846622636467059
2021-04-16 20:59:00,1.7038244915490455,-8.422322012007697,12.51674993264936
2021-04-16 21:00:00,1.6966913677531537,-9.268488204159064,12.608722986649155
2021-04-16 21:01:00,1.6894029769099492,-9.102664564008979,12.309361469565788
2021-04-16 21:02:00,1.6819600073747814,-9.211125653567862,11.786998213672357
2021-04-16 21:03:00,1.674363195444135,-8.538322032351704,12.653722210834099
2021-04-16 21:04:00,1.6666133248449582,-9.060485205851435,12.776558013344093
2021-04-16 21:05:00,1.65871122702344,-8.833697054114939,12.786555107959096
2021-04-16 21:06:00,1.6506577805918126,-8.548262623755312,12.833317051156444
2021-04-16 21:07:00,1.6424539113644743,-8.775215643961848,11.435678785255407
2021-04-16 21:08:00,1.6341005922898113,-9.249354300513223,12.633384653085107
2021-04-16 21:09:00,1.6255988429146813,-9.307348697287527,12.427369745540393
2021-04-16 21:10:00,1.6169497294613584,-8.352826510181385,12.97363026815678
2021-04-16 21:11:00,1.6081543645343828,-9.825640492441323,12.567729628520123
2021-04-16 21:12:00,1.599213906750042,-8.294268815261713,12.61376270635757
2021-04-16 21:13:00,1.590129560736191,-9.029256859403956,12.636613352685492
2021-04-16 21:14:00,1.580902576600389,-8.812064269825067,12.40381701635204
2021-04-16 21:15:00,1.5715342497687743,-9.089540845564894,11.787135380840736
2021-04-16 21:16:00,1.5620259208267666,-9.422469835827801,11.400757241084687
2021-04-16 21:17:00,1.552378974942981,-9.057075922300077,12.383178959589223
2021-04-16 21:18:00,1.5425948417517115,-8.66443662669676,11.650644809779385
2021-04-16 21:19:00,1.5326749949955398,-8.59478410177114,12.102902321776797
2021-04-16 21:20:00,1.5226209520923901,-9.104639498944078,12.613609554717202
2021-04-16 21:21:00,1.5124342739159835,-8.693655026115971,12.052581650824996
2021-04-16 21:22:00,1.5021165642887233,-8.715284208687196,11.907075990256
2021-04-16 21:23:00,1.4916694695798032,-8.94100222148469,12.316123478819808
2021-04-16 21:24:00,1.4810946786529835,-9.517241991766303,12.623336147286748
2021-04-16 21:25:00,1.4703939219419397,-8.526307592523352,12.504132950313306
2021-04-16 21:26:00,1.459568971352626,-9.405467895261364,11.30039720192447
2021-04-16 21:27:00,1.4486216399093692,-8.939557752188803,11.740840555582535
2021-04-16 21:28:00,1.4375537809854333,-8.797918290770134,12.217696301458338
2021-04-16 21:29:00,1.426367288175002,-9.171529101756484,12.245061064402346
2021-04-16 21:30:00,1.415064094638815,-8.496081445910711,11.433344550021182
2021-04-16 21:31:00,1.4036461726206355,-9.708657452633755,11.429193180924523
2021-04-16 21:32:00,1.3921155331216737,-9.83194962219976,12.644441251768969
2021-04-16 21:33:00,1.3804742252202225,-8.408597087134101,11.745870678866087
2021-04-16 21:34:00,1.3687243356299872,-8.516880311845046,12.718185324524976
2021-04-16 21:35:00,1.3568679882521568,-8.693350139265936,11.935281803153211
2021-04-16 21:36:00,1.3449073434144554,-8.987349020643778,11.396668496896364
2021-04-16 21:37:00,1.3328445976896874,-9.365563821367825,12.179882385941251
2021-04-16 21:38:00,1.3206819829733043,-8.777703691527606,12.050782507255533
2021-04-16 21:39:00,1.3084217659927178,-9.548995170968723,11.315643006180514
2021-04-16 21:40:00,1.2960662481234642,-9.06603896687976,12.110476922375621
2021-04-16 21:41:00,1.2836177641739825,-9.809125715887417,13.011586457824082
2021-04-16 21:42:00,1.2710786821983846,-9.323365948388918,11.948763284479059
2021-04-16 21:43:00,1.2584514028748963,-7.727122574480658,11.55856579585575
2021-04-16 21:44:00,1.245738358707853,-8.426199242289083,12.60974247952437
2021-04-16 21:45:00,1.2329420136020817,-8.552261523742958,12.0317013424795
2021-04-16 21:46:00,1.2200648620013628,-9.81350981720051,11.737063360495863
2021-04-16 21:47:00,1.2071094284317723,-9.212962404222559,11.210293760495038
2021-04-16 21:48:00,1.1940782668232863,-9.155318395029392,11.086489176489938
2021-04-16 21:49:00,1.1809739597253894,-9.713805437830597,11.322261535365335
2021-04-16 21:50:00,1.1677991177991078,-9.36518526304862,11.949374310418616
2021-04-16 21:51:00,1.1545563790156146,-9.22409451925643,11.673525425646899
2021-04-16 21:52:00,1.1412484079384673,-9.009750932562447,11.932407764087076
2021-04-16 21:53:00,1.1278778952255257,-9.38986937305476,11.59607890671138
2021-04-16 21:54:00,1.11444755675306,-9.840423968266952,12.528721308669365
2021-04-16 21:55:00,1.1009601327902445,-9.236171369503348,11.360673064397616
2021-04-16 21:56:00,1.0874183876923604,-10.215318514820362,12.181312439653047
2021-04-16 21:57:00,1.073825108722333,-10.523509855367339,11.53373870215333
2021-04-16 21:58:00,1.060183105614368,-9.327283651586981,12.699532939280498
2021-04-16 21:59:00,1.0464952097318754,-9.188215456945557,12.428601048364717
2021-04-16 22:00:00,1.0327642730374074,-8.986217233050038,11.374766472040976
2021-04-16 22:01:00,1.0189931681632445,-10.026324534411513,11.556509250284954
2021-04-16 22:02:00,1.0051847865523524,-8.826409130616184,11.631648590657981
2021-04-16 22:03:00,0.9913420385182833,-9.628201763962037,11.142573273222432
2021-04-16 22:04:00,0.9774678521898557,-9.347827709569744,11.363994016015718
2021-04-16 22:05:00,0.963565172651276,-10.248244287757018,11.689997092590668
2021-04-16 22:06:00,0.9496369613549254,-8.936348039227797,11.986344082822447
2021-04-16 22:07:00,0.9356861950826214,-9.91142932381739,11.068991135642866
2021-04-16 22:08:00,0.9217158653636393,-9.542066304480546,11.496766671524549
2021-04-16 22:09:00,0.9077289776666888,-9.735158334576221,11.826243426741739
2021-04-16 22:10:00,0.8937285503917123,-9.723920567489301,12.363339197892676
2021-04-16 22:11:00,0.8797176142760118,-10.246442974587518,11.660421984173874
2021-04-16 22:12:00,0.8656992115467042,-9.652505328350223,11.322589493965985
2021-04-16 22:13:00,0.8516763949792527,-10.144871459924085,11.253145412827166
2021-04-16 22:14:00,0.8376522272490636,-10.122941198801588,11.765649826595894
2021-04-16 22:15:00,0.8236297800304946,-10.069223533798215,11.442228985488802
2021-04-16 22:16:00,0.809612132899711,-9.838743261918973,11.23371167453878
2021-04-16 22:17:00,0.7956023732344832,-9.740898561583453,11.16832032020119
2021-04-16 22:18:00,0.7816035944996262,-10.17793104427567,12.055259351343036
2021-04-16 22:19:00,0.7676188960150608,-10.084955054253228,10.912342263726837
2021-04-16 22:20:00,0.7536513819736868,-9.9265256518172,11.136755932122934
2021-04-16 22:21:00,0.739704160373841,-10.220364847575743,10.865870129456688
2021-04-16 22:22:00,0.72578034262825,-9.418352068351775,11.219244338182085
2021-04-16 22:23:00,0.7118830422415097,-9.525123223699534,11.205617508463249
2021-04-16 22:24:00,0.6980153741831567,-10.596724319275001,11.196150950522116
2021-04-16 22:25:00,0.6841804542588118,-9.887320066480791,11.283889363600974
2021-04-16 22:26:00,0.6703813978059147,-11.095837420584493,11.389982924585528
2021-04-16 22:27:00,0.6566213191933782,-10.027521921863102,11.35713263682357
2021-04-16 22:28:00,0.6429033309050931,-10.7766349554148,10.928930897979333
2021-04-16 22:29:00,0.6292305425788569,-10.086165424725744,12.088923398222377
2021-04-16 22:30:00,0.6156060603444834,-9.116144526980177,11.332096394070746
2021-04-16 22:31:00,0.6020329857802581,-10.239549842888147,10.491309463396853
2021-04-16 22:32:00,0.5885144150562228,-10.703705665703517,10.477237723523864
2021-04-16 22:33:00,0.5750534385202979,-9.63708675015829,12.320047064861662
2021-04-16 22:34:00,0.5616531391642615,-10.89364144786318,10.40825472346234
2021-04-16 22:35:00,0.5483165924438551,-10.951559873528883,11.363599636415524
2021-04-16 22:36:00,0.5350468649416581,-10.011207976253045,11.630873205073318
2021-04-16 22:37:00,0.5218470136486009,-10.666620876123543,10.866854202336995
2021-04-16 22:38:00,0.5087200855359665,-10.352885632846169,11.991374877305612
2021-04-16 22:39:00,0.4956691160455493,-9.641318057813312,10.94319159131248
2021-04-16 22:40:00,0.4826971286929692,-10.263875862380011,11.357381962525288
2021-04-16 22:41:00,0.46980713422379383,-9.397376584356468,10.555304397462608
2021-04-16 22:42:00,0.4570021296047051,-10.26625687313109,11.607659590091734
2021-04-16 22:43:00,0.4442850973634974,-10.13956210731366,11.53173139822431
2021-04-16 22:44:00,0.43165900467345364,-10.497389654636297,11.06266636256881
2021-04-16 22:45:00,0.41912680246119993,-9.676995590684594,10.668843229113024
2021-04-16 22:46:00,0.4066914249207503,-9.920191959405471,11.074891662445532
2021-04-16 22:47:00,0.3943557882757629,-10.293985437515918,10.855175381743237
2021-04-16 22:48:00,0.38212279017772943,-9.75868272156157,11.042052444115564
2021-04-16 22:49:00,0.3699953091010897,-10.381080569343402,11.132930889684694
2021-04-16 22:50:00,0.35797620311252143,-10.44315432702287,11.400283490631956
2021-04-16 22:51:00,0.34606830947835276,-10.632851579972177,10.858517858409652
2021-04-16 22:52:00,0.33427444368716497,-10.020916901642783,11.048810059609588
2021-04-16 22:53:00,0.32259739854623215,-10.189004006736544,10.614855497386532
2021-04-16 22:54:00,0.3110399438990824,-10.186996479211256,11.439535994660629
2021-04-16 22:55:00,0.29960482513289677,-10.551540508382516,10.484743566463976
2021-04-16 22:56:00,0.28829476303123536,-10.374576436938607,11.287999471173627
2021-04-16 22:57:00,0.2771124527639707,-10.936756603454517,9.985047102769137
2021-04-16 22:58:00,0.26606056311073367,-10.634329423027282,11.635655838563647
2021-04-16 22:59:00,0.25514173581873123,-10.23395678641472,11.600817341797544
2021-04-16 23:00:00,0.2443585848036074,-10.517654322744082,10.921575082023196
2021-04-16 23:01:00,0.23371369536314546,-10.085137752809171,10.744188406756674
2021-04-16 23:02:00,0.22320962363120533,-10.424629571503864,10.394184948559298
2021-04-16 23:03:00,0.21284889572383414,-10.689442610810147,10.694987521642478
2021-04-16 23:04:00,0.20263400699807887,-10.981310146752772,10.70439454818132
2021-04-16 23:05:00,0.19256742152328443,-10.284961782296099,10.686758344586448
2021-04-16 23:06:00,0.1826515712267628,-10.809834979546425,10.4932754307319
2021-04-16 23:07:00,0.1728888553129292,-9.662192308880606,11.128352983145291
2021-04-16 23:08:00,0.1632816395773291,-9.886834066794552,10.502024114547496
2021-04-16 23:09:00,0.15383225550294988,-10.77721575780675,10.69297322646109
2021-04-16 23:10:00,0.14454300021627886,-9.683443388856304,10.67483626716132
2021-04-16 23:11:00,0.13541613504487338,-10.290461019971294,10.905674839591853
2021-04-16 23:12:00,0.12645388546158454,-11.26803770768642,10.354680710600698
2021-04-16 23:13:00,0.11765844035369888,-9.656147025007998,11.074619343493476
2021-04-16 23:14:00,0.10903195111771646,-10.44068524985877,10.372599319688538
2021-04-16 23:15:00,0.10057653143959622,-10.828988039656364,11.831682715219289
2021-04-16 23:16:00,0.09229425636519384,-10.334180874162385,10.62789831796051
2021-04-16 23:17:00,0.08418716194786446,-11.13567871860698,11.227932427716905
2021-04-16 23:18:00,0.0762572445877644,-11.07153826014636,11.311576205132448
2021-04-16 23:19:00,0.06850646035516439,-10.661066287250309,11.12420198195224
2021-04-16 23:20:00,0.06093672469670253,-10.396144532147927,10.36180757794893
2021-04-16 23:21:00,0.05354991157016653,-10.342852786797833,10.891961772582407
2021-04-16 23:22:00,0.04634785315037493,-10.589347553383567,10.208746197952001
2021-04-16 23:23:00,0.039332339206778144,-10.44416450451933,10.19194141492428
2021-04-16 23:24:00,0.032505116615753726,-9.515492556023672,10.176242118083278
2021-04-16 23:25:00,0.025867888789664173,-10.633307363414776,10.330793525837658
2021-04-16 23:26:00,0.019422315306054205,-10.522594449089585,10.853421087001614
2021-04-16 23:27:00,0.01317001134359197,-10.219072078582538,9.903488516155843
2021-04-16 23:28:00,0.007112547258609991,-10.392759877728242,10.706753374573246
2021-04-16 23:29:00,0.0012514480704759467,-10.220495274019642,10.401777458434816
2021-04-16 23:30:00,-0.0044118069527918635,-10.743002574324166,10.606679997398187
2021-04-16 23:31:00,-0.009875784616824257,-11.498177709330324,10.54798845116055
2021-04-16 23:32:00,-0.015139098413291308,-10.78870024867877,9.828062209986564
2021-04-16 23:33:00,-0.020200408831383188,-10.372955157069395,10.465198564706352
2021-04-16 23:34:00,-0.025058423650521577,-10.055425884258113,10.834291493106562
2021-04-16 23:35:00,-0.029711898530441205,-11.691780080989536,10.151905265290331
2021-04-16 23:36:00,-0.03415963721244397,-10.823280858183605,10.433216436171515
2021-04-16 23:37:00,-0.0384004968087599,-11.024391827619645,10.515545380695507
2021-04-16 23:38:00,-0.0424333735211706,-10.66483483455647,10.180729426507762
2021-04-16 23:39:00,-0.046257217587379884,-11.545508726688649,10.616880630447602
2021-04-16 23:40:00,-0.04987102875797733,-10.967271645923233,10.251501233976082
2021-04-16 23:41:00,-0.05327385651635952,-9.898007050957299,10.474595978384835
2021-04-16 23:42:00,-0.05646480044013957,-10.344395721794662,10.491466650712896
2021-04-16 23:43:00,-0.05944301048832634,-10.786007386840273,9.920377531065036
2021-04-16 23:44:00,-0.062207687156167646,-10.554655443862499,10.552973236360165
2021-04-16 23:45:00,-0.06475808187584331,-10.064822453185243,10.631551092255595
2021-04-16 23:46:00,-0.06709349713557278,-10.472550662144961,10.634967262799845
2021-04-16 23:47:00,-0.06921328674921079,-10.927085732318591,10.910764124028619
2021-04-16 23:48:00,-0.07111685604906315,-10.985588523438462,10.726771331966022
2021-04-16 23:49:00,-0.07280366210870781,-10.233979289395418,10.883003711305774
2021-04-16 23:50:00,-0.07427321389915287,-10.491798749054022,9.767512011476411
2021-04-16 23:51:00,-0.07552507242942053,-11.141774453924423,10.948673876112338
2021-04-16 23:52:00,-0.07655885097312742,-10.617611033206417,10.327326732793214
2021-04-16 23:53:00,-0.07737421511920406,-10.681513099552152,11.162302094075656
2021-04-16 23:54:00,-0.07797088298423027,-10.385820140317431,11.40117627098716
2021-04-16 23:55:00,-0.07834862523700814,-9.982226973322064,10.896431854567949
2021-04-16 23:56:00,-0.07850726526891239,-10.682921485331034,10.927710220980146
2021-04-16 23:57:00,-0.07844667924044657,-9.588973124952908,9.98913753150236
2021-04-16 23:58:00,-0.07816679613367583,-10.923367373697575,10.255934374517462
2021-04-16 23:59:00,-0.07766759784221566,-10.298508981604842,10.813835935142926
2021-04-17 00:00:00,-0.07694911921500824,-10.04270062888886,10.316041609851007
2021-04-17 00:01:00,-0.0760114480264652,-10.111852099525654,9.898891803504117
2021-04-17 00:02:00,-0.07485472502253632,-10.16697667496573,11.11419480363746
2021-04-17 00:03:00,-0.0734791439634126,-11.258276492985091,10.491855128458656
2021-04-17 00:04:00,-0.0718849515288218,-10.37365050370277,10.772519976927516
2021-04-17 00:05:00,-0.07007244733271867,-11.12628752027783,10.020511203430514
2021-04-17 00:06:00,-0.0680419838847458,-11.276655977766778,10.044099595774034
2021-04-17 00:07:00,-0.06579396643128466,-11.115971683404947,10.013559923810451
2021-04-17 00:08:00,-0.06332885311528635,-11.285226121480646,11.372021854662597
2021-04-17 00:09:00,-0.06064715458706593,-10.464198010468797,10.22002636272141
2021-04-17 00:10:00,-0.05774943412258504,-11.035638698055848,10.135612542035592
2021-04-17 00:11:00,-0.0546363074690801,-10.4356567734106,10.535267648279603
2021-04-17 00:12:00,-0.051308442607224114,-11.149168275369124,10.575847999473343
2021-04-17 00:13:00,-0.047766559767752015,-10.511690686060357,10.845000066689941
2021-04-17 00:14:00,-0.044011431143150204,-10.648063969094604,11.497848849325164
2021-04-17 00:15:00,-0.040043880745968874,-10.224629786682288,10.56469224248299
2021-04-17 00:16:00,-0.035864784319464604,-11.241851782418182,9.57013186860355
2021-04-17 00:17:00,-0.03147506898752073,-10.489761703127938,9.976381036393438
2021-04-17 00:18:00,-0.026875713131587764,-10.162933908509872,9.262539730732524
2021-04-17 00:19:00,-0.02206774619471097,-10.114716778727939,10.816737608710197
2021-04-17 00:20:00,-0.0170522483237443,-10.497616893499277,10.332266527844503
2021-04-17 00:21:00,-0.011830350274285362,-10.15631005479792,11.022271782992654
2021-04-17 00:22:00,-0.006403233008529741,-10.370193011682122,10.359500014559389
2021-04-17 00:23:00,-0.000772127362809405,-10.657370635789684,10.913733826444895
2021-04-17 00:24:00,0.005061685885742739,-10.487847444543592,11.510646554357011
2021-04-17 00:25:00,0.011096876847222159,-10.257605514986102,10.368507951369889
2021-04-17 00:26:00,0.017332066476441033,-10.524814466676323,10.638333635023491
2021-04-17 00:27:00,0.023765826947727886,-11.123128472712384,10.699128371473138
2021-04-17 00:28:00,0.03039668217046332,-10.635632341832162,10.618456965724047
2021-04-17 00:29:00,0.037223107927538024,-11.09355692540521,10.640883016388566
2021-04-17 00:30:00,0.04424353243955159,-10.161189146850244,11.249662084991085
2021-04-17 00:31:00,0.051456336670208325,-10.289851904726431,10.383285932535928
2021-04-17 00:32:00,0.05885985462780963,-9.777267029175103,10.348329716834657
2021-04-17 00:33:00,0.06645237395538672,-10.086713626380414,11.000207375054229
2021-04-17 00:34:00,0.07423213626734149,-10.563575595713488,10.598048102454378
2021-04-17 00:35:00,0.08219733748132074,-10.98438805130808,11.261877293138765
2021-04-17 00:36:00,0.09034612848813961,-10.148732617762624,10.174172126106999
2021-04-17 00:37:00,0.09867661535205807,-10.600430596459603,10.921068858145071
2021-04-17 00:38:00,0.10718685997793787,-10.235630085725878,10.684780226420925
2021-04-17 00:39:00,0.11587488066263874,-10.298071513909456,11.241993817719665
2021-04-17 00:40:00,0.12473865213733693,-10.423531654782739,10.49289192070173
2021-04-17 00:41:00,0.1337761065848324,-11.000216105434545,10.296975342055633
2021-04-17 00:42:00,0.14298513408602231,-9.834190199777012,11.12305077259792
2021-04-17 00:43:00,0.15236358261776095,-9.24943981907627,10.400513603723615
2021-04-17 00:44:00,0.1619092594599335,-10.162776726971195,10.840139296325406
2021-04-17 00:45:00,0.17161993080183935,-10.739381541681817,10.5884105314046
2021-04-17 00:46:00,0.18149332315429134,-10.325655394185567,11.158847113713993
2021-04-17 00:47:00,0.1915271233755662,-9.718428617442004,11.038812751000068
2021-04-17 00:48:00,0.2017189793352585,-10.682608675845168,10.519086740543003
2021-04-17 00:49:00,0.21206650074518696,-10.759088789880078,10.85625763263649
2021-04-17 00:50:00,0.22256725940308975,-9.920012295206801,11.288266922509335
2021-04-17 00:51:00,0.2332187901363132,-10.151407138613216,11.00250915395554
2021-04-17 00:52:00,0.24401859127835457,-10.04835562380669,10.52502581339631
2021-04-17 00:53:00,0.2549641251384781,-10.139931471176277,11.008050116309857
2021-04-17 00:54:00,0.26605281895732436,-10.78160142035954,10.96745047803865
2021-04-17 00:55:00,0.277282065362331,-9.960655067644732,11.512097402168564
2021-04-17 00:56:00,0.28864922294696915,-10.472869864983142,11.019230221016091
2021-04-17 00:57:00,0.30015161719206473,-9.987178111018622,11.007866424616362
2021-04-17 00:58:00,0.31178654082650936,-10.755399118325657,10.394856604389023
2021-04-17 00:59:00,0.3235512547639341,-10.609930675397289,11.111458230736245
2021-04-17 01:00:00,0.33544298886506696,-10.898345153664808,10.815844763091537
2021-04-17 01:01:00,0.3474589420227163,-10.341770165476248,11.113847083588256
2021-04-17 01:02:00,0.35959628375946295,-9.6972098144674,10.788883297893612
2021-04-17 01:03:00,0.37185215434279484,-10.667768344669323,10.74476547207527
2021-04-17 01:04:00,0.3842236655133535,-9.639460773139625,10.97176726450368
2021-04-17 01:05:00,0.3967079015898953,-9.179288329682274,11.865260953506564
2021-04-17 01:06:00,0.4093019197690517,-10.13199016401039,10.747027177883131
2021-04-17 01:07:00,0.4220027511854824,-10.01961168961082,11.204864614472687
2021-04-17 01:08:00,0.4348074015793221,-10.348774197095974,11.458734841011276
2021-04-17 01:09:00,0.44771285185800525,-10.08101506198234,11.008894173424736
2021-04-17 01:10:00,0.4607160591438541,-10.205605499992963,10.776049311382549
2021-04-17 01:11:00,0.473813957409329,-9.509673243574367,11.228960091027034
2021-04-17 01:12:00,0.48700345811433254,-10.125344075201303,10.691859955621426
2021-04-17 01:13:00,0.5002814513336595,-10.499193493789633,12.41098877898126
2021-04-17 01:14:00,0.5136448060667822,-10.403524000627714,11.516839770540141
2021-04-17 01:15:00,0.5270903714462047,-9.703365107356309,11.090884615475993
2021-04-17 01:16:00,0.5406149775317856,-9.478543225114946,11.1591599592344
2021-04-17 01:17:00,0.5542154354497649,-10.126489939628541,10.308355300467305
2021-04-17 01:18:00,0.567888539181353,-10.908498208955914,10.656400431338877
2021-04-17 01:19:00,0.5816310657561261,-9.666785752944927,11.694672424662492
2021-04-17 01:20:00,0.5954397758439366,-9.429553917339701,11.688142185367516
2021-04-17 01:21:00,0.6093114154779655,-9.257431174805044,10.444179008432773
2021-04-17 01:22:00,0.6232427156679069,-9.104515693548006,11.738078098269321
2021-04-17 01:23:00,0.6372303944202157,-9.790207674417006,10.59498802126592
2021-04-17 01:24:00,0.6512711567170621,-9.95172970126823,11.481855652031044
2021-04-17 01:25:00,0.6653616955695544,-10.165599151318467,11.450089937899175
2021-04-17 01:26:00,0.6794986930000584,-9.563548674440137,10.515354895627755
2021-04-17 01:27:00,0.6936788208383015,-9.433249139664744,10.642656005883996
2021-04-17 01:28:00,0.7078987412407889,-10.214954529229287,11.302097941216266
2021-04-17 01:29:00,0.7221551080554686,-9.278850890804744,11.357192805943857
2021-04-17 01:30:00,0.7364445671404577,-9.636901279061814,11.425872747352058
2021-04-17 01:31:00,0.7507637575552207,-9.826414295273315,10.981469601295037
2021-04-17 01:32:00,0.7651093123349019,-8.91242781528658,11.558258602717999
2021-04-17 01:33:00,0.7794778590991917,-9.647973153381582,11.645310912898372
2021-04-17 01:34:00,0.79386602124841,-10.128555941111175,10.60364464638638
2021-04-17 01:35:00,0.8082704184658104,-9.697050997880512,10.908314764225546
2021-04-17 01:36:00,0.8226876677603412,-9.507726144220655,11.079718334912304
2021-04-17 01:37:00,0.8371143845842268,-9.031997054165435,10.75809440466469
2021-04-17 01:38:00,0.8515471826837163,-9.202043997298356,11.945386820447258
2021-04-17 01:39:00,0.865982676289808,-9.943951358955655,11.102776853331614
2021-04-17 01:40:00,0.8804174799645743,-9.404061015926244,11.172523706629773
2021-04-17 01:41:00,0.8948482097217073,-10.052728249538498,10.847167128222743
2021-04-17 01:42:00,0.909271484059228,-9.447135588711934,12.105812423619183
2021-04-17 01:43:00,0.9236839244632951,-9.07666958731128,11.331411420368383
2021-04-17 01:44:00,0.9380821566007099,-8.621426499923437,11.828973807889799
2021-04-17 01:45:00,0.9524628109084063,-9.616817081704022,12.55083945640696
2021-04-17 01:46:00,0.9668225233737096,-9.352385061214562,11.902247617038913
2021-04-17 01:47:00,0.9811579366592023,-9.717312431009772,11.849685764080633
2021-04-17 01:48:00,0.9954657006835662,-9.674261565594247,10.563566089045958
2021-04-17 01:49:00,1.0097424734205016,-9.585153241770952,11.891442106411453
2021-04-17 01:50:00,1.0239849219608756,-9.33005677311128,11.743540920091355
2021-04-17 01:51:00,1.038189723031795,-9.764661366620945,11.482836338389031
2021-04-17 01:52:00,1.0523535639894914,-9.605838221932116,11.163322664189508
2021-04-17 01:53:00,1.0664731439054094,-9.593998568110823,11.530362279413138
2021-04-17 01:54:00,1.0805451734767948,-9.949748443437649,12.0682564259995
2021-04-17 01:55:00,1.0945663769680984,-9.192969406155425,11.563360585991251
2021-04-17 01:56:00,1.10853349222539,-9.413683015875899,11.743120874440814
2021-04-17 01:57:00,1.1224432716377801,-10.115147385822775,11.366994130946367
2021-04-17 01:58:00,1.1362924832680703,-9.982544656630205,11.084364170704932
2021-04-17 01:59:00,1.150077910922522,-9.682324537488668,12.129338628574372
2021-04-17 02:00:00,1.1637963558296684,-9.219582121883475,11.010334147351026
2021-04-17 02:01:00,1.1774446368202904,-9.46037271656707,12.12981381179657
2021-04-17 02:02:00,1.191019591023823,-9.411222275919284,12.05931327938628
2021-04-17 02:03:00,1.204518075112829,-9.37334884230938,12.267829566489706
2021-04-17 02:04:00,1.2179369656915355,-8.80170833443132,11.716747398807339
2021-04-17 02:05:00,1.231273160069895,-9.715858739929779,12.124781787521396
2021-04-17 02:06:00,1.2445235772129954,-9.281127830282683,11.824974666780122
2021-04-17 02:07:00,1.2576851581937807,-9.39524979648182,11.524956299620602
2021-04-17 02:08:00,1.2707548672489728,-9.88886971644892,12.24142868413581
2021-04-17 02:09:00,1.2837296922564159,-9.184633210387576,11.957449261140097
2021-04-17 02:10:00,1.2966066454342686,-9.600338925734167,11.970015769991232
2021-04-17 02:11:00,1.3093827642568032,-8.881565317627532,12.91999351466056
2021-04-17 02:12:00,1.322055112187126,-9.183511842679225,12.018094427601703
2021-04-17 02:13:00,1.334620778777579,-9.17162348977595,12.066861365398685
2021-04-17 02:14:00,1.3470768813626484,-10.01830972155505,12.270295668380236
2021-04-17 02:15:00,1.3594205646275226,-9.157881933098787,11.618396900713497
2021-04-17 02:16:00,1.3716490022718175,-9.467228951794237,11.48363000662259
2021-04-17 02:17:00,1.383759397087871,-9.046485421656278,12.835868213276392
2021-04-17 02:18:00,1.3957489816503146,-8.480002796865744,12.967471255590937
2021-04-17 02:19:00,1.407615019200383,-8.827218028109113,12.034511106835446
2021-04-17 02:20:00,1.4193548040376651,-8.914088522930498,11.70232391053669
2021-04-17 02:21:00,1.4309656623088949,-9.220499225582515,11.326349450962775
2021-04-17 02:22:00,1.442444952670848,-8.993077360693222,12.446135576369775
2021-04-17 02:23:00,1.453790066540179,-9.08806124196417,12.617186201183236
2021-04-17 02:24:00,1.4649984291781797,-8.762345555642812,12.51020732181756
2021-04-17 02:25:00,1.476067500045945,-9.598766145596258,11.426454084943032
2021-04-17 02:26:00,1.4869947731571822,-9.001298734866518,12.406768450652306
2021-04-17 02:27:00,1.4977777781486572,-9.180680154449497,11.95359130018386
2021-04-17 02:28:00,1.5084140803656458,-8.995514884195865,13.118625740774245
2021-04-17 02:29:00,1.5189012816529948,-8.147659755868371,11.917571248022062
2021-04-17 02:30:00,1.5292370210330328,-8.447803256631932,11.495191260394591
2021-04-17 02:31:00,1.5394189746207176,-9.005324300424148,13.0618668903924
2021-04-17 02:32:00,1.549444857034856,-8.529135058183112,11.74371379791397
2021-04-17 02:33:00,1.5593124211610694,-9.497010689300708,11.988761702448562
2021-04-17 02:34:00,1.5690194589271134,-8.413741098555585,12.324328963451599
2021-04-17 02:35:00,1.5785638018948882,-9.141717250603856,12.04360433082945
2021-04-17 02:36:00,1.5879433213541048,-8.949890945711298,12.566742502021487
2021-04-17 02:37:00,1.5971559293342548,-9.47935221975033,11.91300816443705
2021-04-17 02:38:00,1.6061995786525185,-8.829455862707668,13.458323827918743
2021-04-17 02:39:00,1.615072263368519,-8.924463927985459,12.898333900530742
2021-04-17 02:40:00,1.6237720193460765,-8.699035972296747,12.525511049623097
2021-04-17 02:41:00,1.6322969246890424,-8.83127441337223,12.525632115834508
2021-04-17 02:42:00,1.6406450999440292,-8.965276125858425,12.048472199116445
2021-04-17 02:43:00,1.64881470870058,-8.590475904916374,12.156745067428506
2021-04-17 02:44:00,1.656803957822043,-8.7911933318524,12.095701634534926
2021-04-17 02:45:00,1.6646110978883244,-9.254772355578803,12.028236973680894
2021-04-17 02:46:00,1.6722344236294875,-8.948154677538477,11.20478514043545
2021-04-17 02:47:00,1.6796722739511283,-7.783725530678395,12.080163925487396
2021-04-17 02:48:00,1.6869230326577607,-9.387777983892745,11.846771151097917
2021-04-17 02:49:00,1.6939851286316618,-8.943537171819706,12.046099334510462
2021-04-17 02:50:00,1.700857035830316,-8.768026788197878,12.461962255959023
2021-04-17 02:51:00,1.7075372741455075,-8.893566544744864,11.213304014312893
2021-04-17 02:52:00,1.7140244091263237,-8.960626714016989,12.862936422652094
2021-04-17 02:53:00,1.7203170526917542,-8.99800335043696,12.43216416713914
2021-04-17 02:54:00,1.7264138630679562,-8.857289457956377,12.332621637598598
2021-04-17 02:55:00,1.7323135451288492,-8.488250542275596,11.863685236886658
2021-04-17 02:56:00,1.738014850735612,-9.132444228367241,11.760428967946483
2021-04-17 02:57:00,1.7435165787753788,-9.362203481058344,12.026179260917136
2021-04-17 02:58:00,1.748817575442894,-8.60946451120773,12.46173211898268
2021-04-17 02:59:00,1.7539167344476878,-9.960298073391012,11.779640855887957
2021-04-17 03:00:00,1.758812997140674,-9.475486194250287,11.912531823502105
2021-04-17 03:01:00,1.763505352690812,-8.984334506795042,12.40500266524826
2021-04-17 03:02:00,1.767992838309591,-8.395537840315972,11.714809809985443
2021-04-17 03:03:00,1.772274539234842,-8.436705924562697,12.496861306078033
2021-04-17 03:04:00,1.776349588972021,-9.076788041415432,12.41101163426427
2021-04-17 03:05:00,1.780217169331379,-8.170812680588488,12.325094520355021
2021-04-17 03:06:00,1.7838765106110817,-8.213164321676125,11.867276840145228
2021-04-17 03:07:00,1.787326891650249,-9.014580021548085,13.523638124243194
2021-04-17 03:08:00,1.7905676397286396,-8.907321544126768,11.81541488523369
2021-04-17 03:09:00,1.7935981309126812,-8.618807553625766,12.508496541175004
2021-04-17 03:10:00,1.796417789948282,-8.870793097981005,12.119054139879731
2021-04-17 03:11:00,1.799026090165087,-8.400901478422233,11.987052947711922
2021-04-17 03:12:00,1.803271058305393,-9.643786706663173,11.875978906409008
2021-04-17 03:13:00,1.807303760704221,-9.041268657720627,12.12296194275955
2021-04-17 03:14:00,1.8111238169673292,-8.90476263296261,12.462475037783157
2021-04-17 03:15:00,1.8147308954000585,-9.284785535300529,12.068235088688256
2021-04-17 03:16:00,1.8181247129643627,-8.707731557084859,11.802303888720303
2021-04-17 03:17:00,1.8213050352919713,-8.875178557047477,12.315808439298062
2021-04-17 03:18:00,1.8242716765033329,-8.5547517983492,12.439655079732656
2021-04-17 03:19:00,1.8270244992170204,-8.974048106555653,12.573755653776681
2021-04-17 03:20:00,1.8295634145035033,-8.899815374281426,12.672487373971382
2021-04-17 03:21:00,1.8318883816065599,-8.528617457613851,12.471615497195284
2021-04-17 03:22:00,1.833999408060459,-8.433566323395157,13.36929063075444
2021-04-17 03:23:00,1.8358965494156134,-8.659986080428313,11.437871232640909
2021-04-17 03:24:00,1.837579909109968,-8.293944083519401,12.69323680011495
2021-04-17 03:25:00,1.8390496383374821,-9.515126634698188,12.065918666403398
2021-04-17 03:26:00,1.840305935972923,-8.787252826263975,11.95835518012911
2021-04-17 03:27:00,1.8413490482179444,-9.41445343057959,13.631177688536525
2021-04-17 03:28:00,1.842179268556242,-8.287681688700664,13.246112367609301
2021-04-17 03:29:00,1.8427969374806779,-8.652602344969077,12.357778813615445
2021-04-17 03:30:00,1.8432024423033235,-7.655779373686685,12.113523172748026
2021-04-17 03:31:00,1.8433962169690965,-8.787888400186315,11.387094760024123
2021-04-17 03:32:00,1.8433787416950258,-8.500674921606958,12.61889496227272
2021-04-17 03:33:00,1.8431505428729094,-8.862272772888735,12.624312084440403
2021-04-17 03:34:00,1.8427121927322605,-7.84196170174376,12.817335018944313
2021-04-17 03:35:00,1.8420643090096496,-9.7860869532077,11.875076428039579
2021-04-17 03:36:00,1.8412075547875761,-8.696878654924106,12.357851602910536
2021-04-17 03:37:00,1.8401426381251043,-8.838517826495725,11.863283303559438
2021-04-17 03:38:00,1.8388703117301564,-8.793245007996573,13.578787065901594
2021-04-17 03:39:00,1.8373913726657634,-9.255368560925621,12.817164803910316
2021-04-17 03:40:00,1.8357066620555051,-9.02986163365961,11.976882356071494
2021-04-17 03:41:00,1.8338170647062444,-9.208456654287962,12.3234519702824
2021-04-17 03:42:00,1.8317235086951895,-8.7449175419465,12.121492115673183
2021-04-17 03:43:00,1.8294269651548016,-8.980802831346692,13.17529791046542
2021-04-17 03:44:00,1.8269284477080454,-7.62543439946653,13.609170309778461
2021-04-17 03:45:00,1.8242290122897,-9.366305539293105,12.591531683222241
2021-04-17 03:46:00,1.821329756539482,-8.494144491052863,12.671450670176958
2021-04-17 03:47:00,1.818231819557483,-8.822069383337709,13.87643458687713
2021-04-17 03:48:00,1.8149363814417545,-8.903713144493585,12.08825431992916
2021-04-17 03:49:00,1.8114446627783085,-9.323168539920488,12.464259148400812
2021-04-17 03:50:00,1.8077579243437882,-8.633326029421319,11.73714040943995
2021-04-17 03:51:00,1.8038774665616968,-9.503983975718722,12.76063140317991
2021-04-17 03:52:00,1.7998046290296728,-8.673458316728139,12.455083095317672
2021-04-17 03:53:00,1.7955407901749911,-9.489462601946034,12.689209855519454
2021-04-17 03:54:00,1.7910873666182816,-8.862362266763279,12.736200824413503
2021-04-17 03:55:00,1.7864458128126035,-8.347992188342575,12.20302880356094
2021-04-17 03:56:00,1.781617620495111,-8.381069380134514,13.126005138124723
2021-04-17 03:57:00,1.7766043181769866,-7.722488806366608,12.902479908013161
2021-04-17 03:58:00,1.7714074706999505,-9.482167450936505,12.223300315269386
2021-04-17 03:59:00,1.7660286786165957,-8.957610004776168,12.947098153104891
2021-04-17 04:00:00,1.76046957763523,-9.128514600582895,11.734020239460063
2021-04-17 04:01:00,1.7547318383722366,-9.48968946963399,12.620998148101004
2021-04-17 04:02:00,1.7488171653717521,-8.4846213052634,11.896305710371866
2021-04-17 04:03:00,1.74272729682598,-9.732789902743386,11.903195103305896
2021-04-17 04:04:00,1.7364640040875434,-8.535530011367136,12.470764687174924
2021-04-17 04:05:00,1.7300290907706635,-9.524178263721545,11.810933388509934
2021-04-17 04:06:00,1.7234243925774648,-8.853383486565583,12.039211492542073
2021-04-17 04:07:00,1.7166517763556304,-8.613951783085927,11.937638229271894
2021-04-17 04:08:00,1.709713139710726,-8.834895448174546,12.972368935576824
2021-04-17 04:09:00,1.7026104104397444,-9.983757174048993,12.174662498551639
2021-04-17 04:10:00,1.695345545761617,-9.307394700936163,11.979151455035547
2021-04-17 04:11:00,1.6879205318176385,-8.957180231337155,12.594464358437468
2021-04-17 04:12:00,1.6803373831038937,-9.750374636904935,12.236574412176713
2021-04-17 04:13:00,1.6725981416702744,-8.45387401256848,11.74960782853993
2021-04-17 04:14:00,1.6647048767166002,-8.539141951883709,12.771522274217723
2021-04-17 04:15:00,1.656659683771641,-9.048276780866855,11.772742437729011
2021-04-17 04:16:00,1.648464684109475,-7.98611523048944,12.598644929756176
2021-04-17 04:17:00,1.6401220242197248,-8.20868692334182,13.322307460037239
2021-04-17 04:18:00,1.6316338749916584,-8.68733801737227,12.417584246340938
2021-04-17 04:19:00,1.623002431033312,-7.882262042612542,11.817460417394077
2021-04-17 04:20:00,1.6142299103659774,-8.781494059124917,13.150047764954504
2021-04-17 04:21:00,1.605318553177849,-8.980450273188936,12.696139324931588
2021-04-17 04:22:00,1.5962706218180487,-9.18218756716875,12.306819721791678
2021-04-17 04:23:00,1.5870883994915914,-9.067499772285544,12.186018870236222
2021-04-17 04:24:00,1.577774189991319,-8.474197178457361,11.799006088172797
2021-04-17 04:25:00,1.568330316969564,-8.626393168924364,11.621004210193455
2021-04-17 04:26:00,1.5587591230962117,-8.11840961270119,12.661331454069344
2021-04-17 04:27:00,1.5490629694579328,-8.756263237579985,12.645204956031389
2021-04-17 04:28:00,1.539244234974527,-9.315825781827112,11.80725068264333
2021-04-17 04:29:00,1.5293053154768197,-9.498514282345878,12.394803569684635
2021-04-17 04:30:00,1.5192486232702238,-9.528333406642476,12.192885116363781
2021-04-17 04:31:00,1.5090765862106421,-9.090685828853069,12.630172070690561
2021-04-17 04:32:00,1.4987916471006024,-8.725195061699711,12.286192731906743
2021-04-17 04:33:00,1.4883962630896885,-8.649976009715182,12.599039297121939
2021-04-17 04:34:00,1.4778929047355978,-8.821333610545594,12.623053668675045
2021-04-17 04:35:00,1.4672840555700328,-9.084728092453243,12.047053329727566
2021-04-17 04:36:00,1.4565722111852044,-8.650372030368725,12.350785549136088
2021-04-17 04:37:00,1.4457598784561356,-8.71490508636509,12.573313938381695
2021-04-17 04:38:00,1.4348495753268335,-9.049465722123738,11.845244112663046
2021-04-17 04:39:00,1.4238438293920956,-8.976882977743106,12.708084931571776
2021-04-17 04:40:00,1.4127451776750344,-9.218039199977474,11.574272005630649
2021-04-17 04:41:00,1.401556165872537,-9.57761965886779,12.888808038705134
2021-04-17 04:42:00,1.390279347356333,-9.440017522046892,11.84636745790539
2021-04-17 04:43:00,1.3789172829675833,-10.055861681017072,11.971783022451888
2021-04-17 04:44:00,1.3674725396687433,-9.337988117075499,11.851661686498101
2021-04-17 04:45:00,1.3559476903067045,-9.149156656780137,12.584705369685029
2021-04-17 04:46:00,1.3443453128428793,-9.26349657000995,11.696861953005053
2021-04-17 04:47:00,1.3326679894591225,-9.536617167629341,12.66109023591293
2021-04-17 04:48:00,1.3209183059588199,-8.754410702513356,11.879893087884241
2021-04-17 04:49:00,1.3090988511713424,-9.772699068118872,12.442836919454944
2021-04-17 04:50:00,1.2972122159749886,-9.550251902919262,11.279789161526063
2021-04-17 04:51:00,1.2852609929423529,-10.152045014188147,11.951571825983333
2021-04-17 04:52:00,1.273247775313795,-9.016598831983048,11.402770028845627
2021-04-17 04:53:00,1.261175156439988,-8.285071318596051,11.598429107494614
2021-04-17 04:54:00,1.249045729237893,-9.967284405009979,11.15562287712163
2021-04-17 04:55:00,1.2368620852346572,-8.465277115699982,11.963544672218177
2021-04-17 04:56:00,1.2246268138529992,-9.921944281083778,11.149144747737543
2021-04-17 04:57:00,1.2123425022556664,-9.034383669481649,11.130815674262388
2021-04-17 04:58:00,1.2000117337900633,-9.117268812871044,11.39682027057601
2021-04-17 04:59:00,1.187637088276162,-8.690679441568955,12.126667124135963
2021-04-17 05:00:00,1.1752211404064101,-8.988579181205727,12.030618687330271
2021-04-17 05:01:00,1.1627664597076568,-9.571714321273584,12.063792283818888
2021-04-17 05:02:00,1.1502756097178892,-9.598794820885809,11.599357766290314
2021-04-17 05:03:00,1.137751147182954,-9.525564375866114,11.757462022415586
2021-04-17 05:04:00,1.1251956214422538,-9.165149441857878,11.0416323428099
2021-04-17 05:05:00,1.112611573992894,-8.527320314952592,11.751472255285682
2021-04-17 05:06:00,1.1000015374498386,-9.717048069093265,11.480682999730258
2021-04-17 05:07:00,1.0873680352875321,-9.119850507785566,10.609140441033798
2021-04-17 05:08:00,1.0747135809230328,-8.903391763135286,11.553704455942189
2021-04-17 05:09:00,1.062040677140864,-9.521222685301026,11.858583982507133
2021-04-17 05:10:00,1.049351815632832,-9.205003489668623,11.710697513060166
2021-04-17 05:11:00,1.0366494761738583,-8.70840153989325,11.203649105945068
2021-04-17 05:12:00,1.023936125885588,-9.806996394994561,11.931037582198455
2021-04-17 05:13:00,1.0112142192320006,-9.238027711489757,11.133404095463547
2021-04-17 05:14:00,0.9984861964357927,-10.321684481648198,11.172317174386306
2021-04-17 05:15:00,0.9857544840150207,-9.797363362455814,11.605922866853053
2021-04-17 05:16:00,0.9730214930841121,-10.655459569833996,11.423596799468918
2021-04-17 05:17:00,0.9602896195202245,-9.702041521539535,11.61472249448265
2021-04-17 05:18:00,0.9475612431740184,-10.018065764812452,11.019206623583427
2021-04-17 05:19:00,0.9348387271386173,-10.329534976152715,11.218068549482622
2021-04-17 05:20:00,0.9221244174442436,-9.203314177028584,11.650714335399615
2021-04-17 05:21:00,0.9094206422203042,-9.304730157307144,11.806051334172873
2021-04-17 05:22:00,0.8967297113297531,-10.201855356153809,11.301481293557941
2021-04-17 05:23:00,0.8840539158662617,-8.96154169724559,11.576120419763548
2021-04-17 05:24:00,0.8713955273867213,-9.90640367838856,10.742289776892127
2021-04-17 05:25:00,0.8587567975713969,-8.766974776743682,10.939630484903178
2021-04-17 05:26:00,0.8461399577223868,-9.662082087293264,11.024686351142844
2021-04-17 05:27:00,0.8335472180633864,-9.559184116849218,11.364702352635296
2021-04-17 05:28:00,0.820980767464857,-9.877555176496784,11.126350243752212
2021-04-17 05:29:00,0.808442772764578,-9.809192917109835,11.224374304579682
2021-04-17 05:30:00,0.795935378293597,-10.308987071149,11.385271516172981
2021-04-17 05:31:00,0.7834607055865639,-10.285673645497944,11.10486417348558
2021-04-17 05:32:00,0.7710208527181704,-9.281468779709865,11.534257765021014
2021-04-17 05:33:00,0.7586178937330452,-10.369495604841791,11.806652479730385
2021-04-17 05:34:00,0.7462538787000128,-9.729905112195311,10.52594783686649
2021-04-17 05:35:00,0.7339308325073604,-10.07356190293794,11.658219001600314
2021-04-17 05:36:00,0.7216507552967784,-10.117655066269965,11.199905705172508
2021-04-17 05:37:00,0.7094156212067295,-9.516769069594282,10.924852759340489
2021-04-17 05:38:00,0.6972273784387462,-10.502458216672093,11.514506339285138
2021-04-17 05:39:00,0.6850879489175503,-10.452083267589083,10.550384744225985
2021-04-17 05:40:00,0.672999227506482,-9.489368673476731,11.224302314726703
2021-04-17 05:41:00,0.6609630819196294,-10.198160527539525,11.228685263938575
2021-04-17 05:42:00,0.6489813523149109,-10.591240764762096,10.513874782484312
2021-04-17 05:43:00,0.6370558507774848,-9.57126091653578,11.876540215972359
2021-04-17 05:44:00,0.6251883611756691,-9.093894642530993,10.953446055171003
2021-04-17 05:45:00,0.6133806385617491,-9.73531584217766,11.235427997623757
2021-04-17 05:46:00,0.6016344090353445,-10.33682184986116,11.061135731265193
2021-04-17 05:47:00,0.5899513694197517,-10.539612635784133,10.98041518390422
2021-04-17 05:48:00,0.5783331867870731,-10.139660436384185,10.832279412646225
2021-04-17 05:49:00,0.5667814981333686,-10.334623889479417,11.69442270158128
2021-04-17 05:50:00,0.5552979105413733,-10.040888802043135,11.047978666366893
2021-04-17 05:51:00,0.5438840001103183,-10.340146832074266,10.99118500226097
2021-04-17 05:52:00,0.5325413125491925,-10.034114086979212,11.110823584000833
2021-04-17 05:53:00,0.5212713621368932,-9.79127851278121,10.793519814890336
2021-04-17 05:54:00,0.5100756319186499,-10.810415946371432,10.943077565331146
2021-04-17 05:55:00,0.4989555734420304,-10.233742729274848,10.605401139387798
2021-04-17 05:56:00,0.48791260635858563,-11.002030496565325,10.775087101786763
2021-04-17 05:57:00,0.47694811828688777,-9.983838051479111,11.752548502377612
2021-04-17 05:58:00,0.46606346468071164,-9.669291013830584,11.931760551331616
2021-04-17 05:59:00,0.4552599683817664,-8.721762225581893,11.64187406256474
2021-04-17 06:00:00,0.4445389198392127,-8.98355701260389,10.980589660608096
2021-04-17 06:01:00,0.4339015764973842,-10.170225292445963,11.41773669780313
2021-04-17 06:02:00,0.42334916282679935,-10.91447292759651,10.921501692346922
2021-04-17 06:03:00,0.4128828703640657,-10.041621884492418,11.056320742417295
2021-04-17 06:04:00,0.4025038571368075,-10.62439567417428,11.287884258042904
2021-04-17 06:05:00,0.39221324792844825,-10.591190601995692,10.414535855832584
2021-04-17 06:06:00,0.38201213396182404,-10.401782726605216,11.678792317005188
2021-04-17 06:07:00,0.3719015726636949,-9.780700030865,11.62405758737363
2021-04-17 06:08:00,0.36188258803072465,-10.923678089714413,10.81863195226876
2021-04-17 06:09:00,0.35195616999336654,-9.924930319860986,10.406676322612295
2021-04-17 06:10:00,0.34212327453807756,-10.43491437624658,10.6763311723409
2021-04-17 06:11:00,0.332384823969131,-10.22141994348498,10.518783310494639
2021-04-17 06:12:00,0.3227417062018525,-10.460960038600552,11.159283124484997
2021-04-17 06:13:00,0.31319477544118723,-9.825027115972722,11.352615326004514
2021-04-17 06:14:00,0.30374485150843444,-10.420517237532367,10.997005269226586
2021-04-17 06:15:00,0.29439272017742957,-10.4140556956716,10.375509797404627
2021-04-17 06:16:00,0.28513913315915423,-10.817411339210402,11.610512832074264
2021-04-17 06:17:00,0.27598480799271535,-10.76463767130829,10.275861415045592
2021-04-17 06:18:00,0.26693042801659694,-9.35610313879672,10.809376321441187
2021-04-17 06:19:00,0.25797664257407343,-9.996959796437917,10.614063288576608
2021-04-17 06:20:00,0.24912406686951954,-10.237000898161899,11.578798477738047
2021-04-17 06:21:00,0.24037328212029646,-9.131623158185693,10.432545788609582
2021-04-17 06:22:00,0.23172483556587803,-10.158842301076241,10.764612064202755
2021-04-17 06:23:00,0.22317924043560472,-10.498719313898873,10.580689709416992
2021-04-17 06:24:00,0.21473697633296962,-11.157861652684481,10.652404328902714
2021-04-17 06:25:00,0.20639848894138912,-10.218580630147516,11.40578307356656
2021-04-17 06:26:00,0.1981641902640986,-10.420227140254942,11.140567209372895
2021-04-17 06:27:00,0.19003445899573945,-10.918709426371237,10.83997512957715
2021-04-17 06:28:00,0.18200964013434517,-10.027003999767219,11.541567373936546
2021-04-17 06:29:00,0.17409004559852453,-10.25937178947305,11.193618442018003
2021-04-17 06:30:00,0.16627595397572992,-9.887776882176643,12.097818275534648
2021-04-17 06:31:00,0.15856761095181227,-10.815260741575047,11.24015004735524
2021-04-17 06:32:00,0.15096522937437096,-10.36717172307746,10.427955047576907
2021-04-17 06:33:00,0.14346898931509916,-10.247124289060553,11.204497570739246
2021-04-17 06:34:00,0.1360790384239754,-11.033152753122422,9.738195377439952
2021-04-17 06:35:00,0.12879549202817447,-10.122565172498426,11.151758646203378
2021-04-17 06:36:00,0.12161843332300976,-10.774428032334802,11.26998824655025
2021-04-17 06:37:00,0.11454791361776018,-9.925428558006882,10.422581080377343
2021-04-17 06:38:00,0.10758395254892744,-10.710874912122348,10.988595621550218
2021-04-17 06:39:00,0.10072653821955979,-10.530305219490769,10.154839497059058
2021-04-17 06:40:00,0.09397562759972622,-10.148426061267442,11.197261202442203
2021-04-17 06:41:00,0.08733114667853059,-10.973260195651376,10.24040539317274
2021-04-17 06:42:00,0.08079299064229772,-10.456338318765553,10.606077955610976
2021-04-17 06:43:00,0.07436102435160608,-10.631030740154134,10.462009289816018
2021-04-17 06:44:00,0.06803508233542044,-10.670014846829035,10.384226654241166
2021-04-17 06:45:00,0.06181496942913245,-10.325491289568287,10.708940223547055
2021-04-17 06:46:00,0.05570050683857364,-10.855682044579314,10.541242938072308
2021-04-17 06:47:00,0.04969139416431023,-10.886009242634202,10.861262040800375
2021-04-17 06:48:00,0.04378734841301357,-10.564445252954847,10.357357406489712
2021-04-17 06:49:00,0.03798805755638557,-10.990599231233034,10.742400854399786
2021-04-17 06:50:00,0.03229318152397598,-11.518545186003387,10.50980094226986
2021-04-17 06:51:00,0.02670235202765847,-10.25123555219364,10.338231240814007
2021-04-17 06:52:00,0.0212151732086312,-10.128049139422332,11.171411795152661
2021-04-17 06:53:00,0.01583122188338071,-10.569276282440198,10.088616470325
2021-04-17 06:54:00,0.010550047831539233,-10.654242686208114,10.140411573217575
2021-04-17 06:55:00,0.005371174309370064,-10.283583790102822,10.700741996018142
2021-04-17 06:56:00,0.0002940983427318633,-10.375407669581259,10.348972883527953
2021-04-17 06:57:00,-0.00468170897905551,-10.079549555379113,10.378585226382391
2021-04-17 06:58:00,-0.009556801860915343,-10.65066706765719,11.095362846183146
2021-04-17 06:59:00,-0.014331759734912741,-10.282824539256312,10.630692563453314
2021-04-17 07:00:00,-0.019007186596175063,-10.131979710744792,10.533505317932839
2021-04-17 07:01:00,-0.023583710724731644,-10.286230348420268,10.36010171987413
2021-04-17 07:02:00,-0.028061984186353972,-10.714877942320093,11.034659379014101
2021-04-17 07:03:00,-0.03244268261453609,-10.566716503600725,11.348053859501888
2021-04-17 07:04:00,-0.03672650442781911,-10.168186725268782,10.219718171935302
2021-04-17 07:05:00,-0.0409141707694195,-11.007215165550514,10.811076896841966
2021-04-17 07:06:00,-0.04500642475388261,-10.943636604466993,10.529865391943785
2021-04-17 07:07:00,-0.04900403126631514,-11.422496633441177,10.691537841363775
2021-04-17 07:08:00,-0.05290777642224831,-10.047441848910474,10.1352817570478
2021-04-17 07:09:00,-0.05671846697010818,-10.646874245407668,10.674340796573809
2021-04-17 07:10:00,-0.060436930080176254,-10.808120763620435,10.666116386647452
2021-04-17 07:11:00,-0.06406401275117701,-10.38810910275254,9.922230842848556
2021-04-17 07:12:00,-0.06760058122117552,-9.84471730768597,10.683272415821417
2021-04-17 07:13:00,-0.07104752074497211,-11.120457635806241,11.120160597438861
2021-04-17 07:14:00,-0.0744057349081827,-10.68770228981418,10.00265800638783
2021-04-17 07:15:00,-0.07767614521576338,-10.424476726565423,10.310085370572368
2021-04-17 07:16:00,-0.08085969059416764,-10.477404299380265,10.437034406019345
2021-04-17 07:17:00,-0.08395732689325797,-11.208152306521379,10.973061079718804
2021-04-17 07:18:00,-0.08697002642319662,-9.956418786307653,10.485542426758299
2021-04-17 07:19:00,-0.0898987774156571,-11.509625818491127,9.872301180378669
2021-04-17 07:20:00,-0.09274458345879588,-10.91722441078987,9.76684458138017
2021-04-17 07:21:00,-0.09550846314321748,-11.097294367327994,11.038016586582486
2021-04-17 07:22:00,-0.09819144936911262,-10.966840741107266,9.937887455061606
2021-04-17 07:23:00,-0.10079458897815585,-10.303797323842188,10.43157414409064
2021-04-17 07:24:00,-0.10331894217969784,-10.850484361847288,10.961396038496805
2021-04-17 07:25:00,-0.10576558199968267,-10.957892414643627,10.635380076640425
2021-04-17 07:26:00,-0.10813559376399906,-9.979548112118605,10.843949418401385
2021-04-17 07:27:00,-0.11043007464881327,-11.253916922628884,10.57955684425188
2021-04-17 07:28:00,-0.11265013305785887,-10.798506164571029,10.000400442190436
2021-04-17 07:29:00,-0.11479688812117017,-10.564080436632803,9.694462935795512
2021-04-17 07:30:00,-0.11687146919963531,-10.030300237255231,11.130046785397525
2021-04-17 07:31:00,-0.11887501528445876,-10.346637255030446,10.54595809063106
2021-04-17 07:32:00,-0.12080867457314914,-10.422026806877637,10.416123056874845
2021-04-17 07:33:00,-0.12267360375814129,-9.977888985664903,10.236890721522753
2021-04-17 07:34:00,-0.12447096768918409,-10.670379268334687,10.628336637813248
2021-04-17 07:35:00,-0.12620193869799123,-10.371241629942425,10.530270832275377
2021-04-17 07:36:00,-0.12786769608076076,-10.735442594164834,9.850901520965408
2021-04-17 07:37:00,-0.12946942563045538,-10.97869126508913,10.195395437569225
2021-04-17 07:38:00,-0.13100831901875565,-11.042459949608324,10.659835990082625
2021-04-17 07:39:00,-0.1324855732716984,-10.538281477297515,9.95728264088957
2021-04-17 07:40:00,-0.13390239027833517,-10.33681364494164,10.145963304412136
2021-04-17 07:41:00,-0.13525997616531904,-10.061212970844652,10.00577805758444
2021-04-17 07:42:00,-0.13655954090918565,-10.535041005943347,11.563493745237244
2021-04-17 07:43:00,-0.1378022975587102,-11.614753415401406,9.444522728930357
2021-04-17 07:44:00,-0.13898946197879036,-10.16856846579863,10.566915709272836
2021-04-17 07:45:00,-0.14012225208427287,-10.813468036735484,10.384078889367135
2021-04-17 07:46:00,-0.1412018874414992,-10.627799131489894,9.76059200328157
2021-04-17 07:47:00,-0.14222958865467084,-11.075346354399048,9.80369289976658
2021-04-17 07:48:00,-0.14320657691145988,-10.591911461553494,10.052025051091075
2021-04-17 07:49:00,-0.1441340733913985,-10.594344823573275,10.372009428415613
2021-04-17 07:50:00,-0.14501329874349211,-10.479481893306778,9.867956043722796
2021-04-17 07:51:00,-0.14584547259091907,-10.793044966030106,10.27223729060824
2021-04-17 07:52:00,-0.14663181300832318,-10.519939219214896,10.527228183204516
2021-04-17 07:53:00,-0.1473735359461923,-11.510826679591153,10.628782646342067
2021-04-17 07:54:00,-0.14807185478382234,-11.518315034281793,10.566842613672838
2021-04-17 07:55:00,-0.148727979743714,-10.440396528503367,10.963527886761042
2021-04-17 07:56:00,-0.1493431174801203,-10.63795210908982,10.470188723319055
2021-04-17 07:57:00,-0.14991847041392115,-11.42534406932451,10.136855885461967
2021-04-17 07:58:00,-0.15045523640533365,-10.777630097078116,10.385998473611476
2021-04-17 07:59:00,-0.15095460811158468,-10.740494351559178,10.290200394997404
2021-04-17 08:00:00,-0.15141777256111866,-11.053728294413155,10.571776863263775
2021-04-17 08:01:00,-0.15184591062225805,-10.796682494645596,10.424282255982233
2021-04-17 08:02:00,-0.15224019654109489,-10.747259413676133,10.496354586373776
2021-04-17 08:03:00,-0.1526017974512195,-9.968222181175028,10.581576254868976
2021-04-17 08:04:00,-0.15293187285418886,-10.475347473301527,10.861154810844871
2021-04-17 08:05:00,-0.1532315741874679,-10.72407100897462,10.194692072423596
2021-04-17 08:06:00,-0.1535020443433126,-10.8760830228827,10.447358818512612
2021-04-17 08:07:00,-0.1537444171551149,-10.932062182645348,9.96576647632169
2021-04-17 08:08:00,-0.1539598170083777,-11.376098091839156,10.181852624527032
2021-04-17 08:09:00,-0.1541493583120127,-10.533280223650673,10.207474288029708
2021-04-17 08:10:00,-0.1543141450988471,-10.750415008390437,9.870007448763124
2021-04-17 08:11:00,-0.15445527053258368,-10.996337658001371,10.24113326722987
2021-04-17 08:12:00,-0.15457381651532476,-10.63612168318973,10.62195621937331
2021-04-17 08:13:00,-0.15467085320676266,-10.380056533181138,10.883294955244768
2021-04-17 08:14:00,-0.15474743861349538,-11.091409134618127,10.74906743471146
2021-04-17 08:15:00,-0.15480461816446922,-11.065166814055521,10.259122123476528
2021-04-17 08:16:00,-0.15484342429870956,-10.143681741570985,10.989950162976697
2021-04-17 08:17:00,-0.15486487603379373,-11.160313367185168,10.230424571447061
2021-04-17 08:18:00,-0.15486997858172513,-10.615885835211001,10.127479518212377
2021-04-17 08:19:00,-0.15485972293395,-10.691916170655304,10.43134570175087
2021-04-17 08:20:00,-0.154835085483364,-11.017164894287246,10.76248767115999
2021-04-17 08:21:00,-0.15479702762356595,-11.094018646307395,10.744058950983941
2021-04-17 08:22:00,-0.15474649538620178,-10.899486927332429,10.5236819872144
2021-04-17 08:23:00,-0.15468441906053187,-11.025508280013767,10.526157138028253
2021-04-17 08:24:00,-0.15461171282639385,-11.203076345162266,10.439833836072816
2021-04-17 08:25:00,-0.15452927440259057,-11.655869911130239,10.060837016145241
2021-04-17 08:26:00,-0.15443798470081005,-10.927300128311767,10.220505012931563
2021-04-17 08:27:00,-0.15433870747754375,-11.098839786591565,10.765438723755107
2021-04-17 08:28:00,-0.15423228900004782,-9.957136097363435,10.622218083755211
2021-04-17 08:29:00,-0.15411955772412866,-10.96848659693483,10.251723356887766
2021-04-17 08:30:00,-0.15400132397142197,-9.976682354578513,11.294472838453727
2021-04-17 08:31:00,-0.15387837962265083,-11.026737794977233,9.770285318694357
2021-04-17 08:32:00,-0.15375149781145492,-9.730517297302171,10.881356416922015
2021-04-17 08:33:00,-0.15362143262946826,-10.781908864278124,9.2599831543848
2021-04-17 08:34:00,-0.1534889188484635,-11.076665632077473,10.421417709494593
2021-04-17 08:35:00,-0.15335467162911676,-10.960325395947295,10.708199470804498
2021-04-17 08:36:00,-0.15321938626827114,-10.328424243167158,10.033094376574892
2021-04-17 08:37:00,-0.15308373791613505,-10.49742239932481,10.074278556735308
2021-04-17 08:38:00,-0.15294838134840782,-11.048237933727561,10.894953516358262
2021-04-17 08:39:00,-0.15281395070426385,-10.535315889674319,10.302044371375288
2021-04-17 08:40:00,-0.15268105926584108,-10.742489908257081,10.335200205
2021-04-17 08:41:00,-0.15255029921208463,-10.971705413325141,10.571318458520603
2021-04-17 08:42:00,-0.15242224143376837,-10.723108118816437,10.348589374882197
2021-04-17 08:43:00,-0.1522974352889771,-10.364290022630723,10.213025528352025
2021-04-17 08:44:00,-0.15217640842728242,-10.973669125935649,10.350985940792832
2021-04-17 08:45:00,-0.15205966660320203,-9.600041581235526,10.277270339646204
2021-04-17 08:46:00,-0.15194769347238657,-10.450590464251725,10.750913267390082
2021-04-17 08:47:00,-0.15184095043894275,-10.17741081231419,10.589532453063947
2021-04-17 08:48:00,-0.15173987649582088,-10.394704767057176,9.889647190200826
2021-04-17 08:49:00,-0.15164488805713627,-10.776644997890006,10.583988372390133
2021-04-17 08:50:00,-0.15155637883141537,-10.082527176247524,10.547026879395185
2021-04-17 08:51:00,-0.1514747196504035,-9.954259178467346,10.095808203337027
2021-04-17 08:52:00,-0.15140025841801052,-10.672541545387869,9.73531692855214
2021-04-17 08:53:00,-0.151333319907049,-11.711622819179345,9.774897256464119
2021-04-17 08:54:00,-0.1512742057178621,-11.60850892206986,9.9608428705179
2021-04-17 08:55:00,-0.15122319415319263,-10.56621951119318,10.664158038365516
2021-04-17 08:56:00,-0.15118054014612825,-10.477753709442066,11.52402352405329
2021-04-17 08:57:00,-0.15114647516020585,-10.188130824786745,9.938899242068583
2021-04-17 08:58:00,-0.15112120714107735,-10.559978861469427,9.878465260826706
2021-04-17 08:59:00,-0.15110492047193325,-9.928773535037827,10.378413964042965
2021-04-17 09:00:00,-0.15109777589115625,-11.118858713317161,10.30945966627015
2021-04-17 09:01:00,-0.1510999104612425,-10.523978793974097,10.155655975728823
2021-04-17 09:02:00,-0.15111143757985646,-10.45878577058521,10.57956677607218
2021-04-17 09:03:00,-0.15113244689726746,-10.99004319765871,10.17120971756637
2021-04-17 09:04:00,-0.15116300437069163,-11.685789728870196,10.368470775410755
2021-04-17 09:05:00,-0.1512031522011038,-11.300644155432728,9.615128715759187
2021-04-17 09:06:00,-0.15125290891139775,-10.53390485746839,10.021459874677644
2021-04-17 09:07:00,-0.15131226929518427,-10.070410324967115,10.14800050520112
2021-04-17 09:08:00,-0.15138120448813297,-10.72023200686136,10.94917108149074
2021-04-17 09:09:00,-0.1514596620168439,-10.623260525304927,10.279821540712977
2021-04-17 09:10:00,-0.15154756583003126,-10.570247836562881,10.355821459419062
2021-04-17 09:11:00,-0.15164481630912385,-10.815149177841453,10.662026381112963
2021-04-17 09:12:00,-0.151751290433487,-9.974804046994217,10.979985535153794
2021-04-17 09:13:00,-0.15186684177808463,-10.74877003324658,9.71232220121639
2021-04-17 09:14:00,-0.1519913006483422,-11.002678967818033,10.325193051181337
2021-04-17 09:15:00,-0.15212447411153762,-11.070352652864585,10.983024542163914
2021-04-17 09:16:00,-0.15226614620839218,-10.701243061459346,10.269440715919517
2021-04-17 09:17:00,-0.15241607793544076,-11.259837362852666,10.793223062289387
2021-04-17 09:18:00,-0.15257400749598748,-10.640563637294642,10.195325196961576
2021-04-17 09:19:00,-0.15273965032457948,-10.328803355317621,10.489297763082464
2021-04-17 09:20:00,-0.15291269932590146,-10.183612704604325,11.480894872304173
2021-04-17 09:21:00,-0.15309282494723508,-11.166529792251804,10.528109399444826
2021-04-17 09:22:00,-0.1532796753588589,-11.678190573320858,10.837271590536592
2021-04-17 09:23:00,-0.15347287668428722,-11.363421529723638,10.319389433246261
2021-04-17 09:24:00,-0.15367203309258948,-10.012388197956078,10.828669230479127
2021-04-17 09:25:00,-0.15387672701475974,-11.091741034061757,10.11674899561335
2021-04-17 09:26:00,-0.15408651938398688,-10.812511609370762,10.462399892739079
2021-04-17 09:27:00,-0.154300949775247,-11.528824348731115,9.891488568523423
2021-04-17 09:28:00,-0.15451953667145446,-10.698208820798971,10.879042762103047
2021-04-17 09:29:00,-0.1547417776399792,-11.087695739235881,10.163146378091604
2021-04-17 09:30:00,-0.1549671496182986,-10.588227865196146,10.362276171117575
2021-04-17 09:31:00,-0.1551951090791862,-10.772403850932962,10.453709686408631
2021-04-17 09:32:00,-0.15542509234481006,-10.674588617658348,10.124900143615026
2021-04-17 09:33:00,-0.15565651581834616,-10.688781701274412,10.477513464101202
2021-04-17 09:34:00,-0.15588877626551623,-11.021098806228403,10.167564419639989
2021-04-17 09:35:00,-0.15612125103984598,-11.058019883247752,10.033444578074732
2021-04-17 09:36:00,-0.15635329837399925,-10.26954086765641,10.174673321492406
2021-04-17 09:37:00,-0.15658425776265306,-10.127957600947399,9.547206897023921
2021-04-17 09:38:00,-0.15681345010941183,-10.900151526436874,10.38747849686146
2021-04-17 09:39:00,-0.1570401781012336,-10.353979784770564,10.202833773486777
2021-04-17 09:40:00,-0.15726372659536414,-11.27223789541068,9.614503521464659
2021-04-17 09:41:00,-0.15748336276739305,-11.611786206829306,10.287730951468136
2021-04-17 09:42:00,-0.15769833661468646,-10.422525926023459,9.928131672244076
2021-04-17 09:43:00,-0.15790788113809928,-10.599439687805624,10.600360128684962
2021-04-17 09:44:00,-0.15811121281578788,-10.86581846287827,10.513176707625394
2021-04-17 09:45:00,-0.15830753184159496,-10.763633069989217,10.907668396953218
2021-04-17 09:46:00,-0.1584960225122347,-10.021923337851195,10.044623339567963
2021-04-17 09:47:00,-0.1586758536427354,-11.142563115365096,10.111218826646743
2021-04-17 09:48:00,-0.1588461788532407,-10.035713171215232,10.817312277123444
2021-04-17 09:49:00,-0.159006137004171,-10.50026798007643,10.331558132329313
2021-04-17 09:50:00,-0.15915485252489958,-12.236777311839031,10.31793925155438
2021-04-17 09:51:00,-0.15929143586163452,-10.98542729715678,10.815735208681494
2021-04-17 09:52:00,-0.1594149837871769,-10.21506906358248,11.036063201302527
2021-04-17 09:53:00,-0.15952457985582613,-10.570989268738218,10.405209373124269
2021-04-17 09:54:00,-0.15961929484876414,-10.217102642627376,10.527725946942999
2021-04-17 09:55:00,-0.1596981870623081,-10.464519126667303,9.964916607420966
2021-04-17 09:56:00,-0.15976030280874487,-10.927694564132816,10.05201161723389
2021-04-17 09:57:00,-0.1598046768664959,-11.717442873428308,11.420990043566716
2021-04-17 09:58:00,-0.15983033278892345,-10.097919877668412,11.11984364820702
2021-04-17 09:59:00,-0.15983628348115053,-11.13136095041516,11.210596026185527
2021-04-17 10:00:00,-0.15982153146382494,-9.690782566599987,10.110672448425253
2021-04-17 10:01:00,-0.1597850695228712,-10.295508730302533,10.347370196739542
2021-04-17 10:02:00,-0.15972588093162987,-10.809663436636443,10.906006059371936
2021-04-17 10:03:00,-0.15964294007793034,-11.356265291980915,10.278926123266016
2021-04-17 10:04:00,-0.15953521281688166,-10.901257982287163,10.23357777733476
2021-04-17 10:05:00,-0.1594016570010287,-9.73713523179616,10.339007957942519
2021-04-17 10:06:00,-0.15924122280990938,-9.83033875293686,10.623976605764826
2021-04-17 10:07:00,-0.15905285338366282,-11.122532592280193,11.274844016172462
2021-04-17 10:08:00,-0.15883548521645408,-10.084678543745989,11.28366992782026
2021-04-17 10:09:00,-0.15858804859080466,-11.071225709677709,10.269926995366166
2021-04-17 10:10:00,-0.15830946806597035,-10.51901269034662,10.68407229386208
2021-04-17 10:11:00,-0.15799866305304044,-10.723201797898504,10.036411644580264
2021-04-17 10:12:00,-0.15765454814448343,-10.892916431339373,10.505365198655522
2021-04-17 10:13:00,-0.15727603374581678,-10.808556671019392,10.536154095844427
2021-04-17 10:14:00,-0.15686202642279345,-10.81103312756412,9.743137310534008
2021-04-17 10:15:00,-0.15641142953816733,-11.302055600684598,10.559934305845847
2021-04-17 10:16:00,-0.15592314358903858,-10.42408191021255,11.162381159403498
2021-04-17 10:17:00,-0.15539606680161755,-10.602232005494452,10.912462829294379
2021-04-17 10:18:00,-0.15482909563706904,-10.341201759214877,10.826489798260166
2021-04-17 10:19:00,-0.15422112524463794,-10.552936501189512,10.078201198880613
2021-04-17 10:20:00,-0.15357104989381853,-10.396456872350306,11.22861512290375
2021-04-17 10:21:00,-0.15330458173926853,-9.997672888230388,10.60804152837868
2021-04-17 10:22:00,-0.1529937968912799,-10.667576100474625,10.637319743431389
2021-04-17 10:23:00,-0.15263759032465662,-10.742706905955659,9.650224773026512
2021-04-17 10:24:00,-0.1522348580761519,-9.690877639072111,10.60829513341511
2021-04-17 10:25:00,-0.15178449808772843,-10.239341149357108,10.37935925796505
2021-04-17 10:26:00,-0.15128541031453835,-10.303983343131971,10.575083623964918
2021-04-17 10:27:00,-0.1507364975690748,-10.633707732129698,10.188619162309498
2021-04-17 10:28:00,-0.15013666580193308,-10.36998573163475,11.205963407714679
2021-04-17 10:29:00,-0.1494848247527849,-10.962635651829588,10.381805123048965
2021-04-17 10:30:00,-0.14877988835502076,-10.47477611094012,10.213661552441836
2021-04-17 10:31:00,-0.14802077524556356,-10.881300801424409,9.95379881653711
2021-04-17 10:32:00,-0.147206409376323,-9.886881225706203,11.147750483261493
2021-04-17 10:33:00,-0.14633572039497422,-10.254923029246772,10.489685896570254
2021-04-17 10:34:00,-0.14540764414785778,-10.31019324649226,10.874830531777292
2021-04-17 10:35:00,-0.14442112334676838,-11.23004823847511,10.832332714614731
2021-04-17 10:36:00,-0.14337510780893659,-10.7603659330487,10.235709350917706
2021-04-17 10:37:00,-0.14226855519459036,-10.370728506246465,10.667375767975834
2021-04-17 10:38:00,-0.1411004313329296,-10.622605871549164,10.41964551097334
2021-04-17 10:39:00,-0.13986971086419375,-10.87320787329136,10.570293798980925
2021-04-17 10:40:00,-0.13857537752451488,-11.167743795860499,10.398523656826974
2021-04-17 10:41:00,-0.13721642488779684,-10.985648139129113,10.538378867583413
2021-04-17 10:42:00,-0.1357918566557016,-11.08077718275613,10.393294936599581
2021-04-17 10:43:00,-0.13430068726682276,-10.85933252593403,10.7689789066327
2021-04-17 10:44:00,-0.132741942302409,-10.437790903705192,10.413959726985423
2021-04-17 10:45:00,-0.1311146589412977,-10.867511043418634,10.427663571494117
2021-04-17 10:46:00,-0.12941788661692455,-11.076866517192697,10.877342984892719
2021-04-17 10:47:00,-0.12765068724470918,-10.637336934037046,10.384702010911276
2021-04-17 10:48:00,-0.125812135807999,-10.626789297603922,10.924690472972948
2021-04-17 10:49:00,-0.12390132094304063,-10.38877048551809,10.698348959683482
2021-04-17 10:50:00,-0.12191734515098263,-10.921569611083918,9.763334187968777
2021-04-17 10:51:00,-0.11985932544732403,-10.00133437504978,10.377778415277616
2021-04-17 10:52:00,-0.11772639376476679,-10.821134921300361,10.592576468137397
2021-04-17 10:53:00,-0.11551769739593187,-10.777020441046265,11.256460952214827
2021-04-17 10:54:00,-0.11323239943687324,-10.92082709909686,10.680342992335314
2021-04-17 10:55:00,-0.11086967920285817,-11.271616146305634,10.61942226506789
2021-04-17 10:56:00,-0.10842873270380105,-10.558653198458439,11.075618805805457
2021-04-17 10:57:00,-0.10590877312797087,-11.371697941953796,9.657848502901475
2021-04-17 10:58:00,-0.1033090311122844,-11.118795921000627,10.258501645462232
2021-04-17 10:59:00,-0.10062875536486504,-11.19817425539917,11.267599790446718
2021-04-17 11:00:00,-0.09786721287870004,-10.23403301586666,10.324746726022891
2021-04-17 11:01:00,-0.09502368945822037,-10.206533863524456,10.878569380071514
2021-04-17 11:02:00,-0.0920974901808238,-10.68456705463076,9.58611484670544
2021-04-17 11:03:00,-0.08908793964401318,-10.382775572725576,10.357669363406563
2021-04-17 11:04:00,-0.08599438243217428,-11.357572688055834,10.186679894701768
2021-04-17 11:05:00,-0.08281618354387521,-10.856666529465617,10.40836938017467
2021-04-17 11:06:00,-0.07955272873353703,-11.324159646418652,9.943707190060358
2021-04-17 11:07:00,-0.07620342486849063,-10.767207812149005,10.618123873731983
2021-04-17 11:08:00,-0.07276770035393665,-10.229441551248598,10.27357598932507
2021-04-17 11:09:00,-0.06924500536475364,-11.188359422883593,10.58450667232068
2021-04-17 11:10:00,-0.0656348124407361,-10.447723668895305,10.13514487301416
2021-04-17 11:11:00,-0.06193661656093763,-11.379595314373866,10.087261010814878
2021-04-17 11:12:00,-0.05814993560906134,-11.222252659917764,10.35018077016927
2021-04-17 11:13:00,-0.05427431083309331,-10.878438808163272,10.629755144805554
2021-04-17 11:14:00,-0.05030930689918911,-10.970599603590504,10.714520266084113
2021-04-17 11:15:00,-0.046254512438278494,-10.142593587502077,10.176369663113585
2021-04-17 11:16:00,-0.042109540278887914,-10.767197927496671,10.946915773887458
2021-04-17 11:17:00,-0.03787402766147663,-10.586610627843225,10.0522058474613
2021-04-17 11:18:00,-0.033547636788095025,-10.259135178672288,10.311003049405207
2021-04-17 11:19:00,-0.029130054687680595,-10.561881295987387,10.172256506843551
2021-04-17 11:20:00,-0.024620994069986746,-10.604977491533411,10.488144016984016
2021-04-17 11:21:00,-0.02002019297782376,-11.151146637089827,9.32835033505209
2021-04-17 11:22:00,-0.015327415517370269,-10.924345940409683,10.501347322717304
2021-04-17 11:23:00,-0.010542451909790973,-11.319212368727046,10.2287875370446
2021-04-17 11:24:00,-0.005665118786425394,-11.001555711112774,10.286990410343568
2021-04-17 11:25:00,-0.0006952593526675654,-10.776495254996394,10.868487431001938
2021-04-17 11:26:00,0.004367256251310625,-10.834311176579437,9.973465926887538
2021-04-17 11:27:00,0.009522530835756715,-10.972449723940448,11.027670395375686
2021-04-17 11:28:00,0.014770639878039837,-10.832470423567193,10.499345629542743
2021-04-17 11:29:00,0.020111631425815624,-10.444624790865767,11.002064370048572
2021-04-17 11:30:00,0.025545525778633005,-10.44364827737711,9.431425473146914
2021-04-17 11:31:00,0.031072315358260716,-10.789154958921557,10.902906882300217
2021-04-17 11:32:00,0.03669196450770107,-10.107414982538492,11.381443434273642
2021-04-17 11:33:00,0.04240440952259916,-10.34409068222286,10.720212367533563
2021-04-17 11:34:00,0.048209557998974195,-10.590916798615538,10.101037195051743
2021-04-17 11:35:00,0.054107289363830746,-10.791804087572563,10.508648171060118
2021-04-17 11:36:00,0.06009745407345396,-10.125515336676107,11.199933229028309
2021-04-17 11:37:00,0.06617987401449266,-10.436511023135928,10.609470485357344
2021-04-17 11:38:00,0.07235434207130864,-10.419391511928039,10.208134221662162
2021-04-17 11:39:00,0.0786206220454152,-10.461907482526916,10.80578569607228
2021-04-17 11:40:00,0.08497844875691579,-9.960998276489402,11.85325714699955
2021-04-17 11:41:00,0.0914275277271594,-10.743452197571225,10.063969970823761
2021-04-17 11:42:00,0.09796753516223361,-10.34723319796855,11.088649574915786
2021-04-17 11:43:00,0.10459811801361646,-11.643229797422338,11.025445211810766
2021-04-17 11:44:00,0.11131889365518399,-9.715885108994552,10.644355136357586
2021-04-17 11:45:00,0.11812945012880571,-10.359381851362073,10.329716288167317
2021-04-17 11:46:00,0.12502934590421605,-10.477323953794466,10.818977072818043
2021-04-17 11:47:00,0.1320181098776842,-10.39015299604478,10.878493593685862
2021-04-17 11:48:00,0.1390952414074214,-10.314468440942704,11.45672410422881
2021-04-17 11:49:00,0.146260210316632,-10.46148060925363,10.580634489050752
2021-04-17 11:50:00,0.1535124567620536,-10.539244441373802,10.617210818691564
2021-04-17 11:51:00,0.16085139140840693,-10.499087304808965,10.821029929045057
2021-04-17 11:52:00,0.16827639529257732,-10.343201894334486,10.567197753214371
2021-04-17 11:53:00,0.1757868199876786,-10.482988759403638,10.777339969444666
2021-04-17 11:54:00,0.18338198766984626,-10.711054234405188,11.077095619062163
2021-04-17 11:55:00,0.1910611908318861,-10.599506805376572,10.067456715028248
2021-04-17 11:56:00,0.19882369284806878,-10.850396404761389,10.976713204609402
2021-04-17 11:57:00,0.20666872771641565,-9.866301222426538,11.583136776092323
2021-04-17 11:58:00,0.2145955001068759,-11.197990083545385,10.726162509601679
2021-04-17 11:59:00,0.22260318571268145,-10.093536409719977,10.252795753518518
2021-04-17 12:00:00,0.23069093107024868,-9.752754733680522,11.660414580398553
2021-04-17 12:01:00,0.23885785386663927,-10.649909527313884,10.732719368317651
2021-04-17 12:02:00,0.24710304298918673,-10.803446005119056,10.856775827187969
2021-04-17 12:03:00,0.2554255585780471,-10.606708764612426,11.63917660907842
2021-04-17 12:04:00,0.2638244323673337,-11.046119386094517,10.316334734749278
2021-04-17 12:05:00,0.27229866755717425,-10.068413930038751,10.110786728341314
2021-04-17 12:06:00,0.2808472392486782,-10.574598095684621,10.774289494892207
2021-04-17 12:07:00,0.2894690944917002,-10.727395114939187,10.528589031866824
2021-04-17 12:08:00,0.29816315234526325,-10.157946857619166,10.844829727208019
2021-04-17 12:09:00,0.30692830428209616,-10.137572350992466,11.103178310067918
2021-04-17 12:10:00,0.3157634143965702,-10.517879491834066,10.14617119827925
2021-04-17 12:11:00,0.32466731921063224,-10.574650098316342,9.950617103560363
2021-04-17 12:12:00,0.33363882856227167,-10.177134052307872,11.37040647587454
2021-04-17 12:13:00,0.34267672508823455,-9.762252494157012,11.100816512949836
2021-04-17 12:14:00,0.35177976516985554,-9.764976601949174,10.94817686809854
2021-04-17 12:15:00,0.36094667873599284,-10.145137695778423,10.807410051826794
2021-04-17 12:16:00,0.3701761694542729,-10.320814738918088,10.55080983753444
2021-04-17 12:17:00,0.37946691546116884,-9.349357516998284,10.681423051790986
2021-04-17 12:18:00,0.3888175692400281,-9.826609814762012,11.441980966657633
2021-04-17 12:19:00,0.39822675793680007,-10.291055997809808,10.80702650620254
2021-04-17 12:20:00,0.4076930838879744,-10.839399666442539,11.080442868962281
2021-04-17 12:21:00,0.4172151246383652,-10.082723580850088,11.35056942921777
2021-04-17 12:22:00,0.4267914334845909,-10.239531353215263,11.283114630604718
2021-04-17 12:23:00,0.4364205397132276,-10.11962512121942,10.331285237843264
2021-04-17 12:24:00,0.4461009488168327,-10.128668055469833,11.804311200391291
2021-04-17 12:25:00,0.45583114303648714,-10.509278214187782,11.687032588383232
2021-04-17 12:26:00,0.46560958161263793,-10.370820070209993,10.636192981231902
2021-04-17 12:27:00,0.47543470103899016,-10.027009518762194,10.906762358428189
2021-04-17 12:28:00,0.4853049156656966,-10.018057459325465,10.44817150291812
2021-04-17 12:29:00,0.4952186177942697,-10.063505873140874,10.96279788185903
2021-04-17 12:30:00,0.5051741782717136,-9.60794395103285,11.68268478422935
2021-04-17 12:31:00,0.5151699469477772,-9.760652877280252,11.054603157358253
2021-04-17 12:32:00,0.5252042525835683,-9.741778831602579,11.354178641708591
2021-04-17 12:33:00,0.535275403958753,-9.64927257189633,11.035946009285372
2021-04-17 12:34:00,0.5453816897920793,-10.583261554178796,11.306865708908692
2021-04-17 12:35:00,0.5555213792325046,-10.26019617384723,11.220905602317819
2021-04-17 12:36:00,0.565692722505053,-10.17848434658447,10.512306109956278
2021-04-17 12:37:00,0.5758939510563735,-9.298847332808057,11.526217868758332
2021-04-17 12:38:00,0.5861232782475253,-9.69319629239305,11.628404285133096
2021-04-17 12:39:00,0.5963788997089816,-10.063598559527788,10.601301076981285
2021-04-17 12:40:00,0.6066589936734387,-8.977750445673257,10.898586039618067
2021-04-17 12:41:00,0.6169617216755363,-9.816140899680219,10.910601835890088
2021-04-17 12:42:00,0.6272852288911821,-10.302964849720926,10.962186772377144
2021-04-17 12:43:00,0.637627644539913,-10.46562349267797,11.925060264943578
2021-04-17 12:44:00,0.6479870825881231,-9.810772423348345,10.831054246156523
2021-04-17 12:45:00,0.6583616419699732,-10.994313426114058,10.931070556111553
2021-04-17 12:46:00,0.6687494073063537,-9.616714031943726,12.494650654692915
2021-04-17 12:47:00,0.679148449475274,-9.716946406539318,11.23566704157643
2021-04-17 12:48:00,0.6895568255902625,-10.261155679835763,11.507330825923107
2021-04-17 12:49:00,0.6999725803588968,-9.818934361262206,12.137432090917969
2021-04-17 12:50:00,0.7103937456954694,-9.876946880145937,11.286342726100616
2021-04-17 12:51:00,0.7208183420703033,-9.968212247481038,10.852076878074929
2021-04-17 12:52:00,0.7312443784999909,-9.202411844394383,11.600758974258282
2021-04-17 12:53:00,0.7416698532105319,-9.822250504751237,10.790002711621703
2021-04-17 12:54:00,0.7520927542934073,-10.32436241611645,11.916675534626433
2021-04-17 12:55:00,0.7625110602089411,-9.770764262232104,11.478486917741636
2021-04-17 12:56:00,0.7729227401709816,-9.549929339094215,10.978548794680284
2021-04-17 12:57:00,0.7833257550091791,-9.425513999970478,11.654613962413416
2021-04-17 12:58:00,0.7937180573953682,-10.049540590036194,11.305977226362955
2021-04-17 12:59:00,0.8040975926714438,-10.15599572413994,11.562176401780496
2021-04-17 13:00:00,0.8144622993445664,-9.17875113164976,11.528876742591908
2021-04-17 13:01:00,0.8248101095008342,-9.95345703975808,10.627375250267688
2021-04-17 13:02:00,0.8351389495774107,-9.781544331796937,10.923838608659208
2021-04-17 13:03:00,0.8454467410396365,-10.047444570020616,11.394155640132508
2021-04-17 13:04:00,0.855731400455099,-9.91777417797423,12.057240892200117
2021-04-17 13:05:00,0.8659908407330982,-10.08618738137742,11.223313646790727
2021-04-17 13:06:00,0.8762229711910852,-10.019618020394834,11.271388595551382
2021-04-17 13:07:00,0.8864256984696661,-9.399851169576776,11.39119124765136
2021-04-17 13:08:00,0.8965969271080108,-10.192508713631533,10.60802057006153
2021-04-17 13:09:00,0.9067345597183365,-9.542640145684839,11.483735076448337
2021-04-17 13:10:00,0.916836498260843,-9.524858322592754,12.174538454047266
2021-04-17 13:11:00,0.9269006441643972,-9.613658896085742,10.191887721473051
2021-04-17 13:12:00,0.9369248989683726,-9.797475612435258,11.743949725953472
2021-04-17 13:13:00,0.9469071651419363,-9.915055667858013,11.48227497174251
2021-04-17 13:14:00,0.9568453464778002,-9.870311796869673,11.721539467152295
2021-04-17 13:15:00,0.9667373488370199,-9.54840369658201,12.211582434893765
2021-04-17 13:16:00,0.9765810807008176,-9.451359615589151,11.626207723962297
2021-04-17 13:17:00,0.9863744537324306,-10.175218864911031,11.026034885963494
2021-04-17 13:18:00,0.9961153834679893,-9.698147713137313,11.347337881875607
2021-04-17 13:19:00,1.0058017899515899,-9.401732620564603,11.70037513326096
2021-04-17 13:20:00,1.0154315981341222,-9.803825999179217,11.126571567162713
2021-04-17 13:21:00,1.0250027388170992,-9.367259701558812,12.019702742657827
2021-04-17 13:22:00,1.0345131489139003,-10.300142854172025,11.529565418113211
2021-04-17 13:23:00,1.0439607722842537,-10.175283641402542,11.157760911841818
2021-04-17 13:24:00,1.0533435604485946,-9.090182715108712,11.525539062969337
2021-04-17 13:25:00,1.0626594726772205,-9.30944199405679,11.246226677254638
2021-04-17 13:26:00,1.0719064773078428,-9.393484357579043,12.19608659308728
2021-04-17 13:27:00,1.0810825518122753,-9.562434485782411,11.445957351126188
2021-04-17 13:28:00,1.0901856836008927,-9.413692226823466,12.090444097255473
2021-04-17 13:29:00,1.0992138706700505,-9.467486643391043,12.133074918702128
2021-04-17 13:30:00,1.1081651220350197,-9.444984688583896,12.225083796726212
2021-04-17 13:31:00,1.117037458578106,-9.130291032800242,11.550320386256336
2021-04-17 13:32:00,1.1258289134538952,-9.705712838588934,11.72725772725741
2021-04-17 13:33:00,1.1345375326616947,-9.35006370024199,10.667230972414366
2021-04-17 13:34:00,1.1431613758807533,-8.696812176758296,11.491653507774787
2021-04-17 13:35:00,1.1516985167200016,-9.51042399213289,11.175823596138496
2021-04-17 13:36:00,1.1601470436406471,-8.623230209558818,12.052219235579459
2021-04-17 13:37:00,1.1685050603074996,-9.805377940809919,11.958636435391695
2021-04-17 13:38:00,1.1767706862564706,-9.1525009020458,11.831978447275569
2021-04-17 13:39:00,1.1849420574383154,-10.009635368963822,11.956349576906561
2021-04-17 13:40:00,1.1930173269979238,-9.600414660644029,12.125476505502629
2021-04-17 13:41:00,1.2009946653549877,-9.112424814631785,12.081866386798078
2021-04-17 13:42:00,1.2088722614720566,-9.929585706809997,12.570473350377249
2021-04-17 13:43:00,1.2166483226360036,-9.596334607796006,11.71357124582441
2021-04-17 13:44:00,1.2243210756804999,-9.316054672564396,10.921038222915925
2021-04-17 13:45:00,1.2318887673198213,-9.410258639186257,11.541685987713814
2021-04-17 13:46:00,1.2393496643981259,-9.455399794439547,12.048447993376293
2021-04-17 13:47:00,1.2467020549082988,-9.418079898068088,11.684985695667017
2021-04-17 13:48:00,1.2539442482970389,-9.379010097698101,11.59215173533094
2021-04-17 13:49:00,1.2610745758943653,-9.47813004717502,11.154406207727673
2021-04-17 13:50:00,1.268091391740311,-8.997019869628048,11.934734562204936
2021-04-17 13:51:00,1.2749930727724517,-9.681999974977577,12.409155514862276
2021-04-17 13:52:00,1.2817780196617843,-9.604209043888504,11.763017661779221
2021-04-17 13:53:00,1.28844465710787,-9.476692285781015,11.664004374566652
2021-04-17 13:54:00,1.29499143436042,-9.423958589161309,12.388220424634543
2021-04-17 13:55:00,1.301416649025444,-9.149520576498661,10.734405578128571
2021-04-17 13:56:00,1.3077189779869407,-9.900532873612116,11.332232512062948
2021-04-17 13:57:00,1.3138969472929711,-10.182766645436079,11.179138399779266
2021-04-17 13:58:00,1.3199491096993134,-9.086059540851922,11.663037714533957
2021-04-17 13:59:00,1.3258740448478497,-9.519974934463006,12.763345679187099
2021-04-17 14:00:00,1.3316703600214896,-9.805389897166746,11.64804132488549
2021-04-17 14:01:00,1.3373366904384838,-8.40275402835272,12.04217519247404
2021-04-17 14:02:00,1.3428716996932883,-9.408568589069516,11.834700799614746
2021-04-17 14:03:00,1.3482740803015252,-9.454419736163208,12.250801668313118
2021-04-17 14:04:00,1.3535425541268584,-8.523540466943219,12.585342595825047
2021-04-17 14:05:00,1.3586758726514083,-8.615717492360163,12.830842806154402
2021-04-17 14:06:00,1.363672817670044,-9.14501956186426,12.447395514954122
2021-04-17 14:07:00,1.3685322014319738,-8.783033028440968,12.131665820588502
2021-04-17 14:08:00,1.3732528672066762,-8.711106433959834,12.038250034535585
2021-04-17 14:09:00,1.3778336897179246,-9.907792786932315,12.157260422001995
2021-04-17 14:10:00,1.3822735753542001,-9.352048919434475,12.213033707771807
2021-04-17 14:11:00,1.3865714626880232,-9.237446148527216,11.4659912641524
2021-04-17 14:12:00,1.3907263228892868,-9.00135319832836,11.99593082234764
2021-04-17 14:13:00,1.3947371598870282,-8.985864914959686,12.039139342385825
2021-04-17 14:14:00,1.3986030109886154,-8.829674730623337,12.529280054591396
2021-04-17 14:15:00,1.4023229469527674,-8.873920962005517,12.135816684762727
2021-04-17 14:16:00,1.4058960725800915,-8.623113181602218,12.157535793964177
2021-04-17 14:17:00,1.4093215268698829,-9.888664106712817,11.770676382916761
2021-04-17 14:18:00,1.4125984833192753,-8.9735457735675,12.36029869532513
2021-04-17 14:19:00,1.4157261504533596,-8.981829688574646,11.997507830431807
2021-04-17 14:20:00,1.418703771794308,-8.433637602584671,11.97059326431719
2021-04-17 14:21:00,1.4215306264826757,-9.33676275611655,12.082413273753604
2021-04-17 14:22:00,1.424206029299177,-8.696829237807137,11.522918824967267
2021-04-17 14:23:00,1.426729331007067,-9.779854252167771,13.162737517874108
2021-04-17 14:24:00,1.4290999187464097,-9.006859046931222,12.311906282324808
2021-04-17 14:25:00,1.4313172160471224,-8.998263175787436,12.199770811185289
2021-04-17 14:26:00,1.433380683286987,-9.323693146430637,11.9140644334551
2021-04-17 14:27:00,1.4352898177509907,-9.247444478696117,11.685628359350677
2021-04-17 14:28:00,1.4370441539084757,-9.085028277476022,11.668733468871173
2021-04-17 14:29:00,1.4386432636834159,-8.965937760773537,12.488079468619821
2021-04-17 14:30:00,1.440086756590899,-9.269845807764977,12.62622375616379
2021-04-17 14:31:00,1.4413742798721647,-9.60846675376481,12.108265849850925
2021-04-17 14:32:00,1.4425055187204627,-9.310344917218385,12.04433399756596
2021-04-17 14:33:00,1.4434801965192867,-9.577694060914746,12.282818841285684
2021-04-17 14:34:00,1.4442980748459617,-9.292393195166708,11.303151792022968
2021-04-17 14:35:00,1.4449589536784773,-9.232527169041136,11.390052724803677
2021-04-17 14:36:00,1.445462671619346,-8.940163877419138,11.451195837738048
2021-04-17 14:37:00,1.4458091058208025,-9.099473809424683,12.286446892139312
2021-04-17 14:38:00,1.445998172285198,-9.302266588158409,11.118072851593423
2021-04-17 14:39:00,1.4460298258132986,-9.03117451246033,12.958175991068924
2021-04-17 14:40:00,1.4459040602132989,-9.279907637007298,12.518270390171207
2021-04-17 14:41:00,1.4456209082516858,-8.935362102222486,11.609616031289443
2021-04-17 14:42:00,1.445180441790641,-9.424489213697704,12.178156405501868
2021-04-17 14:43:00,1.4445827718792736,-9.036174158021183,12.072854647384933
2021-04-17 14:44:00,1.4438280486637667,-9.074186794748767,12.218480080427472
2021-04-17 14:45:00,1.4429164615744647,-8.852658526943365,12.113639256295626
2021-04-17 14:46:00,1.4418482391566854,-9.039870532245892,12.52183932654137
2021-04-17 14:47:00,1.4406236493062459,-9.075150691623,12.209535315408033
2021-04-17 14:48:00,1.439242999036457,-8.514095887595603,12.331148818104309
2021-04-17 14:49:00,1.4377066345591443,-9.444497179283225,11.627834883235085
2021-04-17 14:50:00,1.4360149413617582,-9.406764852616211,12.054677107415303
2021-04-17 14:51:00,1.4341683439466342,-9.329249330515648,11.433832723889374
2021-04-17 14:52:00,1.4321673059359734,-8.700384527805529,11.721332176831366
2021-04-17 14:53:00,1.4300123299955743,-9.177772349156788,12.85183402803989
2021-04-17 14:54:00,1.4277039576793795,-9.178450927984686,11.688552370493133
2021-04-17 14:55:00,1.4252427694641865,-9.214169375011169,12.194290192823583
2021-04-17 14:56:00,1.4226293844574964,-8.448565902655808,11.918264074629642
2021-04-17 14:57:00,1.419864460529985,-9.320011362718217,11.187123585900652
2021-04-17 14:58:00,1.4169486940039837,-8.38081087577355,11.920456342539772
2021-04-17 14:59:00,1.4138828196307278,-9.82937396457824,12.144257697289017
2021-04-17 15:00:00,1.4106676103646956,-10.310348321277385,11.067698837884103
2021-04-17 15:01:00,1.4073038772993234,-8.678722308522548,12.143778451502435
2021-04-17 15:02:00,1.4037924693730117,-9.068112596334021,11.244896623667227
2021-04-17 15:03:00,1.40013427331245,-9.268715251815545,11.734072874554913
2021-04-17 15:04:00,1.396330213399558,-8.602704816311665,13.143282562919072
2021-04-17 15:05:00,1.392381251259656,-9.321389806263905,12.005924782463207
2021-04-17 15:06:00,1.3882883856030053,-8.351234058694574,12.504231142562864
2021-04-17 15:07:00,1.3840526521177694,-8.628705915614713,12.55237911535059
2021-04-17 15:08:00,1.3796751231298292,-9.406957030853956,11.871366247127005
2021-04-17 15:09:00,1.3751569074307775,-9.05905435454523,12.078872481350592
2021-04-17 15:10:00,1.370499149890673,-9.84216973784736,12.858234276138003
2021-04-17 15:11:00,1.365703031430678,-8.946483255979427,12.010061379366247
2021-04-17 15:12:00,1.3607697684487372,-9.277027684445356,12.144198430099475
2021-04-17 15:13:00,1.3557006127562656,-8.97999415799752,12.167549611481755
2021-04-17 15:14:00,1.3504968512006232,-10.158474908706342,11.45815705059557
2021-04-17 15:15:00,1.3451598052824312,-9.291738713429753,11.648211664316976
2021-04-17 15:16:00,1.3396908309844335,-8.537593743894506,12.078049840564429
2021-04-17 15:17:00,1.33409131826717,-8.755415640054965,12.690372558862189
2021-04-17 15:18:00,1.3283626908739259,-9.501503300003428,11.843194815009765
2021-04-17 15:19:00,1.3225064059182126,-9.380601123188178,11.759364530542166
2021-04-17 15:20:00,1.3165239534245576,-8.717253435670948,11.667807562192499
2021-04-17 15:21:00,1.3104168561989935,-9.228141730122061,11.567905544923807
2021-04-17 15:22:00,1.3041866691380224,-8.507690365302599,12.10320487447674
2021-04-17 15:23:00,1.2978349790654413,-9.136144758057668,11.538272124731238
2021-04-17 15:24:00,1.2913634042415743,-9.55219088694012,11.763919546210984
2021-04-17 15:25:00,1.2847735939615323,-9.12564237446451,11.979658894423881
2021-04-17 15:26:00,1.2780672280644452,-9.770443809941666,12.111664006196715
2021-04-17 15:27:00,1.271246016637981,-9.31708551143924,11.507086938698643
2021-04-17 15:28:00,1.2643116994521133,-9.868797730585102,12.608544800938631
2021-04-17 15:29:00,1.257266045598888,-9.865843821955695,11.748572155867464
2021-04-17 15:30:00,1.2501108529336977,-9.306205563059349,11.70467274016445
2021-04-17 15:31:00,1.2428479476009948,-9.698146512516404,11.486003598160929
2021-04-17 15:32:00,1.235479183805843,-9.454269880768903,12.556875766499783
2021-04-17 15:33:00,1.2280064429290911,-10.273522969656842,11.509083698534843
2021-04-17 15:34:00,1.2204316332657525,-9.080593016091141,12.407367484356133
2021-04-17 15:35:00,1.212756689609046,-9.37058586161379,11.875315705930099
2021-04-17 15:36:00,1.2049835724451705,-8.851704792861852,11.757512897153196
2021-04-17 15:37:00,1.1971142677093998,-9.509423908955474,11.977226631458201
2021-04-17 15:38:00,1.1891507860894026,-9.869103342365214,11.581787351898233
2021-04-17 15:39:00,1.1810951625362969,-9.600653073922901,11.391655276487311
2021-04-17 15:40:00,1.1729494557754807,-9.350670077517753,11.281072403140914
2021-04-17 15:41:00,1.1647157476107801,-9.06956466765925,12.034660131325435
2021-04-17 15:42:00,1.1563961424946643,-9.335318048273082,11.879331965646376
2021-04-17 15:43:00,1.1479927669566008,-9.722661337042199,12.127122643534038
2021-04-17 15:44:00,1.139507768864996,-9.055272872480854,11.571606697088022
2021-04-17 15:45:00,1.1309433171272834,-9.333462071010578,12.271146880516659
2021-04-17 15:46:00,1.1223016008167888,-9.139870537399737,11.2628885513092
2021-04-17 15:47:00,1.1135848286273666,-9.496786694986309,11.542938950289054
2021-04-17 15:48:00,1.1047952285576874,-9.473611025402684,11.526463575213397
2021-04-17 15:49:00,1.0959350468883409,-8.948489987322404,11.021126103644901
2021-04-17 15:50:00,1.0870065478718887,-8.827456163014025,10.774915919633598
2021-04-17 15:51:00,1.0780120129357478,-9.553907651779474,12.296299639772124
2021-04-17 15:52:00,1.0689537400261084,-9.157350249291467,12.399988181823328
2021-04-17 15:53:00,1.0598340433289888,-8.886759574896956,11.858151299015848
2021-04-17 15:54:00,1.0506552520979735,-9.956688876028755,11.192789419600649
2021-04-17 15:55:00,1.0414197103555474,-9.153883993079738,10.66012741462786
2021-04-17 15:56:00,1.0321297762759567,-9.59959024342003,11.448171859482043
2021-04-17 15:57:00,1.0227878212571093,-9.145754139421266,12.151145857656257
2021-04-17 15:58:00,1.0133962295538277,-9.961416204815988,10.767792645444644
2021-04-17 15:59:00,1.003957397419367,-8.811954698863394,10.423643798454158
2021-04-17 16:00:00,0.9944737324700388,-9.927706641947886,12.119116423760525
2021-04-17 16:01:00,0.9849476531436259,-9.505355880579947,12.349550316183326
2021-04-17 16:02:00,0.9753815878468879,-9.580801510376071,11.34120098364069
2021-04-17 16:03:00,0.9657779743516668,-9.008730108460224,11.852764241857235
2021-04-17 16:04:00,0.9561392591921807,-9.338581565866367,11.489506714397914
2021-04-17 16:05:00,0.9464678967694068,-8.613292225625607,11.6577679336653
2021-04-17 16:06:00,0.9367663489454536,-9.390244200030622,11.220728860818438
2021-04-17 16:07:00,0.9270370840968613,-9.802475914543516,11.169068738684555
2021-04-17 16:08:00,0.9172825764174104,-8.922919844060486,11.491829945343442
2021-04-17 16:09:00,0.907505305615504,-9.426288548687875,11.45940598325098
2021-04-17 16:10:00,0.8977077556186883,-8.966007815365744,12.420640890422701
2021-04-17 16:11:00,0.8878924142779511,-9.428191294461449,12.027974636010919
2021-04-17 16:12:00,0.8780617726198159,-9.435151069652724,11.930870759938713
2021-04-17 16:13:00,0.8682183239605987,-9.351411702988644,11.969138135097763
2021-04-17 16:14:00,0.8583645634224581,-8.90450847260826,11.53361251004224
2021-04-17 16:15:00,0.8485029870153811,-10.247139897043096,10.751831965896429
2021-04-17 16:16:00,0.8386360910381623,-9.337503442011075,11.692582397006781
2021-04-17 16:17:00,0.8287663714288857,-9.91167909786588,11.456600933063505
2021-04-17 16:18:00,0.8188963228961541,-9.350334299817014,11.416876341095328
2021-04-17 16:19:00,0.8090284382684245,-9.55431540609898,11.343568570665497
2021-04-17 16:20:00,0.7991652079096327,-9.933880804026973,11.851663446885805
2021-04-17 16:21:00,0.789309118754045,-9.014215252142387,11.353002254910184
2021-04-17 16:22:00,0.7794626538623406,-9.105186147010038,11.635247563597988
2021-04-17 16:23:00,0.7696282915211126,-10.211820050414508,11.532772110625842
2021-04-17 16:24:00,0.759808504463634,-10.377933824663204,10.951914421166574
2021-04-17 16:25:00,0.7500057595877814,-9.443254172868963,11.262861919216686
2021-04-17 16:26:00,0.7402225166390219,-10.267963917030986,11.128879084886037
2021-04-17 16:27:00,0.7304612278960481,-9.341159558385765,11.312117207719186
2021-04-17 16:28:00,0.7207243375545478,-9.592474637744411,11.651494981106215
2021-04-17 16:29:00,0.7110142804978113,-9.812589853045404,12.062817120591369
2021-04-17 16:30:00,0.7013334823035318,-10.459484018993171,10.963664733940345
2021-04-17 16:31:00,0.6916843578617304,-9.932065877364563,11.361503053284492
2021-04-17 16:32:00,0.682069311106229,-9.974749912421077,11.171596486699272
2021-04-17 16:33:00,0.6724907342558797,-10.656728402583424,10.965714245006206
2021-04-17 16:34:00,0.6629510069343125,-9.813417035114698,11.191538340098573
2021-04-17 16:35:00,0.6534524957240284,-9.444981532714834,10.478130517932131
2021-04-17 16:36:00,0.6439975532670575,-10.688963327765881,11.032389445131141
2021-04-17 16:37:00,0.6345885176623186,-10.514962909641872,11.016642908473981
2021-04-17 16:38:00,0.6252277118818492,-9.958971316980485,11.249705176346357
2021-04-17 16:39:00,0.61591744291341,-10.61937024466133,10.905987567491819
2021-04-17 16:40:00,0.6066600011640035,-9.599278562660606,10.905110643584624
2021-04-17 16:41:00,0.5974576598954329,-9.924352845191022,10.926877620774883
2021-04-17 16:42:00,0.5883126743338887,-10.767651584580019,11.310882229477428
2021-04-17 16:43:00,0.5792272812626031,-9.356480711161627,11.009954081403803
2021-04-17 16:44:00,0.5702036981648657,-10.00565700577643,11.168198696432464
2021-04-17 16:45:00,0.5612441225512542,-9.82112727450964,11.487384147357899
2021-04-17 16:46:00,0.55235073167829,-10.017188708926085,11.187878901614946
2021-04-17 16:47:00,0.5435256813568816,-9.786155359862494,10.951627405502185
2021-04-17 16:48:00,0.5347711057030511,-9.03423153758544,11.85661249927328
2021-04-17 16:49:00,0.526089116463677,-10.086637899705334,10.867547961948913
2021-04-17 16:50:00,0.5174818022276539,-10.317869933296794,11.284027376396226
2021-04-17 16:51:00,0.5089512279918177,-9.98245574983374,10.588473100227274
2021-04-17 16:52:00,0.5004994344110861,-9.418958100211531,10.962448519242965
2021-04-17 16:53:00,0.4921284372523323,-9.717936859414513,11.133545135046486
2021-04-17 16:54:00,0.4838402268428679,-9.277232238718474,11.439625931690307
2021-04-17 16:55:00,0.4756367673872742,-10.084005721358265,11.28866896703479
2021-04-17 16:56:00,0.46751999639361447,-10.191980829251435,11.463035117796732
2021-04-17 16:57:00,0.459491824230435,-10.411636570837144,11.049582597563264
2021-04-17 16:58:00,0.4515541333262731,-10.18495997410078,10.785226033127397
2021-04-17 16:59:00,0.44370877785174395,-10.618570680073983,11.359609881117802
2021-04-17 17:00:00,0.4359575830027957,-9.784540790353919,10.945223496866506
2021-04-17 17:01:00,0.42830234438465037,-9.978726572139779,10.133621791201316
2021-04-17 17:02:00,0.4207448278407889,-9.781143200372957,11.744077409540756
2021-04-17 17:03:00,0.41328676841529244,-9.983105987365912,11.061400190582237
2021-04-17 17:04:00,0.4059298702133982,-9.907635899396789,12.571740607621205
2021-04-17 17:05:00,0.39867580575456907,-10.439376349740352,11.306274447262524
2021-04-17 17:06:00,0.3915262154076841,-10.767961453176161,10.702374745548788
2021-04-17 17:07:00,0.38448270711550014,-10.059331958477312,9.837339269572245
2021-04-17 17:08:00,0.37754685554496403,-10.498845930543956,10.577973677726803
2021-04-17 17:09:00,0.3707202019316595,-9.973212522585836,11.453839255008816
2021-04-17 17:10:00,0.3640042535338179,-10.185624283911974,11.367202282875253
2021-04-17 17:11:00,0.3574004830585825,-10.904261999691865,11.201008104806256
2021-04-17 17:12:00,0.3509103282933275,-10.206506654215964,11.122320284744935
2021-04-17 17:13:00,0.3445351917422521,-11.181045032347503,10.534738580277272
2021-04-17 17:14:00,0.33827644005686236,-10.738789551928612,10.201388461139613
2021-04-17 17:15:00,0.3321354037023895,-10.77786233315941,10.41074685204323
2021-04-17 17:16:00,0.32611337652275224,-10.385927357697323,11.334459671508224
2021-04-17 17:17:00,0.3202116153502609,-10.841331756902944,10.618310513878361
2021-04-17 17:18:00,0.31443133961234065,-9.703685092528824,10.696867000397171
2021-04-17 17:19:00,0.3087737309451313,-10.44968833116971,10.865401400582737
2021-04-17 17:20:00,0.3032399328936284,-10.22041294099091,10.976734309318443
2021-04-17 17:21:00,0.29783105044139757,-9.994813780702138,10.363971801883343
2021-04-17 17:22:00,0.2925481496775551,-10.226947931171903,10.588630770794325
2021-04-17 17:23:00,0.287392257661952,-10.932487275893495,10.41334875678495
2021-04-17 17:24:00,0.28236436183432173,-10.228913670115201,11.495833200903645
2021-04-17 17:25:00,0.27746540981798873,-10.046990134813345,10.096257071153646
2021-04-17 17:26:00,0.2726963092091604,-9.592606259603413,11.184259233233524
2021-04-17 17:27:00,0.26805792709239606,-9.779852196367145,11.371300750961892
2021-04-17 17:28:00,0.26355108998141363,-9.767614703593493,9.990817976121269
2021-04-17 17:29:00,0.25917658334667926,-11.520047080805304,10.193593986607246
2021-04-17 17:30:00,0.25493515106662545,-10.480946623261133,10.581028954677738
2021-04-17 17:31:00,0.250827496505303,-9.83001352028945,11.200786681953394
2021-04-17 17:32:00,0.24685428082904182,-10.316085030635227,10.57938104411377
2021-04-17 17:33:00,0.24301612337616973,-10.240419270205877,10.997481887765833
2021-04-17 17:34:00,0.2393136014139766,-9.953924927466238,10.764091869521648
2021-04-17 17:35:00,0.23574724984367254,-9.604791726173868,11.012360758848166
2021-04-17 17:36:00,0.2323175612014704,-10.70193799294608,11.28026056681906
2021-04-17 17:37:00,0.22902498529987572,-10.101989579850306,11.571243846408395
2021-04-17 17:38:00,0.22586992922695093,-10.694663185505924,10.426709268376554
2021-04-17 17:39:00,0.22285275709616556,-10.146575612571727,10.346345615508442
2021-04-17 17:40:00,0.2199737900000196,-9.927579318384394,10.554834597557766
2021-04-17 17:41:00,0.21723330578253047,-10.355563969267056,11.02526671782049
2021-04-17 17:42:00,0.2146315390841273,-11.368208703462194,9.9245690775405
2021-04-17 17:43:00,0.2121686810713191,-10.141260499688418,10.707581330800084
2021-04-17 17:44:00,0.20984487951596173,-10.185322143432966,11.325992278820495
2021-04-17 17:45:00,0.20766023865531597,-10.440584619201344,10.776606902985602
2021-04-17 17:46:00,0.20561481907730197,-10.128196820773486,10.474911356862286
2021-04-17 17:47:00,0.20370863780386408,-10.60779719166172,11.280407998587604
2021-04-17 17:48:00,0.20194166819928044,-10.020399317450847,11.234417037366
2021-04-17 17:49:00,0.20031383988758683,-10.311590072796154,11.05610538985397
2021-04-17 17:50:00,0.1988250388956304,-9.946269218364082,10.467792565458529
2021-04-17 17:51:00,0.19747510749792999,-9.927783039658058,10.895375243373168
2021-04-17 17:52:00,0.19626384439894765,-10.5086789804598,9.999980593827113
2021-04-17 17:53:00,0.19519100460142058,-10.691440896985817,10.69827416585417
2021-04-17 17:54:00,0.19425629962675312,-10.002672287520287,10.848709196984174
2021-04-17 17:55:00,0.19345939745146945,-10.345126897183157,10.58907028615548
2021-04-17 17:56:00,0.19279992259479398,-10.138892513909486,10.618897676058356
2021-04-17 17:57:00,0.19227745622335382,-10.8143351900118,10.746877372582468
2021-04-17 17:58:00,0.19189153633732603,-10.112083608815485,10.167551766355118
2021-04-17 17:59:00,0.19164165770673347,-10.962653691231404,11.200577307847716
2021-04-17 18:00:00,0.19152727212730847,-9.752126789747143,10.077631239596238
2021-04-17 18:01:00,0.19154778849127987,-10.5774497653706,10.856834345614377
2021-04-17 18:02:00,0.19170257303381838,-10.424185534137889,10.221512800540125
2021-04-17 18:03:00,0.19199094931167002,-10.836981898723192,11.41947880997898
2021-04-17 18:04:00,0.1924121985993015,-10.527152690890397,10.800657885098378
2021-04-17 18:05:00,0.19296555993509548,-11.130597672749369,10.879385690679321
2021-04-17 18:06:00,0.19365023033577533,-10.983459635943744,9.878789155964864
2021-04-17 18:07:00,0.19446536503256284,-10.475681098793777,10.70136321211052
2021-04-17 18:08:00,0.195410077712757,-10.770493428376724,9.63415612063396
2021-04-17 18:09:00,0.1964834407724593,-9.988731814472805,10.509069695610624
2021-04-17 18:10:00,0.19768448546212267,-9.972400019000398,10.746511606909564
2021-04-17 18:11:00,0.19901220226104083,-10.866079558747062,11.397843812100662
2021-04-17 18:12:00,0.20046554116285317,-10.427165844875121,10.58933753436684
2021-04-17 18:13:00,0.20204341178776816,-10.510397690819772,11.182967774045927
2021-04-17 18:14:00,0.20374468393329181,-10.49870372686307,11.007998765469383
2021-04-17 18:15:00,0.20556818771665614,-8.837041015985573,10.23737543716215
2021-04-17 18:16:00,0.20751271390269085,-10.16208464818961,11.44542909145604
2021-04-17 18:17:00,0.20957701431847744,-9.792591790390734,11.268185755668085
2021-04-17 18:18:00,0.21175980218120413,-10.1837564634072,11.418218569399844
2021-04-17 18:19:00,0.21405975240456931,-10.343114705631805,10.851485791306727
2021-04-17 18:20:00,0.21647550198633178,-10.239175808890879,11.217487520200146
2021-04-17 18:21:00,0.21900565044365788,-10.196436654932755,11.361974843350374
2021-04-17 18:22:00,0.2216487601132811,-10.247244729668262,10.348483561312426
2021-04-17 18:23:00,0.22440335671515976,-9.894625956150186,10.844456948423836
2021-04-17 18:24:00,0.22726792950857966,-9.98602252459364,10.542489817398444
2021-04-17 18:25:00,0.23024093200357026,-11.10583949161459,11.133866322615756
2021-04-17 18:26:00,0.23332078227125014,-10.479897255554265,10.437571928387325
2021-04-17 18:27:00,0.2365058632579592,-10.77717353619434,10.64140490107867
2021-04-17 18:28:00,0.2397945235299108,-11.044051965205771,11.08706191671842
2021-04-17 18:29:00,0.24318507751551469,-11.16429240864482,10.60074888095584
2021-04-17 18:30:00,0.24667580604724426,-9.454796009365296,10.865297331316702
2021-04-17 18:31:00,0.25026495694838885,-10.488980999197995,11.098800177500342
2021-04-17 18:32:00,0.2539507453243682,-9.86571705597056,10.770405282548401
2021-04-17 18:33:00,0.25773135432184613,-10.512268499074752,10.951479581254757
2021-04-17 18:34:00,0.26160493551804587,-10.306318920688309,10.604596530493906
2021-04-17 18:35:00,0.26556960935742313,-9.706483956541648,10.758073067993006
2021-04-17 18:36:00,0.2696234659505761,-10.7292258431509,10.301840346586678
2021-04-17 18:37:00,0.2737645653181776,-9.884588725579988,10.81574913882484
2021-04-17 18:38:00,0.27799093821911197,-10.031753809976825,10.663062049847518
2021-04-17 18:39:00,0.28230058659666935,-9.971776342849115,11.522260502451537
2021-04-17 18:40:00,0.28669148411900786,-10.407948672266505,10.638471844995403
2021-04-17 18:41:00,0.2911615768020205,-9.772819140521673,10.625497674504297
2021-04-17 18:42:00,0.2957087836923823,-10.49533009862212,10.905811151788873
2021-04-17 18:43:00,0.30033099732316687,-10.036487241200424,10.208069634340882
2021-04-17 18:44:00,0.305026084413035,-9.664823755994636,10.982120536467923
2021-04-17 18:45:00,0.30979188647731515,-10.88131498774575,10.531937710554006
2021-04-17 18:46:00,0.31462622041809024,-10.868213330729446,11.350710400864983
2021-04-17 18:47:00,0.31952687929353263,-10.49228133275114,10.307689487639895
2021-04-17 18:48:00,0.32449163268505526,-9.780758965629039,11.63598457247432
2021-04-17 18:49:00,0.3295182276967984,-10.176919949440812,11.092409909376485
2021-04-17 18:50:00,0.33460438934178754,-10.314201967021425,10.467455468651687
2021-04-17 18:51:00,0.33974782130545905,-9.521466523152078,11.666200570252977
2021-04-17 18:52:00,0.344946206696501,-10.661599969994304,10.2432298816955
2021-04-17 18:53:00,0.3501972085461906,-9.68959009139152,10.50719750671968
2021-04-17 18:54:00,0.35549847070109075,-9.719543849926007,10.634162698983713
2021-04-17 18:55:00,0.360847618336646,-9.845613632304804,11.061993003650878
2021-04-17 18:56:00,0.3662422587285721,-9.684143714439202,11.15089072074835
2021-04-17 18:57:00,0.37167998206238184,-10.35985351468168,10.749286903347658
2021-04-17 18:58:00,0.37715836186488605,-10.25857415426929,10.656688010544835
2021-04-17 18:59:00,0.3826749560709716,-10.456330633184535,11.017051399585975
2021-04-17 19:00:00,0.3882273074739052,-9.308590020594277,10.74156472396332
2021-04-17 19:01:00,0.39381294456516325,-10.312602937453589,11.473406596171396
2021-04-17 19:02:00,0.39942938223130264,-10.49625923663746,10.567711443230419
2021-04-17 19:03:00,0.4050741225786547,-10.582243896780202,10.636856672422299
2021-04-17 19:04:00,0.41074465552218303,-10.605659453682195,11.179714646315825
2021-04-17 19:05:00,0.4164384596456353,-9.016198515018566,10.86401810239659
2021-04-17 19:06:00,0.42215300287917595,-10.474520635540912,10.947029224224341
2021-04-17 19:07:00,0.4278857433400354,-10.046068907011593,10.94322176758278
2021-04-17 19:08:00,0.4336341300741302,-10.394275537342242,10.924074697486535
2021-04-17 19:09:00,0.439395603604153,-9.595420435623298,11.078464039364622
2021-04-17 19:10:00,0.44516759704155795,-10.235440384619231,10.114544362321851
2021-04-17 19:11:00,0.45094753668815335,-10.505526659025723,10.494330610696371
2021-04-17 19:12:00,0.4567328425458858,-9.59767665832493,10.65263211727328
2021-04-17 19:13:00,0.4625209296954865,-9.447371453865781,10.64022675861381
2021-04-17 19:14:00,0.4683092083928512,-10.625151064907225,10.90489828057185
2021-04-17 19:15:00,0.47409508538453926,-10.637346403182903,10.702564117515335
2021-04-17 19:16:00,0.4798759643590781,-10.120917517770202,11.330941943302692
2021-04-17 19:17:00,0.4856492468220778,-9.968661029395369,10.979881019865598
2021-04-17 19:18:00,0.49141233296473796,-9.748385199033828,11.430474402733548
2021-04-17 19:19:00,0.4971626223044364,-9.714483771836806,10.850776030263795
2021-04-17 19:20:00,0.5028975145157297,-10.083656955319158,10.9579783771165
2021-04-17 19:21:00,0.5086144103324037,-9.533826929146642,11.86702291986678
2021-04-17 19:22:00,0.5143107120638606,-10.306808266285449,11.029749200832802
2021-04-17 19:23:00,0.5199838247029014,-9.803216474105998,11.363983171582616
2021-04-17 19:24:00,0.5256311564709579,-10.138232042499567,10.57721794285124
2021-04-17 19:25:00,0.531250119686225,-9.83823381303411,10.586146350577605
2021-04-17 19:26:00,0.5368381315176449,-9.72919321385546,11.033151819993428
2021-04-17 19:27:00,0.5423926149536057,-9.911016666827447,10.912336638680827
2021-04-17 19:28:00,0.5479109991753914,-8.96688668919977,11.230447316770963
2021-04-17 19:29:00,0.5533907208318728,-10.199177996704515,11.927853605262246
2021-04-17 19:30:00,0.5588292243556936,-9.97569026599143,12.02340617796877
2021-04-17 19:31:00,0.5642239631356956,-10.142074518530531,11.416042507996137
2021-04-17 19:32:00,0.5695724000956928,-9.805418143444413,10.009955704594603
2021-04-17 19:33:00,0.5748720083760999,-10.668570829114307,11.460441106284927
2021-04-17 19:34:00,0.5801202723751098,-10.64546771381899,11.721577105761293
2021-04-17 19:35:00,0.5853146882741055,-9.863105955139554,11.33246121484132
2021-04-17 19:36:00,0.5904527649203773,-9.766655720686105,11.833437960143337
2021-04-17 19:37:00,0.5955320246226867,-9.900487549807439,11.525545609472244
2021-04-17 19:38:00,0.6005500037931228,-9.917043423077823,11.019400005663055
2021-04-17 19:39:00,0.6055042538101141,-9.470110440285561,11.523096058561725
2021-04-17 19:40:00,0.6103923417374553,-10.063895725858666,10.361952789147356
2021-04-17 19:41:00,0.6152118510413753,-9.685290014556632,11.402310862006374
2021-04-17 19:42:00,0.6199603824572986,-10.176344180429993,10.786705457255762
2021-04-17 19:43:00,0.6246355545147393,-9.864315312218356,11.782211239659246
2021-04-17 19:44:00,0.6292350045111684,-10.695111632696458,11.61136907631606
2021-04-17 19:45:00,0.6337563891629079,-9.807642624426109,11.463018431483336
2021-04-17 19:46:00,0.6381973851663152,-10.49350468075293,11.099833104333346
2021-04-17 19:47:00,0.6425556902134644,-10.768361835638029,10.488661917097767
2021-04-17 19:48:00,0.6468290235243144,-10.467278240640779,10.901888500745244
2021-04-17 19:49:00,0.651015126560236,-10.079704153376348,11.633376256502034
2021-04-17 19:50:00,0.6551117638250259,-9.943082158419664,11.138064648503613
2021-04-17 19:51:00,0.6591167234016773,-10.317882732020607,10.699717025979306
2021-04-17 19:52:00,0.6630278179212898,-10.601225123097912,11.288218466496732
2021-04-17 19:53:00,0.666842884973939,-9.60866397727343,10.88073994326702
2021-04-17 19:54:00,0.6705597879179964,-9.651062555673027,12.81194818856342
2021-04-17 19:55:00,0.6741764165446997,-10.397580904495209,11.24346234975923
2021-04-17 19:56:00,0.6776906877863909,-9.166261732110016,11.47475092050107
2021-04-17 19:57:00,0.6811005462387321,-9.983000739834752,11.128245448365185
2021-04-17 19:58:00,0.6844039650056915,-9.82056495133375,10.669915238453417
2021-04-17 19:59:00,0.687598946184311,-10.193226495446297,11.502440349800533
2021-04-17 20:00:00,0.6906835215820648,-10.147355555187529,10.686773971087081
2021-04-17 20:01:00,0.6936557533605772,-9.940591643650848,11.520392949296912
2021-04-17 20:02:00,0.6965137345854948,-10.045235350201546,12.2693280121914
2021-04-17 20:03:00,0.6992555898937916,-9.625398001374865,10.859279908878117
2021-04-17 20:04:00,0.7018794761393568,-9.466088581267416,11.333478742720626
2021-04-17 20:05:00,0.7043835828297834,-10.91501023880657,11.133144811600257
2021-04-17 20:06:00,0.7067661329701693,-10.93513194174588,12.287185418791246
2021-04-17 20:07:00,0.7090253833278878,-9.752235574197556,11.14409565004364
2021-04-17 20:08:00,0.711159625316114,-10.088353207196693,11.38634121291388
2021-04-17 20:09:00,0.7131671853284665,-9.74241626031531,10.75392150474592
2021-04-17 20:10:00,0.7150464253773279,-10.174752589346026,11.263501989138833
2021-04-17 20:11:00,0.7167957436275234,-9.795913149319654,11.905950527358113
2021-04-17 20:12:00,0.7184135749422773,-9.104885458635174,10.849455531140833
2021-04-17 20:13:00,0.7198983913586916,-10.861282776873313,11.442050069871541
2021-04-17 20:14:00,0.7212487026413879,-10.669936502775352,10.876694697166412
2021-04-17 20:15:00,0.7224630567524541,-9.991858818149385,10.19123684212571
2021-04-17 20:16:00,0.7235400403764365,-9.573102995330004,11.43758296717943
2021-04-17 20:17:00,0.7244782793613389,-9.579782704547103,11.970190294319202
2021-04-17 20:18:00,0.7252764392037583,-9.91478031557032,11.24555123189114
2021-04-17 20:19:00,0.7259332255106944,-9.409261631836626,12.480724424525949
2021-04-17 20:20:00,0.7264473844351871,-9.592539105631355,11.679422369923792
2021-04-17 20:21:00,0.7268177031127189,-9.538953955072406,11.475721151386193
2021-04-17 20:22:00,0.7270430101093437,-9.480717843392265,10.732787926890012
2021-04-17 20:23:00,0.7271221757784181,-10.345471872712823,11.36667851292525
2021-04-17 20:24:00,0.7270541127195511,-10.356722058851705,10.582643374392696
2021-04-17 20:25:00,0.7268377761290468,-9.466311515753507,12.16898021729118
2021-04-17 20:26:00,0.7264721641914214,-9.885126999386873,11.714179401969693
2021-04-17 20:27:00,0.7259563184442455,-9.18596191313127,11.243444518469875
2021-04-17 20:28:00,0.7252893241222771,-9.408753935358366,11.952448393257528
2021-04-17 20:29:00,0.7244703105069947,-9.816998884281576,11.217692699078006
2021-04-17 20:30:00,0.7234984512462893,-9.252539224463138,11.12473975774007
2021-04-17 20:31:00,0.7223729646784689,-9.39647967703698,11.771759640915088
2021-04-17 20:32:00,0.7210931141251835,-8.417167213106428,11.854948836981885
2021-04-17 20:33:00,0.7196582081858811,-9.733523472261071,11.15129211015821
2021-04-17 20:34:00,0.71806760102274,-10.46716375206231,11.388589894444298
2021-04-17 20:35:00,0.7163206926081932,-9.562895036624196,10.912750092258358
2021-04-17 20:36:00,0.7144169289996889,-10.45807064962874,11.72426156916997
2021-04-17 20:37:00,0.7123558025565114,-10.113053903883527,11.001023775855542
2021-04-17 20:38:00,0.7101368521544091,-10.035428471214223,12.089651375895796
2021-04-17 20:39:00,0.7077596634665331,-9.941283944533254,11.398091602814937
2021-04-17 20:40:00,0.7052238690770696,-10.473847941998127,11.446474214604025
2021-04-17 20:41:00,0.7025291486858611,-9.581759414696025,11.942047464178245
2021-04-17 20:42:00,0.6996752293661932,-10.290269090934139,10.701562500243764
2021-04-17 20:43:00,0.6966618855695963,-9.760109814217499,10.759357055258798
2021-04-17 20:44:00,0.6934889394512369,-9.69446667537585,10.771327883587272
2021-04-17 20:45:00,0.6901562608321705,-10.679956523721879,11.213208721972821
2021-04-17 20:46:00,0.6866637674175202,-9.245119568117834,11.354237295334663
2021-04-17 20:47:00,0.6830114249018685,-9.928442268595862,11.522431898415926
2021-04-17 20:48:00,0.6791992470149099,-9.323700108857699,11.799727344962694
2021-04-17 20:49:00,0.6752272956204335,-10.455732493998845,11.920295729063747
2021-04-17 20:50:00,0.6710956808086961,-9.93627343760905,10.92051577729645
2021-04-17 20:51:00,0.6668045608640837,-10.795813280949176,11.32955645255471
2021-04-17 20:52:00,0.6623541424339388,-10.013197777603114,10.976656138464213
2021-04-17 20:53:00,0.6577446804100859,-9.600294294259005,12.345402851736608
2021-04-17 20:54:00,0.6529764779974385,-10.734045958321301,11.203048758823451
2021-04-17 20:55:00,0.6480498867856328,-9.872834846678959,10.550636523782384
2021-04-17 20:56:00,0.6429653065939993,-10.223442731482656,11.200883148997994
2021-04-17 20:57:00,0.6377231854624065,-10.647377228027977,11.482483133919326
2021-04-17 20:58:00,0.6323240197886564,-10.919069504707991,11.312145666610991
2021-04-17 20:59:00,0.6267683539400061,-10.823774663620789,11.659162768943158
2021-04-17 21:00:00,0.6210567805618954,-9.781177040414288,11.441332600206708
2021-04-17 21:01:00,0.6151899400962264,-9.763428999377393,10.693282030610138
2021-04-17 21:02:00,0.6091685209800293,-9.433666627102443,10.71791820450937
2021-04-17 21:03:00,0.6029932594257392,-10.197377707258395,10.64879486084441
2021-04-17 21:04:00,0.6148974997171951,-10.090814256907843,11.178002779983887
2021-04-17 21:05:00,0.6266495127413286,-10.1102629610398,11.370648243584439
2021-04-17 21:06:00,0.6382501771778392,-10.251074670490421,11.368025072154138
2021-04-17 21:07:00,0.6497004188428595,-10.831716126349082,11.241964924532017
2021-04-17 21:08:00,0.6610012106121173,-10.17768388532674,11.18291741837983
2021-04-17 21:09:00,0.6721535721179035,-9.956913663014795,11.500909779993439
2021-04-17 21:10:00,0.6831585695330187,-9.628877100755059,11.776774363412857
2021-04-17 21:11:00,0.69401731546112,-10.057042358780377,10.760435536341674
2021-04-17 21:12:00,0.704730968558589,-10.398822830075781,11.15183161360781
2021-04-17 21:13:00,0.7153007333992375,-10.536373159684375,11.649281792897732
2021-04-17 21:14:00,0.725727860159715,-9.997203355861307,11.269726317770614
2021-04-17 21:15:00,0.7360136441681107,-10.38771004214647,10.809121695738716
2021-04-17 21:16:00,0.7461594261234747,-10.19819575738683,11.59819903997163
2021-04-17 21:17:00,0.7561665911083755,-10.439396413900102,11.019630563042
2021-04-17 21:18:00,0.7660365687555315,-10.058629134120412,11.606388008606006
2021-04-17 21:19:00,0.7757708328982957,-9.754332347786246,11.226782212784535
2021-04-17 21:20:00,0.7853709008484235,-9.748344704579832,11.638760651687074
2021-04-17 21:21:00,0.7948383335560998,-9.617172628864342,11.265314865954078
2021-04-17 21:22:00,0.8041747347651995,-10.050602625296577,10.743029097381012
2021-04-17 21:23:00,0.8133817509572374,-9.272549436239379,11.615122620705582
2021-04-17 21:24:00,0.8224610708827288,-10.222704263249021,11.51514841210416
2021-04-17 21:25:00,0.8314144250229477,-10.700409920020878,11.295788048578252
2021-04-17 21:26:00,0.8402435853192443,-9.40526279254883,11.428708403865729
2021-04-17 21:27:00,0.848950364726734,-9.193776707342987,11.897942148610714
2021-04-17 21:28:00,0.8575366166709801,-10.480926903407607,11.79580695511177
2021-04-17 21:29:00,0.8660042347287346,-9.220682666227646,12.755965652785823
2021-04-17 21:30:00,0.8743551520607348,-10.360012098750996,11.664302467631268
2021-04-17 21:31:00,0.8825913409107469,-9.588356397546544,11.49946041514143
2021-04-17 21:32:00,0.8907148122799778,-9.78585337477749,12.174024948299543
2021-04-17 21:33:00,0.8987276152840864,-9.429737972158167,11.277014176816351
2021-04-17 21:34:00,0.9066318365440403,-9.039768297884352,11.972205976604888
2021-04-17 21:35:00,0.9144296000532447,-9.504826271711124,11.879306134151195
2021-04-17 21:36:00,0.9221230660653602,-9.1219510475193,11.62782025196048
2021-04-17 21:37:00,0.9297144312279787,-8.775348292232833,11.604752332298043
2021-04-17 21:38:00,0.9372059273610597,-9.68247366913732,11.778860387249402
2021-04-17 21:39:00,0.9445998212681921,-9.287452547163413,11.97285193024613
2021-04-17 21:40:00,0.951898414248068,-9.592922316347593,11.884806993383584
2021-04-17 21:41:00,0.9591040411461876,-9.401398243291265,11.347905367142092
2021-04-17 21:42:00,0.966219070038813,-9.24513657804256,10.552940483311392
2021-04-17 21:43:00,0.9732459015835521,-9.80237525120621,11.73272265451423
2021-04-17 21:44:00,0.9801869682847253,-9.745394846900755,10.830090218861042
2021-04-17 21:45:00,0.9870447340472015,-9.679955387220037,11.219043631000204
2021-04-17 21:46:00,0.9938216933147199,-9.069769296573963,10.964571318577791
2021-04-17 21:47:00,1.0005203706133705,-9.448965032986804,11.182194427468332
2021-04-17 21:48:00,1.0071433198952857,-9.462928572521875,11.6705052119914
2021-04-17 21:49:00,1.0136931236434927,-9.005790158563888,12.182437447838511
2021-04-17 21:50:00,1.020172392607963,-9.21871702285202,11.495733919994636
2021-04-17 21:51:00,1.0265837647137175,-9.791432181612393,11.534328196107092
2021-04-17 21:52:00,1.0329299044613205,-8.918691238253855,12.344528801487094
2021-04-17 21:53:00,1.03921350266066,-9.058552857119672,11.91535903712219
2021-04-17 21:54:00,1.0454372750355971,-10.028072610715952,11.750242549092734
2021-04-17 21:55:00,1.0516039619179092,-9.035395074590912,11.595839500364347
2021-04-17 21:56:00,1.0577163277329724,-10.58181183869262,12.168269557306921
2021-04-17 21:57:00,1.063777159586561,-9.46305024972331,11.12573878457346
2021-04-17 21:58:00,1.0697892673919323,-10.81382714137847,11.811968486417493
2021-04-17 21:59:00,1.075755482332655,-9.495897458584256,12.372738075815851
2021-04-17 22:00:00,1.0816786565518983,-9.813406447093296,11.62783050066928
2021-04-17 22:01:00,1.0875616625006184,-9.132314509657665,11.907011432248316
2021-04-17 22:02:00,1.093407391782254,-9.176838883214488,11.258029556031188
2021-04-17 22:03:00,1.099218754592253,-9.45251470262408,11.455751806965194
2021-04-17 22:04:00,1.1049986791565924,-9.769619745164446,12.440981040963555
2021-04-17 22:05:00,1.11075011048643,-9.399413338159242,12.369939515576023
2021-04-17 22:06:00,1.1164760100338178,-9.449778904588364,11.650484535462228
2021-04-17 22:07:00,1.1221793546298302,-9.806634067370469,11.54819742248637
2021-04-17 22:08:00,1.1278631357791684,-9.440410690622548,11.64972858128935
2021-04-17 22:09:00,1.1335303589505552,-10.743459079354206,11.658563128280854
2021-04-17 22:10:00,1.1391840425904467,-9.52512067222925,12.492089231780012
2021-04-17 22:11:00,1.1448272172965381,-10.092471608146194,11.435182748961617
2021-04-17 22:12:00,1.1504629254821972,-9.864846802076336,11.207850468046244
2021-04-17 22:13:00,1.1560942197364548,-9.02729435976518,11.913846952881425
2021-04-17 22:14:00,1.1617241629212867,-9.460263031594383,11.950672156951251
2021-04-17 22:15:00,1.1673558265243902,-9.4400385247745,12.580652402895483
2021-04-17 22:16:00,1.1729922903086358,-9.48972959248198,11.128134852509302
2021-04-17 22:17:00,1.1786366414651013,-9.590985524970595,11.561973345902798
2021-04-17 22:18:00,1.1842919736242112,-9.933792639365763,12.217367426119592
2021-04-17 22:19:00,1.1899613860080593,-9.31179821167023,12.004236879312291
2021-04-17 22:20:00,1.1956479828093856,-7.932475344000845,10.789472577904155
2021-04-17 22:21:00,1.2013548721036675,-9.260745840812495,12.02769694396372
2021-04-17 22:22:00,1.2070851652007135,-9.871903642099964,11.800681137046253
2021-04-17 22:23:00,1.212841975682354,-9.615449723810501,11.998316535134467
2021-04-17 22:24:00,1.2186284184923877,-9.098906553928922,11.770353846300386
2021-04-17 22:25:00,1.2244476094364454,-8.051833995222022,12.251585540037228
2021-04-17 22:26:00,1.2303026638979344,-8.604349819602751,12.576198296266991
2021-04-17 22:27:00,1.2361966961077906,-8.69976095776111,11.159019896220446
2021-04-17 22:28:00,1.242132818733625,-9.84820189762441,11.639211038012522
2021-04-17 22:29:00,1.2481141412559968,-9.51535075691414,12.056328585375473
2021-04-17 22:30:00,1.254143769909526,-9.417119514091418,11.284119296241093
2021-04-17 22:31:00,1.2602248061683194,-8.873080609889966,12.336356433713894
2021-04-17 22:32:00,1.2663603463577329,-9.48494902998711,11.15667052607099
2021-04-17 22:33:00,1.2725534806900298,-9.489452083727889,12.161801522839683
2021-04-17 22:34:00,1.2788072921575928,-9.563540103207638,11.48003199144359
2021-04-17 22:35:00,1.285124856350011,-8.947796215279638,11.602505056185038
2021-04-17 22:36:00,1.2915092396718575,-9.730689164604941,12.07540077327789
2021-04-17 22:37:00,1.2979634992911528,-9.424310110389076,12.24870038346113
2021-04-17 22:38:00,1.3044906820030628,-9.247679685456664,11.434506463572205
2021-04-17 22:39:00,1.3110938233810931,-8.746969919493495,11.603123554202396
2021-04-17 22:40:00,1.3177759468969654,-9.777549981318458,11.96124662123716
2021-04-17 22:41:00,1.3245400632962325,-8.988552149430873,11.687671001948221
2021-04-17 22:42:00,1.3313891695456173,-9.844748400762969,12.167234165551145
2021-04-17 22:43:00,1.338326248198382,-8.68410493331258,12.223314129694186
2021-04-17 22:44:00,1.3453542663512987,-8.72792445226949,12.033667478996396
2021-04-17 22:45:00,1.3524761750328977,-9.573312141398151,12.266059992273405
2021-04-17 22:46:00,1.3596949083355572,-9.335376187631502,11.629760718590653
2021-04-17 22:47:00,1.367013382599894,-9.118001879534543,11.957338609664909
2021-04-17 22:48:00,1.3744344953294871,-9.386165478635384,11.360156455734666
2021-04-17 22:49:00,1.3819611251614352,-9.802599208579958,12.317351410104903
2021-04-17 22:50:00,1.389596130001272,-8.678463351361582,11.8237321810995
2021-04-17 22:51:00,1.3973423472749134,-9.111331522708634,12.314853196246032
2021-04-17 22:52:00,1.4052025923129112,-9.012408008364247,11.71785565434359
2021-04-17 22:53:00,1.4131796580789668,-8.947241502049373,11.632776825309666
2021-04-17 22:54:00,1.421276314261852,-8.581079198815031,11.237631767935747
2021-04-17 22:55:00,1.429495306364177,-8.595049318474521,13.153980154177964
2021-04-17 22:56:00,1.4378393551310171,-8.963421576440062,11.641678612191274
2021-04-17 22:57:00,1.4463111557565274,-9.43589391747673,13.118397470274385
2021-04-17 22:58:00,1.4549133769475695,-9.375625665449562,11.854695543126706
2021-04-17 22:59:00,1.463648660548103,-9.017657894990755,11.14324123493225
2021-04-17 23:00:00,1.472519620377498,-9.92897301940344,12.15956750950463
2021-04-17 23:01:00,1.4815288418055683,-9.10268534363448,12.734706016779002
2021-04-17 23:02:00,1.490678880942178,-8.763095233190665,12.33344837124595
2021-04-17 23:03:00,1.4999722639370767,-9.138283422179212,11.276596065620469
2021-04-17 23:04:00,1.5094114860461207,-9.223770943443153,13.168213263122542
2021-04-17 23:05:00,1.518999011472554,-8.730017680300229,12.230490347767844
2021-04-17 23:06:00,1.5287372720119152,-9.133569725976137,12.01930531053701
2021-04-17 23:07:00,1.5386286669982159,-9.172965395258418,12.4989213215749
2021-04-17 23:08:00,1.5486755620995907,-9.341426514150664,12.114556785566135
2021-04-17 23:09:00,1.5588802889242181,-8.734492626691585,12.069567685669195
2021-04-17 23:10:00,1.5692451444756634,-8.916285243014595,12.59322353859705
2021-04-17 23:11:00,1.5797723901950171,-8.568892138818324,12.352657769376837
2021-04-17 23:12:00,1.590464251486786,-9.248114454935509,12.878816110143715
2021-04-17 23:13:00,1.6013229172406276,-9.151384072895524,12.621055528876022
2021-04-17 23:14:00,1.6123505388788617,-8.58197639625698,11.722204580024028
2021-04-17 23:15:00,1.6235492300418555,-8.37163911609207,12.803207515225328
2021-04-17 23:16:00,1.6349210658360347,-8.456366673365551,12.12072533364026
2021-04-17 23:17:00,1.6464680822872757,-8.908058444263215,12.128881656615501
2021-04-17 23:18:00,1.6581922757957768,-9.101773175339614,12.177164793812693
2021-04-17 23:19:00,1.6700956024317668,-8.459690955553489,12.802395907143854
2021-04-17 23:20:00,1.682179977641898,-9.80791681604575,13.003119910088907
2021-04-17 23:21:00,1.6944472754069146,-9.066205186549075,12.17771025237954
2021-04-17 23:22:00,1.7068993278327769,-8.024305094015808,12.015668313074773
2021-04-17 23:23:00,1.7195379247776104,-8.749131768605318,12.355476010603148
2021-04-17 23:24:00,1.7323648130562666,-8.378729591559786,12.894431628324204
2021-04-17 23:25:00,1.7453816960778612,-8.699384046290593,12.514356319998258
2021-04-17 23:26:00,1.758590233482403,-8.624974401543152,12.507021099360221
2021-04-17 23:27:00,1.7719920403690217,-8.928273899147952,12.44483884904141
2021-04-17 23:28:00,1.7855886871707671,-8.583285417924708,12.779799033475175
2021-04-17 23:29:00,1.799381698833133,-8.851186637435616,12.713220139036299
2021-04-17 23:30:00,1.813372554695172,-8.853943445582344,12.834047935267913
2021-04-17 23:31:00,1.8275626878830697,-8.295901080605486,11.917230973586172
2021-04-17 23:32:00,1.841953484955224,-8.216561191596973,12.49220245728709
2021-04-17 23:33:00,1.8565462854057557,-8.812609233598087,12.360937145887597
2021-04-17 23:34:00,1.871342381455257,-8.68510538587569,11.154976621085881
2021-04-17 23:35:00,1.8863430174439648,-8.87552003875532,12.369738577121456
2021-04-17 23:36:00,1.901549389630591,-7.888193609738149,12.760435855376237
2021-04-17 23:37:00,1.9169626457910849,-9.065199447291247,12.780233503564848
2021-04-17 23:38:00,1.932583884818774,-9.395646969371715,12.749406544845762
2021-04-17 23:39:00,1.9484141564767057,-8.572729467845619,12.307357184185548
2021-04-17 23:40:00,1.9644544610556431,-8.708338854604332,11.474716236922678
2021-04-17 23:41:00,1.9807057490284339,-8.506568548231476,13.115185168261126
2021-04-17 23:42:00,1.9971689208526424,-8.422142974115783,13.227667964517599
2021-04-17 23:43:00,2.013844826537195,-8.94989286433405,12.838690656648158
2021-04-17 23:44:00,2.0307342656157816,-7.553866139960055,13.338271213432366
2021-04-17 23:45:00,2.047837986630398,-9.116879284156465,12.544280975050947
2021-04-17 23:46:00,2.0651566871155103,-9.023743827111218,12.519876492522718
2021-04-17 23:47:00,2.0826910132377563,-8.327021041054735,12.806120475984258
2021-04-17 23:48:00,2.1004415596782673,-8.169563721591699,12.850755181266589
2021-04-17 23:49:00,2.118408869358989,-8.865047019904665,12.678536314513346
2021-04-17 23:50:00,2.136593433308909,-9.14044918487801,12.645792532869532
2021-04-17 23:51:00,2.1549956905195344,-8.412810283204378,12.221541770832708
2021-04-17 23:52:00,2.173616027727926,-7.732859572674167,13.221341829945729
2021-04-17 23:53:00,2.192454779309964,-8.021455534840388,13.845074919789544
2021-04-17 23:54:00,2.211512227196948,-8.87773565488282,13.775992793305676
2021-04-17 23:55:00,2.2307886006729127,-8.284918677501464,13.182935869255214
2021-04-17 23:56:00,2.2502840763778655,-6.996941659869881,13.309469130141848
2021-04-17 23:57:00,2.269998778150217,-8.518492697022673,13.239704150685094
2021-04-17 23:58:00,2.2899327769922286,-8.589778670955734,12.899443643238854
2021-04-17 23:59:00,2.3100860910292065,-8.28575921506849,12.796496334718663
2021-04-18 00:00:00,2.330458685390024,-7.776681943733358,12.680546091974918
2021-04-18 00:01:00,2.351050472318131,-7.397145016721525,12.952139575983978
2021-04-18 00:02:00,2.37186131107915,-8.606686369624285,12.782461820801307
2021-04-18 00:05:00,2.4356059359701514,-7.781280853914657,13.385442181786287
2021-04-18 00:06:00,2.457290515177169,-8.45613583938089,13.094566911903794
2021-04-18 00:07:00,2.479192648350721,-7.834580965542915,13.409954063346648
2021-04-18 00:08:00,2.501311877426727,-8.483585112269111,12.544157123477635
2021-04-18 00:09:00,2.523647691688092,-8.447397904583529,12.996923382307878
2021-04-18 00:10:00,2.546199527892946,-8.14098195924937,12.482780667931333
2021-04-18 00:11:00,2.5689667702868375,-8.090789859806687,13.472461299231227
2021-04-18 00:12:00,2.591948750889066,-8.528281306613334,13.3838455233041
2021-04-18 00:13:00,2.61514474946891,-7.945300991769735,13.137993249039848
2021-04-18 00:14:00,2.6385539938338827,-8.32169903290596,12.318676789113404
2021-04-18 00:15:00,2.6621756599714357,-7.544108659757274,13.501457157755226
2021-04-18 00:16:00,2.686008872142898,-7.694705819313434,12.642224112433922
2021-04-18 00:17:00,2.7100527031902617,-7.3361767629775105,13.706266478154937
2021-04-18 00:18:00,2.7343061748108437,-7.986841251795885,13.235551854365935
2021-04-18 00:19:00,2.758768257462262,-7.560321722915372,13.45226557092166
2021-04-18 00:20:00,2.783437871095515,-7.204897071133211,14.844569206998909
2021-04-18 00:21:00,2.8083138848618754,-7.256223075978363,13.792328785896498
2021-04-18 00:22:00,2.833395117894021,-8.378852744928338,13.776580339130351
2021-04-18 00:23:00,2.85868033925255,-7.9117850236066305,13.43170211556152
2021-04-18 00:24:00,2.8841682682664587,-6.513319567605687,13.245483594428396
2021-04-18 00:25:00,2.909857574968299,-7.9074241032572,13.56463379508116
2021-04-18 00:26:00,2.9357468803378772,-7.407896557913872,13.55815531459691
2021-04-18 00:27:00,2.9618347565495364,-7.422669559736832,14.076042312435284
2021-04-18 00:28:00,2.988119727512628,-7.017292911091754,12.981574582140858
2021-04-18 00:29:00,3.014600269010046,-7.257219084179062,13.954004790207534
2021-04-18 00:30:00,3.0412748092622786,-8.221898469976136,13.639034571651052
2021-04-18 00:31:00,3.068141729233436,-7.603720691228293,13.24200123702616
2021-04-18 00:32:00,3.095199362930575,-7.925079831653252,13.677200673676602
2021-04-18 00:33:00,3.1224459979669557,-7.565372170705767,13.524162874384654
2021-04-18 00:34:00,3.1498798760516156,-7.891594579396822,14.475248260506266
2021-04-18 00:35:00,3.1774991929721894,-7.121476950026128,13.235962242151913
2021-04-18 00:36:00,3.205302099753102,-7.36202856876838,13.856667091345098
2021-04-18 00:37:00,3.233286702322217,-6.965755258969524,13.839320104536334
2021-04-18 00:38:00,3.261451062723581,-7.4373874792257935,14.351890144922365
2021-04-18 00:39:00,3.2897931991121325,-7.731454655695718,14.026386335312644
2021-04-18 00:40:00,3.3183110863265126,-6.918207897338144,14.516696783783258
2021-04-18 00:41:00,3.3522657574201373,-7.691622194692367,14.092989243153866
2021-04-18 00:42:00,3.386392001491813,-7.601918790724382,14.521520493175041
2021-04-18 00:43:00,3.420687666671003,-6.852443119909623,14.123336073839303
2021-04-18 00:44:00,3.455150560082374,-6.8941701141745515,13.41758809096367
2021-04-18 00:45:00,3.4897784480729954,-5.97184264574076,13.689841015275212
2021-04-18 00:46:00,3.524569057028884,-6.702657641166993,14.104429758083093
2021-04-18 00:47:00,3.559520073858805,-6.853086843723085,13.793913451766079
2021-04-18 00:48:00,3.594629146433294,-6.433652227333771,14.315032270253575
2021-04-18 00:49:00,3.6298938844456607,-6.674002480621773,13.926832740296279
2021-04-18 00:50:00,3.6653118597190137,-7.2476479705823245,13.195271560846331
2021-04-18 00:51:00,3.700880607061177,-6.996243796042584,13.93845345689317
2021-04-18 00:52:00,3.7365976248121693,-6.6086997381682915,14.93230845864329
2021-04-18 00:53:00,3.772460375281227,-7.419183230141365,14.397740288617866
2021-04-18 00:54:00,3.80846628566332,-6.279529891960002,14.427299176454463
2021-04-18 00:55:00,3.8446127487229402,-6.3713798173016825,14.672039869844287
2021-04-18 00:56:00,3.8808971228697513,-7.444520470622118,13.605632997308225
2021-04-18 00:57:00,3.9173167337614427,-7.326064788461932,14.540970367834777
2021-04-18 00:58:00,3.953868873966091,-6.868841070369562,14.685747412135282
2021-04-18 00:59:00,3.9905508045602396,-6.738687333786036,14.660635938355242
2021-04-18 01:00:00,4.027359755221501,-6.971645391607582,13.992361384326486
2021-04-18 01:01:00,4.064292925026523,-6.635564070139894,15.329555931547338
2021-04-18 01:02:00,4.101347483382526,-6.380915241545038,14.964085944530458
2021-04-18 01:03:00,4.138520570563794,-6.729358506853782,13.805475404178054
2021-04-18 01:04:00,4.175809298354234,-6.881266460099879,15.111284498254497
2021-04-18 01:05:00,4.213210751039672,-6.282894905542422,14.994638136651096
2021-04-18 01:06:00,4.250721985827722,-6.24209708588117,14.25634403581922
2021-04-18 01:07:00,4.288340033853043,-6.436675420398313,15.29785722235015
2021-04-18 01:08:00,4.3260619008557955,-7.063474728391002,14.821734134321193
2021-04-18 01:09:00,4.363884567743361,-5.254841593132517,15.334124080537794
2021-04-18 01:10:00,4.401804991584862,-6.0064601069357275,14.595846745127398
2021-04-18 01:11:00,4.43982010649908,-6.105102755742251,15.41439455712888
2021-04-18 01:12:00,4.4779268237723455,-7.035981359937886,14.929582220947632
2021-04-18 01:13:00,4.516122033640588,-6.694770145187212,15.024104757546551
2021-04-18 01:14:00,4.554402604941816,-5.057813446975976,14.359263066700409
2021-04-18 01:15:00,4.592765386970292,-5.950841984336733,14.715650547727751
2021-04-18 01:16:00,4.631207209623883,-5.774748603427834,15.527027938406269
2021-04-18 01:17:00,4.66972488419102,-6.262374613677716,15.434933161765667
2021-04-18 01:18:00,4.708315204546518,-5.6921744323907495,15.334309638492313
2021-04-18 01:19:00,4.746974947673856,-5.324556660873875,15.26259404514433
2021-04-18 01:20:00,4.785700874426817,-5.974210115421785,14.579416433522612
2021-04-18 01:21:00,4.824489730612849,-5.905868556631962,14.669793682915023
2021-04-18 01:22:00,4.86333824746846,-5.840728059011157,15.736764541904476
2021-04-18 01:23:00,4.902243142829598,-6.130207287450399,14.980257944939853
2021-04-18 01:24:00,4.9412011217352845,-5.804303857002148,15.209178605330791
2021-04-18 01:25:00,4.980208877179417,-5.833729842104728,15.39475607974459
2021-04-18 01:26:00,5.019263091177907,-5.591175705893863,15.611427635208216
2021-04-18 01:27:00,5.058360435665295,-4.529785299728376,16.276279934416664
2021-04-18 01:28:00,5.097497572694303,-4.780100160074454,15.704179793031155
2021-04-18 01:29:00,5.136671156117789,-4.669430845303149,15.985960517284552
2021-04-18 01:30:00,5.17587783181158,-4.674935426675296,16.021162302173128
2021-04-18 01:31:00,5.215114238776243,-6.4111827066947376,15.54931977431666
2021-04-18 01:32:00,5.25437701022363,-5.3624164420677145,16.207451602995178
2021-04-18 01:33:00,5.293662773537541,-4.813691858090357,15.141351863326157
2021-04-18 01:34:00,5.332968152354714,-5.675763975770226,16.01811466144172
2021-04-18 01:35:00,5.372289766121506,-4.888984772505148,15.978214572463807
2021-04-18 01:36:00,5.411624232084217,-5.4510836916484635,16.05055814148909
2021-04-18 01:37:00,5.450968165457314,-4.626481402944023,16.23815179440698
2021-04-18 01:38:00,5.490318180225134,-5.4836551370103805,14.495906629624184
2021-04-18 01:39:00,5.529670890419563,-5.030003819201942,16.24399474237981
2021-04-18 01:40:00,5.569022910723542,-4.81096229857063,16.190706119239163
2021-04-18 01:41:00,5.6083708570685955,-5.021597201978819,15.783060998103265
2021-04-18 01:42:00,5.647711348014669,-4.945686083053096,16.218971145907584
2021-04-18 01:43:00,5.68704100504852,-5.103711785458856,15.792578279338807
2021-04-18 01:44:00,5.726356453794692,-4.251603154848238,17.03497291915372
2021-04-18 01:45:00,5.765654324711127,-4.91636049516328,16.732855938019213
2021-04-18 01:46:00,5.804931253785165,-4.633155102637612,16.732801840066337
2021-04-18 01:47:00,5.844183883619694,-4.628656496395462,16.000485584006015
2021-04-18 01:48:00,5.883408864312493,-4.689124714494677,16.198247846132066
2021-04-18 01:49:00,5.922602853598574,-4.401020920860181,17.23283317886601
2021-04-18 01:50:00,5.961762518807256,-4.1095342632480705,16.764212380230315
2021-04-18 01:51:00,6.000884536427481,-4.627905655691743,16.964726824255994
2021-04-18 01:52:00,6.039965594053309,-3.8768424357514926,16.366251281042054
2021-04-18 01:53:00,6.079002390518739,-4.190885975958149,16.915246829453395
2021-04-18 01:54:00,6.11799163675802,-4.83730999298492,17.326842372806382
2021-04-18 01:55:00,6.156930056834727,-4.115632818698138,16.789784933017714
2021-04-18 01:56:00,6.195814388700578,-3.934224209462696,17.12034198803541
2021-04-18 01:57:00,6.234641384745096,-4.524023201491096,16.731381130595796
2021-04-18 01:58:00,6.273407812925622,-4.787353521138366,16.9663524239685
2021-04-18 01:59:00,6.312110457247202,-3.2400280412871325,17.37900295048863
2021-04-18 02:00:00,6.350746118763025,-4.372914906998942,17.277966059156967
2021-04-18 02:01:00,6.389311616362346,-3.9350438249978508,16.89026529298171
2021-04-18 02:02:00,6.427803787174546,-3.7132770961952533,17.001900813022722
2021-04-18 02:03:00,6.466219487814807,-4.57883209865531,17.523689951377364
2021-04-18 02:04:00,6.504555595059582,-4.500041273292225,16.568612245857597
2021-04-18 02:05:00,6.542809005989697,-4.4314920182254225,17.398417291253924
2021-04-18 02:06:00,6.580976639773684,-4.005644252221185,16.41206656872772
2021-04-18 02:07:00,6.619055437387796,-3.984742641750275,16.796148449782986
2021-04-18 02:08:00,6.657042362995544,-3.8168195082757714,16.54403114045132
2021-04-18 02:09:00,6.694934404667727,-3.1872180732963145,16.786719113274607
2021-04-18 02:10:00,6.732728574398736,-3.25545988286501,17.63007433361687
2021-04-18 02:11:00,6.77042190988538,-3.929342462408492,17.721024710206695
2021-04-18 02:12:00,6.808011474369517,-3.631647378038652,17.24053509089855
2021-04-18 02:13:00,6.8454943576234335,-3.414159976067365,17.615015216148272
2021-04-18 02:14:00,6.88286767676299,-3.1960278242902214,17.993883206021433
2021-04-18 02:15:00,6.920128576690612,-3.5600179548573596,18.340240103530178
2021-04-18 02:16:00,6.9572742309435185,-3.743007506112404,16.79352309381781
2021-04-18 02:17:00,6.994301842368193,-4.051223438103794,17.6489660625412
2021-04-18 02:18:00,7.031208643539241,-3.5232399259335687,17.503513689379023
2021-04-18 02:19:00,7.06799189769791,-3.1780667282561277,17.069931767155754
2021-04-18 02:20:00,7.104648899118088,-3.243307362939033,18.11192895418909
2021-04-18 02:21:00,7.1411769740236375,-3.513102619488826,17.625329242254537
2021-04-18 02:22:00,7.1775734809684035,-3.6740676963000993,17.737949011898976
2021-04-18 02:23:00,7.213835811472097,-3.5210176289977713,18.830328970519023
2021-04-18 02:24:00,7.249961390668636,-2.9594298953395715,17.381300778244018
2021-04-18 02:25:00,7.285947678195036,-3.128806996808714,17.373415363788467
2021-04-18 02:26:00,7.32179216786574,-3.012841657839946,17.61884178547842
2021-04-18 02:27:00,7.357492389514895,-2.8941683017936586,18.169214983382968
2021-04-18 02:28:00,7.393045908292316,-4.0616592617942695,17.42131193594633
2021-04-18 02:29:00,7.428450326236377,-2.584000015870061,18.35166403017464
2021-04-18 02:30:00,7.46370328217785,-3.4511698555753827,17.962406786744406
2021-04-18 02:31:00,7.498802452421219,-3.5528026494657103,18.088804974734998
2021-04-18 02:32:00,7.533745551443912,-2.2822763231796546,17.906151426009576
2021-04-18 02:33:00,7.568530332178702,-2.500294498205226,18.74941621912584
2021-04-18 02:34:00,7.603154586527432,-2.66601113711558,18.362649417598032
2021-04-18 02:35:00,7.63761614608516,-3.0836909646973254,18.198443678863185
2021-04-18 02:36:00,7.671912882171556,-2.847512826102013,19.01175452124829
2021-04-18 02:37:00,7.706042706786072,-2.3702058519517286,17.772110279179977
2021-04-18 02:38:00,7.740003572712871,-3.060922481920919,18.490898709187608
2021-04-18 02:39:00,7.773793474037403,-2.924259208391353,18.326390815798426
2021-04-18 02:40:00,7.807410446581914,-2.79842458381899,18.62352997741212
2021-04-18 02:41:00,7.8408525685750075,-2.229456395723237,18.50450940424373
2021-04-18 02:42:00,7.874117960398146,-2.4832818333889026,17.890786995200887
2021-04-18 02:43:00,7.9072047858035885,-2.2785612914548947,19.11574562091906
2021-04-18 02:44:00,7.9401112514944305,-2.5139447712030307,18.084711466359852
2021-04-18 02:45:00,7.972835608169866,-1.5514272802165066,17.75869962020884
2021-04-18 02:46:00,8.005376150532742,-2.498281808147615,18.60934680172055
2021-04-18 02:47:00,8.037731217450965,-2.3419030130066734,18.208245555009945
2021-04-18 02:48:00,8.069899192778184,-2.9070862752612783,18.208637343002806
2021-04-18 02:49:00,8.10187850534982,-2.440630945775412,18.807817091786397
2021-04-18 02:50:00,8.133667629167928,-2.4497758810340535,18.87748309182515
2021-04-18 02:51:00,8.16526508408199,-1.7826649738317581,18.583324138874687
2021-04-18 02:52:00,8.196669435705918,-3.3142156435466177,18.34240296257545
2021-04-18 02:53:00,8.22787929587987,-2.168110597336219,18.977217568079336
2021-04-18 02:54:00,8.258893322864562,-2.178133922846204,18.179365575367616
2021-04-18 02:55:00,8.289710221533943,-2.0969038786150414,19.13368481822131
2021-04-18 02:56:00,8.320328743749192,-2.5907158330067404,19.766500315829145
2021-04-18 02:57:00,8.350747688397458,-1.4722171122603938,18.951832200013666
2021-04-18 02:58:00,8.38096590164932,-2.3286279021335763,19.328808282706895
2021-04-18 02:59:00,8.41098227728673,-2.3998916886254955,19.32823551781869
2021-04-18 03:00:00,8.440795756564313,-2.2278904487154336,19.15163780336207
2021-04-18 03:01:00,8.470405328719156,-2.495281880793794,19.12123777699308
2021-04-18 03:02:00,8.49981003097409,-2.6065025653114007,19.661607554895948
2021-04-18 03:03:00,8.529008948481575,-2.430054110566218,19.344572047322124
2021-04-18 03:04:00,8.558001214853462,-2.122218871149356,19.60506174029095
2021-04-18 03:05:00,8.586786011796523,-2.241073964038154,19.493555370526238
2021-04-18 03:06:00,8.615362569709474,-1.7699932282295485,19.13982427488967
2021-04-18 03:07:00,8.643730167333796,-2.311555186625036,19.06742777731737
2021-04-18 03:08:00,8.67188813204396,-2.21415724301993,18.710175397565607
2021-04-18 03:09:00,8.699835839836464,-1.8418601142536233,18.750126362932075
2021-04-18 03:10:00,8.72757271548054,-1.40461867349372,18.683240057938185
2021-04-18 03:11:00,8.755098232305805,-1.9638721027231794,19.52121220196036
2021-04-18 03:12:00,8.782411912524722,-1.8427468543318082,20.56252862534052
2021-04-18 03:13:00,8.80951332700216,-2.279086261606474,19.6730907277286
2021-04-18 03:14:00,8.836402095322251,-1.4731740234697293,18.69775501419728
2021-04-18 03:15:00,8.863077885833777,-1.6416827306779662,20.24587955057435
2021-04-18 03:16:00,8.889540415498152,-2.0934716014343175,19.310909575939753
2021-04-18 03:17:00,8.915789449888576,-1.3493742025047002,18.370312702557612
2021-04-18 03:18:00,8.941824803194343,-2.7728601876117547,19.302008487525985
2021-04-18 03:19:00,8.967646337972372,-1.8229813705543794,19.90969512140266
2021-04-18 03:20:00,8.993253965351721,-1.5428749930317118,19.16456502646034
2021-04-18 03:21:00,9.018647644520648,-1.40720738408834,20.479248307110524
2021-04-18 03:22:00,9.043827383065892,-1.6984238044731481,19.559269454448785
2021-04-18 03:23:00,9.068793236488462,-1.5670274234144228,19.61671531511825
2021-04-18 03:24:00,9.093545308262184,-1.362788949539744,19.686809211745796
2021-04-18 03:25:00,9.118083749578727,-1.0404356301744329,20.351721622735994
2021-04-18 03:26:00,9.142408759283885,-1.5173325663080734,19.517071941495562
2021-04-18 03:27:00,9.166520583616398,-1.9384224740365987,19.984859473788116
2021-04-18 03:28:00,9.190419516025933,-1.5445124305300826,19.23656289942258
2021-04-18 03:29:00,9.214105897017863,-1.2463393636865514,19.521014959810117
2021-04-18 03:30:00,9.23758011393758,-1.6683308015022016,19.407479032270555
2021-04-18 03:31:00,9.260842600663969,-1.6877445899153296,20.27682350716752
2021-04-18 03:32:00,9.283893837486474,-1.652123865365914,20.764574099456592
2021-04-18 03:33:00,9.306734350739422,-1.1715524178872938,19.859718209018038
2021-04-18 03:34:00,9.329364712680926,-1.1391321264087464,20.782738256715916
2021-04-18 03:35:00,9.351785541036909,-1.5672901685125387,19.482320960027625
2021-04-18 03:36:00,9.37399749889343,-1.5317847400628233,19.611959035705574
2021-04-18 03:37:00,9.396001294309553,-1.4902460257059884,19.814677757977087
2021-04-18 03:38:00,9.417797679993482,-1.2378877388693434,20.396480613882833
2021-04-18 03:39:00,9.439387452991486,-0.9751024376066395,19.597958579882548
2021-04-18 03:40:00,9.460771454477529,-1.23904656768946,19.812259115687464
2021-04-18 03:41:00,9.481950569205088,-0.8139565208546007,20.16712945567436
2021-04-18 03:42:00,9.502925725275913,-0.8215283476481239,20.222395119721575
2021-04-18 03:43:00,9.52369789379601,-0.6523900544220678,21.376288951884618
2021-04-18 03:44:00,9.544268088447447,-0.8685458119139684,20.603974524367676
2021-04-18 03:45:00,9.564637365088675,-0.6792325895711878,20.302545207813218
2021-04-18 03:46:00,9.584806821431348,-1.0221379811386935,20.210220915444033
2021-04-18 03:47:00,9.604777596527947,-1.166215940457631,20.918580860390062
2021-04-18 03:48:00,9.624550870490816,-0.7233946398310446,19.85487718404181
2021-04-18 03:49:00,9.64412786390597,-1.5070293448282537,19.609693763353153
2021-04-18 03:50:00,9.663509837550064,-0.20735409128422724,20.65527065993524
2021-04-18 03:51:00,9.682698091846571,-0.81591158814938,20.40901948024231
2021-04-18 03:52:00,9.701693966393151,-0.8027963576605438,20.38592561623933
2021-04-18 03:53:00,9.720498839605128,-1.2694061088201822,19.95594662614659
2021-04-18 03:54:00,9.739114128150979,-0.4785085818980625,20.022863509182837
2021-04-18 03:55:00,9.75754128640058,-0.8540017037157915,20.051914298533113
2021-04-18 03:56:00,9.775781806186416,-1.1103822408353177,20.12632107602946
2021-04-18 03:57:00,9.793837215933511,-0.8517857370518641,20.767905711415153
2021-04-18 03:58:00,9.811709080549859,-0.9878331306693403,21.230276687105373
2021-04-18 03:59:00,9.82939900052025,-0.8408439461243151,20.823351169009154
2021-04-18 04:00:00,9.846908611643714,-0.4848336849084097,20.88725227575589
2021-04-18 04:01:00,9.864239584443212,-0.837261645205551,20.395060113960824
2021-04-18 04:02:00,9.881393623521351,-0.5426221743230303,20.810275761548258
2021-04-18 04:03:00,9.898372467072313,-0.7552944015838062,20.0042030246287
2021-04-18 04:04:00,9.915177886394371,-0.052858163063458335,20.914155150835846
2021-04-18 04:05:00,9.931811685175534,0.06224862103287815,20.119655237781092
2021-04-18 04:06:00,9.948275699041554,-0.9266502985438579,20.06739210970246
2021-04-18 04:07:00,9.964571794890787,-0.34686600864012695,21.13368832917861
2021-04-18 04:08:00,9.980701870332055,-0.45419307251479835,21.94090417429001
2021-04-18 04:09:00,9.996667853132795,-0.2234557338825669,20.54008942289773
2021-04-18 04:10:00,10.01247170056279,-0.9131331445034624,20.277676420289776
2021-04-18 04:11:00,10.028115398674855,-0.8476298754856031,20.649425580803985
2021-04-18 04:12:00,10.04360096206354,-1.6613364720162962,21.32560937634161
2021-04-18 04:13:00,10.058930432684747,-0.3820728369817542,20.616517384589073
2021-04-18 04:14:00,10.074105879809725,-0.6364600665030897,20.282364420601734
2021-04-18 04:15:00,10.05302656259345,-0.23815906221353067,20.935683264714424
2021-04-18 04:16:00,10.031797438608807,-0.7658628406275375,19.885023623171907
2021-04-18 04:17:00,10.010420654448897,-0.6908004877793847,20.98224781966337
2021-04-18 04:18:00,9.9888983808972,-0.4269153122916005,20.542170526768537
2021-04-18 04:19:00,9.967232812669815,-0.49209245450496863,20.55195776105028
2021-04-18 04:20:00,9.945426167677736,-0.5745340244254002,20.860950660053348
2021-04-18 04:21:00,9.923480686221668,-0.5065466415053921,20.600846498213347
2021-04-18 04:22:00,9.901398630536033,-0.33050599373524625,20.86870385180785
2021-04-18 04:23:00,9.87918228391045,-0.45530048079851754,21.143815607867325
2021-04-18 04:24:00,9.85683395011364,-1.0847964492157156,20.09565034305261
2021-04-18 04:25:00,9.8343559527969,-1.4421723988609276,19.976376435625493
2021-04-18 04:26:00,9.811750634626675,0.16489921421102444,20.139546074300927
2021-04-18 04:27:00,9.789020356691514,-0.6739989313773673,20.372270355586277
2021-04-18 04:28:00,9.766167497911233,-0.9744484688665206,20.069830256648242
2021-04-18 04:29:00,9.74319445411666,-0.5478517125001672,20.690979253797778
2021-04-18 04:30:00,9.7201036376132,-1.2167423245484006,19.77221987525826
2021-04-18 04:31:00,9.696897476290705,-0.9244147351820445,21.035787761548075
2021-04-18 04:32:00,9.673578412849842,-1.1165151348767353,19.95150855994129
2021-04-18 04:33:00,9.65014890457694,-1.1554282802022404,20.170167776596532
2021-04-18 04:34:00,9.626611421892616,-0.5706626053514897,20.719863693607472
2021-04-18 04:35:00,9.602968448464436,-1.1520496399363997,20.314321341265128
2021-04-18 04:36:00,9.579222479747017,-0.7636238448303418,20.559185374163064
2021-04-18 04:37:00,9.555376022757681,-0.6851064210083019,20.040840952169418
2021-04-18 04:38:00,9.531431595297795,-1.3703030984561648,20.046928148712805
2021-04-18 04:39:00,9.50739172506336,-1.0168049053169927,19.578300877038146
2021-04-18 04:40:00,9.483258949052974,-1.5711024180681246,19.705313640184883
2021-04-18 04:41:00,9.459035812950125,-0.5611333895804107,20.13027027197875
2021-04-18 04:42:00,9.434724870175616,-1.6729334765537618,19.797129171224917
2021-04-18 04:43:00,9.410328681451494,-0.8099121861350594,20.734302154050766
2021-04-18 04:44:00,9.385849813855826,-0.4023154083569367,20.115236460253527
2021-04-18 04:45:00,9.36129084019696,-0.4861258453910066,19.718648803240423
2021-04-18 04:46:00,9.336654338436304,-0.43280316791967377,19.96720567574096
2021-04-18 04:47:00,9.31194289079598,-0.8542357538657377,20.1561623111414
2021-04-18 04:48:00,9.287159082964779,-1.6683498587870027,19.497116352430172
2021-04-18 04:49:00,9.262305503915197,-0.9386595277288653,20.031219228756697
2021-04-18 04:50:00,9.237384744387972,-1.7736877918802818,20.45507729089099
2021-04-18 04:51:00,9.212399397051684,-0.7120790003738413,19.90404645931692
2021-04-18 04:52:00,9.187352055168088,-0.8121485894075061,20.301163550875028
2021-04-18 04:53:00,9.162245311955704,-2.569192508565368,20.94022064986741
2021-04-18 04:54:00,9.137081760499115,-1.671232575598365,20.183568352420178
2021-04-18 04:55:00,9.111863992156769,-1.789335370599446,19.7113859341455
2021-04-18 04:56:00,9.086594596521122,-2.0161402656909657,20.140896156157115
2021-04-18 04:57:00,9.061276160584184,-2.1764492149168766,19.421559295478996
2021-04-18 04:58:00,9.035911267865073,-2.136714689126701,20.10130950734007
2021-04-18 04:59:00,9.01050249801109,-1.7182999202667462,18.424404901339777
2021-04-18 05:00:00,8.985052425844557,-1.9781472934494786,19.66959789452907
2021-04-18 05:01:00,8.959563620849025,-1.948961926406043,19.011083784088065
2021-04-18 05:02:00,8.934038646573137,-1.273706709592683,19.52492244396143
2021-04-18 05:03:00,8.908480059730758,-0.9441744463787248,19.765255035074798
2021-04-18 05:04:00,8.882890409704558,-1.8208816596118056,20.129215336720357
2021-04-18 05:05:00,8.857272237947157,-1.7950838709570176,18.78932768121513
2021-04-18 05:06:00,8.831628077107338,-1.3709551500394137,19.933621716263193
2021-04-18 05:07:00,8.805960450648255,-1.6052654278857887,18.80486754114918
2021-04-18 05:08:00,8.780271872032083,-1.0288463576761484,19.45052735472316
2021-04-18 05:09:00,8.754564843908073,-1.0964388365670334,20.380572663264857
2021-04-18 05:10:00,8.728841858148627,-2.500744716768747,19.073969831051308
2021-04-18 05:11:00,8.703105394347551,-1.4023782369411615,19.25274708101961
2021-04-18 05:12:00,8.677357919808092,-2.1479308381053763,18.600337906420673
2021-04-18 05:13:00,8.651601888812202,-2.651613095798823,19.019522746736683
2021-04-18 05:14:00,8.625839741764993,-2.2506505451622765,18.610145977538703
2021-04-18 05:15:00,8.600073905001729,-1.8285344690734109,18.896786400933113
2021-04-18 05:16:00,8.574306789788869,-2.0903096141798643,19.105862630207415
2021-04-18 05:17:00,8.548540791913465,-1.6401369742584495,19.85437185294143
2021-04-18 05:18:00,8.52277829128586,-2.7712274166479807,19.387814565339404
2021-04-18 05:19:00,8.497021650953997,-2.5464065965496485,19.409661786871307
2021-04-18 05:20:00,8.471273216947292,-1.7083985897702902,20.771068321241415
2021-04-18 05:21:00,8.445535317426627,-2.24509635103568,18.550163295386604
2021-04-18 05:22:00,8.41981026223936,-1.8819115202718464,19.951890202983325
2021-04-18 05:23:00,8.394100342479145,-1.586982982991121,19.31942982424214
2021-04-18 05:24:00,8.368407829749033,-2.2812454250077168,19.075440427227452
2021-04-18 05:25:00,8.342734975590856,-2.212763942483536,20.12285811527451
2021-04-18 05:26:00,8.317084011491266,-1.7775045315436013,19.078930217380194
2021-04-18 05:27:00,8.291457147489437,-2.492259781789611,19.44221530477776
2021-04-18 05:28:00,8.265856572640269,-2.6823292353612453,18.6624986145747
2021-04-18 05:29:00,8.240284453643255,-2.365137319509586,18.396761427226785
2021-04-18 05:30:00,8.214742934829543,-2.9500351064057044,18.539701250235474
2021-04-18 05:31:00,8.189234137871757,-3.429047183903976,18.36323217646339
2021-04-18 05:32:00,8.163760160679608,-2.2840736068664587,18.997653528906127
2021-04-18 05:33:00,8.138323077424722,-2.7565870529080683,17.77252525715422
2021-04-18 05:34:00,8.112924938049199,-2.479819643389888,19.923198498510054
2021-04-18 05:35:00,8.087567767605515,-1.9883958306346372,18.490704374375056
2021-04-18 05:36:00,8.062253566052595,-2.067071573854814,19.159536475527133
2021-04-18 05:37:00,8.036984307665872,-2.2937312327755977,18.746012017072633
2021-04-18 05:38:00,8.011761940601216,-1.5885747573577391,18.636719885093623
2021-04-18 05:39:00,7.986588386783352,-2.339938642937998,19.51582178223569
2021-04-18 05:40:00,7.961465541096238,-2.5166961579582914,18.7373840319216
2021-04-18 05:41:00,7.936395271192088,-2.1640501778321335,19.15522094898567
2021-04-18 05:42:00,7.911379417311745,-3.1876055849584737,18.723311917437563
2021-04-18 05:43:00,7.886419791477851,-3.010403052442078,18.96746985203877
2021-04-18 05:44:00,7.861518177558142,-2.2256106670801485,18.83665783061619
2021-04-18 05:45:00,7.836676330691979,-2.466039777019515,17.98174213283068
2021-04-18 05:46:00,7.811895976824507,-2.1587319230113904,18.645165554424945
2021-04-18 05:47:00,7.787178812956349,-2.7382466687497713,18.42937283282257
2021-04-18 05:48:00,7.762526505982938,-2.635119144134387,18.03816378331488
2021-04-18 05:49:00,7.737940693076309,-3.315786119854819,17.69288632073828
2021-04-18 05:50:00,7.71342298114395,-3.0562797154873227,18.095676509329486
2021-04-18 05:51:00,7.688974946459601,-2.6350299108309825,18.490233512886054
2021-04-18 05:52:00,7.6645981345584895,-2.664624310466025,18.706824759294477
2021-04-18 05:53:00,7.640294059849552,-2.290076154603895,18.86754192902674
2021-04-18 05:54:00,7.616064205334678,-3.46447575841518,19.061667653791876
2021-04-18 05:55:00,7.591910022561431,-2.2397237445643876,18.420249424163867
2021-04-18 05:56:00,7.567832931204787,-2.389391069142724,18.09477713632557
2021-04-18 05:57:00,7.54383431883661,-2.7195924660888466,17.021680181689984
2021-04-18 05:58:00,7.519915540910231,-2.812476944393577,17.406265102461706
2021-04-18 05:59:00,7.4960779203385215,-3.1231877881583854,18.700072863706964
2021-04-18 06:00:00,7.472322747475485,-3.016598290524077,17.704466591448934
2021-04-18 06:01:00,7.448651279878136,-3.362784241898147,17.78308233382056
2021-04-18 06:02:00,7.425064741869847,-3.7295040136308457,17.83690708837573
2021-04-18 06:03:00,7.4015643251510825,-2.193524478716303,18.444147864064075
2021-04-18 06:04:00,7.378151187586625,-3.3043024501966034,17.829250983860707
2021-04-18 06:05:00,7.3548264541217065,-2.530921264534884,17.834283731749075
2021-04-18 06:06:00,7.331591215818435,-3.7401247837372673,17.759097555082878
2021-04-18 06:07:00,7.308446530263197,-3.789829544456859,17.71160654051908
2021-04-18 06:08:00,7.285393421333332,-3.5474937778080617,18.04335785040004
2021-04-18 06:09:00,7.262432878960168,-2.6578421907263126,17.97968975500268
2021-04-18 06:10:00,7.239565859246915,-2.6549157134414467,18.114097808341675
2021-04-18 06:11:00,7.2167932843678795,-3.51968715230051,18.126749234809587
2021-04-18 06:12:00,7.194116042316898,-2.3900916818422306,17.927366107936137
2021-04-18 06:13:00,7.171534987246905,-3.5888105694793486,17.50544954283358
2021-04-18 06:14:00,7.149050938992263,-2.967559998432918,18.08047845915097
2021-04-18 06:15:00,7.126664683364672,-3.558957703929802,17.095205651217466
2021-04-18 06:16:00,7.104376972049808,-2.7971244498787304,17.765857253842242
2021-04-18 06:17:00,7.0821885226232695,-4.236729913608827,16.93547344605862
2021-04-18 06:18:00,7.060100018314082,-3.4615250092830294,17.848535046527502
2021-04-18 06:19:00,7.038112108574982,-3.5516625922576495,17.625654981820094
2021-04-18 06:20:00,7.0162254085738445,-3.305558461228102,17.160970293501414
2021-04-18 06:21:00,6.994440499553781,-2.7730933239471582,17.466563026829867
2021-04-18 06:22:00,6.972757928711895,-3.5469703556024745,17.14150764358409
2021-04-18 06:23:00,6.951178209276012,-2.733615723618687,17.710515270427905
2021-04-18 06:24:00,6.929701820885157,-4.160710025733015,17.617935838085263
2021-04-18 06:25:00,6.908329209188695,-3.650002974382587,17.855972998887573
2021-04-18 06:26:00,6.887060786222467,-3.8752186530904136,16.96767668928443
2021-04-18 06:27:00,6.865896930649945,-3.6056277973853548,16.865425456586575
2021-04-18 06:28:00,6.844837987498876,-3.6539142195147774,18.150903434704677
2021-04-18 06:29:00,6.823884268633701,-3.716068385966312,17.132308283137686
2021-04-18 06:30:00,6.8030360527143445,-4.4134842387096995,16.838685128588644
2021-04-18 06:31:00,6.782293585393868,-4.112225135716859,17.479196226025156
2021-04-18 06:32:00,6.761657079519854,-3.64918142944792,17.300044137574194
2021-04-18 06:33:00,6.741126715164024,-4.17539131629458,17.003753763412973
2021-04-18 06:34:00,6.720702639976345,-4.3307672154036325,17.651356170786926
2021-04-18 06:35:00,6.700384969309829,-3.806476271197887,17.580438703857745
2021-04-18 06:36:00,6.680173786282264,-4.176761597713987,17.213320870006104
2021-04-18 06:37:00,6.66006914230624,-4.209053142281908,16.95212126106779
2021-04-18 06:38:00,6.6400710569442865,-4.58398459592398,17.1674661018785
2021-04-18 06:39:00,6.620179518289147,-4.461644922328524,16.874151671894936
2021-04-18 06:40:00,6.600394483401248,-3.7653877558109903,17.189059096771334
2021-04-18 06:41:00,6.58071587818063,-4.527360422628314,16.91100055902732
2021-04-18 06:42:00,6.561143597849983,-3.2794157164154143,17.075012143662512
2021-04-18 06:43:00,6.541677507234989,-4.959632384599161,16.981664677014308
2021-04-18 06:44:00,6.52231744094927,-4.277433409652255,17.27056149687235
2021-04-18 06:45:00,6.503063203719419,-4.436625127113055,16.065397867265148
2021-04-18 06:46:00,6.4839145706895405,-4.209936754364986,16.288842641514012
2021-04-18 06:47:00,6.464871287601868,-5.163416322810433,16.298561095333223
2021-04-18 06:48:00,6.445933071385356,-3.3480526672549185,16.46609377061535
2021-04-18 06:49:00,6.427099610114569,-4.182717340581973,16.72189755932198
2021-04-18 06:50:00,6.408370563617684,-4.203592850832569,16.86798853491965
2021-04-18 06:51:00,6.389745563706953,-3.79259420578458,17.108698894237932
2021-04-18 06:52:00,6.37122421444852,-4.589378056513322,16.456692188381602
2021-04-18 06:53:00,6.352806092659148,-4.520136929127634,16.420367925597127
2021-04-18 06:54:00,6.33449074819132,-3.766568089543008,16.33351332395336
2021-04-18 06:55:00,6.316277704206523,-4.438657452319528,18.110809259980265
2021-04-18 06:56:00,6.298166457823164,-4.129842671673851,16.986656715747138
2021-04-18 06:57:00,6.280156480039471,-4.0634047558594775,17.00040272984903
2021-04-18 06:58:00,6.262247216718306,-4.364299718984415,16.834829244453235
2021-04-18 06:59:00,6.244438088426494,-4.953776811875978,16.423510353344017
2021-04-18 07:00:00,6.226728491104436,-5.233008037759454,17.620524582420376
2021-04-18 07:01:00,6.209117796557328,-5.114980374074256,16.931426674869723
2021-04-18 07:02:00,6.191605352635635,-4.628915994503839,16.712857236782707
2021-04-18 07:03:00,6.174190483788196,-3.7667346751947446,16.48107805224246
2021-04-18 07:04:00,6.156872491515564,-4.805010915284539,16.100665748914807
2021-04-18 07:05:00,6.139650654753977,-4.249035898609335,16.40631130641185
2021-04-18 07:06:00,6.122524230333902,-4.310424579342701,16.928721787161017
2021-04-18 07:07:00,6.105492453359146,-4.461786639088412,16.497963073781072
2021-04-18 07:08:00,6.088554537786605,-4.271986213599368,17.100550165207164
2021-04-18 07:09:00,6.071709676776735,-5.123458830382337,16.272874296328094
2021-04-18 07:10:00,6.054957043227365,-4.405271231452084,17.12092479239676
2021-04-18 07:11:00,6.038295790117056,-4.348230898744108,17.073413363909314
2021-04-18 07:12:00,6.021725051207755,-5.019361948497085,16.962468514350107
2021-04-18 07:13:00,6.00524394124465,-4.329528804454779,17.304401606638066
2021-04-18 07:14:00,5.988851556642131,-5.000949295699895,16.326817053802053
2021-04-18 07:15:00,5.972546975911107,-5.135877342337421,17.140505721578158
2021-04-18 07:16:00,5.956329260098815,-4.070281122321403,16.55273736067631
2021-04-18 07:17:00,5.940197453354325,-4.45226290758832,15.979289584873117
2021-04-18 07:18:00,5.924150583369896,-4.126060105762634,16.723991232041556
2021-04-18 07:19:00,5.908187661952661,-4.757643116692001,16.609140724602074
2021-04-18 07:20:00,5.892307685476164,-4.393419401388424,15.863705335591513
2021-04-18 07:21:00,5.876509635345833,-4.73291385024395,16.34124441492512
2021-04-18 07:22:00,5.860792478686807,-4.340040019304423,15.899260877689338
2021-04-18 07:23:00,5.8451551686184136,-5.184147336218104,15.608183461692754
2021-04-18 07:24:00,5.829596644977568,-4.454600585220187,16.725607283927822
2021-04-18 07:25:00,5.814115834718267,-4.5185829117851055,16.171274419471654
2021-04-18 07:26:00,5.798711652514648,-5.150619946237881,16.981240606016364
2021-04-18 07:27:00,5.78338300119053,-5.325744286913024,16.31985387656634
2021-04-18 07:28:00,5.76812877234218,-4.709111182834724,16.647282355602577
2021-04-18 07:29:00,5.752947846839552,-4.7258216354580656,15.536426778571421
2021-04-18 07:30:00,5.737839095340005,-4.778356392079987,16.199106146145876
2021-04-18 07:31:00,5.722801378808444,-4.776196045401502,16.701480734750962
2021-04-18 07:32:00,5.707833549087393,-4.359486992091786,16.418079559308726
2021-04-18 07:33:00,5.692934449455556,-5.106686706425204,16.42223320085142
2021-04-18 07:34:00,5.678102915074999,-5.425539777484812,15.989959147384187
2021-04-18 07:35:00,5.663337773636524,-4.442286678247092,16.352150356565808
2021-04-18 07:36:00,5.648637845814161,-5.27989036643866,16.287738389978344
2021-04-18 07:37:00,5.634001945815795,-5.0980049682197475,16.538319849772208
2021-04-18 07:38:00,5.619428881996995,-4.210766327200746,16.68782420952028
2021-04-18 07:39:00,5.604917457295929,-5.328686626773479,17.26378081312945
2021-04-18 07:40:00,5.590466469858255,-5.487367953391198,16.001965676068785
2021-04-18 07:41:00,5.576074713523683,-4.620376526125717,16.144342350179066
2021-04-18 07:42:00,5.561740978348249,-5.429227253645867,16.269275099949287
2021-04-18 07:43:00,5.547464051251666,-5.192605993268989,16.27319306057273
2021-04-18 07:44:00,5.5332427164068365,-5.087910402839024,16.364609449731795
2021-04-18 07:45:00,5.519075755847481,-5.001189161674609,16.55113911495632
2021-04-18 07:46:00,5.504961950064926,-5.372147113997646,15.891489073293224
2021-04-18 07:47:00,5.490900078398445,-4.650799269134497,15.064166313281065
2021-04-18 07:48:00,5.4768889197023425,-4.808151534809545,16.137443350965007
2021-04-18 07:49:00,5.462927252783096,-4.860424144673088,15.68428706601215
2021-04-18 07:50:00,5.449013831272369,-5.904057724589492,16.299159167852732
2021-04-18 07:51:00,5.435147461266315,-4.486984922930096,15.946589781981345
2021-04-18 07:52:00,5.42132692469562,-5.751523465198681,14.913123565577822
2021-04-18 07:53:00,5.407551005593791,-5.223977971059942,15.594254519475882
2021-04-18 07:54:00,5.393818490602415,-5.433959166947182,15.715423568590154
2021-04-18 07:55:00,5.380128169478995,-5.085977585407291,15.882286045659143
2021-04-18 07:56:00,5.3664788355884365,-5.354571887578694,16.340065016177782
2021-04-18 07:57:00,5.352869286491531,-5.37040485984382,15.716957385838693
2021-04-18 07:58:00,5.339298324345539,-5.044866749494163,15.139008570428228
2021-04-18 07:59:00,5.325764756476595,-5.144405012326588,17.102104827489427
2021-04-18 08:00:00,5.312267395878215,-4.73221157719564,15.791115665493255
2021-04-18 08:01:00,5.298805061658126,-5.280852947412248,16.18999467909858
2021-04-18 08:02:00,5.285376579571173,-5.379541637481744,15.785539795129743
2021-04-18 08:03:00,5.271980782502411,-5.013448055812303,15.965971353340793
2021-04-18 08:04:00,5.258616510940805,-4.4849201787188795,15.85241834067572
2021-04-18 08:05:00,5.245282613448889,-5.112817217853749,15.967357609792277
2021-04-18 08:06:00,5.231977947134399,-5.15434465092132,15.44531776444712
2021-04-18 08:07:00,5.218701378163956,-4.954147903370671,15.700416978957925
2021-04-18 08:08:00,5.205451782154272,-5.705047394524084,15.97242741313684
2021-04-18 08:09:00,5.192228044689784,-5.774607160035017,15.705947692108674
2021-04-18 08:10:00,5.179029061746177,-5.008650679159196,15.67168131760163
2021-04-18 08:11:00,5.165853740151921,-5.577737276920184,15.838643305187091
2021-04-18 08:12:00,5.152700998012105,-5.151114458755864,16.09925927208078
2021-04-18 08:13:00,5.139569765160455,-5.311344579738847,16.330113080964583
2021-04-18 08:14:00,5.126458983595071,-4.889519490823381,16.092730150890752
2021-04-18 08:15:00,5.113367607886571,-5.084508450342558,15.77507230622777
2021-04-18 08:16:00,5.1002946055925635,-6.056466820877352,15.629471290547418
2021-04-18 08:17:00,5.08723895769967,-5.584553346841518,15.39615480762377
2021-04-18 08:18:00,5.074199658992246,-5.477520991522911,15.53676525724845
2021-04-18 08:19:00,5.06117571848194,-5.9399575891255525,15.459219096224292
2021-04-18 08:20:00,5.0481661597733085,-4.836048949774201,16.248369859013092
2021-04-18 08:21:00,5.035170021474462,-5.430093892396494,15.605836878300913
2021-04-18 08:22:00,5.022186357553162,-6.028515671638577,16.142568670446387
2021-04-18 08:23:00,5.009214237720187,-5.907325465543166,14.590884702292307
2021-04-18 08:24:00,4.996252747797569,-5.454379428333126,16.196003312837636
2021-04-18 08:25:00,4.983300990062381,-5.463858348060675,14.710781260537765
2021-04-18 08:26:00,4.97035808360394,-5.607167783996132,15.448922896958015
2021-04-18 08:27:00,4.957423164669433,-5.646039017468749,15.176151368933299
2021-04-18 08:28:00,4.94449538698739,-5.758570719059214,15.752242410883943
2021-04-18 08:29:00,4.9315739221040475,-5.755770783017532,14.899746827664446
2021-04-18 08:30:00,4.918657959698694,-5.8517765915211015,14.72313178339421
2021-04-18 08:31:00,4.905746707888002,-6.376116793686263,15.240533122895476
2021-04-18 08:32:00,4.892839393541344,-5.965661498544877,15.219743515835049
2021-04-18 08:33:00,4.879935262563682,-5.880303730355935,15.653103184185934
2021-04-18 08:34:00,4.867033580187008,-5.604479451664897,15.116867753471483
2021-04-18 08:35:00,4.854133631246516,-5.9811607817718,14.293129544895534
2021-04-18 08:36:00,4.841234720449883,-6.041796933882822,15.501446181964496
2021-04-18 08:37:00,4.828336172643356,-5.858613388353038,15.77495542039859
2021-04-18 08:38:00,4.8154373330524125,-6.62606721805349,15.23844815968071
2021-04-18 08:39:00,4.8025375675347135,-5.712665240564972,15.295228798865368
2021-04-18 08:40:00,4.789636262817649,-5.7998475363930275,14.963937612423395
2021-04-18 08:41:00,4.77673282670889,-5.7483282374766285,15.397683716979438
2021-04-18 08:42:00,4.763826688332383,-5.730412069244423,15.50330848963594
2021-04-18 08:43:00,4.750917298318506,-5.256910374286187,15.16392638651436
2021-04-18 08:44:00,4.738004129021533,-6.137401035135257,15.68602517520805
2021-04-18 08:45:00,4.725086674684997,-5.771385382873032,15.074672959915828
2021-04-18 08:46:00,4.712164451659084,-6.1331655423614695,14.407997674692842
2021-04-18 08:47:00,4.699236998531779,-7.330584626658866,15.133643518666489
2021-04-18 08:48:00,4.6863038763183145,-4.850916609818591,15.617115461072313
2021-04-18 08:49:00,4.673364668596125,-6.682013443770146,14.552497070198028
2021-04-18 08:50:00,4.660418981665363,-6.644204426633838,15.351023442904483
2021-04-18 08:51:00,4.647466444685388,-5.303264369769157,14.90325560592957
2021-04-18 08:52:00,4.6345067097590515,-6.198650719251201,15.383264975663948
2021-04-18 08:53:00,4.621539452105905,-5.570552787051788,15.322698197563994
2021-04-18 08:54:00,4.608564370141741,-5.655385741833324,14.803842501132639
2021-04-18 08:55:00,4.595581185541762,-6.762806627030491,15.16526373299093
2021-04-18 08:56:00,4.582589643398603,-5.950123064423856,14.766051112873717
2021-04-18 08:57:00,4.56958951222585,-6.0540570374310825,14.932493635145798
2021-04-18 08:58:00,4.556580584086308,-5.23318372422678,15.684695637737091
2021-04-18 08:59:00,4.543562674596761,-5.946303469146961,15.058375245793979
2021-04-18 09:00:00,4.530535623018859,-5.659306791760994,15.384195051626364
2021-04-18 09:01:00,4.517499292287266,-5.466356806508867,14.663657716309912
2021-04-18 09:02:00,4.504453569012808,-5.829477427135028,14.91035696956482
2021-04-18 09:03:00,4.491398363525743,-6.679015294150904,15.032995600989157
2021-04-18 09:04:00,4.478333609904605,-6.401288346420908,14.517739245571116
2021-04-18 09:05:00,4.465259265903935,-5.946410255753805,14.96932924554604
2021-04-18 09:06:00,4.452175313043479,-6.696814880830596,15.650201658339977
2021-04-18 09:07:00,4.439081756504062,-6.2912940990426245,15.542786982088229
2021-04-18 09:08:00,4.425978625149287,-6.691259559292301,15.129050065506963
2021-04-18 09:09:00,4.412865971452262,-5.569267616174843,14.159427058602217
2021-04-18 09:10:00,4.399743871489938,-5.834383654514061,14.684410793377863
2021-04-18 09:11:00,4.386612424855383,-6.251725809037813,14.062018137829982
2021-04-18 09:12:00,4.3734717545690245,-6.923745382607682,15.863448633633071
2021-04-18 09:13:00,4.36032200706906,-6.53848000729466,15.621646665557824
2021-04-18 09:14:00,4.347163352040117,-6.205681887257279,14.540005600441086
2021-04-18 09:15:00,4.333995982418223,-5.86431495953418,14.893620752041143
2021-04-18 09:16:00,4.320820114162689,-5.903120120920621,15.25802366723387
2021-04-18 09:17:00,4.307635986261894,-7.256187168794212,14.695071233941677
2021-04-18 09:18:00,4.294443860557721,-6.416989050132697,14.856298584300585
2021-04-18 09:19:00,4.281244021554829,-6.712166041722122,14.92145817600376
2021-04-18 09:20:00,4.26803677639455,-6.222251619734973,14.224834298862342
2021-04-18 09:21:00,4.254822454630405,-6.879430299928788,14.162742526539445
2021-04-18 09:22:00,4.241601408056355,-5.738013473231815,15.182480768372374
2021-04-18 09:23:00,4.228374010575969,-5.692097137079683,14.239928558984317
2021-04-18 09:24:00,4.215140658005151,-6.555254560536306,14.816545317343978
2021-04-18 09:25:00,4.20190176792812,-6.836878262818375,14.791549800729804
2021-04-18 09:26:00,4.188657779396289,-5.868669090347758,14.431924344556576
2021-04-18 09:27:00,4.175409152850246,-6.6569146456195005,15.087264925997054
2021-04-18 09:28:00,4.162156369791339,-6.162247867080719,15.212776105474271
2021-04-18 09:29:00,4.148899932668141,-6.420308885361519,14.951250336297797
2021-04-18 09:30:00,4.135640364531131,-5.865114799423963,14.600967592095953
2021-04-18 09:31:00,4.122378208907378,-6.290162804781223,14.96882836375092
2021-04-18 09:32:00,4.109114029487232,-7.103297172028818,14.606399053287022
2021-04-18 09:33:00,4.095848409835891,-6.979828632814741,14.513574884576864
2021-04-18 09:34:00,4.082581953229802,-6.43298623434901,14.990597808358777
2021-04-18 09:35:00,4.069315282316115,-6.595155536644806,15.052845455593873
2021-04-18 09:36:00,4.0560490388034856,-6.423448022223156,14.965283007336097
2021-04-18 09:37:00,4.042783883275924,-6.944794201679251,13.808886499172075
2021-04-18 09:38:00,4.029520494765917,-6.20335136746142,14.4921108309872
2021-04-18 09:39:00,4.016259570619954,-7.183858616911253,14.762188246705774
2021-04-18 09:40:00,4.003001825962441,-6.617900129601374,15.047716850703232
2021-04-18 09:41:00,3.9897479936316613,-6.228706849490764,14.696224137354097
2021-04-18 09:42:00,3.9764988236304295,-7.060697309897894,15.346273503359603
2021-04-18 09:43:00,3.9632550829434283,-6.226937046388378,14.92239083372385
2021-04-18 09:44:00,3.950017555090511,-6.867085028277943,15.296924972996802
2021-04-18 09:45:00,3.9367870399224043,-6.421271126900033,14.520176791615718
2021-04-18 09:46:00,3.923564353098102,-6.624476406059213,14.113977198784776
2021-04-18 09:47:00,3.910350325803721,-6.965752241420557,14.759160063709059
2021-04-18 09:48:00,3.897145804417546,-6.473718173411414,14.380744762528183
2021-04-18 09:49:00,3.883951650124742,-6.5897123438001195,14.681338978987677
2021-04-18 09:50:00,3.870768738428156,-7.151445483310087,14.492118337224625
2021-04-18 09:51:00,3.857597958955222,-7.395143421736608,14.447622348908386
2021-04-18 09:52:00,3.844440214870986,-6.185250977793055,14.237603884694211
2021-04-18 09:53:00,3.83129642264365,-6.911671347042252,14.203071865912394
2021-04-18 09:54:00,3.8181675114920175,-6.819706153771476,14.173200894351664
2021-04-18 09:55:00,3.805054423119767,-6.3370350470284285,14.531387591742961
2021-04-18 09:56:00,3.7919581112146425,-6.417654648127005,14.275939586945407
2021-04-18 09:57:00,3.7788795409981972,-7.3151177986166696,14.888958986706863
2021-04-18 09:58:00,3.765819688893356,-7.032083686939249,13.716407154516094
2021-04-18 09:59:00,3.7527795420599004,-6.784796552587894,14.577742898294606
2021-04-18 10:00:00,3.739760097900795,-7.612069996013011,13.775510050376797
2021-04-18 10:01:00,3.7267623637005824,-7.049719338333,14.67601575537565
2021-04-18 10:02:00,3.7137873561153545,-6.899994258698333,13.827078850013182
2021-04-18 10:03:00,3.7008361008279236,-7.422411520306815,13.913570359621058
2021-04-18 10:04:00,3.6879096319124756,-6.975427133788616,14.253588229143945
2021-04-18 10:05:00,3.6750089915871955,-7.0543199509928565,14.087790535603437
2021-04-18 10:06:00,3.66213522962653,-6.427054280259109,14.312228450031235
2021-04-18 10:07:00,3.6492894028940817,-6.070532019310957,13.903684518761459
2021-04-18 10:08:00,3.6364725749025895,-6.401601255874829,14.163472304767627
2021-04-18 10:09:00,3.6236858153695453,-6.685979558253814,13.91922268790961
2021-04-18 10:10:00,3.6109301997356846,-6.975515897145411,14.783099205800635
2021-04-18 10:11:00,3.5982068085899206,-6.607311396974429,14.57144330638363
2021-04-18 10:12:00,3.5855167273145567,-7.539548287441381,13.893043885218255
2021-04-18 10:13:00,3.5728610455797485,-6.985704732312235,13.931792668426484
2021-04-18 10:14:00,3.5602408567187114,-6.885307739754909,14.972510033532862
2021-04-18 10:15:00,3.547657257461817,-7.9084149904265555,14.515628648194848
2021-04-18 10:16:00,3.535111347260438,-7.342532059382286,13.631382477181926
2021-04-18 10:17:00,3.522604227880682,-6.725909563431329,13.362976168351235
2021-04-18 10:18:00,3.510137002869418,-7.350696909726195,14.113898661619968
2021-04-18 10:19:00,3.497710777119981,-7.049514508804508,14.195864647563303
2021-04-18 10:20:00,3.4853266563119383,-6.967990524758999,13.975209738018078
2021-04-18 10:21:00,3.4729857463957505,-7.351510979721373,13.53269645111149
2021-04-18 10:22:00,3.4606891531548114,-6.954835088396533,14.364265360839955
2021-04-18 10:23:00,3.4484379816510047,-7.953935591110355,14.31612315996755
2021-04-18 10:24:00,3.4362333358102495,-7.084062765749282,13.496823978881144
2021-04-18 10:25:00,3.4240763177285682,-6.449376003362284,14.712408006341489
2021-04-18 10:26:00,3.411968027396203,-7.272091781675474,13.722801513723208
2021-04-18 10:27:00,3.3999095620878634,-7.848589238351963,14.23616174701981
2021-04-18 10:28:00,3.3879020157494204,-6.769850171178129,14.257102322450857
2021-04-18 10:29:00,3.375946478718885,-7.7528020338951755,13.94951674495087
2021-04-18 10:30:00,3.3640440370628735,-6.7352888717557455,13.936208712395485
2021-04-18 10:31:00,3.3521957720926583,-7.925944152220671,13.307368752086719
2021-04-18 10:32:00,3.3404027598822066,-6.844029895170152,14.63632801468703
2021-04-18 10:33:00,3.328666070783883,-7.673648281247061,14.560016180868955
2021-04-18 10:34:00,3.3169867689513195,-7.645649492999027,14.27683436238007
2021-04-18 10:35:00,3.3053659116727294,-6.844155181127332,13.802132747849956
2021-04-18 10:36:00,3.2938045491191392,-7.380001963528174,14.305956483472666
2021-04-18 10:37:00,3.2823037236655415,-7.978533620759428,13.31428646854498
2021-04-18 10:38:00,3.2708644694353923,-7.390199935755949,14.093600880340182
2021-04-18 10:39:00,3.2594878118365784,-7.801369994101838,14.21047047914852
2021-04-18 10:40:00,3.248174767084037,-7.294895791369299,13.599754173159075
2021-04-18 10:41:00,3.236926341653609,-7.495500002227065,14.287288493263082
2021-04-18 10:42:00,3.2257435317930776,-7.480237918230473,13.641862030937835
2021-04-18 10:43:00,3.2146273230897213,-7.538011408935015,13.913688636769209
2021-04-18 10:44:00,3.203578689999949,-6.608111316834062,13.566973508691692
2021-04-18 10:45:00,3.192598595255999,-7.115499216345298,14.269627933893425
2021-04-18 10:46:00,3.1816879895260786,-7.77068146246272,13.725909322512795
2021-04-18 10:47:00,3.1708478108186133,-6.503471861217639,14.155488024862562
2021-04-18 10:48:00,3.160078984175636,-6.823824458137772,13.381050508228272
2021-04-18 10:49:00,3.149382420960913,-7.560265870208671,13.323272085127039
2021-04-18 10:50:00,3.1387590186732894,-6.719867284654019,13.514949425584218
2021-04-18 10:51:00,3.1282096602972667,-7.413483248616295,13.78908815224846
2021-04-18 10:52:00,3.1177352138850027,-7.773493412251181,13.600916928131069
2021-04-18 10:53:00,3.1073365321645885,-7.091473637597856,13.94403694844025
2021-04-18 10:54:00,3.0970144520530716,-7.131559023043284,13.646466730475634
2021-04-18 10:55:00,3.0867697942229966,-7.550609165139525,13.438424999601171
2021-04-18 10:56:00,3.0766033626263054,-7.83256919112336,13.680095492390475
2021-04-18 10:57:00,3.066515944114254,-6.99620209605319,14.496105376226906
2021-04-18 10:58:00,3.0565083080579893,-8.33999124143433,12.923424277938137
2021-04-18 10:59:00,3.046581205725486,-7.336900439009043,13.814019906025004
2021-04-18 11:00:00,3.036735370148724,-7.617477009538546,13.768146102691244
2021-04-18 11:01:00,3.026971515472275,-7.428948984663171,14.75293474487841
2021-04-18 11:02:00,3.0172903366872377,-8.574805533310702,13.320693597682073
2021-04-18 11:03:00,3.0076925091443636,-7.984662541311409,13.58812400639961
2021-04-18 11:04:00,2.99817868827651,-7.336750708291681,13.691924057083455
2021-04-18 11:05:00,2.9887495090851233,-7.149679998301055,13.65286619010899
2021-04-18 11:06:00,2.9794055858157753,-8.064649274249168,13.2929580226706
2021-04-18 11:07:00,2.970147511578272,-8.419171790532067,13.282656477156745
2021-04-18 11:08:00,2.960975858035995,-7.788028718527819,13.832581473252972
2021-04-18 11:09:00,2.9518911749229546,-7.307546112707135,13.359007742049963
2021-04-18 11:10:00,2.94289398978982,-7.635155054136713,13.946819228983733
2021-04-18 11:11:00,2.933984807570214,-7.7644162711887885,14.084834404731195
2021-04-18 11:12:00,2.9251641104621244,-8.382043601834255,13.167677304354735
2021-04-18 11:13:00,2.91643235713817,-8.095740406711865,12.828904669725377
2021-04-18 11:14:00,2.9077899830126106,-8.378828197057247,13.221825325780399
2021-04-18 11:15:00,2.8992373993730984,-7.773234408452505,13.049058193567783
2021-04-18 11:16:00,2.8907749934735305,-7.43116212572207,13.332092571270488
2021-04-18 11:17:00,2.8824031279900035,-8.177582220774159,13.34438777008063
2021-04-18 11:18:00,2.8741221408049324,-8.260638861506512,12.746460135557953
2021-04-18 11:19:00,2.8659323448039067,-8.014696165680828,13.359287036840778
2021-04-18 11:20:00,2.857834027363655,-8.145348262531153,13.432811023134292
2021-04-18 11:21:00,2.849827450355857,-9.023750572235885,13.567040740364591
2021-04-18 11:22:00,2.8419128497568753,-7.155910161685562,14.27781033471548
2021-04-18 11:23:00,2.834090435264942,-8.530458788810375,12.895020626505701
2021-04-18 11:24:00,2.829687512533728,-8.442530905585398,13.475118991883175
2021-04-18 11:25:00,2.8253771160930614,-7.734010333697699,13.019048025849726
2021-04-18 11:26:00,2.821159375822621,-7.99880287080741,13.507495803393544
2021-04-18 11:27:00,2.817034394532648,-8.225829901417423,14.420632569888067
2021-04-18 11:28:00,2.8130022477005174,-7.876993802085808,14.43466216754497
2021-04-18 11:29:00,2.8090629833495897,-7.003174601576874,13.074426226701522
2021-04-18 11:30:00,2.805216621852262,-7.994762818486137,13.22186072889849
2021-04-18 11:31:00,2.8014631555326988,-7.007820369328982,13.018232183748392
2021-04-18 11:32:00,2.797802548832491,-7.175601352587109,12.761355967178725
2021-04-18 11:33:00,2.7942347379476877,-8.17135612066903,14.105706510778377
2021-04-18 11:34:00,2.7907596305749083,-7.41771197335466,12.889533550376282
2021-04-18 11:35:00,2.787377106039584,-8.125649064039587,12.87425818470057
2021-04-18 11:36:00,2.784087014900542,-7.573976397943061,13.215209653044651
2021-04-18 11:37:00,2.7808891789506855,-8.233861059260445,12.513146503043654
2021-04-18 11:38:00,2.7777833911230525,-7.796144670778176,13.564429255055819
2021-04-18 11:39:00,2.774769415249218,-8.523861723311095,13.503247998987439
2021-04-18 11:40:00,2.771846986086288,-7.103700965797747,13.804418694336198
2021-04-18 11:41:00,2.7690158091820942,-7.282620334251782,13.351710478814747
2021-04-18 11:42:00,2.7662755607427423,-7.080240444199402,13.351614610208506
2021-04-18 11:43:00,2.7636258877196918,-7.815965268794857,13.510882239000166
2021-04-18 11:44:00,2.7610664074868247,-7.9952540753025545,13.690875227218354
2021-04-18 11:45:00,2.758596708057878,-7.425526007083623,13.831721843609666
2021-04-18 11:46:00,2.756216347986985,-8.009793373755603,12.846392698980841
2021-04-18 11:47:00,2.7539248560723064,-7.7486181511008025,12.985970097174661
2021-04-18 11:48:00,2.751721731712516,-8.070558283819143,13.43364512067229
2021-04-18 11:49:00,2.7496064447760853,-7.803981740335753,13.191003931595313
2021-04-18 11:50:00,2.747578435317832,-7.503511707248046,13.159056712431475
2021-04-18 11:51:00,2.7456371141189773,-7.830991594288237,13.562055839936587
2021-04-18 11:52:00,2.743781862099051,-8.074190404418601,13.319351965585238
2021-04-18 11:53:00,2.742012030949361,-7.472166786559857,13.776126598546858
2021-04-18 11:54:00,2.740326942727009,-7.678812571740647,12.895861320518238
2021-04-18 11:55:00,2.7387258900446763,-8.835480603896507,13.149258292657938
2021-04-18 11:56:00,2.7372081361864176,-8.587891841960015,13.382185051378423
2021-04-18 11:57:00,2.7357729151803083,-7.880949532875574,13.7565156271926
2021-04-18 11:58:00,2.7344194316963177,-7.989778657238244,12.750861614454163
2021-04-18 11:59:00,2.733146861427672,-8.081742916805858,13.123104389344045
2021-04-18 12:00:00,2.7319543509107924,-7.785114907172364,13.141651228117482
2021-04-18 12:01:00,2.7308410178232476,-7.4605749345695145,13.124279406437148
2021-04-18 12:02:00,2.729805951071656,-7.364178606232198,14.289747365826559
2021-04-18 12:03:00,2.728848210795224,-7.918269064769524,13.106627397380914
2021-04-18 12:04:00,2.7279668287015317,-7.90376990868315,13.388542626658488
2021-04-18 12:05:00,2.727160808025426,-7.60255475346823,12.478861360746437
2021-04-18 12:06:00,2.7264291238101737,-7.1712870069984715,12.984057397591531
2021-04-18 12:07:00,2.7257707232110353,-7.078704800187813,13.162939148494086
2021-04-18 12:08:00,2.7251845251575193,-7.855687149288102,12.53272424998816
2021-04-18 12:09:00,2.724669421252495,-8.067197314808269,13.504194779209158
2021-04-18 12:10:00,2.7242242754595916,-7.3363841273203425,12.16031994842754
2021-04-18 12:11:00,2.723847924432103,-7.478944575778424,12.914971516113248
2021-04-18 12:12:00,2.7235391778760683,-7.8856953691298335,12.579401962079332
2021-04-18 12:13:00,2.723296818560758,-7.8895266785952005,13.433702763743314
2021-04-18 12:14:00,2.723119602767913,-7.601896677302579,13.443363894877743
2021-04-18 12:15:00,2.723006260425975,-8.261778530249595,13.45876367128725
2021-04-18 12:16:00,2.722955495298792,-7.278937522762423,13.028488500684343
2021-04-18 12:17:00,2.7229659854357995,-7.276207348657253,13.238738813887226
2021-04-18 12:18:00,2.7230363833362605,-7.578157651557269,13.038031810983206
2021-04-18 12:19:00,2.7231653161624716,-7.770830316542973,13.49361365387838
2021-04-18 12:20:00,2.7233513862391643,-7.405480544064071,13.504588065721805
2021-04-18 12:21:00,2.7235931711150783,-7.6755794462019855,13.07784843696041
2021-04-18 12:22:00,2.7238892240524497,-7.7959534442633025,12.739961333707969
2021-04-18 12:23:00,2.7242380744409633,-7.671154661557116,13.011444365644609
2021-04-18 12:24:00,2.7246382276355505,-7.156498649058442,13.417156473324198
2021-04-18 12:25:00,2.7250881659806367,-7.270432561448441,13.156058525519075
2021-04-18 12:26:00,2.7255863487156837,-7.688218670140184,12.858001787343172
2021-04-18 12:27:00,2.726131212234007,-7.899696388154957,13.975142589589465
2021-04-18 12:28:00,2.7267211710204395,-8.107988432407632,13.4437962264044
2021-04-18 12:29:00,2.727354617240182,-7.666295388282732,14.657302070542132
2021-04-18 12:30:00,2.728029921878134,-8.116591383463,12.948220173471436
2021-04-18 12:31:00,2.728745434644594,-7.6744375344028315,13.121673837502652
2021-04-18 12:32:00,2.729499484441674,-8.834576696684334,13.201553393987892
2021-04-18 12:33:00,2.7302903799415437,-7.778444782648229,13.09748651406413
2021-04-18 12:34:00,2.731116409900359,-7.714839537600584,13.342917344815747
2021-04-18 12:35:00,2.7319758434662846,-7.920398173750363,13.062867440377563
2021-04-18 12:36:00,2.732866930864326,-7.510361497952977,13.557299100409052
2021-04-18 12:37:00,2.7337879035411374,-7.0353742790295835,13.924958118208867
2021-04-18 12:38:00,2.7347369748577783,-8.491982810937582,13.244036095659878
2021-04-18 12:39:00,2.735712340444722,-7.881934705214227,14.090353663311163
2021-04-18 12:40:00,2.7367121785381796,-7.284792536501592,13.77241942036551
2021-04-18 12:41:00,2.7377346506271203,-7.743961121471412,13.640032340517335
2021-04-18 12:42:00,2.7387779020075604,-7.676584380909193,13.301591293997351
2021-04-18 12:43:00,2.7398400617425014,-8.060611069735272,13.326760729366695
2021-04-18 12:44:00,2.7409192439512764,-6.646583257955615,13.497932492994982
2021-04-18 12:45:00,2.742013547423591,-7.274317095822173,12.786711364815792
2021-04-18 12:46:00,2.7431210569259776,-8.155516453958004,13.023527340935589
2021-04-18 12:47:00,2.7442398431799253,-7.703436454080479,13.10243767059074
2021-04-18 12:48:00,2.7453679634553163,-7.289944834213983,13.91717010045176
2021-04-18 12:49:00,2.746503462314614,-8.406163325062522,13.856402504602393
2021-04-18 12:50:00,2.747644371811463,-7.882087343854796,12.740753704638513
2021-04-18 12:51:00,2.748788712311764,-7.680158909102653,13.773808708947522
2021-04-18 12:52:00,2.7499344928669243,-8.020437590971058,13.629919931403656
2021-04-18 12:53:00,2.7510797117029293,-7.126395619718624,12.552847150030326
2021-04-18 12:54:00,2.7522223569193933,-7.508739337485048,13.16832674809308
2021-04-18 12:55:00,2.7533604069522557,-8.002866846320755,13.567603846398859
2021-04-18 12:56:00,2.754491831048536,-7.7593900283850745,13.587336461540483
2021-04-18 12:57:00,2.755614590012509,-7.461983132130007,13.176214683593313
2021-04-18 12:58:00,2.7567266365150553,-7.659637970573982,13.03471675459069
2021-04-18 12:59:00,2.757825915882737,-6.870750910028292,13.495709263634275
2021-04-18 13:00:00,2.7589103667151678,-7.581258201559394,13.536578248392342
2021-04-18 13:01:00,2.7599779209633,-7.047057439527936,13.652344250512977
2021-04-18 13:02:00,2.7610265051989065,-7.772887867132934,13.325818834123929
2021-04-18 13:03:00,2.762054040753295,-7.900964406916854,13.571566467556533
2021-04-18 13:04:00,2.7630584442943613,-7.310890736076478,13.4736440923523
2021-04-18 13:05:00,2.7640376287309394,-8.466658913562842,13.434082366996938
2021-04-18 13:06:00,2.7649895032815692,-7.432395778989029,13.49918430689996
2021-04-18 13:07:00,2.765911974718392,-8.310397121055026,12.773796165977682
2021-04-18 13:08:00,2.766802947449736,-8.033055792454656,13.16662915890778
2021-04-18 13:09:00,2.767660324217941,-7.536204556019526,13.270220007741331
2021-04-18 13:10:00,2.7684820068989535,-7.835832779081305,13.78765097511061
2021-04-18 13:11:00,2.7692658969282347,-7.923379746414763,13.084208415545099
2021-04-18 13:12:00,2.770009895844284,-8.559809168640378,13.29143179515257
2021-04-18 13:13:00,2.7707119061572234,-7.658155652045129,13.068561392561922
2021-04-18 13:14:00,2.771369831604575,-8.336388271515242,13.880623773420618
2021-04-18 13:15:00,2.7719815780892243,-8.106728892200042,12.963434130100284
2021-04-18 13:16:00,2.77254505407845,-8.475111252725284,13.072055227232067
2021-04-18 13:17:00,2.773058171235497,-8.187875129851808,13.690795308184612
2021-04-18 13:18:00,2.773518845066218,-7.659754122229564,13.28645322166373
2021-04-18 13:19:00,2.773924995705499,-8.01692470113924,13.37961463747775
2021-04-18 13:20:00,2.774274547983717,-8.093695766461407,12.654362289606324
2021-04-18 13:21:00,2.774565432838002,-8.065099695883239,13.260377059527109
2021-04-18 13:22:00,2.774795587014867,-7.881141205073586,13.907032329547656
2021-04-18 13:23:00,2.7749629545398453,-8.311328494212074,12.920808104276857
2021-04-18 13:24:00,2.7750654868009668,-7.922634024528218,14.057751624436689
2021-04-18 13:25:00,2.7751011432008337,-7.643314042757397,13.10354074896596
2021-04-18 13:26:00,2.7750678919396825,-8.484251431253128,14.068874922850126
2021-04-18 13:27:00,2.774963710587218,-7.517849752464775,14.171714239056609
2021-04-18 13:28:00,2.774786586483565,-8.119525474232532,13.16638959643298
2021-04-18 13:29:00,2.7745345176781337,-8.335250129912845,13.02207896945701
2021-04-18 13:30:00,2.7742055131685133,-8.22631571040536,12.840601391311507
2021-04-18 13:31:00,2.7737975938370076,-8.263537135808937,13.102489932516486
2021-04-18 13:32:00,2.773308792838205,-7.649000062657452,13.664297368708672
2021-04-18 13:33:00,2.772737156171411,-7.57004303348954,13.173157318394809
2021-04-18 13:34:00,2.772080743515882,-7.7938363966549575,13.630112409313206
2021-04-18 13:35:00,2.771337628500093,-8.062012608151328,13.180713015840695
2021-04-18 13:36:00,2.770505899501803,-7.99915218202146,13.920747029810519
2021-04-18 13:37:00,2.769583660338834,-8.118499491095825,13.373582475567286
2021-04-18 13:38:00,2.7685690303691612,-6.999109386856712,13.884149342094528
2021-04-18 13:39:00,2.767460145720876,-8.23964815024869,12.99753103572124
2021-04-18 13:40:00,2.766255159362153,-7.9606331793571306,13.009995250339426
2021-04-18 13:41:00,2.7649522418887624,-8.747506532805634,12.95942925270141
2021-04-18 13:42:00,2.7635495820878546,-8.138771354769954,12.834497342630284
2021-04-18 13:43:00,2.7620453873775825,-7.931379202089108,14.152210979575194
2021-04-18 13:44:00,2.760437884569622,-8.19536818644408,12.699750446251572
2021-04-18 13:45:00,2.758725320312994,-7.911095210731911,13.146266753244669
2021-04-18 13:46:00,2.7569059615380445,-7.318315512868518,13.7525879928112
2021-04-18 13:47:00,2.754978096173604,-7.858108265436471,13.28877614050341
2021-04-18 13:48:00,2.7529400336877377,-7.836376200813189,12.90225919600797
2021-04-18 13:49:00,2.7507901054327943,-7.860846741687676,12.993483281108038
2021-04-18 13:50:00,2.7485266653818,-7.865800318983293,13.273901714437603
2021-04-18 13:51:00,2.7461480905619924,-7.784246479010688,13.278012208849196
2021-04-18 13:52:00,2.7436527815356366,-7.705001074061883,12.803865193384638
2021-04-18 13:53:00,2.7410391631255306,-7.030432795346609,14.471226358911496
2021-04-18 13:54:00,2.738305684503471,-8.160801858971876,13.05155249272655
2021-04-18 13:55:00,2.735450820150784,-8.00584853383959,13.45239784855971
2021-04-18 13:56:00,2.7324730701287736,-7.897345784180994,12.681357206862687
2021-04-18 13:57:00,2.7293709604180005,-6.940917376911733,13.037355955105314
2021-04-18 13:58:00,2.7261430438399263,-8.15972584307899,13.373340641082143
2021-04-18 13:59:00,2.7227878999725754,-8.625882217280983,13.004986007095777
2021-04-18 14:00:00,2.7193041361608814,-7.814830632289474,14.057732266696702
2021-04-18 14:01:00,2.715690387562919,-7.711595255246826,13.781191952314035
2021-04-18 14:02:00,2.7119453178314643,-7.811186720487923,13.48025495957905
2021-04-18 14:03:00,2.7080676194634328,-7.429513147787751,13.558204722454974
2021-04-18 14:04:00,2.7040560142638044,-8.34991390122218,12.990486877161032
2021-04-18 14:05:00,2.699909253812316,-7.6585366848818,12.32970550643524
2021-04-18 14:06:00,2.6956261198304508,-8.79297312069151,13.484446236562118
2021-04-18 14:07:00,2.6912054245670833,-8.162633718819897,13.362965478713347
2021-04-18 14:08:00,2.686646011341174,-8.097240565401286,13.122406950987607
2021-04-18 14:09:00,2.68194675485181,-7.455969737319388,13.669354998479664
2021-04-18 14:10:00,2.67710656148748,-8.337878050749659,13.017646652285787
2021-04-18 14:11:00,2.6721243698111796,-7.46547380700811,13.81049493971159
2021-04-18 14:12:00,2.6669991510213356,-8.213486136402295,12.667052364813799
2021-04-18 14:13:00,2.661729909009966,-6.847283647186553,13.072705779614711
2021-04-18 14:14:00,2.656315681119447,-7.4505962284390295,12.837967383608092
2021-04-18 14:15:00,2.650755538075483,-7.597555843238766,13.096342905111934
2021-04-18 14:16:00,2.645048584709693,-7.653285908359001,12.709313245470842
2021-04-18 14:17:00,2.6391939599923977,-7.774212658171866,13.492854031249259
2021-04-18 14:18:00,2.6331908374476614,-7.734472513386199,13.73222493561637
2021-04-18 14:19:00,2.6270384255756674,-8.906031998025213,12.569198773471545
2021-04-18 14:20:00,2.620735967947174,-8.479170167088988,13.836544887718809
2021-04-18 14:21:00,2.6142827436092313,-7.7650146863653635,14.31999804011802
2021-04-18 14:22:00,2.6076780674212037,-7.607703691743535,13.720568435394414
2021-04-18 14:23:00,2.6009212901323977,-7.964292148062782,13.180747248209014
2021-04-18 14:24:00,2.5940117988711386,-7.41984890667021,13.276174066462605
2021-04-18 14:25:00,2.5869490171712433,-8.24273545343347,13.28238036607643
2021-04-18 14:26:00,2.579732405410501,-6.869657366226754,13.18037076374858
2021-04-18 14:27:00,2.572361460873898,-8.534611909331229,13.296661582701823
2021-04-18 14:28:00,2.5648357180307775,-7.524298719589175,13.244246756570877
2021-04-18 14:29:00,2.55715474880482,-8.07939914259522,12.995776227859741
2021-04-18 14:30:00,2.5493181627378956,-9.058119694171742,13.010471749287024
2021-04-18 14:31:00,2.541325606992653,-7.262250687496314,13.093247686601732
2021-04-18 14:32:00,2.533176766841615,-7.338240825453888,13.304460251877064
2021-04-18 14:33:00,2.52487136563857,-8.72066575791173,13.678442277047141
2021-04-18 14:34:00,2.5164091649669564,-8.07285775841806,13.125350472782353
2021-04-18 14:35:00,2.5077899647965594,-7.713833523286272,13.50740594138292
2021-04-18 14:36:00,2.499013603740171,-8.787694762560607,12.469595141143209
2021-04-18 14:37:00,2.4900799589376867,-7.7763513978124585,13.313271056307876
2021-04-18 14:38:00,2.4809889464058674,-8.180250560726973,12.918439507848829
2021-04-18 14:39:00,2.471740520928997,-7.531142102475527,12.53016308768021
2021-04-18 14:40:00,2.4623346763283953,-8.258789298555463,12.413713858308709
2021-04-18 14:41:00,2.4527714453661953,-8.620427385444208,13.384567829515728
2021-04-18 14:42:00,2.443050899904558,-8.131296525702513,12.568172269195841
2021-04-18 14:43:00,2.433173150992599,-8.134406931598159,13.12300235534457
2021-04-18 14:44:00,2.4231383488019413,-7.570630112779906,13.32420104067452
2021-04-18 14:45:00,2.412946682686611,-8.423430446926083,13.495491860590004
2021-04-18 14:46:00,2.4025983812935547,-7.998950437233212,13.557296709156228
2021-04-18 14:47:00,2.3920937124172186,-7.4082594699057305,12.391731184515315
2021-04-18 14:48:00,2.3814329831563046,-8.801149841427195,13.443394367659339
2021-04-18 14:49:00,2.3706165396689487,-7.904189141554904,13.160043363403462
2021-04-18 14:50:00,2.3596447674814343,-7.649192577544033,13.50785248425928
2021-04-18 14:51:00,2.3485180910552765,-8.002384237264607,12.565486232712805
2021-04-18 14:52:00,2.337236974055474,-8.538194252694307,12.428662387847815
2021-04-18 14:53:00,2.3258019191030606,-8.186671241065131,12.385861074328547
2021-04-18 14:54:00,2.314213467798699,-8.194860799729566,12.526018078380083
2021-04-18 14:55:00,2.30247220057053,-8.230165710039115,13.782844934260632
2021-04-18 14:56:00,2.290578736563261,-8.41967589460024,13.09120981148226
2021-04-18 14:57:00,2.278533733635179,-7.945825398779225,13.07147971606781
2021-04-18 14:58:00,2.266337888132741,-8.76819436556919,12.620081937042299
2021-04-18 14:59:00,2.2624362076923794,-8.597340126600463,13.88512468703799
2021-04-18 15:00:00,2.2583851924072587,-8.165444689957441,12.825924807052669
2021-04-18 15:01:00,2.254185653275038,-8.223633012310803,12.666694783924502
2021-04-18 15:02:00,2.2498384393057607,-8.720748271279879,12.51057067375583
2021-04-18 15:03:00,2.2453444372022364,-9.081594091011343,13.663801121637938
2021-04-18 15:04:00,2.2407045712463822,-9.107795682234642,12.373134043405114
2021-04-18 15:05:00,2.2359198030635206,-8.269347454752234,13.513089688042827
2021-04-18 15:06:00,2.2309911313818622,-7.829284642387291,11.902257763582215
2021-04-18 15:07:00,2.2259195918357215,-7.502209039708662,12.701516872852853
2021-04-18 15:08:00,2.220706256823643,-8.122438960992172,13.21525947058217
2021-04-18 15:09:00,2.2153522350820656,-8.2655980832497,12.4906057517037
2021-04-18 15:10:00,2.209858671502136,-8.162210910281944,12.559745641986355
2021-04-18 15:11:00,2.2042267469969077,-7.995538200490124,12.823644205365374
2021-04-18 15:12:00,2.198457677951942,-7.637036103029082,13.198914129107113
2021-04-18 15:13:00,2.192552716237424,-9.138999721539028,13.270179702764676
2021-04-18 15:14:00,2.1865131486395977,-8.017079472879871,13.401066664570038
2021-04-18 15:15:00,2.1803402966785073,-8.4935456554746,12.68918991131761
2021-04-18 15:16:00,2.1740355163158807,-7.791628141546945,13.291710896748098
2021-04-18 15:17:00,2.167600197555683,-8.31528581337385,12.588995417843513
2021-04-18 15:18:00,2.161035764119508,-8.772832163706905,11.835879122528386
2021-04-18 15:19:00,2.1543436731208656,-8.342421975593957,12.399470591167145
2021-04-18 15:20:00,2.1475254145842833,-8.507965675803868,12.841690538097632
2021-04-18 15:21:00,2.140582511315795,-8.225300711710645,12.68969287816471
2021-04-18 15:22:00,2.1335165182319495,-8.069613426033715,13.24009235351509
2021-04-18 15:23:00,2.126329022096402,-8.270491195733943,12.315230537617744
2021-04-18 15:24:00,2.119021641249228,-7.830863741406111,12.412495909189266
2021-04-18 15:25:00,2.1115960249319863,-8.150963639256588,11.85662419215722
2021-04-18 15:26:00,2.104053852966662,-7.044590314148797,13.144986321071128
2021-04-18 15:27:00,2.0963968355232656,-7.960743504029175,12.879182908409293
2021-04-18 15:28:00,2.088626712268513,-8.229899172747048,13.006271382720385
2021-04-18 15:29:00,2.0807452523989856,-8.421162398019632,12.810817503016015
2021-04-18 15:30:00,2.072754253664292,-8.69514603162919,11.864460320485406
2021-04-18 15:31:00,2.06465554231589,-8.527985492547671,12.836582606192326
2021-04-18 15:32:00,2.0564509724506403,-8.693559691093057,12.709552132310527
2021-04-18 15:33:00,2.048142425530995,-8.618680820153823,12.627850109033522
2021-04-18 15:34:00,2.0397318098247648,-8.660474593930918,12.682458647216402
2021-04-18 15:35:00,2.0312210601251697,-8.680918619898788,12.192510755104754
2021-04-18 15:36:00,2.022612136918407,-9.071544452682977,13.141528805496511
2021-04-18 15:37:00,2.013907026139754,-9.232896115699345,12.301712070426603
2021-04-18 15:38:00,2.005107738493074,-8.193143459325572,12.952645084836321
2021-04-18 15:39:00,1.996216308896824,-8.013969317146124,12.56691725159503
2021-04-18 15:40:00,1.9872347960772003,-8.342891783687744,12.277153719803833
2021-04-18 15:41:00,1.9781652818993862,-8.589164678338282,13.310313033335579
2021-04-18 15:42:00,1.969009870710642,-9.234067277868515,12.980190862098755
2021-04-18 15:43:00,1.959770689159891,-8.646974993241995,13.115378487848867
2021-04-18 15:44:00,1.9504498849952416,-8.4301176067851,12.56598252914401
2021-04-18 15:45:00,1.9410496272452376,-8.530079841202767,12.360726214453395
2021-04-18 15:46:00,1.9315721048613153,-8.374649151518506,12.745541666513851
2021-04-18 15:47:00,1.9220195266599638,-8.721366752828732,12.600965730088223
2021-04-18 15:48:00,1.9123941205475994,-8.257569049372556,13.28831489969688
2021-04-18 15:49:00,1.9026981328174368,-8.6540906540353,12.017602845948304
2021-04-18 15:50:00,1.8929338277764112,-8.437858960927207,12.530433097659465
2021-04-18 15:51:00,1.8831034867660223,-8.48478205679878,11.969194931728355
2021-04-18 15:52:00,1.8732094078452222,-8.60179020710212,12.383906551783802
2021-04-18 15:53:00,1.863253905085525,-9.395980078969556,11.690458040029677
2021-04-18 15:54:00,1.8532393077997305,-8.672081089616173,12.642080462141408
2021-04-18 15:55:00,1.8431679600258077,-8.77900577134365,12.393424088681508
2021-04-18 15:56:00,1.8330422198920506,-9.517925283178112,12.817579644504137
2021-04-18 15:57:00,1.8228644588303742,-9.276556594223646,12.139311698997435
2021-04-18 15:58:00,1.8126370610842675,-9.273014711599295,12.621204143052456
2021-04-18 15:59:00,1.802362422906986,-8.991058927108426,12.262305464969643
2021-04-18 16:00:00,1.792042951914838,-8.709162232216016,12.481261841827154
2021-04-18 16:01:00,1.7816810665456075,-8.617077091234943,12.478818624631241
2021-04-18 16:02:00,1.7712791952386187,-9.081299338194363,12.472459515691364
2021-04-18 16:03:00,1.7608397756768646,-8.374167332560386,11.753315070687297
2021-04-18 16:04:00,1.7503652544983677,-8.123832768087,12.5251843984001
2021-04-18 16:05:00,1.7398580860083495,-8.173025015554177,12.047370699257774
2021-04-18 16:06:00,1.7293207321660722,-9.004820344440224,12.578031295007765
2021-04-18 16:07:00,1.7187556612495563,-8.17762172948869,12.78007619684439
2021-04-18 16:08:00,1.7081653475524394,-8.08806596554143,12.79936961620401
2021-04-18 16:09:00,1.6975522706819555,-8.97384133069365,11.80082863927808
2021-04-18 16:10:00,1.6869189146354455,-8.550113343084725,12.93947261778841
2021-04-18 16:11:00,1.6762677672519206,-8.369070233637615,12.024418397653083
2021-04-18 16:12:00,1.6656013195509993,-8.836573828680393,12.638508436898553
2021-04-18 16:13:00,1.654922064848998,-9.41887656052952,11.63293665588311
2021-04-18 16:14:00,1.6442324982680763,-9.277672919717537,12.370599981771427
2021-04-18 16:15:00,1.633535115818222,-8.41430441634171,12.125626975036509
2021-04-18 16:16:00,1.622832413798228,-8.97488354414519,13.218397771051327
2021-04-18 16:17:00,1.612126888150432,-8.683803490724996,12.56416499906584
2021-04-18 16:18:00,1.6014210336028776,-8.774270462429874,11.513894096865421
2021-04-18 16:19:00,1.5907173429037638,-9.853767632820956,11.863980797540538
2021-04-18 16:20:00,1.580018306530625,-8.456723837528775,12.779487432350255
2021-04-18 16:21:00,1.5693264113002723,-9.625753505410444,12.017470884945007
2021-04-18 16:22:00,1.5586441403975781,-8.611347279837894,12.781973705544416
2021-04-18 16:23:00,1.5479739719840602,-9.554033740479198,12.18910901517528
2021-04-18 16:24:00,1.5373183789130938,-8.703584360577732,12.434170644965302
2021-04-18 16:25:00,1.526679827962985,-8.887861092124384,12.091441876368956
2021-04-18 16:26:00,1.5160607789714762,-8.88563834087835,12.358295664224993
2021-04-18 16:27:00,1.505463684216797,-8.846931267538478,11.942932500795742
2021-04-18 16:28:00,1.4948909878015109,-9.229804982348531,11.761529015948648
2021-04-18 16:29:00,1.4843451247327242,-9.120184939247572,12.082645584402137
2021-04-18 16:30:00,1.4738285204650123,-9.77092372406322,12.107496031294245
2021-04-18 16:31:00,1.4633435899799998,-8.81376947194186,11.987591799656961
2021-04-18 16:32:00,1.4528927371822369,-9.367710099553168,12.257358746896546
2021-04-18 16:33:00,1.4424783542880024,-8.943712680243058,11.586372836466685
2021-04-18 16:34:00,1.4321028209233666,-8.882848261296855,12.129861536360066
2021-04-18 16:35:00,1.421768503671844,-8.211169558107256,12.730454948064368
2021-04-18 16:36:00,1.411477755201369,-9.147330852321936,12.437692327923218
2021-04-18 16:37:00,1.4012329135246844,-9.513145555282378,11.466038767047761
2021-04-18 16:38:00,1.3910363017014933,-9.562623525649979,12.260818122880524
2021-04-18 16:39:00,1.3808902267188092,-8.857392760301817,11.928366773217167
2021-04-18 16:40:00,1.3707969788982104,-9.481816445970946,11.865802214647317
2021-04-18 16:41:00,1.3607588316148638,-9.652831217333802,11.66239295566642
2021-04-18 16:42:00,1.3507780399826665,-8.982277163546067,12.53423888598725
2021-04-18 16:43:00,1.3408568408960442,-8.652409206231754,12.431779577572595
2021-04-18 16:44:00,1.330997451728224,-8.992769983602326,11.968965534009582
2021-04-18 16:45:00,1.3212020700986853,-10.012009947063758,11.824118058320924
2021-04-18 16:46:00,1.3114728731562342,-10.174032849147794,11.633381696777901
2021-04-18 16:47:00,1.301812016786274,-9.672232250215087,11.76047131807225
2021-04-18 16:48:00,1.2922216350894125,-8.85029874356439,11.995523269933882
2021-04-18 16:49:00,1.2827038398135158,-8.646015260967088,12.212970796529108
2021-04-18 16:50:00,1.2732607195279602,-9.815907780493198,11.470697493552331
2021-04-18 16:51:00,1.2638943392562616,-8.684528824427767,11.80520021355926
2021-04-18 16:52:00,1.2546067396328362,-9.288946608495868,12.174579547736256
2021-04-18 16:53:00,1.2453999364313886,-9.323614291701624,12.205389101370585
2021-04-18 16:54:00,1.2362759199792324,-8.897666769915269,11.424625725520187
2021-04-18 16:55:00,1.2272366545043565,-9.991038690675175,10.718477609500846
2021-04-18 16:56:00,1.2182840774446013,-9.267958283170705,11.51854858501441
2021-04-18 16:57:00,1.2094200992613926,-9.545153142111166,11.89834806657235
2021-04-18 16:58:00,1.2006466022824782,-9.612648028188827,12.467452714106209
2021-04-18 16:59:00,1.191965440796557,-9.497271584761886,11.484855786883726
2021-04-18 17:00:00,1.1833784398830434,-9.590080375744288,11.761045452872317
2021-04-18 17:01:00,1.174887395243304,-9.654131852723523,11.711044135211193
2021-04-18 17:02:00,1.1664940726250155,-9.41388800872851,12.060360123509172
2021-04-18 17:03:00,1.1582002071674997,-9.034803028087477,12.268185538207584
2021-04-18 17:04:00,1.1500075029116545,-9.72988470899485,11.639091937234914
2021-04-18 17:05:00,1.1419176324214224,-9.064045542994121,13.052067170177308
2021-04-18 17:06:00,1.1339322360508652,-10.595610964506601,11.670575176856312
2021-04-18 17:07:00,1.1260529216970037,-9.529840402921261,11.614426543974627
2021-04-18 17:08:00,1.1182812640837942,-9.333161019513208,11.83787152932553
2021-04-18 17:09:00,1.110618804427817,-9.408263537887104,11.882139774109026
2021-04-18 17:10:00,1.1030670499873034,-9.646901948113243,12.105158548777808
2021-04-18 17:11:00,1.095627473486199,-9.71764126731661,11.75256779304026
2021-04-18 17:12:00,1.0883015126478235,-9.610718797325436,11.687182188393432
2021-04-18 17:13:00,1.081090570083619,-9.5334555317023,12.19822505657117
2021-04-18 17:14:00,1.0739960123254488,-9.465421842009052,11.133786242774196
2021-04-18 17:15:00,1.0670191699574936,-10.073106896966078,11.081917406902749
2021-04-18 17:16:00,1.0601613367347202,-9.263458489685533,11.480712160155118
2021-04-18 17:17:00,1.0534237695050688,-8.860967805424576,11.415165732325208
2021-04-18 17:18:00,1.0468076877380275,-9.95162663933386,11.50199310126354
2021-04-18 17:19:00,1.040314273014608,-9.686231072273785,12.028661673594101
2021-04-18 17:20:00,1.0339446689330245,-8.958196874385733,11.358760760362081
2021-04-18 17:21:00,1.027699980425545,-9.19702556100737,12.146864776400118
2021-04-18 17:22:00,1.0215812736306502,-9.25658964442774,12.029219893484266
2021-04-18 17:23:00,1.0155895755607716,-9.477041250475981,11.230456450833993
2021-04-18 17:24:00,1.009725873690477,-10.330766974833569,10.881627293352192
2021-04-18 17:25:00,1.0039911156314807,-8.119478778397854,12.293021134275502
2021-04-18 17:26:00,0.9983862089625559,-10.240591492872051,11.941493718190124
2021-04-18 17:27:00,0.9929120208205616,-9.918572855094533,11.965022646421852
2021-04-18 17:28:00,0.9875693776489867,-9.668541968971004,11.758416836850932
2021-04-18 17:29:00,0.9823590649895191,-9.419782833386627,11.306206346377435
2021-04-18 17:30:00,0.9772818271167926,-9.520840496831493,11.529842635928855
2021-04-18 17:31:00,0.9723383669627983,-10.094282578239579,11.379681013128524
2021-04-18 17:32:00,0.9675293457004764,-9.43946546653548,11.450419382369859
2021-04-18 17:33:00,0.9628553826483219,-9.722809194740563,11.899712823098309
2021-04-18 17:34:00,0.9583170550990477,-10.137325120997803,11.990441027585442
2021-04-18 17:35:00,0.953914897930479,-9.651219590189896,11.789965624569671
2021-04-18 17:36:00,0.949649403700173,-10.142997289177487,11.747449126632123
2021-04-18 17:37:00,0.9455210222013366,-9.692147882649543,11.294728590196423
2021-04-18 17:38:00,0.9415301605392814,-9.37749678524437,11.484878235725297
2021-04-18 17:39:00,0.9376771828122771,-9.25210407665685,10.67600706452048
2021-04-18 17:40:00,0.9339624101028223,-9.886198540757745,11.843990443454153
2021-04-18 17:41:00,0.9303861203132923,-9.090674052226445,11.738861509832807
2021-04-18 17:42:00,0.9269485480011751,-10.086022406951152,11.449236881866428
2021-04-18 17:43:00,0.9236498843954937,-9.321970842926431,11.223752060883285
2021-04-18 17:44:00,0.9204902772686907,-10.049187284722061,11.873270831878843
2021-04-18 17:45:00,0.9174698308153676,-9.562130187434876,11.720136642071568
2021-04-18 17:46:00,0.9145886056446728,-9.484841092844864,11.325281104398448
2021-04-18 17:47:00,0.911846618778554,-10.030591162718599,11.843147215360679
2021-04-18 17:48:00,0.9092438435797172,-9.269526095825418,12.41173691129535
2021-04-18 17:49:00,0.906780209676914,-9.462754403673559,10.869986618211483
2021-04-18 17:50:00,0.9044556030896871,-10.13171125289431,12.482251132513623
2021-04-18 17:51:00,0.9022698661018876,-10.041994964218922,12.078280459635439
2021-04-18 17:52:00,0.9002227974066273,-9.090818765346103,12.39329873635271
2021-04-18 17:53:00,0.8983141520200056,-9.525058650482505,11.255761555459177
2021-04-18 17:54:00,0.8965436414526491,-9.488359670519042,12.08949331033165
2021-04-18 17:55:00,0.8949109336795864,-9.104838919597428,11.171642318710639
2021-04-18 17:56:00,0.8934156532118702,-9.709908293275078,11.503127946751915
2021-04-18 17:57:00,0.8920573812651014,-9.446248332925492,11.395925102819886
2021-04-18 17:58:00,0.8908356557924536,-9.152185478367537,11.73934920204522
2021-04-18 17:59:00,0.8897499715621149,-9.730670068093739,11.549351657935842
2021-04-18 18:00:00,0.888799780397044,-9.581103981571669,11.379990937072964
2021-04-18 18:01:00,0.8879844911683159,-9.649004596143184,11.56180498848108
2021-04-18 18:02:00,0.8873034701181536,-9.39496968520547,11.08323015571308
2021-04-18 18:03:00,0.8867560408033026,-9.095498228002938,12.167658822513992
2021-04-18 18:04:00,0.8863414844982307,-9.516875034901746,11.377629744414145
2021-04-18 18:05:00,0.8860590402413187,-10.053817419154798,10.719417292885174
2021-04-18 18:06:00,0.885907905024613,-9.471028381556195,11.479327070142025
2021-04-18 18:07:00,0.8858872341285895,-10.533561674922876,10.666874802441246
2021-04-18 18:08:00,0.8859961412408511,-9.251918452858071,11.546069267960632
2021-04-18 18:09:00,0.8862336986961102,-10.153763124399054,11.203769688946519
2021-04-18 18:10:00,0.8865989378047875,-9.633574185282844,10.934253058004732
2021-04-18 18:11:00,0.8870908489983707,-9.703495661863217,11.683956156980944
2021-04-18 18:12:00,0.88770838232008,-9.055805341909728,11.346798027530538
2021-04-18 18:13:00,0.8884504473387863,-9.843905162442457,11.223427624555985
2021-04-18 18:14:00,0.8893159139050735,-10.007430548529877,12.057579171638308
2021-04-18 18:15:00,0.8903036120813739,-9.703328909874369,12.124795727338684
2021-04-18 18:16:00,0.891412332689016,-9.634001653162253,11.972401526861375
2021-04-18 18:17:00,0.8926408275120712,-9.984845622365699,10.834565613158652
2021-04-18 18:18:00,0.8939878097820653,-10.095949658373097,11.052506334868763
2021-04-18 18:19:00,0.8954519544126934,-9.844242182907884,11.20069870174188
2021-04-18 18:20:00,0.8970318984017176,-9.562845963235622,11.551334960808605
2021-04-18 18:21:00,0.8987262412405619,-9.909372812968744,11.51054076663498
2021-04-18 18:22:00,0.9005335453431835,-9.609726194029108,11.082137513068645
2021-04-18 18:23:00,0.902452336326507,-9.842619552595359,11.244866838621695
2021-04-18 18:24:00,0.9044811035529859,-8.921420730883519,11.839837755748356
2021-04-18 18:25:00,0.9066183004369724,-10.037908812529915,11.843775229432374
2021-04-18 18:26:00,0.9088623451301522,-9.935455405107867,11.71531986354567
2021-04-18 18:27:00,0.9112116205051409,-9.207878444027239,10.778324841859446
2021-04-18 18:28:00,0.9136644752032953,-9.54832522200895,11.51394379804181
2021-04-18 18:29:00,0.9162192235764912,-9.30790071610148,11.355915966892475
2021-04-18 18:30:00,0.9188741465351026,-9.39796997363883,11.50458122707154
2021-04-18 18:31:00,0.921627491823177,-9.453100069209938,11.5819874539346
2021-04-18 18:32:00,0.9244774746060765,-10.046904710923751,10.717251820679534
2021-04-18 18:33:00,0.9274222691706,-9.67185328811477,11.123547801666936
2021-04-18 18:34:00,0.9304600358919926,-9.85954689285176,12.376039807294944
2021-04-18 18:35:00,0.93358889527318,-9.620971255933128,11.771408840569805
2021-04-18 18:36:00,0.9368069374167769,-9.903927966244462,11.283624014891814
2021-04-18 18:37:00,0.9401122223268232,-9.857038681993076,11.374502564912387
2021-04-18 18:38:00,0.9435027807999526,-9.564744570543043,11.218395903312013
2021-04-18 18:39:00,0.9469766147239175,-9.611704913664134,10.719955136089068
2021-04-18 18:40:00,0.9505316977926619,-10.45285973073576,11.709029955556371
2021-04-18 18:41:00,0.9541659759989406,-9.835856341793285,11.691885566006192
2021-04-18 18:42:00,0.9578773684588375,-9.949285321873301,11.424268337257251
2021-04-18 18:43:00,0.9616637676360168,-9.527732313210475,10.899410378414684
2021-04-18 18:44:00,0.9655230402722775,-9.460796702940147,11.278041219451968
2021-04-18 18:45:00,0.9694530278575663,-10.10074474661898,10.961835279595624
2021-04-18 18:46:00,0.9734515473458529,-9.765537835469708,11.383934886945427
2021-04-18 18:47:00,0.9775163917666971,-9.450657009415751,11.918278353373505
2021-04-18 18:48:00,0.9816453307051898,-10.571529820430177,11.122155146410611
2021-04-18 18:49:00,0.9858361112879543,-9.353222503858287,10.946844654059388
2021-04-18 18:50:00,0.9900864584543164,-9.630194007566857,12.259420441211434
2021-04-18 18:51:00,0.9943940759644614,-9.163047860714018,11.979555715499899
2021-04-18 18:52:00,0.9987566469014449,-9.67373637392697,11.472288701683253
2021-04-18 18:53:00,1.003171834322818,-9.757121730286478,11.880637451383489
2021-04-18 18:54:00,1.0076372820240778,-9.839512685428762,11.838816466572666
2021-04-18 18:55:00,1.012150615205988,-9.85894891068609,11.395371212985374
2021-04-18 18:56:00,1.0167094411442665,-10.052545098537886,11.973254181474301
2021-04-18 18:57:00,1.0213113500244255,-9.719258943243002,11.307518399407968
2021-04-18 18:58:00,1.0259539153732755,-9.010697868793319,12.108179249566723
2021-04-18 18:59:00,1.0306346951016918,-9.184990009876904,11.920228990078877
2021-04-18 19:00:00,1.035351232074975,-9.19896696854601,11.117692545789565
2021-04-18 19:01:00,1.0401010546888212,-9.622816469568935,11.272159454628355
2021-04-18 19:02:00,1.0448816778986643,-9.579750260657159,11.371300836521783
2021-04-18 19:03:00,1.04969060381872,-9.117283578086411,12.045788355918233
2021-04-18 19:04:00,1.0545253222820965,-10.030073150419144,11.150473987388475
2021-04-18 19:05:00,1.0593833119783467,-9.63373352050453,11.556156494290455
2021-04-18 19:06:00,1.0642620407316659,-9.37582190071687,10.963106134678814
2021-04-18 19:07:00,1.0691589667653785,-8.880102786826857,11.985421019244868
2021-04-18 19:08:00,1.074071539019221,-8.992141904010712,12.284901738804239
2021-04-18 19:09:00,1.0789971981221151,-9.20087145523029,11.59980884848898
2021-04-18 19:10:00,1.083933377105824,-9.484071874276632,11.291987325383733
2021-04-18 19:11:00,1.0888775022721897,-9.664081966525963,12.041837224793573
2021-04-18 19:12:00,1.0938269937027485,-9.195568272709897,11.886057575258718
2021-04-18 19:13:00,1.098779266372184,-8.63351762512788,11.503398053138678
2021-04-18 19:14:00,1.1037317306422978,-9.693601458180186,12.039437881873175
2021-04-18 19:15:00,1.1086817931588084,-8.819644901927806,10.935276628636004
2021-04-18 19:16:00,1.1136268576798212,-9.72092799833496,11.884370741573136
2021-04-18 19:17:00,1.1185643257103726,-9.55911995460659,11.937764405785005
2021-04-18 19:18:00,1.123491597373195,-9.730295120475535,10.813360372625738
2021-04-18 19:19:00,1.12840607228528,-9.118608302305706,10.825768741967101
2021-04-18 19:20:00,1.1333051500169329,-9.368608874274514,12.067657591778934
2021-04-18 19:21:00,1.1381862314057822,-10.127524110392887,11.758267906755547
2021-04-18 19:22:00,1.1430467186835012,-9.565615674372296,11.199390476735205
2021-04-18 19:23:00,1.147884016843271,-9.274417973530154,11.97208596311031
2021-04-18 19:24:00,1.1526955341831122,-10.021225853554249,11.045272432655539
2021-04-18 19:25:00,1.1574786829194013,-8.569861292324036,12.003189658602018
2021-04-18 19:26:00,1.1622308803223,-9.786192103732834,11.574124515979326
2021-04-18 19:27:00,1.1669495492796145,-9.94011064026603,11.645337549705935
2021-04-18 19:28:00,1.171632119072534,-9.031756475825269,11.188489086022948
2021-04-18 19:29:00,1.1762760262507368,-9.924418152480483,11.285483558271213
2021-04-18 19:30:00,1.1808787153270879,-9.205390558152187,11.923102106357339
2021-04-18 19:31:00,1.1854376396715445,-9.4145328441423,11.621998402811231
2021-04-18 19:32:00,1.1899502621600355,-10.790005928592485,12.00894491866007
2021-04-18 19:33:00,1.1944140560044023,-9.819564985491379,12.105927867149292
2021-04-18 19:34:00,1.198826505549635,-9.635991814752556,11.3163530557847
2021-04-18 19:35:00,1.2031851069948505,-8.979786348398678,11.932825095010303
2021-04-18 19:36:00,1.2074873691873373,-9.062485938608265,12.38150961425263
2021-04-18 19:37:00,1.2117308144358596,-9.067981781689218,11.423083225449469
2021-04-18 19:38:00,1.2159129791525052,-9.380364464380074,11.788988425106142
2021-04-18 19:39:00,1.2200314146936129,-9.673892417702014,12.000369918453204
2021-04-18 19:40:00,1.2240836881735842,-9.503033989907392,11.803882110440965
2021-04-18 19:41:00,1.2280673830178703,-9.133078449717626,11.986051354553833
2021-04-18 19:42:00,1.2319800999863717,-9.601864063048732,11.289985179363622
2021-04-18 19:43:00,1.2358194575842534,-9.518200278150532,12.148037363181512
2021-04-18 19:44:00,1.2395830931331828,-9.382970023861086,12.052314296435584
2021-04-18 19:45:00,1.2432686633254622,-9.238995584801827,11.708469412034757
2021-04-18 19:46:00,1.2468738448812695,-9.892079077241972,11.694478571565108
2021-04-18 19:47:00,1.2503963354885985,-9.86493034919463,12.27671204363208
2021-04-18 19:48:00,1.253833854345628,-9.162366098620328,10.907144204226908
2021-04-18 19:49:00,1.2571841429277266,-9.211579173825802,11.915397505144957
2021-04-18 19:50:00,1.2604449657202768,-9.87461386416225,12.80527377412673
2021-04-18 19:51:00,1.2636141108615144,-9.448713673041704,11.078595117881335
2021-04-18 19:52:00,1.266689390927295,-9.625280025592376,12.24944226266512
2021-04-18 19:53:00,1.2696686435261109,-9.24458612351109,12.025564410047396
2021-04-18 19:54:00,1.2725497320046921,-9.41016189209335,12.35524124668121
2021-04-18 19:55:00,1.2753305461727775,-9.497531747075113,12.22206014502408
2021-04-18 19:56:00,1.2780090029660158,-9.653948521177254,11.415707088321719
2021-04-18 19:57:00,1.2805830469599733,-8.89331436252429,11.746337220865204
2021-04-18 19:58:00,1.283050651288657,-9.426543636303322,12.223546895684752
2021-04-18 19:59:00,1.2854098179987365,-9.14707049456603,11.4904577945777
2021-04-18 20:00:00,1.2876585789430883,-9.319962256307473,11.647871754809346
2021-04-18 20:01:00,1.2897949962819908,-9.54740277611554,12.03604941713329
2021-04-18 20:02:00,1.2918171630397302,-8.82200596414173,12.341363388634607
2021-04-18 20:03:00,1.293723203907492,-9.367932808123587,12.075522203552847
2021-04-18 20:04:00,1.2955112756868201,-9.189442329573794,12.018319338267958
2021-04-18 20:05:00,1.297179567935761,-9.328925840301663,11.59106451127439
2021-04-18 20:06:00,1.2987263036108778,-9.56221539384611,12.163060384951851
2021-04-18 20:07:00,1.3001497395261352,-9.398873035417578,11.952557390404793
2021-04-18 20:08:00,1.3014481670532638,-8.98390821196872,11.974885056485833
2021-04-18 20:09:00,1.3026199126189755,-9.186607007781049,11.802725304797374
2021-04-18 20:10:00,1.30366333820739,-9.103149164453603,11.675806172419916
2021-04-18 20:11:00,1.304576842010287,-8.593006393259273,12.21356398348892
2021-04-18 20:12:00,1.3053588588711644,-8.976269057961433,12.623950756885009
2021-04-18 20:13:00,1.3060078608337014,-9.572565948326123,12.139011606552222
2021-04-18 20:14:00,1.3065223576625185,-8.354374704147624,11.747506110276175
2021-04-18 20:15:00,1.306900897319705,-9.335836575588244,11.387315388092551
2021-04-18 20:16:00,1.307142066483602,-9.548696093183931,12.042971782847085
2021-04-18 20:17:00,1.307244491020823,-9.0349628299274,12.049819634701823
2021-04-18 20:18:00,1.307206836404256,-9.539004571006588,11.989510379988905
2021-04-18 20:19:00,1.3070278082624065,-9.042064323195387,11.906049991043627
2021-04-18 20:20:00,1.306706152729029,-9.268376688908754,11.72691133839005
2021-04-18 20:21:00,1.306240656956653,-9.316440248194297,11.99511242456087
2021-04-18 20:22:00,1.3056301494965419,-9.11834040427779,11.941075055074545
2021-04-18 20:23:00,1.3048735007145702,-8.94314978855809,11.310227664311222
2021-04-18 20:24:00,1.303969623199912,-8.80876749919814,11.96323688875697
2021-04-18 20:25:00,1.302917472155851,-8.538039761519668,11.492020874381133
2021-04-18 20:26:00,1.3017160457658907,-9.668007410972846,10.680954604949966
2021-04-18 20:27:00,1.300364385563936,-10.028356188080826,12.433569773632495
2021-04-18 20:28:00,1.2988615767889549,-9.475393614664965,12.012554798210774
2021-04-18 20:29:00,1.2972067487197734,-9.676178731106045,11.327587969670057
2021-04-18 20:30:00,1.2953990750051692,-9.052607170854404,12.485528211838886
2021-04-18 20:31:00,1.2934377739834497,-8.903765933798867,11.207766087918696
2021-04-18 20:32:00,1.2913221089792999,-9.274562316774109,11.797450336484953
2021-04-18 20:33:00,1.2890513885830603,-8.969670426714163,12.094788390812731
2021-04-18 20:34:00,1.2866249669702612,-8.828012608877971,11.729851229080115
2021-04-18 20:35:00,1.2840422440993982,-9.285845553945284,11.250458397326055
2021-04-18 20:36:00,1.2813026660406226,-9.018939305682016,11.506537967406338
2021-04-18 20:37:00,1.278405725138083,-8.176577364772758,11.277637580295083
2021-04-18 20:38:00,1.2753509602887578,-9.248494146072941,12.175585775323022
2021-04-18 20:39:00,1.2721379571475908,-8.799055954149145,13.497293124564068
2021-04-18 20:40:00,1.2687663482969318,-9.32542888307586,11.415669518398104
2021-04-18 20:41:00,1.2652358134603394,-9.508451715557035,12.24691164625269
2021-04-18 20:42:00,1.261546079678248,-9.36512756458703,11.237853757670548
2021-04-18 20:43:00,1.2576969214374991,-8.936720757368574,11.2490212075763
2021-04-18 20:44:00,1.2536881608554848,-8.263498327701313,12.875444396840134
2021-04-18 20:45:00,1.249519667782514,-9.73690410675707,12.03549443575547
2021-04-18 20:46:00,1.2451913599139603,-9.871047066302364,12.225820223816141
2021-04-18 20:47:00,1.2407032029444056,-9.107027194658238,11.465280717633291
2021-04-18 20:48:00,1.236055210609723,-9.068131009420453,11.638916345259924
2021-04-18 20:49:00,1.231247444761672,-9.657629268476366,12.83180093094237
2021-04-18 20:50:00,1.2262800154895257,-9.594747508563094,12.030762237984174
2021-04-18 20:51:00,1.2211530810981726,-9.975297907835841,11.193056136379328
2021-04-18 20:52:00,1.215866848206966,-9.27648412961958,10.947165187526908
2021-04-18 20:53:00,1.2104215717451081,-8.605925413989418,11.715834540533509
2021-04-18 20:54:00,1.2048175548626647,-9.94914183413145,11.470315320519028
2021-04-18 20:55:00,1.1990551492140744,-10.08657537526412,11.361595780895376
2021-04-18 20:56:00,1.1931347545514295,-9.680246362621764,12.226026865437127
2021-04-18 20:57:00,1.187056818984262,-9.146600888442693,11.621420433444309
2021-04-18 20:58:00,1.1808218388382912,-9.395045283661451,12.106591691952609
2021-04-18 20:59:00,1.1744303585552713,-9.143620653275876,12.187570450160905
2021-04-18 21:00:00,1.1678829707037406,-9.628889876431751,10.772453536938524
2021-04-18 21:01:00,1.1611803157841771,-9.994839451573197,11.99948328899644
2021-04-18 21:02:00,1.1543230822140882,-8.476224359276852,11.44993998190065
2021-04-18 21:03:00,1.14731200621687,-9.691122429294847,11.020199573040365
2021-04-18 21:04:00,1.1401478715729831,-8.999301182859435,12.0482145049935
2021-04-18 21:05:00,1.132831509684333,-9.662266221693145,11.538342412598364
2021-04-18 21:06:00,1.1253637991849061,-9.457178102540766,11.78966927184702
2021-04-18 21:07:00,1.117745665925569,-9.056093921130186,11.840122226183787
2021-04-18 21:08:00,1.109978082770471,-9.664589755989816,12.353764606823416
2021-04-18 21:09:00,1.1020620693772605,-9.009241649109043,11.936245470992533
2021-04-18 21:10:00,1.0939986918426636,-9.718681459810382,11.643237279799338
2021-04-18 21:11:00,1.0857890628728941,-9.383465769301957,10.98729810699956
2021-04-18 21:12:00,1.0774343410195193,-8.505418409549119,12.348244300860209
2021-04-18 21:13:00,1.0689357309634036,-10.235843280751332,11.518496168523283
2021-04-18 21:14:00,1.0602944827719503,-9.437951241323718,12.116170874989546
2021-04-18 21:15:00,1.0515118918846842,-8.918378407792773,12.085094866702379
2021-04-18 21:16:00,1.0425892988870247,-10.895916143673142,10.82704418248996
2021-04-18 21:17:00,1.0335280889626446,-9.048760171420977,11.75526930749649
2021-04-18 21:18:00,1.0243296917006586,-10.060515671616939,12.259213692273326
2021-04-18 21:19:00,1.0149955809044373,-8.954588601411666,12.37587433540614
2021-04-18 21:20:00,1.0055272739458976,-10.389630126481682,10.928569964027389
2021-04-18 21:21:00,0.9959263316979544,-9.547658365529289,11.383551700815852
2021-04-18 21:22:00,0.9861943579827385,-9.410354054313675,11.676946539148217
2021-04-18 21:23:00,0.97633299925045,-10.279029826678313,10.971983466524964
2021-04-18 21:24:00,0.966343944251617,-9.151852997678837,11.93944648648305
2021-04-18 21:25:00,0.9562289235012552,-10.251149709997266,11.459653466188378
2021-04-18 21:26:00,0.9459897088394763,-10.105680228510291,12.110022793294805
2021-04-18 21:27:00,0.9356281133403318,-9.683261480215561,11.055814676651586
2021-04-18 21:28:00,0.9251459903425806,-8.8955204434664,11.92352480194897
2021-04-18 21:29:00,0.9145452334941945,-10.722854078154572,12.289150408747174
2021-04-18 21:30:00,0.9038277759197716,-9.305185356677288,11.104998288850421
2021-04-18 21:31:00,0.8929955898094201,-9.652524972386301,11.68412275914536
2021-04-18 21:32:00,0.8820506862912741,-10.060573047021927,11.583126965648702
2021-04-18 21:33:00,0.8709951143532554,-9.926807697850819,11.718402197716786
2021-04-18 21:34:00,0.8598309607075625,-9.630962682218854,11.826476409818362
2021-04-18 21:35:00,0.8485603492547068,-9.802590557650447,11.526988438670388
2021-04-18 21:36:00,0.8371854403811032,-9.440597373453558,12.042033730315998
2021-04-18 21:37:00,0.8257084305808606,-9.635212819806787,11.74393207353261
2021-04-18 21:38:00,0.8141315517896551,-9.62414816875071,11.66238002044347
2021-04-18 21:39:00,0.8024570707725047,-9.247756279404781,11.4977329414245
2021-04-18 21:40:00,0.7906872888281014,-9.701087160133767,11.809161042102351
2021-04-18 21:41:00,0.7788245408227676,-9.312931140667208,11.266920132235713
2021-04-18 21:42:00,0.7668711947702824,-9.558438462537099,11.610582479650995
2021-04-18 21:43:00,0.754829651411985,-9.589678079425383,11.67151208165583
2021-04-18 21:44:00,0.7427023431890976,-10.232273653325345,11.638015154552312
2021-04-18 21:45:00,0.7304917340058725,-9.606216864567902,12.185473586627536
2021-04-18 21:46:00,0.7182003183912229,-10.11181625064963,10.883212079955616
2021-04-18 21:47:00,0.7058306207235248,-9.815437169307401,11.123890231119471
2021-04-18 21:48:00,0.6933851951238743,-10.478340445731984,11.662508496887039
2021-04-18 21:49:00,0.6808666239051322,-9.293384562484505,11.17468277566816
2021-04-18 21:50:00,0.6682775179885998,-9.765435102867555,11.25205336137414
2021-04-18 21:51:00,0.6556205151268816,-9.453459754782251,10.706785240515307
2021-04-18 21:52:00,0.6428982799940068,-9.87129115446025,11.387416295190423
2021-04-18 21:53:00,0.6301135032253372,-10.111253740632833,11.26557657767312
2021-04-18 21:54:00,0.6172689006760421,-8.946161523944353,11.177864322103893
2021-04-18 21:55:00,0.6043672126785881,-10.179840226562574,11.59504583553024
2021-04-18 21:56:00,0.5914112035249669,-9.99215500695376,11.29414428355276
2021-04-18 21:57:00,0.5784036604991992,-10.138127113502271,11.396759998575764
2021-04-18 21:58:00,0.5653473933592091,-9.936692496023175,11.504122795237382
2021-04-18 21:59:00,0.5522452333519996,-8.898271117777645,10.943888338610913
2021-04-18 22:00:00,0.5391000326710187,-10.45215406404492,10.507585663720338
2021-04-18 22:01:00,0.5259146636715363,-10.005906929427743,10.751726482537427
2021-04-18 22:02:00,0.512692018074704,-10.188339021076255,11.81467673771797
2021-04-18 22:03:00,0.4994350059147731,-9.644626077081346,11.801344061538208
2021-04-18 22:04:00,0.48614655560092057,-10.615539334934926,11.064834648376687
2021-04-18 22:05:00,0.4728296119605681,-9.788072709077557,11.241436249546355
2021-04-18 22:06:00,0.45948713658377005,-10.504485921376336,10.926748875980497
2021-04-18 22:07:00,0.44612210630191856,-10.74302584981692,10.591738139636831
2021-04-18 22:08:00,0.43273751502210267,-9.337894574927773,11.2780558945825
2021-04-18 22:09:00,0.41933636580737427,-10.805172782735193,10.716868628273858
2021-04-18 22:10:00,0.4059216769930863,-10.562911041196838,11.374141659416516
2021-04-18 22:11:00,0.3924964793380719,-10.531734553333807,10.869409704189726
2021-04-18 22:12:00,0.3790638150946675,-9.532887188507027,11.04367090133552
2021-04-18 22:13:00,0.36562673696267667,-10.194117732801448,11.165071530504358
2021-04-18 22:14:00,0.35218830771852927,-9.817353331386274,11.296587403233529
2021-04-18 22:15:00,0.3387515988885867,-10.25375567535849,10.266482474019211
2021-04-18 22:16:00,0.32531969026515634,-9.563209636281076,10.645263140586202
2021-04-18 22:17:00,0.31189566901393617,-10.313242540990558,10.650693743738543
2021-04-18 22:18:00,0.29848262876537784,-9.996300609309115,10.869462166271058
2021-04-18 22:19:00,0.28508366874156243,-10.77922372498526,10.044690623476335
2021-04-18 22:20:00,0.2717018931352422,-9.44152572571772,10.668076309558725
2021-04-18 22:21:00,0.2583404100218557,-10.175632256371674,10.087854203964342
2021-04-18 22:22:00,0.24500233073702604,-10.170951260617462,10.92302553973655
2021-04-18 22:23:00,0.23169076883156087,-10.462441466207574,10.830338857704236
2021-04-18 22:24:00,0.21840883921346932,-10.336698621887102,11.13604397088852
2021-04-18 22:25:00,0.20515965777015177,-9.967246060665913,10.472435002910013
2021-04-18 22:26:00,0.1919463398037693,-10.392630905095032,10.390550924949672
2021-04-18 22:27:00,0.17877199962599266,-10.599367435005716,10.71356566401409
2021-04-18 22:28:00,0.16563974982424068,-10.487792532333561,10.244911200461546
2021-04-18 22:29:00,0.1525526999586393,-11.09124315208352,9.806542396376383
2021-04-18 22:30:00,0.13951395615898854,-10.348387814021162,10.649346417524729
2021-04-18 22:31:00,0.1265266200101679,-9.846922359779047,11.131027821668534
2021-04-18 22:32:00,0.11359378779197171,-10.683814006151033,10.85890095734101
2021-04-18 22:33:00,0.10071854971666416,-10.253094094901298,11.07698911873253
2021-04-18 22:34:00,0.0879039888212414,-9.836631631906439,11.149538770630361
2021-04-18 22:35:00,0.07515318056144604,-10.498914244517977,10.793814690824215
2021-04-18 22:36:00,0.062469191501513976,-9.979767857604477,9.672485221429122
2021-04-18 22:37:00,0.049855078687406795,-10.75484877256877,10.800531882857577
2021-04-18 22:38:00,0.03731388901746602,-10.444493771186488,10.261879067019034
2021-04-18 22:39:00,0.02484865800555547,-11.036252189048508,9.788206507744702
2021-04-18 22:40:00,0.012462409070462588,-10.115130557905212,10.498051715193927
2021-04-18 22:41:00,0.0001581531049890117,-10.736791182874951,10.709852730664466
2021-04-18 22:42:00,-0.012061113096025644,-10.996172578662492,10.323981330559874
2021-04-18 22:43:00,-0.02419240680862289,-11.078771524334453,10.105927349586997
2021-04-18 22:44:00,-0.036232761063589525,-10.899660482109768,10.964533606482552
2021-04-18 22:45:00,-0.048179224831427225,-11.089587129491912,10.082067119656188
2021-04-18 22:46:00,-0.06002886389513262,-11.022040513811552,10.551677319743101
2021-04-18 22:47:00,-0.07177876207954637,-10.084106969335854,10.238607369413335
2021-04-18 22:48:00,-0.08342602171700642,-10.829428959756719,10.649250585504271
2021-04-18 22:49:00,-0.09496776433307719,-10.75466769080469,10.32094488033382
2021-04-18 22:50:00,-0.10640113186107791,-11.69532785386152,9.968839126265028
2021-04-18 22:51:00,-0.11772328703468238,-11.087874186738484,10.522669071987135
2021-04-18 22:52:00,-0.12893141437941402,-10.407759046698953,10.415281168713854
2021-04-18 22:53:00,-0.14002272102098345,-10.896532536036093,10.325438672941234
2021-04-18 22:54:00,-0.15099443727033235,-10.863228418533822,9.805840861653333
2021-04-18 22:55:00,-0.16184381757552668,-10.978045568084607,10.10732108249684
2021-04-18 22:56:00,-0.17256814121618702,-10.77613421574622,10.154420623862931
2021-04-18 22:57:00,-0.18316471299818682,-11.425703216241809,10.403912303125914
2021-04-18 22:58:00,-0.19363086421466513,-10.468355221961012,10.278860549136756
2021-04-18 22:59:00,-0.2039639530216355,-10.439428499912589,10.55880728959804
2021-04-18 23:00:00,-0.21416136556447096,-10.845011958474624,9.991666424493488
2021-04-18 23:01:00,-0.22422051657916575,-10.38437761400207,10.535301684696812
2021-04-18 23:02:00,-0.23413884981580002,-10.772442039188215,10.154019084114058
2021-04-18 23:03:00,-0.2439138392626391,-10.59771375496423,9.677582190367731
2021-04-18 23:04:00,-0.253542989527864,-10.848363825377238,10.87288517459113
2021-04-18 23:05:00,-0.26302383654212924,-10.479130586750404,10.03734377729677
2021-04-18 23:06:00,-0.2723539483781243,-10.599053550200882,11.021829208946432
2021-04-18 23:07:00,-0.2815309258085732,-11.053694408195641,10.240748100370233
2021-04-18 23:08:00,-0.2905524031375327,-11.105685485573833,10.507882321159505
2021-04-18 23:09:00,-0.29941604869783767,-11.829596829549425,10.614802495587835
2021-04-18 23:10:00,-0.30811956557639486,-10.989140655304217,10.102484756333457
2021-04-18 23:11:00,-0.316660692264504,-10.53256540294128,10.944908470058657
2021-04-18 23:12:00,-0.32503720338019426,-10.01481594252628,10.568468653519144
2021-04-18 23:13:00,-0.33324691003380935,-10.178117992964161,10.563725769339374
2021-04-18 23:14:00,-0.3412876608030415,-11.629419249525641,9.978150135389281
2021-04-18 23:15:00,-0.3491573420474986,-10.386898058445723,10.495695610884932
2021-04-18 23:16:00,-0.35685387863455287,-10.209607406051555,9.891250031752612
2021-04-18 23:17:00,-0.3643752345958795,-10.986883029157617,9.996039422234087
2021-04-18 23:18:00,-0.3717194134909767,-11.004211526409824,10.054347049331824
2021-04-18 23:19:00,-0.3788844592666847,-10.96538958968691,9.838199202422304
2021-04-18 23:20:00,-0.38586845646104084,-10.647422790536668,9.876513256049801
2021-04-18 23:21:00,-0.3926695311068208,-11.425965634593167,10.74398587355519
2021-04-18 23:22:00,-0.39928585108637726,-10.944808529442453,10.40493472722736
2021-04-18 23:23:00,-0.4057156265496512,-10.957312048239784,10.592370194082362
2021-04-18 23:24:00,-0.41195711070001373,-11.687362673614574,10.039074551012073
2021-04-18 23:25:00,-0.41800860006561413,-10.602719086370126,9.885174096469742
2021-04-18 23:26:00,-0.4238684350887343,-11.47145821743946,10.820259010679845
2021-04-18 23:27:00,-0.4295350005907089,-11.06150404281699,10.931075732512198
2021-04-18 23:28:00,-0.43500672621520575,-10.952934851151161,9.989058488609079
2021-04-18 23:29:00,-0.4402820869602525,-11.084411135898787,10.136962597076417
2021-04-18 23:30:00,-0.4453596035056382,-11.387397634568487,10.544883742361566
2021-04-18 23:31:00,-0.45023784270715794,-11.333408223292992,10.857360070369417
2021-04-18 23:32:00,-0.454915418045174,-10.935697337321093,10.201821764478217
2021-04-18 23:33:00,-0.45939098999977734,-10.882624086996994,9.398132781638795
2021-04-18 23:34:00,-0.4636632663751781,-10.787582309334555,10.081156167485345
2021-04-18 23:35:00,-0.4677310027938718,-10.758826594684562,10.306048092118957
2021-04-18 23:36:00,-0.47159300301464446,-10.39007571537893,9.53023287330253
2021-04-18 23:37:00,-0.4752481192500707,-11.206179008822337,10.45606829731486
2021-04-18 23:38:00,-0.4786952526412678,-11.616604247361465,9.896070582841684
2021-04-18 23:39:00,-0.4819333533807669,-11.243115757321743,9.538577682403949
2021-04-18 23:40:00,-0.48496142121917263,-11.651159914731116,10.431251601913957
2021-04-18 23:41:00,-0.4877785056453635,-10.667223237208749,9.873043532774686
2021-04-18 23:42:00,-0.4903837062369525,-11.772410477883717,9.779585760235765
2021-04-18 23:43:00,-0.49277617295294995,-11.740280140272468,10.128077986787117
2021-04-18 23:44:00,-0.49495510628860173,-10.881933456443138,9.812136179008228
2021-04-18 23:45:00,-0.4969197576670893,-11.502706239731106,10.184236197600793
2021-04-18 23:46:00,-0.49866942960362803,-10.598186804339925,9.674100217424556
2021-04-18 23:47:00,-0.5002034758750694,-10.968223678349085,10.296392290186136
2021-04-18 23:48:00,-0.5015213018556495,-11.563964566811366,10.364413647600221
2021-04-18 23:49:00,-0.5026223645823077,-11.0850008649878,9.97118510240827
2021-04-18 23:50:00,-0.5035061730397656,-10.53208798012526,11.165067002931634
2021-04-18 23:51:00,-0.5041722882365316,-10.54091059378304,9.535408842062354
2021-04-18 23:52:00,-0.5046203234355189,-11.06652557990262,10.757488794874131
2021-04-18 23:53:00,-0.5048499442619389,-11.311723733874155,10.39499563561671
2021-04-18 23:54:00,-0.5048608687812356,-11.18401738785323,9.704741450043473
2021-04-18 23:55:00,-0.5046528677153661,-10.48308662504749,10.476226228675504
2021-04-18 23:56:00,-0.504225764415082,-11.243481773508982,10.266964008943747
2021-04-18 23:57:00,-0.5035794350544266,-11.387055107233225,9.576756517320616
2021-04-18 23:58:00,-0.5027138086154657,-11.07984622989133,9.41060824428912
2021-04-18 23:59:00,-0.5016288669918139,-10.370132698859786,10.38745829000187
2021-04-19 00:00:00,-0.5003246450324172,-10.9866236803881,10.162584507750383
2021-04-19 00:01:00,-0.49880123050220704,-11.40018514203243,10.492872219406891
2021-04-19 00:02:00,-0.4970587641664025,-11.083953717537412,9.641650736674679
2021-04-19 00:03:00,-0.49509743978424314,-11.103358228126794,9.00422566587057
2021-04-19 00:04:00,-0.49291750400893997,-10.175664561355187,10.420394252088213
2021-04-19 00:05:00,-0.49051925648916206,-11.1399215372761,10.848796953760756
2021-04-19 00:06:00,-0.4879030496895169,-11.487418354106309,9.40030279031207
2021-04-19 00:07:00,-0.4850692889233361,-10.767724788299356,10.037315708343575
2021-04-19 00:08:00,-0.4820184322547022,-11.171691302478395,10.74550614983248
2021-04-19 00:09:00,-0.47875099041472324,-11.156433740751886,9.920673750173815
2021-04-19 00:10:00,-0.4752675266032286,-10.478413859756424,9.994129696308997
2021-04-19 00:11:00,-0.4715686566104762,-10.70841648178458,10.431640137609222
2021-04-19 00:12:00,-0.46765504841595207,-10.617395017839653,10.50767003416886
2021-04-19 00:13:00,-0.46352742224939814,-11.201776130444335,9.444110342163794
2021-04-19 00:14:00,-0.4591865503097986,-10.852703461964783,10.034817641925814
2021-04-19 00:15:00,-0.4546332565616218,-11.231722570381308,9.995974169911493
2021-04-19 00:16:00,-0.4498684168171123,-11.471335444809037,10.483722548234686
2021-04-19 00:17:00,-0.44489295815754726,-10.945039793808188,10.090245142104703
2021-04-19 00:18:00,-0.43970785896548537,-10.801984812867834,9.291778421949244
2021-04-19 00:19:00,-0.4343141487003156,-11.099965445541217,10.204197865593803
2021-04-19 00:20:00,-0.4287129074971362,-10.733415052447912,9.831689907489533
2021-04-19 00:21:00,-0.42290526611546186,-10.007342045044775,10.524094796332662
2021-04-19 00:22:00,-0.4168924054906832,-11.663944834173769,10.394079223263688
2021-04-19 00:23:00,-0.41067555653954935,-11.71939583100902,10.67430261239271
2021-04-19 00:24:00,-0.4042559999330253,-11.502861602416663,10.678465460217092
2021-04-19 00:25:00,-0.397635065637009,-11.165396546305029,10.428621384851434
2021-04-19 00:26:00,-0.39081413267515475,-10.760142096402316,9.832821983173655
2021-04-19 00:27:00,-0.38379462887211835,-10.132142985266274,9.956373229894789
2021-04-19 00:28:00,-0.3765780303158719,-11.07785476335035,9.678918725935084
2021-04-19 00:29:00,-0.3691658612263743,-10.710385969690401,9.83009978716018
2021-04-19 00:30:00,-0.3615596934117379,-10.43171717616634,10.515756859145744
2021-04-19 00:31:00,-0.3537611458177832,-11.626730615792797,10.447765029183934
2021-04-19 00:32:00,-0.3457718845596849,-10.78749028435605,10.794892861855995
2021-04-19 00:33:00,-0.3375936218990554,-10.564916338533255,10.106708953159584
2021-04-19 00:34:00,-0.32922811625485837,-10.948065752507055,9.615005578869727
2021-04-19 00:35:00,-0.32067717170863363,-10.93233983836764,10.530602165547267
2021-04-19 00:36:00,-0.31194263736956906,-11.216774484527996,9.649826129642857
2021-04-19 00:37:00,-0.3030264071734008,-10.628773294491072,10.609692308245787
2021-04-19 00:38:00,-0.29393041917944285,-10.898945722943353,10.61229568626438
2021-04-19 00:39:00,-0.2846566551983132,-10.866075662179977,10.809292979658595
2021-04-19 00:40:00,-0.2752071403948727,-11.115564737305908,10.06385906821451
2021-04-19 00:41:00,-0.26558394257377715,-10.773288875535373,10.649986415855151
2021-04-19 00:42:00,-0.2557891717823344,-9.7703952660298,9.964958884433754
2021-04-19 00:43:00,-0.2458249798750226,-11.050205933852062,10.095174852197438
2021-04-19 00:44:00,-0.23569355973970385,-11.02499317035582,9.458795240432071
2021-04-19 00:45:00,-0.22539714502513775,-10.787485711068454,9.913320262530757
2021-04-19 00:46:00,-0.21493800938631724,-11.293160950562276,10.560779098817761
2021-04-19 00:47:00,-0.20431846579147073,-10.60888609891769,9.93963172668266
2021-04-19 00:48:00,-0.19354086653527602,-11.084105220514342,8.832921544398529
2021-04-19 00:49:00,-0.18260760175674262,-10.397348795295978,10.380130559694745
2021-04-19 00:50:00,-0.17152109976629165,-10.787814768311144,10.204553497205984
2021-04-19 00:51:00,-0.16028382573736216,-10.764045810881187,10.723755489852254
2021-04-19 00:52:00,-0.14889828122594534,-10.901649005280564,11.154449360336006
2021-04-19 00:53:00,-0.13736700407060848,-10.855565280864408,11.478877509644297
2021-04-19 00:54:00,-0.12569256692759628,-10.408291828712645,10.726498160908356
2021-04-19 00:55:00,-0.11387757718215441,-10.300846501674245,10.180836956112511
2021-04-19 00:56:00,-0.10192467627398638,-11.325451516638893,10.885819596250402
2021-04-19 00:57:00,-0.08983653869690006,-10.613050266150792,10.293162420182389
2021-04-19 00:58:00,-0.07761587172105072,-10.369313428656708,10.792287877354111
2021-04-19 00:59:00,-0.06526541440299494,-10.38485351682245,11.451447518821025
2021-04-19 01:00:00,-0.052787937017858444,-11.492320420154176,9.756876638857204
2021-04-19 01:01:00,-0.040186240488936986,-10.522736874506414,10.492414613735477
2021-04-19 01:02:00,-0.027463155409036766,-10.535787914032168,10.75266782681064
2021-04-19 01:03:00,-0.01462154150387629,-10.621358660177359,11.079271242661514
2021-04-19 01:04:00,-0.0016642870008328758,-11.724011628068624,10.494607135978729
2021-04-19 01:05:00,0.011405692419764024,-11.083760560000414,11.489027212421428
2021-04-19 01:06:00,0.0245854539198177,-11.337337272527842,10.877314835312662
2021-04-19 01:07:00,0.037872028628885335,-10.2254267469424,10.842541867648018
2021-04-19 01:08:00,0.05126242240750123,-10.714776406013735,11.011001156501006
2021-04-19 01:09:00,0.06475361596610468,-10.541181850208405,11.161695665191122
2021-04-19 01:10:00,0.07834256657123884,-11.120971755666814,11.10381367280394
2021-04-19 01:11:00,0.09202620816878004,-9.977861380609234,10.381005340851125
2021-04-19 01:12:00,0.10580145221950521,-10.421559667517638,10.302354021654574
2021-04-19 01:13:00,0.1196651887572599,-10.639913604971241,10.746110374144099
2021-04-19 01:14:00,0.1336142868366878,-10.515218349915479,10.6106210046702
2021-04-19 01:15:00,0.14764559558901558,-10.569613877366198,9.956329933726007
2021-04-19 01:16:00,0.16175594496644075,-10.207168675734497,9.935394684214218
2021-04-19 01:17:00,0.17594214625741927,-10.62711786619735,11.19222730488023
2021-04-19 01:18:00,0.19020099332142276,-10.70113767494912,10.123807215718054
2021-04-19 01:19:00,0.20452926318793146,-10.04360492986437,10.784494318869033
2021-04-19 01:20:00,0.21892371664882135,-10.47602471840608,11.429465373922895
2021-04-19 01:21:00,0.23338109955841335,-10.435132631560977,10.376903659689269
2021-04-19 01:22:00,0.24789814315399142,-9.746469658291263,10.487176270521495
2021-04-19 01:23:00,0.2624715651816085,-9.740269540178385,10.915240392754011
2021-04-19 01:24:00,0.27709807086843846,-10.646067462175031,10.745436371892744
2021-04-19 01:25:00,0.2917743529785808,-10.038021046033275,11.037648762772054
2021-04-19 01:26:00,0.30649709375867973,-9.550909279452233,11.771869890948727
2021-04-19 01:27:00,0.32126296491165796,-10.271047107914049,11.140035336143884
2021-04-19 01:28:00,0.33606862866425036,-10.915115236509374,10.737477101303357
2021-04-19 01:29:00,0.3509107388699345,-10.417641374256759,11.085215554316193
2021-04-19 01:30:00,0.3657859412287728,-10.009451786450752,10.927488820948271
2021-04-19 01:31:00,0.38069087497596865,-10.86018595596437,11.322436691343851
2021-04-19 01:32:00,0.3956221730880875,-9.836655371511641,11.239831332050414
2021-04-19 01:33:00,0.4105764631848161,-10.077572478586529,10.965292921545366
2021-04-19 01:34:00,0.4255503686664796,-10.04418181867213,11.255456539883145
2021-04-19 01:35:00,0.4405405091967626,-10.71072015634027,11.332660094999168
2021-04-19 01:36:00,0.455543501902792,-9.958603470557097,11.246388546671044
2021-04-19 01:37:00,0.47055596197964883,-9.992005824559776,11.046697478102596
2021-04-19 01:38:00,0.48557450349122966,-9.55042232205495,11.295053031260828
2021-04-19 01:39:00,0.5005957404094139,-10.394328802791925,10.937938299515249
2021-04-19 01:40:00,0.5156162874371173,-9.616727363578915,10.933917520748006
2021-04-19 01:41:00,0.5306327605059162,-9.623879414505263,10.902615115834577
2021-04-19 01:42:00,0.5486687865387627,-10.468160648633136,11.191965800535598
2021-04-19 01:43:00,0.5666939786593839,-10.657065858346877,11.458153099492245
2021-04-19 01:44:00,0.5847049624325249,-9.572500978331696,11.827147823675368
2021-04-19 01:45:00,0.602698368473893,-10.018289064195773,11.262644841383672
2021-04-19 01:46:00,0.6206708325965643,-9.188235394770853,11.410514037374064
2021-04-19 01:47:00,0.6386189975775831,-10.223268723036043,11.558248832843166
2021-04-19 01:48:00,0.6565395132974745,-9.65445476973986,10.489459801026092
2021-04-19 01:49:00,0.6744290377076121,-9.6211377978597,10.711247381620723
2021-04-19 01:50:00,0.6922842379658535,-9.621608716817931,11.647316353201436
2021-04-19 01:51:00,0.7101017907096445,-9.372383246125256,10.908215658968805
2021-04-19 01:52:00,0.727878383444859,-9.828763698027904,11.122862552479026
2021-04-19 01:53:00,0.7456107149970171,-10.485575351192784,11.114785415694506
2021-04-19 01:54:00,0.7632954963230215,-9.201311690322711,11.496123699726974
2021-04-19 01:55:00,0.7809294514864471,-9.607688429309682,11.137669805876952
2021-04-19 01:56:00,0.7985093184390004,-9.539686921852113,10.645855471133109
2021-04-19 01:57:00,0.8160318495702299,-9.504564796788861,11.719726612952579
2021-04-19 01:58:00,0.8334938128374632,-8.849137848295504,11.431365303275834
2021-04-19 01:59:00,0.8508919922218914,-9.09601077951062,11.84571509977719
2021-04-19 02:00:00,0.8682231887901988,-9.154243720973644,11.337167693536301
2021-04-19 02:01:00,0.8854842215101452,-9.508261725155684,10.960730950647987
2021-04-19 02:02:00,0.902671927375504,-9.405727807287432,11.973760349522843
2021-04-19 02:03:00,0.9197831631357414,-9.345691150391223,11.731092288812594
2021-04-19 02:04:00,0.9368148054343797,-9.735587120034015,11.079048911869384
2021-04-19 02:05:00,0.9537637514837556,-8.707806276121678,12.639466528970278
2021-04-19 02:06:00,0.9706269203223392,-9.742418023109702,11.56596305340751
2021-04-19 02:07:00,0.9874012530233968,-10.148377650844001,12.139474624608459
2021-04-19 02:08:00,1.0040837137741832,-9.835218412794568,12.175316083913533
2021-04-19 02:09:00,1.0206712904772264,-10.03224961947242,11.231615507268428
2021-04-19 02:10:00,1.0371609953506815,-10.525434007148545,11.511872777165175
2021-04-19 02:11:00,1.0535498659239773,-9.273494292442502,11.443148979666534
2021-04-19 02:12:00,1.0698349654947503,-9.433159575922941,11.573874851423769
2021-04-19 02:13:00,1.0860133838100046,-9.506082359764036,11.118208616325116
2021-04-19 02:14:00,1.1020822380614983,-9.447226331527839,11.168830531087233
2021-04-19 02:15:00,1.118038673050325,-9.95627019153314,12.590514535292218
2021-04-19 02:16:00,1.1338798623619029,-9.444569472405869,12.379176563852138
2021-04-19 02:17:00,1.1496030089265898,-9.159681991507874,11.833763486940569
2021-04-19 02:18:00,1.1652053451842657,-9.696262381481027,11.65949433453446
2021-04-19 02:19:00,1.1806841344295558,-9.166725622723169,11.704391851532527
2021-04-19 02:20:00,1.1960366709363535,-9.163882035397766,11.028646493511012
2021-04-19 02:21:00,1.2112602808771153,-9.419389622674116,11.761172942730331
2021-04-19 02:22:00,1.226352322959868,-8.952576079804714,11.723393402538345
2021-04-19 02:23:00,1.2413101884996727,-9.663323470030043,11.392614304121004
2021-04-19 02:24:00,1.2561313028333116,-9.199141098533735,12.358791630383232
2021-04-19 02:25:00,1.270813125396719,-8.74696866175607,11.770272804380406
2021-04-19 02:26:00,1.2853531502036006,-9.176159319784238,11.040703007024923
2021-04-19 02:27:00,1.299748906890723,-9.746218199566876,12.071213544464724
2021-04-19 02:28:00,1.3139979608033587,-8.912295249416825,11.194744821919196
2021-04-19 02:29:00,1.3280979138080902,-9.501571193547893,12.449869696841667
2021-04-19 02:30:00,1.3420464048361462,-9.277041988210728,11.910334215529703
2021-04-19 02:31:00,1.3558411101919998,-8.693233042560873,12.603379434864335
2021-04-19 02:32:00,1.369479744301267,-9.200468670378198,11.890370755488577
2021-04-19 02:33:00,1.3829600601226053,-10.068782941536902,11.695339809307393
2021-04-19 02:34:00,1.3962798495579047,-8.846559297941056,12.242336356863653
2021-04-19 02:35:00,1.4094369442021997,-9.226314601019995,11.213095917382825
2021-04-19 02:36:00,1.4224292153751592,-8.554363577986168,12.220545880228007
2021-04-19 02:37:00,1.4352545750328958,-9.571318608929314,10.975842533159582
2021-04-19 02:38:00,1.4479109760895783,-8.880230062896187,11.84364555339158
2021-04-19 02:39:00,1.4603964124584974,-9.315074631341457,12.38640221271749
2021-04-19 02:40:00,1.4727089201317258,-8.3231771182175,12.377228665309909
2021-04-19 02:41:00,1.4848465771703634,-8.650557423517304,11.737998555093615
2021-04-19 02:42:00,1.4968075041210256,-9.295301262209506,12.244821392691428
2021-04-19 02:43:00,1.508589864573251,-8.882470891102864,11.649557247491552
2021-04-19 02:44:00,1.5201918653649447,-9.300487284988701,11.58349631314345
2021-04-19 02:45:00,1.531611757152349,-9.24344096484406,12.560173561353478
2021-04-19 02:46:00,1.5428478345638803,-8.49701087680669,11.414879840659705
2021-04-19 02:47:00,1.5538984366065132,-9.733419724334125,11.374820375400756
2021-04-19 02:48:00,1.5647619470202594,-9.799610690705025,12.211413550027686
2021-04-19 02:49:00,1.5754367946784096,-9.010398511342213,11.837669348719714
2021-04-19 02:50:00,1.585921453583041,-8.159374624144077,12.627567330802066
2021-04-19 02:51:00,1.5962144435836234,-9.286969954909878,12.33239772178833
2021-04-19 02:52:00,1.6063143302940697,-9.68174483470226,12.006382531043839
2021-04-19 02:53:00,1.6162197255212407,-9.250932472635519,12.303162000979796
2021-04-19 02:54:00,1.6259292876011227,-8.929614240182872,12.291141036669927
2021-04-19 02:55:00,1.635441721349709,-8.956178675821693,12.328196536376295
2021-04-19 02:56:00,1.6447557786521583,-8.89747782971738,11.68700409126123
2021-04-19 02:57:00,1.6538702584181277,-9.090106013948796,12.499735636255984
2021-04-19 02:58:00,1.662784006726683,-8.580588733610513,12.310441150996558
2021-04-19 02:59:00,1.671495917480406,-9.279706270403533,12.799022518943577
2021-04-19 03:00:00,1.6800049318160963,-9.156022150570246,12.748742993072906
2021-04-19 03:01:00,1.688310039085804,-8.550016204903539,13.072383913710029
2021-04-19 03:02:00,1.696410276400276,-8.645620417543638,12.620916913505837
2021-04-19 03:03:00,1.7043047290212159,-8.469044483404858,12.254742849278673
2021-04-19 03:04:00,1.7119925304540868,-8.480686756593524,12.10636371547518
2021-04-19 03:05:00,1.7194728625091336,-8.683769893038669,12.203471285910911
2021-04-19 03:06:00,1.7267449555085737,-8.636713026499946,12.394602175371897
2021-04-19 03:07:00,1.7338080882193863,-9.426658701585852,12.38764145987447
2021-04-19 03:08:00,1.7406615879933356,-8.465219010957,13.06298430467466
2021-04-19 03:09:00,1.7473048308950236,-9.080108674485938,12.477584879622558
2021-04-19 03:10:00,1.753737241603202,-9.435306402897275,13.239973696622837
2021-04-19 03:11:00,1.759958293537316,-9.196080129061894,12.818723651418942
2021-04-19 03:12:00,1.7659675088427125,-9.270691418370415,12.235479759780743
2021-04-19 03:13:00,1.77176445840663,-8.887472349002106,12.435135138691829
2021-04-19 03:14:00,1.7773487617951045,-8.419663145425956,12.604113665582746
2021-04-19 03:15:00,1.782720087411175,-9.11701362239252,11.965011409960274
2021-04-19 03:16:00,1.7878781521454732,-9.41841107548921,12.71810176570905
2021-04-19 03:17:00,1.792822721638923,-8.872327833006024,12.425463105896926
2021-04-19 03:18:00,1.7975536100161233,-8.720530686851392,12.896004724836118
2021-04-19 03:19:00,1.802070679895651,-8.723903357420456,11.975020444063505
2021-04-19 03:20:00,1.8063738423479725,-9.53202942054848,12.508808293741927
2021-04-19 03:21:00,1.8104630566168676,-8.81187810950776,12.304057925457355
2021-04-19 03:22:00,1.8143383302285208,-8.755899822231882,12.280665099595616
2021-04-19 03:23:00,1.817999718757593,-8.536638134946092,12.325429552719006
2021-04-19 03:24:00,1.8214473255981725,-8.863957936351797,13.343891007380327
2021-04-19 03:25:00,1.8246813020207924,-8.880337715101295,12.950345384457227
2021-04-19 03:26:00,1.8277018468124036,-8.207692035246644,13.195809293576582
2021-04-19 03:27:00,1.8305092062313835,-8.64519846103323,12.27553496060205
2021-04-19 03:28:00,1.833103673727385,-8.702246581971721,13.082933698341003
2021-04-19 03:29:00,1.8354855898057785,-8.942280300967344,12.375109067706891
2021-04-19 03:30:00,1.8376553418061223,-8.309488152240986,12.649551733385467
2021-04-19 03:31:00,1.8396133636248009,-9.215032660891358,11.872453707640059
2021-04-19 03:32:00,1.8413601355294749,-8.788602877531437,12.150798869813844
2021-04-19 03:33:00,1.8428961838731812,-8.95663152657421,12.510957609650402
2021-04-19 03:34:00,1.8442220808983532,-7.840686424347803,12.186018747451303
2021-04-19 03:35:00,1.8453384443415644,-8.664938246331399,12.392321528994454
2021-04-19 03:36:00,1.8462459372865538,-8.597781495638255,12.725995990055036
2021-04-19 03:37:00,1.8469452677886533,-9.637296780224238,12.216570959033833
2021-04-19 03:38:00,1.8474371885433212,-8.286380695326365,12.451722291162497
2021-04-19 03:39:00,1.8477224966450096,-9.161958635132116,12.448142544108975
2021-04-19 03:40:00,1.8478020332164933,-8.91406167361363,12.032567968422395
2021-04-19 03:41:00,1.8476766830305174,-8.769635405339818,12.719669554559704
2021-04-19 03:42:00,1.8473473741877926,-8.694232149201707,11.529051710324865
2021-04-19 03:43:00,1.846815077794354,-8.36285987693683,12.882254793195266
2021-04-19 03:44:00,1.8460808075322588,-8.99560803942095,12.097891444309045
2021-04-19 03:45:00,1.8451456192599365,-9.07219526674796,12.339651419575022
2021-04-19 03:46:00,1.8440106106750664,-8.550837584931923,12.020440139513074
2021-04-19 03:47:00,1.8426769208721283,-8.877737875503321,12.552119609216415
2021-04-19 03:48:00,1.8411457299080458,-8.944078905953809,13.033828111319723
2021-04-19 03:49:00,1.8394182584099563,-8.726793084936595,12.275933399695028
2021-04-19 03:50:00,1.837495767153635,-8.38281426711592,12.017632758329926
2021-04-19 03:51:00,1.8353795565464717,-8.473033464958684,12.126111426305611
2021-04-19 03:52:00,1.8330709661696618,-7.880248169793464,11.927748817573208
2021-04-19 03:53:00,1.830571374479391,-8.392420758915476,12.840483232547927
2021-04-19 03:54:00,1.8278821981004048,-8.39223420178035,12.585528758211415
2021-04-19 03:55:00,1.825004891449168,-8.50335538203461,12.72039904195139
2021-04-19 03:56:00,1.8219409463087866,-9.060014467207049,12.760417393730062
2021-04-19 03:57:00,1.8186918911564356,-8.776238478566974,11.934809818994413
2021-04-19 03:58:00,1.8152592908451681,-9.495439543017557,12.540155180925707
2021-04-19 03:59:00,1.8116447459020364,-8.573654655875087,12.505900056238865
2021-04-19 04:00:00,1.8078498921119808,-8.456102656267102,12.320024443722271
2021-04-19 04:01:00,1.803876399997957,-9.919696090052183,11.98402345708126
2021-04-19 04:02:00,1.7997259741534064,-8.675389401385724,12.744098154747405
2021-04-19 04:03:00,1.7954003527911704,-9.17305907965035,12.41747137969927
2021-04-19 04:04:00,1.790901307208551,-9.048270662096872,12.133969341267534
2021-04-19 04:05:00,1.786230641067998,-7.959614105535456,12.483623739360947
2021-04-19 04:06:00,1.7813901900286768,-8.854518518165028,12.49217745346976
2021-04-19 04:07:00,1.7763818209851032,-9.178894037160873,13.322728223809772
2021-04-19 04:08:00,1.7712074314921564,-8.900664056332044,12.40081075174008
2021-04-19 04:09:00,1.7658689494013493,-8.238542990260282,12.371735254830554
2021-04-19 04:10:00,1.7603683318958603,-8.394030463434415,12.919493262396092
2021-04-19 04:11:00,1.7547075651176158,-8.172915206654073,12.535634026532971
2021-04-19 04:12:00,1.7488886635696015,-9.102926034722849,12.03053148388767
2021-04-19 04:13:00,1.74291366927172,-9.246660435348756,12.222070083915831
2021-04-19 04:14:00,1.7367846515137582,-8.726804170644384,12.190906097122356
2021-04-19 04:15:00,1.7305037057345207,-8.700811730191003,11.681283587655049
2021-04-19 04:16:00,1.724072953238073,-8.69694539090163,12.488709944546345
2021-04-19 04:17:00,1.7174945405097817,-8.743771971863506,12.53199115669473
2021-04-19 04:18:00,1.7107706384243828,-8.874466024700771,11.591319414766835
2021-04-19 04:19:00,1.7039034416554597,-8.993714263943236,12.360358443763456
2021-04-19 04:20:00,1.6968951681290059,-8.369275487763922,12.518535170972292
2021-04-19 04:21:00,1.6897480581349875,-8.53370179141191,11.903742241896346
2021-04-19 04:22:00,1.6824643739113971,-8.83637053520834,12.295457465740036
2021-04-19 04:23:00,1.6750463987478725,-9.218316976022935,11.90889379626129
2021-04-19 04:24:00,1.6674964364131082,-8.739159286349906,12.208951192478494
2021-04-19 04:25:00,1.6598168105584283,-9.10874417209736,12.388524651001406
2021-04-19 04:26:00,1.6520098638818097,-8.250169174961501,12.947671609176068
2021-04-19 04:27:00,1.6440779573762787,-9.190934955468116,12.102814211088495
2021-04-19 04:28:00,1.6360234700914873,-8.52954739641022,12.603704724373536
2021-04-19 04:29:00,1.6278487977262266,-8.596136649570727,12.776617049688033
2021-04-19 04:30:00,1.6195563527185315,-9.195816365587785,12.007417493907285
2021-04-19 04:31:00,1.6111485628250928,-9.003186117568559,11.967305510162106
2021-04-19 04:32:00,1.6026278708802457,-9.143509238377746,11.181382234272938
2021-04-19 04:33:00,1.5939967340361445,-9.955655201186573,12.006334620538848
2021-04-19 04:34:00,1.5852576228480522,-9.211001465834793,12.383645860421561
2021-04-19 04:35:00,1.5764130208466516,-9.575219998678019,12.712788644755806
2021-04-19 04:36:00,1.567465423591313,-8.967478089581727,11.805530200636731
2021-04-19 04:37:00,1.5584173380640571,-9.480437198332584,12.10232237628444
2021-04-19 04:38:00,1.5492712820662553,-8.56465696634985,11.369051810069472
2021-04-19 04:39:00,1.5400297832939192,-9.117506286889707,12.306139530977543
2021-04-19 04:40:00,1.5306953787456221,-9.793467293375135,11.497114420885204
2021-04-19 04:41:00,1.5212706141087158,-8.593371918559903,12.762000296573065
2021-04-19 04:42:00,1.511758042792449,-9.099829987735118,11.626190601640351
2021-04-19 04:43:00,1.5021602255349564,-9.308853491451828,11.719418418567138
2021-04-19 04:44:00,1.492479729436115,-9.235037630618027,12.301043739065216
2021-04-19 04:45:00,1.4827191272001063,-9.63935309807972,11.563481868199116
2021-04-19 04:46:00,1.472880996941492,-7.976229151111107,12.42339959460519
2021-04-19 04:47:00,1.4629679207292,-9.145600399326568,11.899790379966953
2021-04-19 04:48:00,1.4529824843948402,-9.28403695227909,11.791572762136854
2021-04-19 04:49:00,1.4429272767667944,-9.126940879534715,11.480766891772385
2021-04-19 04:50:00,1.4328048887428801,-9.777207907935312,10.884007806493392
2021-04-19 04:51:00,1.4226179128690135,-9.44656951050099,12.463680967050905
2021-04-19 04:52:00,1.4123689424060553,-9.141804729475988,11.154237816644088
2021-04-19 04:53:00,1.4020605706978437,-9.332292281952109,12.385188297835699
2021-04-19 04:54:00,1.3916953906613423,-9.349171167381266,11.71165376686167
2021-04-19 04:55:00,1.3812759937895858,-9.725284297572296,11.533247379890975
2021-04-19 04:56:00,1.3708049696076268,-8.499861648315088,12.087021078901438
2021-04-19 04:57:00,1.360284905141918,-9.543180381406932,12.386278566652601
2021-04-19 04:58:00,1.3497183838852629,-8.86547292261303,11.847193020315823
2021-04-19 04:59:00,1.339107985484028,-9.333726689347417,11.574109467633315
2021-04-19 05:00:00,1.3284562848233539,-9.027158424053386,12.02753939614963
2021-04-19 05:01:00,1.317765851246255,-8.732457559053348,12.499522166137854
2021-04-19 05:02:00,1.3070392484325213,-8.982302871282291,11.728780536846228
2021-04-19 05:03:00,1.2962790330966003,-9.667563529113353,11.2194080372223
2021-04-19 05:04:00,1.285487754488266,-9.224893300760264,12.194116462177032
2021-04-19 05:05:00,1.2746679542376627,-9.4027835796493,11.9409024614347
2021-04-19 05:06:00,1.263822164815367,-8.939681764942398,11.87127443103702
2021-04-19 05:07:00,1.25295290986341,-9.163695951122877,11.844615624998829
2021-04-19 05:08:00,1.2420627026644615,-9.196820454014883,11.622795393753142
2021-04-19 05:09:00,1.2311540460478407,-9.462176816140211,12.011781191526415
2021-04-19 05:10:00,1.2202294317053524,-9.877180681528673,12.184776450526817
2021-04-19 05:11:00,1.2092913393798286,-9.211230493209824,11.43731934820499
2021-04-19 05:12:00,1.1983422363028398,-9.502224399678413,11.870971572229415
2021-04-19 05:13:00,1.187384576755486,-9.465399193143853,12.347517720714542
2021-04-19 05:14:00,1.1764208011846855,-9.832729188320652,11.686378768172935
2021-04-19 05:15:00,1.1654533358694037,-9.117402096562355,12.323336481175033
2021-04-19 05:16:00,1.1544845921187368,-9.351034694044042,12.111812381216238
2021-04-19 05:17:00,1.1435169657055289,-10.319552148394079,11.516312793239457
2021-04-19 05:18:00,1.132552836540128,-10.158878685012757,12.207935440218662
2021-04-19 05:19:00,1.1215945676704737,-9.72513933556621,11.95673942894427
2021-04-19 05:20:00,1.1106445051259772,-9.101194242053685,11.421168194119218
2021-04-19 05:21:00,1.0997049771136376,-9.121305192209945,11.477646135710417
2021-04-19 05:22:00,1.0887782933588745,-9.082671042344828,12.472788269125266
2021-04-19 05:23:00,1.0778667450906183,-9.051829273396894,11.847122252134474
2021-04-19 05:24:00,1.0669726037765865,-9.369018945368953,11.551115565256712
2021-04-19 05:25:00,1.0560981211267686,-9.704253807046822,11.504991679561003
2021-04-19 05:26:00,1.045245528460696,-9.5534991631267,11.671597064547687
2021-04-19 05:27:00,1.0344170359497624,-8.698005861126997,11.611706194262403
2021-04-19 05:28:00,1.0236148325346617,-10.06881387512837,11.56226867287359
2021-04-19 05:29:00,1.0128410849819511,-8.848774151418898,12.06918614969654
2021-04-19 05:30:00,1.0020979376764638,-9.78335060504329,11.261033234517502
2021-04-19 05:31:00,0.9913875121349239,-10.109403827417854,11.873521119155475
2021-04-19 05:32:00,0.9807119064050269,-8.898795279001275,11.757999687469615
2021-04-19 05:33:00,0.9700731946123857,-9.728176819700597,11.34623196848013
2021-04-19 05:34:00,0.9594734266991064,-10.207369767081211,11.507608544520663
2021-04-19 05:35:00,0.9489146277176718,-9.688814942990351,11.836276505277123
2021-04-19 05:36:00,0.9383987976468016,-9.696263285851813,11.078460328450598
2021-04-19 05:37:00,0.9279279107480045,-9.499670641579847,11.532342035055452
2021-04-19 05:38:00,0.917503915120365,-9.95621270091011,11.598787126550127
2021-04-19 05:39:00,0.9071287327897831,-9.182678802611631,11.437589486657705
2021-04-19 05:40:00,0.8968042585648227,-10.053144584077653,11.593280187957404
2021-04-19 05:41:00,0.8865323600778211,-8.737282048534937,12.153644332270053
2021-04-19 05:42:00,0.8763148777046024,-9.78338177656386,11.65008254749026
2021-04-19 05:43:00,0.8661536232881282,-9.491677636677728,11.93255570478102
2021-04-19 05:44:00,0.8560503808752645,-9.222597629801491,11.16215208404231
2021-04-19 05:45:00,0.846006905426813,-8.757586739253851,11.860044730496735
2021-04-19 05:46:00,0.8360249230658758,-10.657175950743651,12.610734876535737
2021-04-19 05:47:00,0.8261061306157472,-9.54676495330828,11.233549437108842
2021-04-19 05:48:00,0.8162521951046268,-9.770197998260558,10.813406118155367
2021-04-19 05:49:00,0.8064647536602921,-10.143115217894,10.724310475048052
2021-04-19 05:50:00,0.7967454132127201,-10.122027644716042,11.62924385089765
2021-04-19 05:51:00,0.7870957499681631,-9.678551452700875,11.268749989766624
2021-04-19 05:52:00,0.7775173095521795,-9.751661121483412,10.836418656751839
2021-04-19 05:53:00,0.7680116062827168,-9.770780799668055,11.648652131530309
2021-04-19 05:54:00,0.7585801232301408,-10.303750009275342,11.323850651462875
2021-04-19 05:55:00,0.7492243119191953,-9.397677540044812,11.48181860742919
2021-04-19 05:56:00,0.7399455920671548,-9.190388637252369,11.361216839749078
2021-04-19 05:57:00,0.730745351118996,-9.539968383635966,11.562093568167697
2021-04-19 05:58:00,0.7216249446967509,-9.432181755990676,11.446438404789642
2021-04-19 05:59:00,0.7125856955455261,-9.69785437120789,11.466770273902638
2021-04-19 06:00:00,0.7036288941861564,-9.28161664760068,11.828377717818189
2021-04-19 06:01:00,0.6947557980097798,-9.372600590972464,11.321221533073178
2021-04-19 06:02:00,0.6859676315046463,-8.61091670998631,10.770499045030872
2021-04-19 06:03:00,0.6772655862073619,-10.048713501037417,10.406418587583689
2021-04-19 06:04:00,0.6686508201455539,-10.000320146309765,10.665652091639977
2021-04-19 06:05:00,0.6601244581026446,-10.181192344488208,11.91311775482014
2021-04-19 06:06:00,0.6516875912863778,-9.829524920052718,10.431988421938843
2021-04-19 06:07:00,0.6433412771935672,-9.795629201811133,10.517778677121983
2021-04-19 06:08:00,0.6350865397012664,-9.823392401093646,10.588365309151612
2021-04-19 06:09:00,0.6269243687904351,-9.991593779351568,11.28875584729824
2021-04-19 06:10:00,0.618855720539516,-9.795836431912294,11.53688167798275
2021-04-19 06:11:00,0.6108815171228217,-10.851618740031272,10.518188078967794
2021-04-19 06:12:00,0.6030026465341853,-9.317720572606115,10.804474676339868
2021-04-19 06:13:00,0.5952199629265316,-9.767255258614709,11.996361680964705
2021-04-19 06:14:00,0.5875342861716615,-9.675067489777309,10.441330171208115
2021-04-19 06:15:00,0.5799464019689905,-10.194224275179518,11.494851521882781
2021-04-19 06:16:00,0.5724570621532755,-10.033687380501245,11.113051802083096
2021-04-19 06:17:00,0.5650669841522866,-9.618168193444221,11.060151648948601
2021-04-19 06:18:00,0.557776851341615,-9.91822861264702,11.4379860338532
2021-04-19 06:19:00,0.5505873130645402,-10.237893231067394,11.939837872422004
2021-04-19 06:20:00,0.5434989844899238,-11.029385520343856,11.822333228398133
2021-04-19 06:21:00,0.536512446967402,-10.160242313401572,11.103498354293333
2021-04-19 06:22:00,0.5296282475526906,-9.880624333206152,10.749078986772181
2021-04-19 06:23:00,0.5228468996136755,-10.420818555254966,11.784747691813363
2021-04-19 06:24:00,0.516168882650681,-10.05912499293158,10.907720306792056
2021-04-19 06:25:00,0.5095946424165794,-9.326882131108226,10.839150750167999
2021-04-19 06:26:00,0.5031245909127127,-9.974403270940154,10.570340322538472
2021-04-19 06:27:00,0.4967591068025531,-9.932464621820518,10.694698458493757
2021-04-19 06:28:00,0.49049853511386254,-9.604302031127476,11.146603856510453
2021-04-19 06:29:00,0.4843431877110533,-10.143088766952186,11.313431742558167
2021-04-19 06:30:00,0.4782933432799696,-10.333645488942944,11.32415840300904
2021-04-19 06:31:00,0.4723492474218554,-9.659303240900684,11.020978878778674
2021-04-19 06:32:00,0.46651111298432524,-10.293192029286597,10.724059963538163
2021-04-19 06:33:00,0.46077912012189065,-10.325586892181756,10.965376710656807
2021-04-19 06:34:00,0.45515341636556067,-10.169828215835823,11.131861682969067
2021-04-19 06:35:00,0.4496341171917211,-9.43958276305196,11.12775497999333
2021-04-19 06:36:00,0.4442213055962342,-9.483121059405066,11.44422053898089
2021-04-19 06:37:00,0.4389150331121706,-9.753095797093247,10.960310867932607
2021-04-19 06:38:00,0.43371531918301465,-10.79717383186966,11.633428103799769
2021-04-19 06:39:00,0.42862215201911,-10.623628466592695,11.370780423380802
2021-04-19 06:40:00,0.42363548856473887,-9.643789416300189,11.94980276138965
2021-04-19 06:41:00,0.4187552548065113,-10.02034023122193,11.146290985899704
2021-04-19 06:42:00,0.41398134593824254,-10.04303977338494,11.404191765774915
2021-04-19 06:43:00,0.4093136267856382,-9.995603989546977,11.22720163952544
2021-04-19 06:44:00,0.4047519319623011,-10.959790004505813,11.010708497025144
2021-04-19 06:45:00,0.4002960662202214,-9.922937896424958,11.3215295669206
2021-04-19 06:46:00,0.39594580462735374,-10.100309457499694,10.106018453420452
2021-04-19 06:47:00,0.3917008930273026,-10.066151223904262,10.909991923057454
2021-04-19 06:48:00,0.38756104824794035,-9.999580427726325,10.96127449848799
2021-04-19 06:49:00,0.38352595843955406,-10.295731201908296,10.710709609882803
2021-04-19 06:50:00,0.3795952834050572,-10.06335189907779,10.598793061327346
2021-04-19 06:51:00,0.3757686549811393,-9.818158345999432,11.215726435563498
2021-04-19 06:52:00,0.3720456771606703,-10.682525273203652,10.010378892110092
2021-04-19 06:53:00,0.3684259268573893,-10.083771687526735,11.453003373759302
2021-04-19 06:54:00,0.3649089538282647,-9.926836983870912,10.96540334139721
2021-04-19 06:55:00,0.36149428132881056,-9.915981315202725,11.017987018952573
2021-04-19 06:56:00,0.3581814063848907,-10.293014758369301,11.079180602729215
2021-04-19 06:57:00,0.35496980008582213,-10.13283809850878,11.183393172972888
2021-04-19 06:58:00,0.3518589082266843,-10.258069487853106,11.259190583322463
2021-04-19 06:59:00,0.3488481513994215,-9.877777089380537,10.818050295819829
2021-04-19 07:00:00,0.3459369255368726,-10.151880194038691,10.982020299350708
2021-04-19 07:01:00,0.3431246024547917,-10.60127726039809,11.217414261145606
2021-04-19 07:02:00,0.3404105299717465,-10.081935087625139,10.78159432111764
2021-04-19 07:03:00,0.33779403258670027,-10.406088332281573,11.210176920824692
2021-04-19 07:04:00,0.33527441177646267,-11.122194670718248,10.977689170434447
2021-04-19 07:05:00,0.33285094647728475,-10.614702174459715,9.908032918761391
2021-04-19 07:06:00,0.3305228935196045,-9.622522792561332,10.66223981830856
2021-04-19 07:07:00,0.3282894880072451,-9.82660658337069,9.880458629491912
2021-04-19 07:08:00,0.3261499438971053,-9.25319410366663,10.894303223980582
2021-04-19 07:09:00,0.32410345437217436,-10.392505572150945,11.822194708306892
2021-04-19 07:10:00,0.32214919228023464,-9.96094991790995,11.198494492315579
2021-04-19 07:11:00,0.32028631063695046,-10.854623262025587,10.53268272359548
2021-04-19 07:12:00,0.3185139431847317,-10.390139395842573,10.651817642105764
2021-04-19 07:13:00,0.31683120466714954,-10.630656451491706,11.725319338108614
2021-04-19 07:14:00,0.3152371915432315,-10.173081835958634,10.731203875121178
2021-04-19 07:15:00,0.31373098227987006,-10.773922423059227,10.767901999649911
2021-04-19 07:16:00,0.31231163792403316,-10.806368513728009,11.577521552548909
2021-04-19 07:17:00,0.3109782026264295,-9.559234531870176,11.945009463671875
2021-04-19 07:18:00,0.3097297041043994,-10.465896722205787,10.595561500451867
2021-04-19 07:19:00,0.30856515414955943,-9.513466184264116,10.62669032859431
2021-04-19 07:20:00,0.30748354913545717,-10.594866173479378,11.798803473254017
2021-04-19 07:21:00,0.30648387046753534,-9.925810853102886,10.992539844702147
2021-04-19 07:22:00,0.305565085270904,-10.192892842933876,10.838995963018213
2021-04-19 07:23:00,0.3047261466847375,-10.031892407840113,11.04213525854647
2021-04-19 07:24:00,0.3039659944864562,-9.930886365645263,11.043462056468805
2021-04-19 07:25:00,0.3032835557089518,-9.7703726376556,11.474128442857634
2021-04-19 07:26:00,0.3026777449606375,-9.882238492976162,11.30161307945476
2021-04-19 07:27:00,0.30214746508661705,-10.608260137675625,10.909294416467214
2021-04-19 07:28:00,0.30169160771234627,-9.55625365857251,11.637406207764958
2021-04-19 07:29:00,0.3013090536604398,-10.930542837103257,10.090999301597973
2021-04-19 07:30:00,0.3009986736343718,-10.552977184635855,10.371221085740032
2021-04-19 07:31:00,0.3007593285541197,-9.987603287816247,10.681675635882485
2021-04-19 07:32:00,0.3005898703059575,-10.151957106714615,10.990190671863132
2021-04-19 07:33:00,0.3004891421260293,-10.523669494754921,10.81326737936853
2021-04-19 07:34:00,0.3004559792177868,-10.403683901243046,10.817386930222376
2021-04-19 07:35:00,0.3004892092317808,-11.025706110560211,10.69556284633308
2021-04-19 07:36:00,0.3005876528718162,-11.124675958674949,10.999547572007012
2021-04-19 07:37:00,0.3007501243449274,-10.338641819300198,10.238976884651354
2021-04-19 07:38:00,0.30097543197943843,-10.535386188147223,11.021586936598233
2021-04-19 07:39:00,0.3012623787566996,-10.579460363060926,10.725300260634045
2021-04-19 07:40:00,0.3016097627811467,-10.938120696724562,10.847854825517308
2021-04-19 07:41:00,0.3020163778933068,-9.93057460023535,11.577368312538898
2021-04-19 07:42:00,0.3024810141953851,-10.369842957231883,11.092715395413416
2021-04-19 07:43:00,0.30300245854607255,-10.199690417786488,11.447782992104322
2021-04-19 07:44:00,0.30357949517086935,-9.315088745972046,11.109918621053891
2021-04-19 07:45:00,0.3042109060666607,-10.295029227082031,10.884023708476885
2021-04-19 07:46:00,0.3048954717465049,-10.215754694199989,10.8196846716064
2021-04-19 07:47:00,0.3056319715489101,-10.376696492348248,10.315187279581071
2021-04-19 07:48:00,0.30641918430869175,-9.75479475682996,11.291685876748147
2021-04-19 07:49:00,0.3072558888578485,-10.388674651914254,10.80752791842874
2021-04-19 07:50:00,0.30814086453563594,-9.667147307066848,11.5043594771381
2021-04-19 07:51:00,0.30907289170400454,-9.899396254966916,10.699207590187477
2021-04-19 07:52:00,0.31005075230944046,-10.065351671964029,10.89238105022632
2021-04-19 07:53:00,0.3110732303944149,-9.920389250460921,11.938877694229927
2021-04-19 07:54:00,0.3121391125912718,-10.2934495000321,10.962217022860354
2021-04-19 07:55:00,0.31324718863790246,-10.177117389896214,10.895836198189546
2021-04-19 07:56:00,0.3143962519400607,-10.395664021669269,10.833819835733102
2021-04-19 07:57:00,0.31558510001381657,-9.849824795555184,11.203922651980653
2021-04-19 07:58:00,0.3168125350495212,-10.322595071961787,10.922020971911316
2021-04-19 07:59:00,0.3180773643622671,-9.632716451318352,10.692923562730623
2021-04-19 08:00:00,0.3193784009455778,-10.291632172268413,10.963171893685944
2021-04-19 08:01:00,0.32071446390717584,-10.16637002126874,10.33903442855931
2021-04-19 08:02:00,0.32208437900191744,-10.344801518143433,11.674753806619833
2021-04-19 08:03:00,0.32348697911793667,-9.881445028750436,10.808780797342122
2021-04-19 08:04:00,0.3249211047434448,-10.601963180498592,10.25230025982634
2021-04-19 08:05:00,0.3263856044274215,-10.171489650613319,10.76221644794526
2021-04-19 08:06:00,0.32787933529977076,-10.607482764125404,10.68983263600731
2021-04-19 08:07:00,0.32940116350551707,-9.957656242196771,11.148355825495663
2021-04-19 08:08:00,0.33094996468235516,-10.405387416321837,11.413112622466338
2021-04-19 08:09:00,0.3325246243943676,-9.821654228218637,10.642703427349598
2021-04-19 08:10:00,0.33412403863698437,-10.246837521245222,11.249340209338714
2021-04-19 08:11:00,0.3357471142178299,-9.433032803207295,11.591737815511877
2021-04-19 08:12:00,0.3373927692596924,-10.201327138905862,11.455815602612239
2021-04-19 08:13:00,0.339059933589722,-9.815069131533221,10.560277422559883
2021-04-19 08:14:00,0.3407475492072878,-10.626842676814372,10.92912975081823
2021-04-19 08:15:00,0.3424545706792015,-10.452208271395786,10.647126305041613
2021-04-19 08:16:00,0.3441799655668706,-11.16694812427795,11.100166335926403
2021-04-19 08:17:00,0.3459227148556526,-10.318060684976196,10.43443741535376
2021-04-19 08:18:00,0.3476818133338294,-9.992391271512837,10.224751528685315
2021-04-19 08:19:00,0.3494562700012783,-10.084489642350468,11.374252307051297
2021-04-19 08:20:00,0.3512451084775694,-10.475043844579918,11.315209655985809
2021-04-19 08:21:00,0.3530473673574501,-9.866527425235438,10.983659981550069
2021-04-19 08:22:00,0.35486210061752554,-10.878513123997521,10.484720729388247
2021-04-19 08:23:00,0.35668837796627917,-9.668095290073776,10.90773966108343
2021-04-19 08:24:00,0.3585252852252149,-10.741448433980006,11.72225584724711
2021-04-19 08:25:00,0.36037192467174917,-9.87327044643807,10.961595287817346
2021-04-19 08:26:00,0.3622274153947015,-10.511411096169068,10.198389255564287
2021-04-19 08:27:00,0.36409089364214653,-9.697733500451784,10.84627333617955
2021-04-19 08:28:00,0.36596151314127146,-10.06960293700213,11.06573111822713
2021-04-19 08:29:00,0.3678384454400945,-10.237579235345878,11.055593141949753
2021-04-19 08:30:00,0.3697208802157079,-9.83487826930511,10.619904727581153
2021-04-19 08:31:00,0.3716080255873867,-10.409196284521943,10.364016950789038
2021-04-19 08:32:00,0.3734991084215793,-10.30989624714475,11.185784276287551
2021-04-19 08:33:00,0.37539337462638633,-9.597785234351354,11.049533487849091
2021-04-19 08:34:00,0.37729008942989783,-9.576724411515325,11.621545206389381
2021-04-19 08:35:00,0.3791885376707317,-10.497304781843566,11.043691706897928
2021-04-19 08:36:00,0.38108802405758035,-10.380867429846553,10.189734018942
2021-04-19 08:37:00,0.3829878734327139,-10.865877185835743,11.63973526770669
2021-04-19 08:38:00,0.3848874310234359,-10.5103185144831,10.926549346892385
2021-04-19 08:39:00,0.3867860626873981,-10.402619121151236,11.760036271335315
2021-04-19 08:40:00,0.3886831551504024,-10.68738795463463,10.366388596166415
2021-04-19 08:41:00,0.39057811622488914,-10.368756987924016,11.017450638140934
2021-04-19 08:42:00,0.39247037502830606,-9.946656001254476,10.556772515218858
2021-04-19 08:43:00,0.39435938219782474,-9.700670336473376,10.719754123377491
2021-04-19 08:44:00,0.39624461008062706,-10.542746376585951,11.017691227608148
2021-04-19 08:45:00,0.39812555292762397,-10.265323778837823,11.35680924362854
2021-04-19 08:46:00,0.4000017270813583,-10.778098397236741,9.885507804399008
2021-04-19 08:47:00,0.4018726711377212,-9.984786683150833,10.955342942344565
2021-04-19 08:48:00,0.4037379460997259,-9.722439001946986,11.966811119935626
2021-04-19 08:49:00,0.4055971355588581,-10.446636152946198,11.343555771729664
2021-04-19 08:50:00,0.4074498458162682,-9.463507399344765,11.05555622243088
2021-04-19 08:51:00,0.4092957060107767,-10.351182097715704,10.181526718008516
2021-04-19 08:52:00,0.4111343682732508,-10.482628971709488,11.959357279349645
2021-04-19 08:53:00,0.4129655078017539,-10.579059073939405,10.933517479043694
2021-04-19 08:54:00,0.41478882301923825,-9.782668660194325,10.506536884694688
2021-04-19 08:55:00,0.41660403560091397,-10.695110119471043,11.029600185829596
2021-04-19 08:56:00,0.41841089063681147,-10.21080548315882,10.456697899499655
2021-04-19 08:57:00,0.42020915664829617,-10.585463324122557,10.38865981253452
2021-04-19 08:58:00,0.4219986256877013,-10.214921178795256,10.458093646655843
2021-04-19 08:59:00,0.4237791133727832,-9.423233267844877,10.168463088080744
2021-04-19 09:00:00,0.4255504589834621,-10.362080690986668,11.260190952207607
2021-04-19 09:01:00,0.4273125254362955,-10.01362528730034,11.557697388692844
2021-04-19 09:02:00,0.42906519934059906,-10.861410730633787,11.548648874787192
2021-04-19 09:03:00,0.4308083910351397,-9.496568206677713,11.191960360854816
2021-04-19 09:04:00,0.43254203459857166,-10.588128901063204,11.606779573155244
2021-04-19 09:05:00,0.43426608777652786,-9.236819635581453,11.547853591917898
2021-04-19 09:06:00,0.43598053210072896,-9.657207922946899,10.59634838701635
2021-04-19 09:07:00,0.43768537273985963,-10.433072662815814,11.036945104778889
2021-04-19 09:08:00,0.43938063856982723,-10.031264923950491,10.688747987955459
2021-04-19 09:09:00,0.44106638205444215,-9.916568956920097,10.38801113510097
2021-04-19 09:10:00,0.44274267927375854,-10.494480958462814,11.360508618344754
2021-04-19 09:11:00,0.4444096298208491,-10.251291869544762,11.244586134601136
2021-04-19 09:12:00,0.44606735671613096,-10.348972486545268,11.579241753894637
2021-04-19 09:13:00,0.4477160063838619,-10.554063113448118,10.794766970134072
2021-04-19 09:14:00,0.44935574855049476,-10.57028823520651,10.720054704858512
2021-04-19 09:15:00,0.4509867760957471,-9.662230146402335,11.344745715629704
2021-04-19 09:16:00,0.4526093050363481,-10.074145610988833,10.53556290718302
2021-04-19 09:17:00,0.4542235743136691,-9.541342306093888,11.128163987693297
2021-04-19 09:18:00,0.45582984579465335,-10.746425538740025,10.948328296771695
2021-04-19 09:19:00,0.45742840396979767,-10.950750208690705,11.003065585777046
2021-04-19 09:20:00,0.45901955599476263,-9.848242259258,10.73576648572519
2021-04-19 09:21:00,0.4606036314085601,-9.723489175738246,10.946250917972861
2021-04-19 09:22:00,0.4621809820198385,-10.258781083129362,11.308212694446928
2021-04-19 09:23:00,0.46375198171731236,-9.716827951402395,10.956087584061054
2021-04-19 09:24:00,0.46531702633191163,-9.209985418784948,10.916791589377715
2021-04-19 09:25:00,0.46687653343651503,-10.735693392479082,11.452260780574377
2021-04-19 09:26:00,0.468430942086311,-10.432582880971532,11.172310131766253
2021-04-19 09:27:00,0.4699807127042338,-10.148497865433452,11.349073730007081
2021-04-19 09:28:00,0.47152632684463647,-10.018678971867834,11.144333028659386
2021-04-19 09:29:00,0.47306828688489855,-9.745355483614077,11.113660307987068
2021-04-19 09:30:00,0.47460711594769456,-10.25626649257889,10.521706437811208
2021-04-19 09:31:00,0.47614335750558,-9.908314015277941,10.984953597574883
2021-04-19 09:32:00,0.4776775752670681,-10.170628214112773,11.295909871204625
2021-04-19 09:33:00,0.4792103527930841,-10.374277016164983,11.843997816086206
2021-04-19 09:34:00,0.4807422933729031,-9.984235015144158,10.726015708842997
2021-04-19 09:35:00,0.4822740196364673,-9.75733641255788,10.72732797441956
2021-04-19 09:36:00,0.4838061733098574,-9.816575412231735,10.396537606904777
2021-04-19 09:37:00,0.48533941495942434,-9.52230555719774,11.909107785809223
2021-04-19 09:38:00,0.486874423635545,-10.463452771316161,11.371483079224308
2021-04-19 09:39:00,0.48841189666659945,-10.249039642660351,11.468903603452464
2021-04-19 09:40:00,0.4899525491953447,-10.439854739082119,10.998310721113713
2021-04-19 09:41:00,0.4914971140253528,-9.7650664199106,11.566473485538877
2021-04-19 09:42:00,0.49304634122176627,-10.255554813715596,10.957727740716976
2021-04-19 09:43:00,0.494600997699991,-10.33863613388737,10.784135298744491
2021-04-19 09:44:00,0.4961618670449781,-10.739221206536332,10.844130923792575
2021-04-19 09:45:00,0.49772974906346135,-9.811512195175396,10.54336987760774
2021-04-19 09:46:00,0.4993054594207891,-9.636510754406798,10.937134521811274
2021-04-19 09:47:00,0.5008898293080453,-10.572489694917497,12.079267602384183
2021-04-19 09:48:00,0.5024837051035003,-10.354853725046661,10.668916271894673
2021-04-19 09:49:00,0.5040879479923271,-9.231001609647771,10.949578834046209
2021-04-19 09:50:00,0.5057034334773698,-10.015553634787379,11.68362928398978
2021-04-19 09:51:00,0.5073310511805703,-9.680181886145109,10.297926964830763
2021-04-19 09:52:00,0.5089717042834669,-10.100701224567182,11.411755297181866
2021-04-19 09:53:00,0.5106263092147648,-10.151330425330787,11.068672080411778
2021-04-19 09:54:00,0.5122957952619855,-10.662832213567901,11.13219891028696
2021-04-19 09:55:00,0.5139811040771416,-9.721748417383877,10.989313445318585
2021-04-19 09:56:00,0.515683189347691,-9.946203804999469,11.388196985156128
2021-04-19 09:57:00,0.5174030163188258,-10.18356471346242,9.825126941904967
2021-04-19 09:58:00,0.5191415613894681,-10.232632218771384,10.883346847973115
2021-04-19 09:59:00,0.5208998117437937,-9.80223213695065,11.328174185561778
2021-04-19 10:00:00,0.5226787647599674,-9.970714174227592,11.833758530476551
2021-04-19 10:01:00,0.5244794277477356,-10.16712508293003,10.874185587383028
2021-04-19 10:02:00,0.5263028173441368,-10.465276819024936,11.647002092600985
2021-04-19 10:03:00,0.5281499592383275,-10.621317438629633,10.560061184221945
2021-04-19 10:04:00,0.530021887504523,-9.628640730438095,10.95853339370424
2021-04-19 10:05:00,0.5319196443608721,-9.66703363174589,11.178495594511917
2021-04-19 10:06:00,0.5338442795818282,-10.343355015432065,11.578071459824315
2021-04-19 10:07:00,0.5357968500062309,-9.944471519577405,11.049153644074176
2021-04-19 10:08:00,0.5377784191962784,-9.44268296495227,11.284426870799344
2021-04-19 10:09:00,0.5397900568697392,-8.837617293855006,10.761045917679972
2021-04-19 10:10:00,0.541832838409991,-10.09115818199032,10.57227279787805
2021-04-19 10:11:00,0.5439078444533725,-9.69731102300058,10.802139661858346
2021-04-19 10:12:00,0.5460161603518655,-10.089898554423405,10.529758934028322
2021-04-19 10:13:00,0.5481588758064654,-9.984408112196048,10.70086124959043
2021-04-19 10:14:00,0.5503370841190052,-9.902358979429795,11.221729519940192
2021-04-19 10:15:00,0.5525518820517924,-10.145377702140765,11.147629699923439
2021-04-19 10:16:00,0.5548043690237119,-9.764999391349974,11.787205157207051
2021-04-19 10:17:00,0.5570956468339223,-10.398221978880553,11.132804317218072
2021-04-19 10:18:00,0.5594268190042815,-9.158223419768333,10.799006335850837
2021-04-19 10:19:00,0.5617989904364719,-10.298130467961336,11.148278257366096
2021-04-19 10:20:00,0.5642132668100727,-9.715108398446555,11.335513230368404
2021-04-19 10:21:00,0.5666707540664174,-10.25694671920964,10.427037735694425
2021-04-19 10:22:00,0.5691725579904214,-10.035639079249316,11.739791607591762
2021-04-19 10:23:00,0.5717197836940195,-10.678760003915855,10.480047608747332
2021-04-19 10:24:00,0.5743135350090653,-9.58288971530046,11.108439652238234
2021-04-19 10:25:00,0.5769549141348489,-9.342520297163635,11.68418912557075
2021-04-19 10:26:00,0.5796450209742025,-10.086594283714629,11.8635600070357
2021-04-19 10:27:00,0.5823849528574015,-9.287371056577102,11.16575083633457
2021-04-19 10:28:00,0.58517580369034,-10.1170461188983,11.461212709564824
2021-04-19 10:29:00,0.588018663851688,-10.076998167873096,10.886250871813877
2021-04-19 10:30:00,0.590914619377305,-9.097279669508175,11.69074489397047
2021-04-19 10:31:00,0.5938647515779206,-10.536266733142291,10.169886956331796
2021-04-19 10:32:00,0.5968701365340093,-9.665678277642773,11.540505783142693
2021-04-19 10:33:00,0.5999318446320395,-9.776350326016727,11.554654990481424
2021-04-19 10:34:00,0.603050939966404,-9.54692575332643,11.053274740629503
2021-04-19 10:35:00,0.606228479883763,-10.455221098024023,11.408570069840952
2021-04-19 10:36:00,0.609465514497535,-9.8110287685305,11.114014214489218
2021-04-19 10:37:00,0.6127630862394485,-10.098976538213478,10.930032125277764
2021-04-19 10:38:00,0.6161222291771118,-10.12881145271107,10.646966145350282
2021-04-19 10:39:00,0.6195439687856734,-10.537851564544102,11.601489141937964
2021-04-19 10:40:00,0.6230293212147674,-9.844323914718478,11.21668447181984
2021-04-19 10:41:00,0.6265792929659677,-9.387962284929893,10.440768325866593
2021-04-19 10:42:00,0.630194880287065,-9.755830608981833,10.906152152913565
2021-04-19 10:43:00,0.6338770687653286,-10.361466012981873,11.577080756759662
2021-04-19 10:44:00,0.6376268328571978,-10.100843682309005,11.042384689220714
2021-04-19 10:45:00,0.641445135294876,-10.146013191421153,11.541022021528217
2021-04-19 10:46:00,0.6453329267212662,-9.134228495899386,11.015120755322531
2021-04-19 10:47:00,0.6492911452067224,-8.881087718483192,10.954889893907055
2021-04-19 10:48:00,0.6533207157342366,-9.520344419106348,11.150925299213295
2021-04-19 10:49:00,0.6574225497118418,-9.864324021621915,12.031331535354921
2021-04-19 10:50:00,0.6615975446203002,-10.161878119811215,11.549283679085681
2021-04-19 10:51:00,0.6658465834109986,-9.552090668052752,11.23355926282784
2021-04-19 10:52:00,0.6701705341704726,-10.152390681420105,11.322969353127512
2021-04-19 10:53:00,0.6745702496411241,-9.651761737207085,11.38451772109356
2021-04-19 10:54:00,0.6790465667265937,-9.817837791243928,11.15343184460079
2021-04-19 10:55:00,0.6836003060781447,-10.119023694996837,12.280929456920108
2021-04-19 10:56:00,0.6882322716630843,-10.078890221650909,11.426359063868262
2021-04-19 10:57:00,0.6929432503326605,-10.195154080730864,11.27428961072731
2021-04-19 10:58:00,0.6977340114580124,-9.077446107335634,11.285301428092009
2021-04-19 10:59:00,0.7026053063071341,-9.703085466836008,10.825491730271768
2021-04-19 11:00:00,0.7075578678881266,-9.633748809200952,11.309532537269346
2021-04-19 11:01:00,0.7125924104171759,-8.751947283533534,11.452636131623189
2021-04-19 11:02:00,0.7177096287901525,-9.892205982926939,10.75165678148056
2021-04-19 11:03:00,0.7229101984347729,-10.155812777471318,11.835512139961514
2021-04-19 11:04:00,0.7281947747662866,-10.398976371451491,11.327409939122887
2021-04-19 11:05:00,0.7335639927382948,-9.624357939915912,10.82631819854214
2021-04-19 11:06:00,0.7390184666687971,-10.195077898017471,11.556083088111901
2021-04-19 11:07:00,0.7445587895941914,-9.836256552867482,11.15483215820622
2021-04-19 11:08:00,0.7501855332332936,-9.315355641754335,11.569866761731939
2021-04-19 11:09:00,0.7558992473208461,-9.677652081239197,10.344140180929317
2021-04-19 11:10:00,0.7617004593498604,-9.66389265156896,11.546962641766559
2021-04-19 11:11:00,0.767589674331338,-9.36252129617115,11.784476371115405
2021-04-19 11:12:00,0.7735673743848933,-9.771633879561437,11.131020015166019
2021-04-19 11:13:00,0.7796340182625386,-11.167984571662897,11.171531545314638
2021-04-19 11:14:00,0.7857900412981171,-9.66678370219071,12.103496171590301
2021-04-19 11:15:00,0.7920358548607025,-9.54192988281676,11.515007033635968
2021-04-19 11:16:00,0.7983718461214782,-9.024447819929636,11.838981231079462
2021-04-19 11:17:00,0.8047983778197717,-10.106078681356946,11.44318872167912
2021-04-19 11:18:00,0.8113157878373926,-9.956854824033984,11.74135864996702
2021-04-19 11:19:00,0.8179243889973071,-9.112288411152829,11.292464629235383
2021-04-19 11:20:00,0.8246244687593443,-8.987236744749449,11.117163378116437
2021-04-19 11:21:00,0.8314162889331677,-9.741756645861352,12.119051459910706
2021-04-19 11:22:00,0.8383000855158005,-9.585464581006423,11.061978289201903
2021-04-19 11:23:00,0.8452760682054655,-9.210346478300883,11.464195607174238
2021-04-19 11:24:00,0.8523444204275614,-9.54490972488841,11.386144121630515
2021-04-19 11:25:00,0.859505298986251,-9.128139872266463,11.02578590554699
2021-04-19 11:26:00,0.8667588336686207,-9.946296176796764,11.371005277654097
2021-04-19 11:27:00,0.8741051273595686,-9.140058813819103,10.584444201875764
2021-04-19 11:28:00,0.8815442554986678,-10.161441315651075,12.310992820456958
2021-04-19 11:29:00,0.8890762661481005,-10.404882492651097,10.988050372743462
2021-04-19 11:30:00,0.8967011796025772,-9.529475501310008,10.927445701394586
2021-04-19 11:31:00,0.9044189882658805,-10.118470883680759,10.715278900715186
2021-04-19 11:32:00,0.9122296565599802,-9.854377561624,11.84149219244342
2021-04-19 11:33:00,0.9201331206340234,-9.374755757554734,12.200267084325134
2021-04-19 11:34:00,0.9281292882550553,-9.455668754846931,11.631652164191065
2021-04-19 11:35:00,0.9362180386960495,-10.656957789442115,12.085817677334152
2021-04-19 11:36:00,0.94439922253333,-8.928648492101201,11.797053676802054
2021-04-19 11:37:00,0.9526726615598037,-9.757851856248845,11.691394066559424
2021-04-19 11:38:00,0.9610381487084859,-9.820040840919486,11.627599777984704
2021-04-19 11:39:00,0.969495447810973,-9.66495086453174,11.485578182905074
2021-04-19 11:40:00,0.9780442935973968,-9.8610491806716,12.226385562096075
2021-04-19 11:41:00,0.9866843916811019,-9.87666205519069,11.047354661006105
2021-04-19 11:42:00,0.9954154182060184,-9.345210159589824,12.288986772857319
2021-04-19 11:43:00,1.0042370201718798,-9.621984961955057,11.792942748251415
2021-04-19 11:44:00,1.0131488149022707,-9.415703852911237,10.972464159261223
2021-04-19 11:45:00,1.0221503904632638,-10.161798888590827,11.62013446035062
2021-04-19 11:46:00,1.0312413053546061,-9.864489131313208,11.16725448586217
2021-04-19 11:47:00,1.040421088416015,-9.730270993478275,11.198619807715518
2021-04-19 11:48:00,1.0496892390611134,-9.090138067425022,11.460529007775369
2021-04-19 11:49:00,1.0590452270719743,-10.074542691638625,12.540030222309811
2021-04-19 11:50:00,1.0684884926190499,-9.762670430088034,11.137495829906346
2021-04-19 11:51:00,1.0780184463670541,-9.058343778490995,11.29200627922091
2021-04-19 11:52:00,1.087634469352877,-9.320569213755258,12.091349756832015
2021-04-19 11:53:00,1.0973359131794984,-9.391328650995167,11.955024330146864
2021-04-19 11:54:00,1.1071220999334528,-9.558809984235024,10.892111250319264
2021-04-19 11:55:00,1.116992322216086,-9.460082663794752,11.706031542905631
2021-04-19 11:56:00,1.1269458433149826,-9.305226539755253,11.632369819758855
2021-04-19 11:57:00,1.1369818973049346,-9.511250259725767,11.632854785632514
2021-04-19 11:58:00,1.1470996888079674,-8.602213002410549,11.015067413437645
2021-04-19 11:59:00,1.1572983935156205,-9.069657004896344,12.33754454496563
2021-04-19 12:00:00,1.1675771579750303,-9.684001067053629,12.35726882476485
2021-04-19 12:01:00,1.1779350998323588,-9.957355235394326,11.488614493888536
2021-04-19 12:02:00,1.188371308088492,-9.30409944229535,11.180953290573713
2021-04-19 12:03:00,1.19888484275656,-9.090820496343921,11.694874029377525
2021-04-19 12:04:00,1.2094747356709457,-9.50545396335106,12.002930474757791
2021-04-19 12:05:00,1.2201399899390082,-9.195091400471505,12.492818978262605
2021-04-19 12:06:00,1.230879580732175,-9.39008539452458,12.291633929695346
2021-04-19 12:07:00,1.2416924550768613,-8.921454529462235,11.738428951388995
2021-04-19 12:08:00,1.2525775320320878,-9.410319219344274,12.76405434015726
2021-04-19 12:09:00,1.2635337030964533,-9.372825408627037,11.882309668296548
2021-04-19 12:10:00,1.274559832286729,-10.318418451567464,11.674812787982958
2021-04-19 12:11:00,1.2856547562292755,-9.29924579344287,12.615916718647396
2021-04-19 12:12:00,1.2968172846498516,-9.349412210079818,12.193491817379845
2021-04-19 12:13:00,1.3080462003167423,-9.217158209566833,12.011478193888564
2021-04-19 12:14:00,1.3193402595001706,-8.336494028977018,11.904561495257795
2021-04-19 12:15:00,1.3306981921345078,-9.200151095500615,11.719244253842293
2021-04-19 12:16:00,1.3421187019836003,-8.89464916192266,11.45501073738769
2021-04-19 12:17:00,1.3536004670630366,-8.773330666985627,11.585653851849026
2021-04-19 12:18:00,1.3651421399736128,-9.351780217242931,11.209516907450688
2021-04-19 12:19:00,1.376742347742029,-8.401355692474745,11.775587178660869
2021-04-19 12:20:00,1.3883996928290567,-8.519407068517781,12.262919089690829
2021-04-19 12:21:00,1.4001127526469608,-9.18981570039184,12.725926979809413
2021-04-19 12:22:00,1.4118800805948737,-9.620972401481039,11.520593393160276
2021-04-19 12:23:00,1.4237002059251993,-8.655226707920475,12.145222179458955
2021-04-19 12:24:00,1.4355716341304936,-8.627067070249424,11.696220128902477
2021-04-19 12:25:00,1.4474928474502806,-8.693490565066874,12.961498811059693
2021-04-19 12:26:00,1.459462305128465,-9.302341016031741,11.783326377934369
2021-04-19 12:27:00,1.4714784436577355,-8.865200017226094,11.670149838208358
2021-04-19 12:28:00,1.4835396773855958,-9.055097307716371,11.710697967041293
2021-04-19 12:29:00,1.4956443986164136,-8.906881399641653,12.546893301035592
2021-04-19 12:30:00,1.507790978230626,-8.911405827732892,12.445851011901057
2021-04-19 12:31:00,1.5199777659733291,-9.490379470504626,11.932913415994749
2021-04-19 12:32:00,1.5322030907466584,-9.044129496005262,11.985078696782328
2021-04-19 12:33:00,1.5444652611877236,-8.260457121116492,12.288623403441095
2021-04-19 12:34:00,1.5567625661578435,-9.703977240678825,11.606679707192072
2021-04-19 12:35:00,1.5690932746649013,-8.84641333767302,12.173822813690885
2021-04-19 12:36:00,1.5814556370764585,-8.720519864924395,12.130480540854384
2021-04-19 12:37:00,1.5938478847273436,-9.060911297288786,11.927147991908546
2021-04-19 12:38:00,1.6062682309850815,-8.80473208448855,12.056262422212551
2021-04-19 12:39:00,1.6187148715834068,-8.99452689876118,12.061391490916783
2021-04-19 12:40:00,1.631185984617963,-8.75514297572038,11.765154783849033
2021-04-19 12:41:00,1.6436797317182754,-9.433542344282737,11.75182861199122
2021-04-19 12:42:00,1.6561942580398397,-9.721915537592047,11.771112728003871
2021-04-19 12:43:00,1.6687276927861214,-8.375522610124847,12.302964073841913
2021-04-19 12:44:00,1.6812781499360692,-8.953765595924878,11.996822217393774
2021-04-19 12:45:00,1.693843728419661,-8.958975986921287,12.824649782615392
2021-04-19 12:46:00,1.706422512898281,-8.373484627868029,12.416644194061103
2021-04-19 12:47:00,1.7190125741284537,-8.010473738855785,12.61390234607979
2021-04-19 12:48:00,1.7316119693800662,-8.615281331822706,12.252272642148949
2021-04-19 12:49:00,1.7442187432155787,-8.389320520231442,12.994871546680645
2021-04-19 12:50:00,1.7568309276954872,-8.540724541667906,11.929897604247163
2021-04-19 12:51:00,1.7694465431651742,-9.626132449051598,12.154757336807224
2021-04-19 12:52:00,1.782063598704029,-8.719567591869481,12.988750270718937
2021-04-19 12:53:00,1.7946800925087627,-8.094738088091667,13.526987778735116
2021-04-19 12:54:00,1.8072940126670307,-8.730038840704303,12.066432417037474
2021-04-19 12:55:00,1.8199033377105192,-9.70025577480689,12.2853891294685
2021-04-19 12:56:00,1.8325060367487924,-8.6267587858413,13.513300123056329
2021-04-19 12:57:00,1.8451000707231828,-8.75795386569516,12.446579551289165
2021-04-19 12:58:00,1.8576833921679627,-9.540776226436515,11.7553277335222
2021-04-19 12:59:00,1.8702539465458228,-8.033430506503787,11.590811059790553
2021-04-19 13:00:00,1.8828096723207333,-8.159135241069992,12.588194125847927
2021-04-19 13:01:00,1.8953485015787899,-7.926552653721349,12.85809793117692
2021-04-19 13:02:00,1.9078683607906028,-8.171917344346607,12.353846275698157
2021-04-19 13:03:00,1.9203671713211836,-8.80942328677349,12.141588333761348
2021-04-19 13:04:00,1.9328428498497205,-9.009374741367385,12.661748917192273
2021-04-19 13:05:00,1.9452933092182487,-9.44214407851705,12.374296964065238
2021-04-19 13:06:00,1.957716458789923,-8.667877106422697,12.872606337203887
2021-04-19 13:07:00,1.9701102051910582,-8.630044698107037,12.80848897652074
2021-04-19 13:08:00,1.982472452898592,-7.988757902980371,12.96785622808275
2021-04-19 13:09:00,1.994801104642986,-8.949352617946804,12.576241458530996
2021-04-19 13:10:00,2.0070940622681297,-8.591256496167897,12.909580414420443
2021-04-19 13:11:00,2.019349227305654,-8.640609914561882,12.253254612506446
2021-04-19 13:12:00,2.0315645011662427,-8.564954984411516,12.50993751813247
2021-04-19 13:13:00,2.0437377864870028,-8.31819337950329,13.352865136925836
2021-04-19 13:14:00,2.0558669868793347,-9.263028342574916,12.340776815955525
2021-04-19 13:15:00,2.067950008340394,-8.4744197166613,12.56693059527542
2021-04-19 13:16:00,2.0799847593515595,-8.471354192692873,12.563820359407373
2021-04-19 13:17:00,2.09196915143949,-8.425223735590372,12.423041846399645
2021-04-19 13:18:00,2.103901100292231,-8.80796358263485,12.011310937965263
2021-04-19 13:19:00,2.1157785258623485,-7.675907806291288,12.523022179996396
2021-04-19 13:20:00,2.127599353162613,-7.923793289206951,13.072763802175125
2021-04-19 13:21:00,2.1393615129477137,-8.170598882954497,12.489075749503652
2021-04-19 13:22:00,2.1510629421302347,-8.152403395403534,13.310175770373116
2021-04-19 13:23:00,2.162701584631382,-9.04060819803653,12.858216641789351
2021-04-19 13:24:00,2.174275391868665,-8.591277298178941,12.926399021932937
2021-04-19 13:25:00,2.185782323244697,-8.766589435970921,12.282405464086091
2021-04-19 13:26:00,2.197220346959718,-8.752099469176613,12.98965875946325
2021-04-19 13:27:00,2.2085874405834116,-8.415493004738051,13.734652610640916
2021-04-19 13:28:00,2.2198815914738503,-7.7691738801047885,12.611875017940607
2021-04-19 13:29:00,2.2311007976266506,-8.054969635266586,13.06699593224842
2021-04-19 13:30:00,2.242243068111603,-8.436856036785757,12.53683739444343
2021-04-19 13:31:00,2.2533064237113583,-8.545370576878824,11.993896976691904
2021-04-19 13:32:00,2.2642888977151987,-8.292592630494422,13.025498028154882
2021-04-19 13:33:00,2.275188535998744,-8.284286013879592,13.887672408716192
2021-04-19 13:34:00,2.2860033983451813,-8.019328921946183,12.298381782268926
2021-04-19 13:35:00,2.2967315582804284,-7.532537254747858,12.839331032832655
2021-04-19 13:36:00,2.3073711042834186,-8.614361404049596,12.724811407315132
2021-04-19 13:37:00,2.3179201400721885,-8.54939377090437,13.17432002106223
2021-04-19 13:38:00,2.3283767851030737,-7.227410061106023,12.825828351604324
2021-04-19 13:39:00,2.338739175430946,-8.09301019733159,12.982398285795558
2021-04-19 13:40:00,2.349005464048373,-8.41963341784045,12.082035244295334
2021-04-19 13:41:00,2.359173821551124,-7.77079773772169,12.391907952497363
2021-04-19 13:42:00,2.3692424367263647,-7.628105645856766,13.181333132021216
2021-04-19 13:43:00,2.3792095169922467,-8.063536475799909,13.415824025370721
2021-04-19 13:44:00,2.389073289181858,-8.21968325304734,12.589443639791934
2021-04-19 13:45:00,2.398831999901556,-8.024269118270874,12.762216496427454
2021-04-19 13:46:00,2.4084839160811384,-6.731413949896922,13.659797864998762
2021-04-19 13:47:00,2.4180273256723117,-8.290656809236049,12.329438865565157
2021-04-19 13:48:00,2.4274605381831265,-8.39757081235207,13.245326552164011
2021-04-19 13:49:00,2.4367818848846157,-7.835989307165287,12.690636013375698
2021-04-19 13:50:00,2.4459897198294662,-8.345440420661857,13.816387874217098
2021-04-19 13:51:00,2.455082419966955,-8.396077514731584,12.796698898404133
2021-04-19 13:52:00,2.4640583859355845,-8.190488940276758,12.814938974219844
2021-04-19 13:53:00,2.472916042501619,-8.550363981676243,12.062041770559787
2021-04-19 13:54:00,2.4816538388381577,-8.631968977074925,13.03335546947921
2021-04-19 13:55:00,2.490270249479157,-8.370977671128708,13.480660583980594
2021-04-19 13:56:00,2.498763774416633,-8.206057935613773,13.018425500825325
2021-04-19 13:57:00,2.5071329396986446,-7.990348094468565,12.819820439811513
2021-04-19 13:58:00,2.5153762980809704,-8.90977371599285,13.044711188966998
2021-04-19 13:59:00,2.5234924292293486,-7.649497993597332,12.950711483283671
2021-04-19 14:00:00,2.531479940369938,-8.390588006134525,13.145824956191111
2021-04-19 14:01:00,2.539337466772223,-7.876728474016315,12.938162909690478
2021-04-19 14:02:00,2.5470636719927873,-7.308662755908964,12.931365303720222
2021-04-19 14:03:00,2.5546572486008987,-8.1764169232248,12.9514678675142
2021-04-19 14:04:00,2.5621169183774066,-8.668198173310564,13.467134458613446
2021-04-19 14:05:00,2.569441432902053,-7.7568516326317125,12.927299119270186
2021-04-19 14:06:00,2.5766295738963176,-7.516951423880511,13.221100282316376
2021-04-19 14:07:00,2.583680153609092,-7.952498192144201,12.683663380540741
2021-04-19 14:08:00,2.5905920153483337,-8.027066274880788,12.751428435355598
2021-04-19 14:09:00,2.5973640338710595,-7.571221741336774,13.0146613853304
2021-04-19 14:10:00,2.603995115447889,-7.858428816187798,13.17096164824371
2021-04-19 14:11:00,2.6104841987577307,-7.845786791439977,13.48117197847976
2021-04-19 14:12:00,2.6168302549350186,-7.839770920828361,13.55487456301227
2021-04-19 14:13:00,2.6230322879340786,-7.386533151085132,13.643818737585592
2021-04-19 14:14:00,2.629089334986398,-8.235807848033573,12.888363573736736
2021-04-19 14:15:00,2.635000466952011,-7.616541686494774,12.796956872625973
2021-04-19 14:16:00,2.6407647885369254,-7.658912578415261,13.759514009281382
2021-04-19 14:17:00,2.6463814387957605,-7.836353445716579,13.300434009530019
2021-04-19 14:18:00,2.65184959122716,-7.408414994348572,14.271759047936227
2021-04-19 14:19:00,2.6571684543313108,-7.2717564397884455,12.906013098928344
2021-04-19 14:20:00,2.6623372716789486,-8.430720268944626,13.469059716417158
2021-04-19 14:21:00,2.6673553223171442,-8.869892128308374,13.035212638117674
2021-04-19 14:22:00,2.6722219211052547,-7.773442465793361,12.969988583468883
2021-04-19 14:23:00,2.6769364188184026,-7.987828922170699,14.407156972338191
2021-04-19 14:24:00,2.6814982025045833,-8.0833001840235,12.72177552472898
2021-04-19 14:25:00,2.6859066958095723,-7.765720364094175,13.827297894460635
2021-04-19 14:26:00,2.690161358997262,-7.734886922621128,13.025419160223228
2021-04-19 14:27:00,2.6942616894386506,-7.441370715449077,13.498353772094447
2021-04-19 14:28:00,2.698207221570861,-7.6783049809300365,13.234259224863191
2021-04-19 14:29:00,2.7019975273477606,-8.172025497428002,13.025965366333198
2021-04-19 14:30:00,2.7056322162313036,-7.768111934581323,13.855941742201297
2021-04-19 14:31:00,2.709110935462724,-8.344139274772493,13.168780387279076
2021-04-19 14:32:00,2.7124333702870858,-8.631996395679163,13.439239664059622
2021-04-19 14:33:00,2.715599244061972,-8.417052165303478,13.321042371660766
2021-04-19 14:34:00,2.7186083183647125,-8.171532742819501,13.027058140181188
2021-04-19 14:35:00,2.7214603931732926,-7.901370887926108,12.819902858435514
2021-04-19 14:36:00,2.7241553070902293,-8.28793340770127,13.572780207952404
2021-04-19 14:37:00,2.726692937289679,-8.09457466926771,12.988619100184577
2021-04-19 14:38:00,2.7290731997082203,-7.8279749420537525,13.545213673386863
2021-04-19 14:39:00,2.73129604923321,-7.088762022398143,14.191993026899386
2021-04-19 14:40:00,2.7333614795884635,-7.2580602855513785,13.79053285431182
2021-04-19 14:41:00,2.735269523597007,-7.459806926691034,13.37678694525383
2021-04-19 14:42:00,2.737020253111524,-8.132082595257753,13.681193880987335
2021-04-19 14:43:00,2.738613779175722,-7.716536649225163,13.205602147227225
2021-04-19 14:44:00,2.7400502519612293,-8.026637954964324,13.180025520381637
2021-04-19 14:45:00,2.7413298608300045,-7.55968590126589,12.947583285374062
2021-04-19 14:46:00,2.742452834405155,-7.177204237183762,13.545581076772613
2021-04-19 14:47:00,2.7434194405139403,-7.8965579822856915,13.389208508416953
2021-04-19 14:48:00,2.7442299862202306,-7.565346809991658,14.009676465053374
2021-04-19 14:49:00,2.744884817718996,-7.440411150016622,12.96515251644398
2021-04-19 14:50:00,2.74538432049769,-8.5489644851008,13.016343589358733
2021-04-19 14:51:00,2.7457289190586467,-7.5591900374349175,13.203629627628876
2021-04-19 14:52:00,2.7459190770240656,-8.122234418905025,13.134056413641384
2021-04-19 14:53:00,2.7459552970725234,-7.779472981998114,13.326367451638994
2021-04-19 14:54:00,2.74583812074423,-8.813087967762616,13.686218320219028
2021-04-19 14:55:00,2.745568128467632,-8.554162600911086,12.336012821027992
2021-04-19 14:56:00,2.7451459394365454,-8.03719012770135,13.580323742112942
2021-04-19 14:57:00,2.744572211484642,-8.064516992331324,13.314449036981173
2021-04-19 14:58:00,2.743847640958387,-7.785848013044378,14.240441721577232
2021-04-19 14:59:00,2.7429729625366077,-7.808946994033178,12.700533169995317
2021-04-19 15:00:00,2.7419489492700753,-8.07202766349012,13.334122337273872
2021-04-19 15:01:00,2.740776412172151,-8.994085740196958,12.88812521702228
2021-04-19 15:02:00,2.739456200205755,-7.746814005709315,12.981164271081353
2021-04-19 15:03:00,2.7379892001374397,-7.844819070766756,13.412022185587736
2021-04-19 15:04:00,2.736376336206887,-7.2866803386551515,13.543842131760924
2021-04-19 15:05:00,2.7346185700368086,-8.368452082156008,13.00561715133491
2021-04-19 15:06:00,2.7327169003562375,-7.134923034166964,14.332032893720267
2021-04-19 15:07:00,2.7306723628470815,-7.236846548898802,12.850012751819136
2021-04-19 15:08:00,2.7284860298579208,-8.26177943723298,13.473360345016946
2021-04-19 15:09:00,2.7261590101122484,-7.241465561661316,13.668419325112342
2021-04-19 15:10:00,2.7236924485705876,-7.536779618887818,13.056445507608721
2021-04-19 15:11:00,2.721087526064304,-8.051908517606668,13.37063642972197
2021-04-19 15:12:00,2.718345459058439,-8.112912188493329,13.555238529924814
2021-04-19 15:13:00,2.7154674993420436,-7.123927331543332,14.033606065371043
2021-04-19 15:14:00,2.7124549337628325,-8.366829939332504,13.321585930064892
2021-04-19 15:15:00,2.709309083820358,-7.983245113287379,12.37374042666281
2021-04-19 15:16:00,2.706031305476352,-7.16006952937459,13.328457960984661
2021-04-19 15:17:00,2.702622988757243,-7.633980957347859,13.337354708353711
2021-04-19 15:18:00,2.6990855573381043,-7.910039308664866,13.276359787851254
2021-04-19 15:19:00,2.6954204683604264,-8.0050875553647,13.046668622890026
2021-04-19 15:20:00,2.691629211839727,-7.507243497862562,12.521739049627662
2021-04-19 15:21:00,2.6877133105694,-7.3834101173700075,13.186339529115097
2021-04-19 15:22:00,2.683674319528487,-7.561983627062842,13.34845911483685
2021-04-19 15:23:00,2.6795138253872754,-7.672459994579061,13.076106061985644
2021-04-19 15:24:00,2.6752334465837313,-8.32715753474412,13.142601792911075
2021-04-19 15:25:00,2.6708348322601414,-7.865986872790537,13.440181069128002
2021-04-19 15:26:00,2.666319662339114,-7.818472655146963,12.840635077545867
2021-04-19 15:27:00,2.6616896468887097,-7.484615137272487,13.615860492553054
2021-04-19 15:28:00,2.656946525678898,-8.419681444729488,13.085211238021914
2021-04-19 15:29:00,2.652092067801731,-7.27691247471263,12.92570631265977
2021-04-19 15:30:00,2.647128071085689,-7.498847681467569,13.708695903240823
2021-04-19 15:31:00,2.642056361755944,-7.834287953501291,13.010491350757304
2021-04-19 15:32:00,2.636878793927087,-7.9010669303005585,13.257917777702557
2021-04-19 15:33:00,2.6315972490083706,-7.941297223170531,13.40821324867798
2021-04-19 15:34:00,2.626213635338037,-7.871115435899159,13.360739380345233
2021-04-19 15:35:00,2.620729887639876,-8.338291887577428,12.697833516654454
2021-04-19 15:36:00,2.6151479664517825,-8.225014792334521,13.408785645738638
2021-04-19 15:37:00,2.609469857691801,-7.882723208568546,12.429163200520799
2021-04-19 15:38:00,2.6036975720928655,-8.548910227570529,12.901383254618512
2021-04-19 15:39:00,2.5978331444862235,-8.795776527280827,12.744076838832404
2021-04-19 15:40:00,2.591878633714817,-7.471431068514744,13.419181061717905
2021-04-19 15:41:00,2.5858361215261505,-6.928007806093767,13.294548850184356
2021-04-19 15:42:00,2.5797077123860648,-8.124229166669746,13.15162838749935
2021-04-19 15:43:00,2.5734955328240288,-7.962389238460462,12.931284518745898
2021-04-19 15:44:00,2.56720173070845,-7.460934674754164,13.149138234010199
2021-04-19 15:45:00,2.560828474946762,-8.097565509760248,13.50822966071088
2021-04-19 15:46:00,2.554377954595533,-8.06423587149388,12.937983828338341
2021-04-19 15:47:00,2.5478523783988845,-7.917758075668817,13.848975720447458
2021-04-19 15:48:00,2.541253974318642,-7.852280000010366,12.854982221050784
2021-04-19 15:49:00,2.534584988625019,-8.263510445522765,12.054721764337401
2021-04-19 15:50:00,2.527847685571447,-8.236795527609852,13.688984709763886
2021-04-19 15:51:00,2.52104434657977,-8.687842793187276,12.987812398927545
2021-04-19 15:52:00,2.514177269677681,-7.913547612295357,13.436209038573862
2021-04-19 15:53:00,2.507248768936704,-7.764907069287793,12.536526727397154
2021-04-19 15:54:00,2.5002611737015514,-8.025070730377083,13.114278721288938
2021-04-19 15:55:00,2.4932168279144276,-7.75056305592659,12.708761655470855
2021-04-19 15:56:00,2.4861180898315274,-8.16817147917421,12.368172841382831
2021-04-19 15:57:00,2.478967330756446,-8.817051479697774,12.899529957262251
2021-04-19 15:58:00,2.471766935061382,-7.834890494674378,12.653420017801206
2021-04-19 15:59:00,2.4645192989029066,-8.254235568205212,12.641318018872452
2021-04-19 16:00:00,2.457226829897109,-8.21326451431948,12.895296256133093
2021-04-19 16:01:00,2.4498919465791316,-9.091008755950579,13.106936492820049
2021-04-19 16:02:00,2.44251707726753,-9.078351775337948,13.632691689401684
2021-04-19 16:03:00,2.4351046597479655,-8.320027668000803,13.47493339829699
2021-04-19 16:04:00,2.4276571405556124,-8.619239608404373,13.335613395932096
2021-04-19 16:05:00,2.420176974117006,-8.300419933883363,12.519232769664884
2021-04-19 16:06:00,2.4126666222608217,-7.694782093983688,13.655629887059868
2021-04-19 16:07:00,2.4051285533630598,-8.188272162699137,12.433037798278384
2021-04-19 16:08:00,2.3975652416847013,-8.919730348283375,12.918677251586702
2021-04-19 16:09:00,2.389979166832979,-7.9375746913160485,13.047589112266625
2021-04-19 16:10:00,2.3823728128118082,-8.359858216036212,12.90696736754543
2021-04-19 16:11:00,2.3747486674404747,-7.830214925865874,12.761929414727053
2021-04-19 16:12:00,2.3671092217642387,-8.998366062740946,13.82720690664455
2021-04-19 16:13:00,2.35945696908068,-8.147711892774524,13.197290516360445
2021-04-19 16:14:00,2.3517944045129475,-8.51982931258395,12.444738195562909
2021-04-19 16:15:00,2.3441240241143064,-7.117287431620303,12.796629227812213
2021-04-19 16:16:00,2.336448324080656,-7.955435159429141,13.360580114082344
2021-04-19 16:17:00,2.328769800483932,-8.125617626698688,12.593465542875832
2021-04-19 16:18:00,2.321090947922875,-7.308069320406704,12.618648550570965
2021-04-19 16:19:00,2.3134142592746554,-7.889663799214117,13.427876623991013
2021-04-19 16:20:00,2.305742224888201,-7.829584807743928,12.537357320468614
2021-04-19 16:21:00,2.298077331708533,-7.9044543645682195,13.728043255598287
2021-04-19 16:22:00,2.2904220627927443,-9.313493841254122,12.630125147302644
2021-04-19 16:23:00,2.2827788963980233,-8.186813692386416,12.661181601351668
2021-04-19 16:24:00,2.275150305345859,-9.014178542183886,13.24078898081375
2021-04-19 16:25:00,2.267538756414553,-7.897618277507132,12.561566395458911
2021-04-19 16:26:00,2.2599467094430734,-8.630993456752341,12.741485267637882
2021-04-19 16:27:00,2.2523766167068624,-8.752180996298083,12.805377658484764
2021-04-19 16:28:00,2.244830922309505,-8.827824969107787,13.392224647608584
2021-04-19 16:29:00,2.237312061259736,-8.31922484187795,12.858310212691473
2021-04-19 16:30:00,2.2298224590106366,-8.540256201052001,13.438147218912164
2021-04-19 16:31:00,2.2223645305747537,-7.945052647395374,13.18287412317433
2021-04-19 16:32:00,2.2149406797654994,-8.939306634295887,13.042559391455312
2021-04-19 16:33:00,2.207553298919987,-8.80041721720045,12.409021321092116
2021-04-19 16:34:00,2.200204767544276,-8.61049412453184,12.19960296861053
2021-04-19 16:35:00,2.192897452341037,-7.982059843769431,13.025772058097365
2021-04-19 16:36:00,2.1856337058599347,-8.356088724199715,12.439840848744222
2021-04-19 16:37:00,2.178415866231062,-8.54934372701126,12.744142978793471
2021-04-19 16:38:00,2.171246256426457,-8.058190956358489,12.94816752502218
2021-04-19 16:39:00,2.1641271834338776,-8.391331098610943,12.437441141366525
2021-04-19 16:40:00,2.157060937660327,-8.518285731798874,12.985530565922355
2021-04-19 16:41:00,2.15004979236376,-8.357335998409166,12.982731106780216
2021-04-19 16:42:00,2.143096002781917,-8.130212714238182,12.153070645763586
2021-04-19 16:43:00,2.1362018056819587,-8.488310566772258,12.074536179069696
2021-04-19 16:44:00,2.129369418537502,-8.988572722046571,12.777657001504053
2021-04-19 16:45:00,2.1226010389268133,-8.72264035324721,12.640813178806901
2021-04-19 16:46:00,2.1158988440032127,-8.736243169842,13.012311877172781
2021-04-19 16:47:00,2.1092649896521034,-8.10522844000698,12.929514012250802
2021-04-19 16:48:00,2.102701609974096,-8.101720804815647,12.907929924218948
2021-04-19 16:49:00,2.096210816717054,-8.810943774392182,14.102406921042162
2021-04-19 16:50:00,2.089794698450358,-8.76235873623682,12.774224736192744
2021-04-19 16:51:00,2.0834553201903567,-7.027543147506663,13.423646927159368
2021-04-19 16:52:00,2.0771947226174405,-7.296337734669367,12.873632856169525
2021-04-19 16:53:00,2.0710149214025573,-8.184514177200503,11.931032616437816
2021-04-19 16:54:00,2.06491790700085,-8.192723244040225,12.700199910608838
2021-04-19 16:55:00,2.0589056435126123,-8.577879956657048,12.870007612408154
2021-04-19 16:56:00,2.0529800685032136,-8.728203245234536,12.337685711314913
2021-04-19 16:57:00,2.0471430923067446,-8.50339621954433,12.999632923079231
2021-04-19 16:58:00,2.041396597378067,-8.635483727321283,12.552092836109818
2021-04-19 16:59:00,2.0357424378887448,-8.203504342583916,12.697341728073573
2021-04-19 17:00:00,2.030182438994102,-7.908297053667893,12.188360481429125
2021-04-19 17:01:00,2.024718396373238,-8.53763852884919,12.853547755560204
2021-04-19 17:02:00,2.0193520757738255,-8.871749671120664,12.046604522942774
2021-04-19 17:03:00,2.0140852123351864,-9.092550391645588,12.338066440068099
2021-04-19 17:04:00,2.008919510098218,-8.026476510159949,12.720650307273154
2021-04-19 17:05:00,2.003856641615288,-8.421308342171164,11.98097940756475
2021-04-19 17:06:00,1.9988982472751902,-7.962983858676449,12.814676818318755
2021-04-19 17:07:00,1.9940459349280275,-7.811021248299316,12.147907338330919
2021-04-19 17:08:00,1.9893012793640172,-8.64732593223352,12.845396387234539
2021-04-19 17:09:00,1.984665821708788,-7.5766980981256475,12.834363623265332
2021-04-19 17:10:00,1.9801410693044088,-8.269762034854729,12.56680794746604
2021-04-19 17:11:00,1.9757284947915783,-8.539559908991725,12.999494039597758
2021-04-19 17:12:00,1.971429536001797,-8.598859515073629,13.294040237852608
2021-04-19 17:13:00,1.9672455954401307,-8.640365261106592,12.3643789808762
2021-04-19 17:14:00,1.9631780397162772,-8.255268783611708,12.24562541620301
2021-04-19 17:15:00,1.9592281993517813,-8.77525521543593,12.067536978266254
2021-04-19 17:16:00,1.955397368147897,-8.92334448626125,12.812856082346743
2021-04-19 17:17:00,1.9516868029511558,-9.40696800742939,12.840834303104186
2021-04-19 17:18:00,1.948097723188984,-7.608508806251317,12.709528709659333
2021-04-19 17:19:00,1.944631310497521,-8.638305701951696,11.746343255528338
2021-04-19 17:20:00,1.9412887084217607,-8.917172575177608,12.245241684559755
2021-04-19 17:21:00,1.9380710219170298,-8.88299737345195,12.845866719697618
2021-04-19 17:22:00,1.934979317140763,-8.883875604564018,12.344539742494707
2021-04-19 17:23:00,1.9320146211061837,-8.799737542556738,12.915132980812201
2021-04-19 17:24:00,1.9291779212654085,-8.323172237831995,12.809582765468459
2021-04-19 17:25:00,1.9264701652146765,-9.047753053435278,12.493779213434584
2021-04-19 17:26:00,1.9238922605646431,-8.99837032096535,12.453610814263902
2021-04-19 17:27:00,1.9214450744415434,-8.881206534015726,12.343322182281517
2021-04-19 17:28:00,1.9191294332888595,-9.395532846378938,12.53912015192911
2021-04-19 17:29:00,1.9169461226564146,-8.631833670657054,13.138825816131822
2021-04-19 17:30:00,1.9148958867944497,-8.70688839763324,11.99233377935832
2021-04-19 17:31:00,1.9129794286664672,-8.99409338067988,12.036274186522634
2021-04-19 17:32:00,1.9111974094159192,-9.141592856743161,12.03762350681365
2021-04-19 17:33:00,1.9095504483887569,-7.909310799639555,12.482175774689164
2021-04-19 17:34:00,1.9080391228522733,-9.009238881057549,11.900885142179037
2021-04-19 17:35:00,1.9066639677076773,-8.429584969737604,13.122708588825175
2021-04-19 17:36:00,1.9054254754713964,-7.820974214543437,12.653342676644815
2021-04-19 17:37:00,1.904324096011234,-8.736215358278027,12.34676277226519
2021-04-19 17:38:00,1.903360236347854,-8.373350146691344,13.777628260461803
2021-04-19 17:39:00,1.9025342606599556,-9.466956311343434,11.708606573206628
2021-04-19 17:40:00,1.9018464899693908,-8.115504940979779,12.693918300302684
2021-04-19 17:41:00,1.9012972021987466,-8.705673751700175,12.479583772575063
2021-04-19 17:42:00,1.9008866319055189,-9.216761263844948,12.130057047160923
2021-04-19 17:43:00,1.9006149703187245,-8.971117614084738,11.638728955668398
2021-04-19 17:44:00,1.9004823652108067,-9.085521986359725,12.03814322835982
2021-04-19 17:45:00,1.9004889207763245,-8.324554799123403,12.070100756890046
2021-04-19 17:46:00,1.900634697602759,-8.690800561121064,12.51913878856837
2021-04-19 17:47:00,1.900919712776261,-8.60155064766247,12.464783065304962
2021-04-19 17:48:00,1.9013439395973681,-8.802697534338161,13.296587814044411
2021-04-19 17:49:00,1.9019073077113668,-9.107937226640088,12.54383311042156
2021-04-19 17:50:00,1.902609703122599,-8.652394912167047,11.708210757055564
2021-04-19 17:51:00,1.9034509681730918,-8.626475478374012,13.471780992256088
2021-04-19 17:52:00,1.9044309014769678,-7.873709636990767,12.805901349118605
2021-04-19 17:53:00,1.905549258132053,-8.76000968334385,12.456705333417444
2021-04-19 17:54:00,1.9068057495789792,-8.908628528307752,12.653160547559363
2021-04-19 17:55:00,1.9082000438293836,-8.957037129184796,12.457974019112818
2021-04-19 17:56:00,1.90973176538054,-8.487955601168851,12.338637621250218
2021-04-19 17:57:00,1.9114004954526411,-7.8937569075132155,11.682617498928385
2021-04-19 17:58:00,1.9132057719988644,-8.792377437168206,12.50981845347942
2021-04-19 17:59:00,1.9151470897873943,-8.690119608684002,12.775639582954636
2021-04-19 18:00:00,1.9172239006172056,-8.434296414238272,12.137711867306997
2021-04-19 18:01:00,1.9194356134233117,-8.62846343643535,12.854138485957625
2021-04-19 18:02:00,1.9217815943757959,-8.647002405863095,12.320597561310192
2021-04-19 18:03:00,1.9242611670950738,-9.0418516561321,12.432992085460116
2021-04-19 18:04:00,1.9268736128178272,-8.377648770923956,12.745264791109442
2021-04-19 18:05:00,1.9296181705797717,-8.88225080202812,12.525931296885526
2021-04-19 18:06:00,1.9324940373715576,-8.829197897668344,12.666340631307525
2021-04-19 18:07:00,1.9355003685047543,-8.771277949051603,12.67041697445732
2021-04-19 18:08:00,1.938636277624588,-8.22070491241058,13.299872721250676
2021-04-19 18:09:00,1.9419008371099769,-9.450249719491136,12.28989930628879
2021-04-19 18:10:00,1.945293078225326,-8.273599460161646,13.088612883972216
2021-04-19 18:11:00,1.948811991449933,-8.282337586577858,12.77667915971003
2021-04-19 18:12:00,1.9524565267774308,-8.708096692766944,12.479809479021238
2021-04-19 18:13:00,1.9562255938280337,-8.427680891055552,12.101659403961833
2021-04-19 18:14:00,1.960118062387792,-8.241758586949333,12.670381509930605
2021-04-19 18:15:00,1.9641327626082978,-8.459919427963806,12.596950883281826
2021-04-19 18:16:00,1.9682684852092802,-8.679769634856786,12.634750686882047
2021-04-19 18:17:00,1.9725239820766625,-7.866772199063394,13.579285318560189
2021-04-19 18:18:00,1.9768979663654866,-8.678670503603186,13.008515816729318
2021-04-19 18:19:00,1.981389113014944,-8.910352983431189,13.366743831365042
2021-04-19 18:20:00,1.9859960590227939,-8.420178146008034,12.394180516010822
2021-04-19 18:21:00,1.9907174038804603,-9.041566357701559,12.731241560797299
2021-04-19 18:22:00,1.9955517099847622,-8.037420856677818,12.80310859717337
2021-04-19 18:23:00,2.0004975030040435,-7.821225314850777,12.105307558366652
2021-04-19 18:24:00,2.005553272231452,-8.650189921102687,12.744112743981306
2021-04-19 18:25:00,2.0107174711521374,-8.969636653924695,13.248806795948925
2021-04-19 18:26:00,2.015988517845516,-8.829663991520752,12.76970257744605
2021-04-19 18:27:00,2.021364795257923,-8.282194282836628,12.622157828127444
2021-04-19 18:28:00,2.0268446519555745,-8.33409231762686,12.019612701153038
2021-04-19 18:29:00,2.03242640236688,-8.638532471109917,13.246133356862488
2021-04-19 18:30:00,2.038108327318384,-8.45900494363298,13.053514501832206
2021-04-19 18:31:00,2.0438886746252596,-9.178424195990432,12.94555413528424
2021-04-19 18:32:00,2.049765659452845,-7.254979132669886,12.916851795959115
2021-04-19 18:33:00,2.055737464896958,-8.826313469012002,12.908578932624813
2021-04-19 18:34:00,2.061802242497937,-9.249918038943639,12.149583740694862
2021-04-19 18:35:00,2.0679581127587094,-9.370537143127727,13.698585859385796
2021-04-19 18:36:00,2.074203165781888,-7.974674849768092,13.402294871300159
2021-04-19 18:37:00,2.080535461571513,-7.524985244836011,12.116396953828266
2021-04-19 18:38:00,2.0869530309018502,-8.930793293845603,12.183146597781546
2021-04-19 18:39:00,2.0934538757277545,-8.518384483051738,12.399814066174196
2021-04-19 18:40:00,2.1000359696531796,-7.961259040089458,13.429696643222794
2021-04-19 18:41:00,2.1066972587619106,-8.73603125149896,13.282922774729142
2021-04-19 18:42:00,2.1134356620779937,-8.67184038073911,12.913741899596971
2021-04-19 18:43:00,2.1202490721345,-7.7522520176235545,12.288492776258456
2021-04-19 18:44:00,2.1271353556739276,-9.37520826475723,11.867582175860464
2021-04-19 18:45:00,2.1340923541147196,-9.52911513870346,11.109417243994825
2021-04-19 18:46:00,2.1411178845066043,-8.386306583758122,12.835762215037544
2021-04-19 18:47:00,2.1482097397825397,-8.923631262979418,12.157005838946215
2021-04-19 18:48:00,2.155365689625033,-8.887115021122215,12.208012927329174
2021-04-19 18:49:00,2.1625834810625086,-8.943562622723665,11.832472539402943
2021-04-19 18:50:00,2.169860839133235,-8.541317821824995,12.504712701627867
2021-04-19 18:51:00,2.177195467522913,-7.7563881706244295,12.48268323702514
2021-04-19 18:52:00,2.1845850493394265,-8.522039686882332,12.905800206777785
2021-04-19 18:53:00,2.1920272476403255,-8.77332381774995,13.270865874328488
2021-04-19 18:54:00,2.1995197061965124,-8.679138052329712,13.190961660329338
2021-04-19 18:55:00,2.207060050258052,-8.558107976020619,12.311903442240567
2021-04-19 18:56:00,2.2146458871003336,-8.402077080121275,12.400745809436083
2021-04-19 18:57:00,2.222274806835749,-9.157564070472795,12.61991649577332
2021-04-19 18:58:00,2.2299443830883643,-8.753550096861373,12.875539853587316
2021-04-19 18:59:00,2.237652173670132,-8.664413848027888,12.616348093317962
2021-04-19 19:00:00,2.2453957215490736,-9.214858100485719,12.83199795602423
2021-04-19 19:01:00,2.253172555016106,-7.898223242995119,12.546475703192256
2021-04-19 19:02:00,2.260980189131756,-8.135948217488025,12.27570372561535
2021-04-19 19:03:00,2.268816125904874,-7.758263100343154,12.330391064959374
2021-04-19 19:04:00,2.2766778552741704,-8.70776358252544,13.505244720266505
2021-04-19 19:05:00,2.2845628558233924,-8.330419661462106,12.370538706897975
2021-04-19 19:06:00,2.292468595482706,-8.105871546286203,12.677424119607105
2021-04-19 19:07:00,2.3003925323958967,-8.531472278075853,12.948645394311104
2021-04-19 19:08:00,2.308332115529215,-8.327759940976343,12.99472981169152
2021-04-19 19:09:00,2.3162847854890427,-7.605996078486827,12.759685652621803
2021-04-19 19:10:00,2.324247975374756,-7.9169153923683515,13.95181653781034
2021-04-19 19:11:00,2.3322191113983917,-8.532430426267677,12.981226706465476
2021-04-19 19:12:00,2.340195613730605,-7.690432027174341,13.202807124817461
2021-04-19 19:13:00,2.348174897279498,-8.254116400720628,12.655608762222311
2021-04-19 19:14:00,2.356154372429065,-7.5739884718960635,13.526026247955285
2021-04-19 19:15:00,2.3641314457986757,-7.628218166156759,12.773393133749604
2021-04-19 19:16:00,2.3721035212254855,-7.402883984161578,12.907141066094846
2021-04-19 19:17:00,2.3800680001092784,-8.527287535062037,12.656199596248053
2021-04-19 19:18:00,2.388022282677742,-7.415299348659944,13.39867776782793
2021-04-19 19:19:00,2.3959637684432473,-8.219153821173192,12.678648906742902
2021-04-19 19:20:00,2.40388985708035,-7.777191015659347,12.837192429031267
2021-04-19 19:21:00,2.4117979493228363,-8.180518782337325,12.47261288529976
2021-04-19 19:22:00,2.419685447480106,-8.1450573258241,13.106707034222259
2021-04-19 19:23:00,2.4275497565251345,-8.136484458644134,12.991164715099194
2021-04-19 19:24:00,2.435388284738842,-8.230692574201546,13.027278028600882
2021-04-19 19:25:00,2.4431984443605432,-7.994251045975816,13.289572689137705
2021-04-19 19:26:00,2.450977652662242,-8.135862222393873,13.464756738911086
2021-04-19 19:27:00,2.4587233324989652,-8.175734689002377,13.112243661364193
2021-04-19 19:28:00,2.4664329131712903,-7.78352535112972,12.84622871464238
2021-04-19 19:29:00,2.474103831228896,-8.191470053973037,12.832459746613003
2021-04-19 19:30:00,2.4817335311846462,-8.03242081110869,13.055055690879449
2021-04-19 19:31:00,2.489319466384393,-8.709483126134378,13.193848645140463
2021-04-19 19:32:00,2.4968590997763824,-7.881688758288531,13.338450636925792
2021-04-19 19:33:00,2.5043499044826536,-7.759430855505263,12.877804517867856
2021-04-19 19:34:00,2.5117893649247574,-7.3768833690273725,13.279720276983154
2021-04-19 19:35:00,2.5191749772323755,-8.456600455355069,13.092263843975786
2021-04-19 19:36:00,2.526504250298309,-8.467998347241034,13.864298546305687
2021-04-19 19:37:00,2.5337747064491216,-8.60474609898758,12.700691814454318
2021-04-19 19:38:00,2.5409838820227657,-7.74730432595526,12.777915841419217
2021-04-19 19:39:00,2.548129328449686,-7.650057504964774,13.57241123451349
2021-04-19 19:40:00,2.555208612803159,-8.11730520080791,12.50784299614884
2021-04-19 19:41:00,2.5622193185486073,-8.685606197197773,13.33774564515746
2021-04-19 19:42:00,2.56915904637528,-7.726257948071491,13.498701650993965
2021-04-19 19:43:00,2.576025414873709,-7.541473032215455,13.195349638879353
2021-04-19 19:44:00,2.5828160613019935,-8.212667483788964,12.811805425849908
2021-04-19 19:45:00,2.5895286423736272,-7.348703802218666,13.312978946194688
2021-04-19 19:46:00,2.5961608348087832,-7.795183882151157,12.522064802178559
2021-04-19 19:47:00,2.6027103362817487,-7.433111439345858,13.208551419118914
2021-04-19 19:48:00,2.6091748660318315,-8.032040229094644,14.680455092552975
2021-04-19 19:49:00,2.615552165480142,-7.590047085435414,12.848928350721623
2021-04-19 19:50:00,2.621839999152324,-7.508926270490734,13.800508611940959
2021-04-19 19:51:00,2.628036155185732,-8.004912990897223,12.938009523080854
2021-04-19 19:52:00,2.6341384461132074,-8.260252896740306,13.335866177129285
2021-04-19 19:53:00,2.6401447096089927,-7.528583823212147,13.852264731180659
2021-04-19 19:54:00,2.6460528089500674,-7.939130865220473,13.771875403306806
2021-04-19 19:55:00,2.6518606340143105,-8.953195108456397,12.800756920389885
2021-04-19 19:56:00,2.6575661016708736,-8.355447284241203,13.346840586722296
2021-04-19 19:57:00,2.6631671565601507,-8.372327924727502,13.424519048249216
2021-04-19 19:58:00,2.6686617717530177,-8.56358143392826,13.52928046949919
2021-04-19 19:59:00,2.674047949357546,-8.26960836530376,13.171923574825687
2021-04-19 20:00:00,2.6793237211812118,-7.586495692072128,13.80789040426351
2021-04-19 20:01:00,2.684487149385639,-7.049781670321198,12.570701937152482
2021-04-19 20:02:00,2.6895363270364707,-7.283105509873612,13.252450872922665
2021-04-19 20:03:00,2.6944693787746994,-8.191062152574919,13.891031436202072
2021-04-19 20:04:00,2.69928446143365,-7.7343989666228365,13.486353725516807
2021-04-19 20:05:00,2.7039797645704153,-8.683566970407865,13.879279003559375
2021-04-19 20:06:00,2.7085535111169534,-7.495595029060838,13.67669636888827
2021-04-19 20:07:00,2.713003957919386,-8.320250588256656,13.743424654863476
2021-04-19 20:08:00,2.7173293963154013,-7.630745106367327,13.280410765170831
2021-04-19 20:09:00,2.7215281527708166,-7.869657264208461,13.415568419435008
2021-04-19 20:10:00,2.7255985892385213,-7.472659740388047,13.068129629740971
2021-04-19 20:11:00,2.7295391039118373,-7.638571201013609,14.39062361878439
2021-04-19 20:12:00,2.733348131660874,-7.309215813370205,13.321685107735277
2021-04-19 20:13:00,2.7370241444948786,-7.8175764658816895,13.148246173048573
2021-04-19 20:14:00,2.7405656522055457,-8.451308393491704,12.804981014988503
2021-04-19 20:15:00,2.7439712027405214,-8.684834319790204,13.759150708001483
2021-04-19 20:16:00,2.7472393827904473,-7.740241339421334,13.374087140508381
2021-04-19 20:17:00,2.7503688182012946,-7.900385885501177,13.122234356657472
2021-04-19 20:18:00,2.753358174465741,-7.50124062857969,13.196562162647869
2021-04-19 20:19:00,2.7562061572025436,-8.068305272913008,12.750211546163873
2021-04-19 20:20:00,2.758911512549738,-8.168768156475565,13.552146288689697
2021-04-19 20:21:00,2.761473027659885,-7.115432001589591,13.604641410485016
2021-04-19 20:22:00,2.7638895310790463,-7.836797818635742,13.499553031989471
2021-04-19 20:23:00,2.766159893176346,-7.5419269312477875,13.941881822110028
2021-04-19 20:24:00,2.7682830265409586,-7.312176720339587,13.103461332495563
2021-04-19 20:25:00,2.7702578863761684,-7.263806684648826,13.529987102829343
2021-04-19 20:26:00,2.772083470865476,-7.550192041823269,13.867750776340532
2021-04-19 20:27:00,2.773758821542789,-7.663618872486684,13.913958041751112
2021-04-19 20:28:00,2.7752830236465282,-8.393866383902724,13.36148951533996
2021-04-19 20:29:00,2.7766552064584005,-7.454338435125864,13.047853508068297
2021-04-19 20:30:00,2.777874543621954,-7.393365805264603,13.775015023766867
2021-04-19 20:31:00,2.7789402534817995,-7.8915731547507,14.073042517112558
2021-04-19 20:32:00,2.77985159935529,-6.870709610878051,13.856419185731733
2021-04-19 20:33:00,2.780607889841141,-7.920772831031492,13.681099330852499
2021-04-19 20:34:00,2.781208479105456,-8.1350345651403,14.573736558478586
2021-04-19 20:35:00,2.7816527671172135,-7.711829890673406,13.942642133708123
2021-04-19 20:36:00,2.7819401999328495,-7.520377841368569,13.783181062642365
2021-04-19 20:37:00,2.782070269909572,-7.966629745363751,13.46969939712169
2021-04-19 20:38:00,2.782042515939508,-8.047048325340239,13.235872511474486
2021-04-19 20:39:00,2.7818565236776007,-7.775097581229911,12.753615509519207
2021-04-19 20:40:00,2.7815119257062024,-8.63286676642503,13.121606092298
2021-04-19 20:41:00,2.7810084017488697,-7.657142789571813,13.172945086575806
2021-04-19 20:42:00,2.780345678850225,-7.573552418490595,13.535711455721277
2021-04-19 20:43:00,2.77952353148455,-7.482251770828457,12.848910130091594
2021-04-19 20:44:00,2.778541781786649,-8.19241222541189,12.991582293017219
2021-04-19 20:45:00,2.7774002995990683,-7.536435305162059,13.239438876185535
2021-04-19 20:46:00,2.776099002598792,-8.136233063387817,13.170689273925799
2021-04-19 20:47:00,2.7746378565207137,-7.781280921767649,13.124773525214131
2021-04-19 20:48:00,2.773016875065905,-7.254980131110829,13.12842030872597
2021-04-19 20:49:00,2.7712361200842865,-8.116155794701648,13.06847504949235
2021-04-19 20:50:00,2.7692957017054622,-7.665056812950932,13.382445712522268
2021-04-19 20:51:00,2.7671957781793117,-7.483776790450269,12.626276399019208
2021-04-19 20:52:00,2.764936556182652,-8.033670644170856,13.854561901730097
2021-04-19 20:53:00,2.762518290584773,-8.326279875437516,13.250968311388945
2021-04-19 20:54:00,2.7599412845980997,-7.926191499947655,13.275112022157037
2021-04-19 20:55:00,2.7572058898122678,-8.156501839393828,12.364776981414792
2021-04-19 20:56:00,2.754312506037661,-7.5161273998457245,13.538151779930645
2021-04-19 20:57:00,2.7512615813409873,-7.954448871011497,12.534761522038439
2021-04-19 20:58:00,2.748053612083693,-8.66766217556244,13.687899600335928
2021-04-19 20:59:00,2.7446891426802553,-8.05448571320221,13.932435602124977
2021-04-19 21:00:00,2.74116876569827,-7.967786889854646,13.037524349933658
2021-04-19 21:01:00,2.7374931216579768,-7.748983127508311,12.975420282745082
2021-04-19 21:02:00,2.7336628989671605,-6.696750042306917,14.019381633171681
2021-04-19 21:03:00,2.7296788338492135,-8.232195856653851,14.344632994780024
2021-04-19 21:04:00,2.725541710084601,-8.21847662469968,13.09531538737372
2021-04-19 21:05:00,2.7212523590752253,-7.726271259593924,13.375703156803782
2021-04-19 21:06:00,2.7168116594787226,-8.052692227964272,12.883376444308592
2021-04-19 21:07:00,2.712220537075017,-7.99002211822799,13.439968082259279
2021-04-19 21:08:00,2.70747996482399,-8.297752759915998,13.167057387380755
2021-04-19 21:09:00,2.7025909622852686,-8.508614524369365,13.675051605887264
2021-04-19 21:10:00,2.697554595655877,-7.733818631367773,13.455527315304455
2021-04-19 21:11:00,2.6923719775394703,-7.4222022820298195,12.565352800995383
2021-04-19 21:12:00,2.687044266592415,-7.769970232106756,13.447990246611441
2021-04-19 21:13:00,2.6815726674024907,-8.324448301793566,13.059051883921184
2021-04-19 21:14:00,2.6759584300763906,-7.774531492772522,12.935491655476934
2021-04-19 21:15:00,2.6702028500829202,-7.882478508084836,12.964194642146765
2021-04-19 21:16:00,2.664307267950049,-7.983661884179624,12.997325909931904
2021-04-19 21:17:00,2.6582730689049656,-8.094580940872012,13.894835353144206
2021-04-19 21:18:00,2.6521016825222774,-7.3573180006612,13.747309095421047
2021-04-19 21:19:00,2.6457945826053564,-8.429491622119825,13.56241401499008
2021-04-19 21:20:00,2.639353286526118,-8.060223347727293,13.076926111494592
2021-04-19 21:21:00,2.63277935515748,-7.616927114618622,12.949850832128806
2021-04-19 21:22:00,2.6260743923538645,-8.477740187656892,12.918711991457894
2021-04-19 21:23:00,2.6192400444852577,-8.040037205259454,12.759025700210461
2021-04-19 21:24:00,2.6122780003823434,-8.426135185420183,13.315654051710535
2021-04-19 21:25:00,2.6051899904780202,-8.291549218557682,13.139419518265763
2021-04-19 21:26:00,2.5979777867297895,-7.758924583349745,13.255812352416612
2021-04-19 21:27:00,2.5906432021104306,-7.540763909136868,12.49768720499028
2021-04-19 21:28:00,2.5831880899573036,-8.894342451436241,12.569066694026725
2021-04-19 21:29:00,2.575614344023852,-7.567005658444374,12.755362271356788
2021-04-19 21:30:00,2.5679238972931446,-7.7208494331184205,12.319644239669437
2021-04-19 21:31:00,2.560118722098619,-8.452279047926183,13.021864576658846
2021-04-19 21:32:00,2.5522008294233096,-8.355823003696816,12.550493042725295
2021-04-19 21:33:00,2.544172268364625,-8.273570573599978,12.913175615441576
2021-04-19 21:34:00,2.5360351255982714,-7.650475073406452,13.426109860510932
2021-04-19 21:35:00,2.527791525024757,-8.32603132392299,13.38197272999017
2021-04-19 21:36:00,2.519443627030496,-8.450421048031952,12.187910265020346
2021-04-19 21:37:00,2.510993628129603,-8.388075710342003,13.104510699862397
2021-04-19 21:38:00,2.5024437601977465,-7.540529106191974,13.004264955970806
2021-04-19 21:39:00,2.493796290080376,-7.569581006974444,12.874796124191407
2021-04-19 21:40:00,2.4850535189949015,-8.063638518512796,13.42696613611112
2021-04-19 21:41:00,2.4762177819093707,-8.175245817021404,12.24215614474608
2021-04-19 21:42:00,2.467291446695807,-8.312538153880443,12.772904281422443
2021-04-19 21:43:00,2.4582769142580037,-8.797078188470305,12.621043319394017
2021-04-19 21:44:00,2.4491766168733555,-7.855365707277105,11.884303274508975
2021-04-19 21:45:00,2.439993018611285,-8.047217313167483,12.453261037058855
2021-04-19 21:46:00,2.43072861383423,-7.83157759051379,12.87569900176769
2021-04-19 21:47:00,2.4213859270883065,-7.696581041343696,13.769733492503033
2021-04-19 21:48:00,2.411967512325645,-7.772617999688803,12.590230343913305
2021-04-19 21:49:00,2.4024759520292576,-7.659047718345857,13.660741877774361
2021-04-19 21:50:00,2.3929138569491464,-8.271002774264325,13.317420667130303
2021-04-19 21:51:00,2.3832838649894894,-7.630983740033082,13.214354364581048
2021-04-19 21:52:00,2.3735886407133453,-8.055659200701632,13.196761601908722
2021-04-19 21:53:00,2.3638308748470633,-8.11871867913338,13.32268797716688
2021-04-19 21:54:00,2.3540132831541865,-7.997801935249726,13.075992869874135
2021-04-19 21:55:00,2.3441386060361413,-8.125025743948862,12.566192427162676
2021-04-19 21:56:00,2.3342096077619297,-7.882758119667848,13.118234068766357
2021-04-19 21:57:00,2.3242290756155786,-7.698601964997893,13.444885404720331
2021-04-19 21:58:00,2.3141998193550095,-8.882300533638714,11.668481610638846
2021-04-19 21:59:00,2.3041246702724756,-9.025974426645575,12.924203197683354
2021-04-19 22:00:00,2.294006480425669,-7.523341967046607,13.054998205446495
2021-04-19 22:01:00,2.283848122351202,-8.517381865337605,12.597887275236236
2021-04-19 22:02:00,2.2736524875882203,-8.286684513262054,13.318871023391074
2021-04-19 22:03:00,2.2634224863536025,-8.483571544293923,13.26812909767906
2021-04-19 22:04:00,2.253161046873319,-8.232222413018206,12.578303028946236
2021-04-19 22:05:00,2.2428711141585325,-8.356923649252442,13.266469467309408
2021-04-19 22:06:00,2.232555649661291,-8.928095816954079,13.147445198701444
2021-04-19 22:07:00,2.2222176302374526,-7.296032032375127,13.243110495222897
2021-04-19 22:08:00,2.211860047342254,-7.905926786419135,13.579699647620757
2021-04-19 22:09:00,2.2014859064441135,-8.618179580667386,13.166085216191783
2021-04-19 22:10:00,2.191098225992825,-8.313026698369491,12.436673120731715
2021-04-19 22:11:00,2.1807000367008142,-8.30569539918754,13.200712589301354
2021-04-19 22:12:00,2.1702943808204167,-8.972764518776561,12.550362992895732
2021-04-19 22:13:00,2.1598843110514347,-8.53916526143655,12.576596813487082
2021-04-19 22:14:00,2.149472890170305,-8.474185309993866,13.586779822286365
2021-04-19 22:15:00,2.139063189750064,-8.289880275822469,13.101299647433885
2021-04-19 22:16:00,2.128658289442974,-8.695512256128879,12.105875138127313
2021-04-19 22:17:00,2.1182612765803337,-9.317682632139869,12.894523204757405
2021-04-19 22:18:00,2.107875244715886,-9.065635844098935,13.343142706081045
2021-04-19 22:19:00,2.097503293008475,-8.380643744215812,12.865955843260194
2021-04-19 22:20:00,2.087148525811734,-9.642955739066993,12.89754842500023
2021-04-19 22:21:00,2.0768140510148516,-8.282915714708668,13.61516728611173
2021-04-19 22:22:00,2.066502980139473,-8.6291694070695,12.626717642709787
2021-04-19 22:23:00,2.0562184265506587,-8.411354030606503,12.562505832732421
2021-04-19 22:24:00,2.0459635053418426,-9.015761782113275,12.44736090447015
2021-04-19 22:25:00,2.0357413322153652,-8.634034496764945,12.51430324570054
2021-04-19 22:26:00,2.0255550226120476,-8.343567838615053,13.211148316278157
2021-04-19 22:27:00,2.0154076907973417,-9.014867357501064,12.29339512765574
2021-04-19 22:28:00,2.0053024493586618,-8.445189784378893,12.377213460625685
2021-04-19 22:29:00,1.9952424078561384,-9.464290255859105,12.977972179340139
2021-04-19 22:30:00,1.9852306724195683,-8.382315793745384,12.572929687326432
2021-04-19 22:31:00,1.975270344659735,-8.591476421078646,12.199550117586956
2021-04-19 22:32:00,1.9653645208046204,-8.964505461312404,12.424810727744822
2021-04-19 22:33:00,1.955516291066513,-8.477350960082418,12.704264186727693
2021-04-19 22:34:00,1.9457287385600526,-8.306496436477328,12.819743903174638
2021-04-19 22:35:00,1.9360049386374976,-8.194034390315469,11.697409777240527
2021-04-19 22:36:00,1.9263479579848306,-9.174664772883807,12.302221180440837
2021-04-19 22:37:00,1.9167608534896736,-9.151353036366036,12.030618909316287
2021-04-19 22:38:00,1.9072466722265053,-8.88116167365264,12.7123577896691
2021-04-19 22:39:00,1.8978084495340575,-8.056834267741365,12.65909949244951
2021-04-19 22:40:00,1.8884492090051967,-7.370223386212129,12.6647088267679
2021-04-19 22:41:00,1.8791719613597397,-8.801080372676006,12.069442463346531
2021-04-19 22:42:00,1.8699797035643726,-9.046182330970963,12.684762644633171
2021-04-19 22:43:00,1.8608754181723957,-9.373026904269599,11.974180327236194
2021-04-19 22:44:00,1.8518620722805665,-8.760002501110444,12.516058403913531
2021-04-19 22:45:00,1.8429426169174175,-8.271770586939141,13.116503990304297
2021-04-19 22:46:00,1.8341199862006219,-8.671578985745157,12.623286895870661
2021-04-19 22:47:00,1.825397096354052,-8.89262922014544,11.968390749731126
2021-04-19 22:48:00,1.816776845104903,-8.655656289790178,12.170841360882612
2021-04-19 22:49:00,1.808262110826834,-9.220777529992368,11.337050934019974
2021-04-19 22:50:00,1.799855751661994,-8.67572957403356,12.163550458463748
2021-04-19 22:51:00,1.7915606048515569,-8.700883181913245,12.901791090286762
2021-04-19 22:52:00,1.7833794859089012,-8.838886354978575,12.683185702299
2021-04-19 22:53:00,1.7753151875915991,-8.927219142165262,11.816667864862268
2021-04-19 22:54:00,1.767370479743485,-9.302084210800597,12.803731087952913
2021-04-19 22:55:00,1.759548107801034,-9.150209257254943,11.473679708719438
2021-04-19 22:56:00,1.7518507925103162,-10.268103586322411,11.956615017228343
2021-04-19 22:57:00,1.7442812291038368,-9.215652076754903,11.967877149048316
2021-04-19 22:58:00,1.736842086237981,-8.431943964956227,12.861386713918796
2021-04-19 22:59:00,1.7295360058058278,-9.331840706216223,11.699381262578202
2021-04-19 23:00:00,1.7223656016143174,-9.64147079400731,12.684652622737037
2021-04-19 23:01:00,1.7153334589737144,-9.145253997874109,12.644921406380554
2021-04-19 23:02:00,1.7084421340891274,-9.491655653160647,12.351680231128967
2021-04-19 23:03:00,1.7016941529818874,-9.747460262428527,11.799046976673173
2021-04-19 23:04:00,1.6950920110798775,-8.45385257730376,12.987728385165601
2021-04-19 23:05:00,1.6886381724288295,-8.879649851021322,12.779826174159005
2021-04-19 23:06:00,1.6823350689560534,-9.064265716826336,11.773202966146817
2021-04-19 23:07:00,1.67618509988883,-8.344583839033497,11.950392704016126
2021-04-19 23:08:00,1.670190630923098,-8.555420053132815,10.739112459476093
2021-04-19 23:09:00,1.6643539937260234,-9.814376500804647,11.626039766805778
2021-04-19 23:10:00,1.6586774852330661,-9.837933930981348,11.225576348214975
2021-04-19 23:11:00,1.653163366915107,-7.9674090731565705,12.745965472837995
2021-04-19 23:12:00,1.647813864155395,-8.691999320413194,11.737556720709762
2021-04-19 23:13:00,1.6426311658710833,-8.209076267703418,12.100906267074905
2021-04-19 23:14:00,1.6376174234370189,-9.060135131482125,11.791431954126097
2021-04-19 23:15:00,1.632774750582655,-8.692110345628597,12.244303972785563
2021-04-19 23:16:00,1.628105222353283,-10.110976614483471,12.368788865574086
2021-04-19 23:17:00,1.6236108747595148,-9.516973256474053,12.298293684890393
2021-04-19 23:18:00,1.6192937042020983,-9.246922954580114,12.985943175703566
2021-04-19 23:19:00,1.6151556668139329,-9.079085552400722,11.84421390541672
2021-04-19 23:20:00,1.6111986779585599,-9.837664142263321,11.515630867038215
2021-04-19 23:21:00,1.6074246116760447,-9.41827894408752,11.833684678200733
2021-04-19 23:22:00,1.6038353000597576,-8.953066866790202,11.834330238195983
2021-04-19 23:23:00,1.6004325329597537,-8.850827994630457,12.83246494178216
2021-04-19 23:24:00,1.5972180571922776,-9.763366167757955,11.530058231545707
2021-04-19 23:25:00,1.5941935761703425,-9.060138453529122,11.648159135240435
2021-04-19 23:26:00,1.591360749529662,-9.009717863391884,11.746985389482855
2021-04-19 23:27:00,1.5887211923907376,-9.424515629900371,12.40200718299446
2021-04-19 23:28:00,1.5862764751105949,-8.937093507002261,12.199386386603766
2021-04-19 23:29:00,1.584028122746232,-9.009088792288706,12.508906430161563
2021-04-19 23:30:00,1.5819776145467344,-9.124573599183963,11.956100331136184
2021-04-19 23:31:00,1.580126383724455,-8.607867640959931,12.470464440291408
2021-04-19 23:32:00,1.578475816733783,-9.147411960639463,11.83592760359595
2021-04-19 23:33:00,1.5770272531424738,-8.928182048993776,12.62823354510088
2021-04-19 23:34:00,1.575781985144103,-9.260507507790772,12.470880648859884
2021-04-19 23:35:00,1.5747412570749746,-9.25934566184383,11.493189669449338
2021-04-19 23:36:00,1.5739062652297364,-9.0412492624538,11.93995582574265
2021-04-19 23:37:00,1.5732781573453785,-8.932610416969624,11.898870625446808
2021-04-19 23:38:00,1.5728580323282002,-8.94585347014925,11.740175049655035
2021-04-19 23:39:00,1.5726469399412917,-9.397389599691067,12.319800100967896
2021-04-19 23:40:00,1.5726458804818564,-9.95041805938904,11.83467308814243
2021-04-19 23:41:00,1.5728558044187009,-8.725014831560841,11.926749899455201
2021-04-19 23:42:00,1.5732776121750307,-9.452527480783584,11.485816125026153
2021-04-19 23:43:00,1.5739121538371859,-9.415471088657124,11.55032764606502
2021-04-19 23:44:00,1.574760228850008,-9.094566284351878,11.620812999742073
2021-04-19 23:45:00,1.5758225858348334,-8.908462441384938,12.167908180501897
2021-04-19 23:46:00,1.577099922261611,-9.117097403727138,11.848920953573833
2021-04-19 23:47:00,1.578592884353486,-8.67147597814728,11.633019137494877
2021-04-19 23:48:00,1.580302066739133,-9.016864006336304,12.177286248209006
2021-04-19 23:49:00,1.5822280123728862,-8.672781827800348,12.734965453544367
2021-04-19 23:50:00,1.5843712122800604,-9.890605263892759,12.859547392296273
2021-04-19 23:51:00,1.5867321054578418,-9.395591244595163,12.94584256323957
2021-04-19 23:52:00,1.5893110786093478,-8.989617920154185,12.834836091841566
2021-04-19 23:53:00,1.5921084661465412,-8.124850118853292,11.789194957754434
2021-04-19 23:54:00,1.5951245499886666,-8.642218054249941,12.637048853921677
2021-04-19 23:55:00,1.5983595594310982,-9.655873861664112,11.80796824169995
2021-04-19 23:56:00,1.6018136710833715,-9.42874128608839,12.262491335137966
2021-04-19 23:57:00,1.6054870088180764,-9.977887004991109,11.83682703675316
2021-04-19 23:58:00,1.609379643609638,-9.32087313391198,12.396267230775049
2021-04-19 23:59:00,1.6134915935966165,-8.780249505765543,12.179823774660617
2021-04-20 00:00:00,1.6178228239193417,-8.734633620971376,12.404943795594411
2021-04-20 00:01:00,1.622373246812877,-8.7241136366245,12.029342602409372
2021-04-20 00:02:00,1.6271427215120096,-8.922361240658434,11.635654104201809
2021-04-20 00:03:00,1.6321310542574965,-8.99163342347672,12.606751433185421
2021-04-20 00:04:00,1.6373379983961271,-8.262160243757805,13.02948299014717
2021-04-20 00:05:00,1.6427632542874329,-9.481511657186601,12.58404528094886
2021-04-20 00:06:00,1.6484064694306046,-8.279152694865942,12.20563455616692
2021-04-20 00:07:00,1.6542672385792685,-9.108826807975198,12.241544236301381
2021-04-20 00:08:00,1.6603451035904666,-8.973667223083947,11.589177453042728
2021-04-20 00:09:00,1.6666395538138852,-9.69293737951566,11.969608321547918
2021-04-20 00:10:00,1.67315002596699,-9.184962404156742,11.981650120906181
2021-04-20 00:11:00,1.6798759043222673,-9.476086900143454,12.23605359370876
2021-04-20 00:12:00,1.6868165208957338,-8.48685820972812,12.094723244980676
2021-04-20 00:13:00,1.693971155408405,-8.82141789449217,12.108469192915866
2021-04-20 00:14:00,1.7013390357285365,-8.353320609283966,12.618844987168954
2021-04-20 00:15:00,1.7089193378212508,-9.310283206787817,11.619839989729114
2021-04-20 00:16:00,1.7167111859478732,-8.886914363582974,12.152421292459767
2021-04-20 00:17:00,1.7247136529707614,-8.579394541693134,12.111411849919415
2021-04-20 00:18:00,1.7329257605261446,-8.568223293187499,11.696399086462305
2021-04-20 00:19:00,1.7413464791582205,-8.069277234650812,12.097194025386793
2021-04-20 00:20:00,1.749974728721135,-9.097763327097088,12.42172516711912
2021-04-20 00:21:00,1.758809378469041,-9.56162522393709,12.401578278712599
2021-04-20 00:22:00,1.7678492474542256,-8.397022598411583,12.67576795565596
2021-04-20 00:23:00,1.7770931047686782,-9.397146827542812,12.537078329596676
2021-04-20 00:24:00,1.78653966973852,-8.205353619098922,12.115210840589212
2021-04-20 00:25:00,1.7961876123713427,-8.188141305876234,12.668601283939838
2021-04-20 00:26:00,1.8060355537230177,-8.52542901184657,12.633731032535058
2021-04-20 00:27:00,1.8160820658613646,-7.815750568535765,13.211018976217945
2021-04-20 00:28:00,1.8263256728089234,-8.39518905652191,12.39947063429825
2021-04-20 00:29:00,1.8367648502322538,-8.491240627522032,11.886511495176395
2021-04-20 00:30:00,1.8473980264396737,-8.91666592703757,12.64143050872965
2021-04-20 00:31:00,1.8582235823660085,-7.766056928807587,12.510384299906494
2021-04-20 00:32:00,1.8692398520183393,-8.924064913085386,12.29276733591049
