ds,yhat,yhat_lower,yhat_upper
2021-04-15 08:17:00,-0.013599806547371918,-10.097616367019793,10.542273730312967
2021-04-15 08:18:00,-0.013318825103730059,-10.524740733624077,10.527284978268712
2021-04-15 08:19:00,-0.013022485467232947,-11.071679787094995,10.600162689589434
2021-04-15 08:20:00,-0.012711764029061046,-10.766264920502673,10.559513233133613
2021-04-15 08:21:00,-0.012387622184022784,-10.91366893150838,10.195097193819665
2021-04-15 08:22:00,-0.012051005958171213,-10.85380646799682,10.510146817405952
2021-04-15 08:23:00,-0.011702845641778259,-10.04777751634013,10.843752385664931
2021-04-15 08:24:00,-0.011344055419547416,-9.93298807198391,10.46607333422248
2021-04-15 08:25:00,-0.01097553300754317,-11.092901565895964,10.142919985213013
2021-04-15 08:26:00,-0.010598159319122114,-9.935946028574604,11.29959351368416
2021-04-15 08:27:00,-0.010212798106207455,-10.704192620264465,10.208560635910795
2021-04-15 08:28:00,-0.009820295641612908,-10.149512918263477,11.302970444785453
2021-04-15 08:29:00,-0.009421480377317715,-10.898322353073693,9.7379711362466
2021-04-15 08:30:00,-0.009017162636367426,-10.025492800581626,10.081989781357949
2021-04-15 08:31:00,-0.008608134299082804,-10.985682195752482,11.640598879509204
2021-04-15 08:32:00,-0.008195168499416927,-10.943573197276285,10.331893172999226
2021-04-15 08:33:00,-0.0077790193302887944,-10.732699080224428,11.48183717876697
2021-04-15 08:34:00,-0.007360421560151598,-10.17321487116216,10.83332537213952
2021-04-15 08:35:00,-0.006940090353846573,-10.207714372248654,10.800912126017892
2021-04-15 08:36:00,-0.0065187210015228425,-9.422303775499827,11.234490813730478
2021-04-15 08:37:00,-0.006096988663419345,-10.581655609678345,10.71311066687879
2021-04-15 08:38:00,-0.005675548104717598,-10.752699247764305,11.044211424210964
2021-04-15 08:39:00,-0.005255033475282889,-10.983659421144408,9.730977122089664
2021-04-15 08:40:00,-0.00483605804680276,-11.276675527293364,10.398641513621438
2021-04-15 08:41:00,-0.004419214006841088,-10.172746186508126,10.013610877793157
2021-04-15 08:42:00,-0.0040050722403945915,-10.695075860963234,11.258746542308248
2021-04-15 08:43:00,-0.0035941821074735314,-10.15781765360346,10.450238930364572
2021-04-15 08:44:00,-0.0031870712576496096,-10.683103049716852,11.293017019780514
2021-04-15 08:45:00,-0.002784245442202904,-9.592312978813887,11.385454782309633
2021-04-15 08:46:00,-0.0023861883209793655,-10.527424197100762,10.459067712748437
2021-04-15 08:47:00,-0.0019933613070032274,-11.088744487764666,11.254153515785307
2021-04-15 08:48:00,-0.0016062033736751191,-10.70346142536201,9.501882667543802
2021-04-15 08:49:00,-0.0012251309490659557,-10.519026370305436,10.927521859437062
2021-04-15 08:50:00,-0.0008505377261806002,-10.797891991748019,10.19621756535372
2021-04-15 08:51:00,-0.00048279456619682026,-10.001061215605246,11.235081192521035
2021-04-15 08:52:00,-0.00012224933824789286,-10.94067434201692,10.803089120995025
2021-04-15 08:53:00,0.00023077315573172275,-10.387137524043663,10.685812379783105
2021-04-15 08:54:00,0.0005759713305584224,-10.451074695300493,10.48602181896924
2021-04-15 08:55:00,0.0009130668858412516,-10.500823828194724,10.268281518540714
2021-04-15 08:56:00,0.0012418048810323157,-9.599764751960887,11.457158329016378
2021-04-15 08:57:00,0.0015619538550817325,-11.300943871824133,9.63389207276958
2021-04-15 08:58:00,0.001873305862337027,-10.638741217564858,10.20388641390139
2021-04-15 08:59:00,0.0021756765196079275,-11.125377180310993,9.954628657263541
2021-04-15 09:00:00,0.0024689050985496896,-10.326922987507318,10.704132857046803
2021-04-15 09:01:00,0.002752854503718982,-10.560755754268012,10.907160213566762
2021-04-15 09:02:00,0.003027411386726575,-10.501948028422872,11.091191217396862
2021-04-15 09:03:00,0.003292486043858678,-10.798682493584982,9.969660977100004
2021-04-15 09:04:00,0.0035480125614888447,-10.759710104608795,10.398591417233613
2021-04-15 09:05:00,0.00379394871619132,-10.024290425505823,11.24097412771069
2021-04-15 09:06:00,0.004030276005863254,-9.878263815322185,11.137280968193116
2021-04-15 09:07:00,0.004256999610463996,-9.94138168731189,9.76346690940327
2021-04-15 09:08:00,0.00447414839342275,-10.263013078104427,9.882748452633203
2021-04-15 09:09:00,0.004681774855986864,-10.700060013768217,10.498308528414753
2021-04-15 09:10:00,0.004879955040771655,-10.481225365282114,10.565468926777278
2021-04-15 09:11:00,0.005068788539971281,-10.866824513230247,10.55979814042924
2021-04-15 09:12:00,0.005248398414078981,-10.6899867824513,9.945024677483453
2021-04-15 09:13:00,0.005418931047277864,-10.451086075550357,10.82655493102291
2021-04-15 09:14:00,0.0055805561793766945,-11.253912059539795,10.09127503536164
2021-04-15 09:15:00,0.00573346669009589,-9.622588928467138,9.506272264056058
2021-04-15 09:16:00,0.005877878596161179,-11.311065324803005,10.52444166980337
2021-04-15 09:17:00,0.006014030838945694,-10.667952518682815,10.81072091168503
2021-04-15 09:18:00,0.006142185270059164,-10.74951748771318,10.53773331123871
2021-04-15 09:19:00,0.006262626426000506,-11.143710449989118,10.402984016136841
2021-04-15 09:20:00,0.006375661416426204,-10.907833714848774,10.427267423464034
2021-04-15 09:21:00,0.006481619783234693,-10.123153921352786,10.86585305395391
2021-04-15 09:22:00,0.006580853356016436,-10.348787646935365,10.76828970406084
2021-04-15 09:23:00,0.0066737360224702336,-10.129621115453364,10.660852880556263
2021-04-15 09:24:00,0.006760663615411722,-10.988312274317108,11.172853774806194
2021-04-15 09:25:00,0.006842053668290493,-10.821279619974634,9.733020900182549
2021-04-15 09:26:00,0.00691834530072466,-9.778563787595814,10.5430466878381
2021-04-15 09:27:00,0.006989998884101789,-11.289356014887677,10.14602039173745
2021-04-15 09:28:00,0.007057495972028649,-10.70883200276513,9.899165971502038
2021-04-15 09:29:00,0.007121338995673465,-10.56573232763997,10.444045993806661
2021-04-15 09:30:00,0.007182051023920333,-10.819082068063354,10.716712796543037
2021-04-15 09:31:00,0.00724017554725731,-10.071555993243637,10.464516105615683
2021-04-15 09:32:00,0.007296276255310041,-9.807453510227798,10.255144303805741
2021-04-15 09:33:00,0.007350936769932814,-10.51539526451112,10.731839502905975
2021-04-15 09:34:00,0.007404760310923186,-10.513871223295254,10.671544310089262
2021-04-15 09:35:00,0.007458369524756092,-10.613649301632952,10.46456139931537
2021-04-15 09:36:00,0.007512406178766806,-11.054369753033628,10.53390458872011
2021-04-15 09:37:00,0.007567530778278764,-10.640061381928696,10.358424254626177
2021-04-15 09:38:00,0.007624422435340339,-11.986172071155162,10.305604431523891
2021-04-15 09:39:00,0.007683778416035625,-10.09461307739073,10.166195852325691
2021-04-15 09:40:00,0.007746313926020543,-11.152457464105876,10.874036671387568
2021-04-15 09:41:00,0.007812761721466388,-11.119952761979674,9.892662989793305
2021-04-15 09:42:00,0.007883871862281344,-10.313760099827713,10.937227504110467
2021-04-15 09:43:00,0.007960411326977113,-9.936261158209453,10.14592004629598
2021-04-15 09:44:00,0.008043163637397432,-11.157835663364615,10.61703284930021
2021-04-15 09:45:00,0.008132928621312874,-9.988675861353437,10.888862464425472
2021-04-15 09:46:00,0.008230521922274359,-10.650828334327407,10.778127809096759
2021-04-15 09:47:00,0.008336774796757762,-10.909174280716709,10.842048063929179
2021-04-15 09:48:00,0.008452533557640862,-10.052459530941347,10.511823620024897
2021-04-15 09:49:00,0.00857865938956237,-10.22429981775424,10.670565819602604
2021-04-15 09:50:00,0.008716027862363251,-10.866371508429731,10.385985693642711
2021-04-15 09:51:00,0.00886552851382183,-10.383186317856673,11.306970091480448
2021-04-15 09:52:00,0.009028064576475314,-9.922093935346748,11.053132290175524
2021-04-15 09:53:00,0.009204552496024587,-11.070010316971828,11.482022142093358
2021-04-15 09:54:00,0.009395921508663752,-10.804971518506182,10.592692438273298
2021-04-15 09:55:00,0.009603113289238463,-10.738519760906954,10.729084529635458
2021-04-15 09:56:00,0.009827081501762924,-10.451908001609391,10.217363308233397
2021-04-15 09:57:00,0.010068791461752102,-10.551122853507907,9.768845088133922
2021-04-15 09:58:00,0.010329219497806408,-10.82866809049893,10.477012419899642
2021-04-15 09:59:00,0.010609352817544382,-10.721435458010806,10.692290414107251
2021-04-15 10:00:00,0.010910188805478116,-10.601160970219155,11.125299323843759
2021-04-15 10:01:00,0.011232734752302576,-11.18479254029646,10.766474352763876
2021-04-15 10:02:00,0.011578007314109406,-10.634757436629718,10.880517355095993
2021-04-15 10:03:00,0.01194703214935633,-10.530174985182885,10.187302016863741
2021-04-15 10:04:00,0.012340843405303836,-10.185434889378763,10.366299410874134
2021-04-15 10:05:00,0.012760483227053587,-10.096849826825405,10.998259206882013
2021-04-15 10:06:00,0.01320700138873232,-10.387130113645693,10.159741782453434
2021-04-15 10:07:00,0.013681454803210702,-10.264110510848601,11.21429718720377
2021-04-15 10:08:00,0.014184906958653598,-10.689353906020642,10.656637319277259
2021-04-15 10:09:00,0.014718427597508188,-10.937787365435721,10.66174730592364
2021-04-15 10:10:00,0.015283092085613625,-10.248402465881806,10.847347248614426
2021-04-15 10:11:00,0.01587998111192568,-11.4784971295395,10.24834760071897
2021-04-15 10:12:00,0.016510179983586837,-9.83773755734645,10.452559278097597
2021-04-15 10:13:00,0.01717477837050052,-10.322540489735754,10.464571249002084
2021-04-15 10:14:00,0.017874869681773542,-10.247587957928856,10.697302995623964
2021-04-15 10:15:00,0.018611550571891566,-11.268609227116656,11.188117027177817
2021-04-15 10:16:00,0.01938592049203547,-10.825687600841487,10.532023367627854
2021-04-15 10:17:00,0.020199081259231755,-11.059387147511295,10.135215311663034
2021-04-15 10:18:00,0.02105213642052217,-10.484682234662532,10.694741419439982
2021-04-15 10:19:00,0.021946190818090572,-11.43206445520983,10.913779638798408
2021-04-15 10:20:00,0.02288235013136586,-10.146675898275292,10.789896731383347
2021-04-15 10:21:00,0.023861720378783535,-10.693936140939368,9.927694725287463
2021-04-15 10:22:00,0.024885407268158688,-10.93037685430299,10.313607144976391
2021-04-15 10:23:00,0.02595451593712783,-10.815284619309308,9.931405888539468
2021-04-15 10:24:00,0.027070150217541222,-10.722568477584062,11.458121337944476
2021-04-15 10:25:00,0.028233412308690475,-9.893594659580684,11.530343366331751
2021-04-15 10:26:00,0.02944540212331903,-10.501197101985191,10.163796986777472
2021-04-15 10:27:00,0.03070721693608114,-10.778444477320617,10.934315786156624
2021-04-15 10:28:00,0.03201995077052455,-10.812036823214891,10.568180951828978
2021-04-15 10:29:00,0.033384693886976735,-9.886762474365007,10.713502825212904
2021-04-15 10:30:00,0.034802532352047666,-10.832814637344848,10.535709460875228
2021-04-15 10:31:00,0.03627454751802228,-11.032066468204068,10.879430643616546
2021-04-15 10:32:00,0.03780181546536654,-10.177687840438862,10.279419613490578
2021-04-15 10:33:00,0.03938540652874678,-10.823935698418003,11.24663535063171
2021-04-15 10:34:00,0.0410263848284631,-11.26769604940851,11.159792477286118
2021-04-15 10:35:00,0.04272580771116996,-10.467383883384176,10.253567911575242
2021-04-15 10:36:00,0.04448472529029024,-11.269147378661552,10.198223405610282
2021-04-15 10:37:00,0.046304179983696625,-10.005465187334133,10.665075392061913
2021-04-15 10:38:00,0.04818520590055453,-10.042231898649531,11.432432726563386
2021-04-15 10:39:00,0.0501288284744591,-10.65749451016351,10.820575915777178
2021-04-15 10:40:00,0.05213606386889247,-10.677894192998997,10.8465658391883
2021-04-15 10:41:00,0.05420791855981333,-11.344141896234119,10.72872660914478
2021-04-15 10:42:00,0.05634538887186413,-10.476739021415465,11.029011646085678
2021-04-15 10:43:00,0.0585494603154636,-10.865851839277353,10.216339945485108
2021-04-15 10:44:00,0.06082110734721946,-10.002141823460768,10.82336250991554
2021-04-15 10:45:00,0.06316129277567484,-10.914227889936805,10.800457975394744
2021-04-15 10:46:00,0.06557096716739441,-11.408692024802615,9.945198590771808
2021-04-15 10:47:00,0.0680510686321949,-10.944851471066018,10.868831018906059
2021-04-15 10:48:00,0.07060252211102025,-10.10209472055241,11.359800616621618
2021-04-15 10:49:00,0.07322623906840664,-10.944462767085026,10.307721392450315
2021-04-15 10:50:00,0.07592311692773313,-11.064665223481853,10.069361751761083
2021-04-15 10:51:00,0.07869403867376301,-11.092387301609048,10.508742018682801
2021-04-15 10:52:00,0.08153987240854799,-10.416489146670889,10.343960872961928
2021-04-15 10:53:00,0.08446147085987799,-10.279418448788881,11.082343424962426
2021-04-15 10:54:00,0.08745967089530415,-9.925363154562799,10.78250217000457
2021-04-15 10:55:00,0.0905352931876835,-10.308247807784396,10.734212954575137
2021-04-15 10:56:00,0.09368914176242471,-10.389370760206367,10.504895430049874
2021-04-15 10:57:00,0.09692200339731116,-10.24104703592996,10.205055616849162
2021-04-15 10:58:00,0.10023464746383925,-10.908409406606891,10.420405015787113
2021-04-15 10:59:00,0.10362782530240577,-10.389222069741518,10.132489196081739
2021-04-15 11:00:00,0.10710226984870752,-10.552227793490692,10.625918537065104
2021-04-15 11:01:00,0.11065869531931549,-10.138455229198168,11.147524120833918
2021-04-15 11:02:00,0.11429779668134432,-10.432180470982496,10.324024733812264
2021-04-15 11:03:00,0.1180202493090069,-10.169125477959394,10.142399741798394
2021-04-15 11:04:00,0.12182670858808509,-10.231154307696151,10.451333827671206
2021-04-15 11:05:00,0.12571780952044798,-10.599837937275538,10.496020610306635
2021-04-15 11:06:00,0.12969416642119513,-10.513088936345843,10.15608228956858
2021-04-15 11:07:00,0.13375637233061188,-11.69006575374122,10.341948567788236
2021-04-15 11:08:00,0.1379049989162876,-10.791559847512987,11.768623689683253
2021-04-15 11:09:00,0.1421405959691351,-10.513922308491072,10.865418651939121
2021-04-15 11:10:00,0.14646369096344358,-10.844255262592869,10.31803776085003
2021-04-15 11:11:00,0.1508747889102151,-10.159472835731755,10.28353954050671
2021-04-15 11:12:00,0.15537437190704462,-9.325660837317878,10.972211788114627
2021-04-15 11:13:00,0.15996289877199743,-9.218865720582457,11.139597528036825
2021-04-15 11:14:00,0.16464080477286647,-9.475158825474075,10.628077386735567
2021-04-15 11:15:00,0.16940850127927531,-10.66378743964033,11.974025923701143
2021-04-15 11:16:00,0.17426637552680335,-10.39372529546819,11.508500483431993
2021-04-15 11:17:00,0.179214790190381,-10.320337361982427,11.07651720635168
2021-04-15 11:18:00,0.18425408317328784,-10.50047892462599,10.81092657515834
2021-04-15 11:19:00,0.18938456729848574,-10.656925302914047,10.151846508055865
2021-04-15 11:20:00,0.19460653002580686,-10.23956423122668,10.805424412414762
2021-04-15 11:21:00,0.1999202331649116,-10.11800930531722,10.023197040391034
2021-04-15 11:22:00,0.20532591269277756,-9.766390573751863,11.739953642758184
2021-04-15 11:23:00,0.21082377836777055,-9.945360784437458,11.486744626417101
2021-04-15 11:24:00,0.21641401355514478,-11.083403950255969,10.789580845986132
2021-04-15 11:25:00,0.22209677505972425,-9.829705487166606,11.09723812496271
2021-04-15 11:26:00,0.22787219273111936,-9.89611247602282,10.750101856120024
2021-04-15 11:27:00,0.23374036938298326,-9.843749395462968,10.78253584935283
2021-04-15 11:28:00,0.2397013805113829,-9.873738294579615,10.722937134163832
2021-04-15 11:29:00,0.24575527408360398,-10.556654337305487,11.6955499434682
2021-04-15 11:30:00,0.25190207054634006,-10.430130104052557,10.334312327378601
2021-04-15 11:31:00,0.2581417621503912,-10.124675905736996,11.212855166670678
2021-04-15 11:32:00,0.2644743134097626,-10.963711181927048,11.6197237770585
2021-04-15 11:33:00,0.2708996604490781,-10.408887674181386,10.32922819694362
2021-04-15 11:34:00,0.2774177110353806,-10.065217873290319,10.97343612810236
2021-04-15 11:35:00,0.2840283444416444,-10.097300559790478,10.791366790168786
2021-04-15 11:36:00,0.2907314112274741,-10.624565607845591,11.720901697907417
2021-04-15 11:37:00,0.2975267332359375,-10.101125985985048,10.848624458465563
2021-04-15 11:38:00,0.3044141033498875,-10.473265643582689,12.29033303157791
2021-04-15 11:39:00,0.31139328540171,-10.445548210969491,10.380422588076367
2021-04-15 11:40:00,0.3184640141806361,-9.635189060442032,10.940421364833124
2021-04-15 11:41:00,0.3256259952183055,-9.665317814690171,10.816878073823196
2021-04-15 11:42:00,0.332878904735923,-9.63591446469152,10.55252241368602
2021-04-15 11:43:00,0.3402223896396145,-9.764222415489286,10.446214372909063
2021-04-15 11:44:00,0.34765606736316995,-9.996218016084883,11.149998029572025
2021-04-15 11:45:00,0.35517952586153007,-10.302032873496014,10.39600491603947
2021-04-15 11:46:00,0.36279232373249287,-10.61721413480134,10.545305691510455
2021-04-15 11:47:00,0.3704939897448109,-10.648999579313651,10.727438050483066
2021-04-15 11:48:00,0.378284023355173,-10.346313868955448,10.624621410398676
2021-04-15 11:49:00,0.3861618943312992,-9.927391388210912,9.769918240317349
2021-04-15 11:50:00,0.39412704283080036,-9.753759493643189,11.113921173850462
2021-04-15 11:51:00,0.4021788795569052,-10.129492698897986,10.825189762851691
2021-04-15 11:52:00,0.41031677760505725,-10.27367477572969,10.904121939269622
2021-04-15 11:53:00,0.4185400964820665,-9.422713240527063,11.177462046224592
2021-04-15 11:54:00,0.4268481583102905,-10.82107981000519,11.5929018922678
2021-04-15 11:55:00,0.4352402556552541,-10.167071726523474,11.318048437704466
2021-04-15 11:56:00,0.44371565184695694,-10.925424181005374,10.698660768072328
2021-04-15 11:57:00,0.45227358086876146,-10.447886156122484,12.013970543994782
2021-04-15 11:58:00,0.46091324743412326,-10.361639251377355,11.067072604908924
2021-04-15 11:59:00,0.469633827204105,-10.151244172688006,11.225290889963732
2021-04-15 12:00:00,0.47843446671605644,-10.567942524390148,10.507170473953082
2021-04-15 12:01:00,0.48731428364550267,-9.592298701335269,10.624446276759127
2021-04-15 12:02:00,0.49627236696396526,-10.121854504297456,11.003554396530923
2021-04-15 12:03:00,0.5053077766943623,-9.69583121088188,10.86982039732575
2021-04-15 12:04:00,0.5144195446710795,-9.645026932987356,11.151433046105936
2021-04-15 12:05:00,0.5236066740254021,-11.077069763353027,11.293741365109247
2021-04-15 12:06:00,0.5328681398569686,-9.823520339279131,10.961834387888304
2021-04-15 12:07:00,0.542202889288889,-10.189060887989442,10.299411335980349
2021-04-15 12:08:00,0.5516098412815442,-9.278048376159605,10.890435661561982
2021-04-15 12:09:00,0.5610878874082409,-10.284484487000302,10.954998963815498
2021-04-15 12:10:00,0.5706358916542731,-9.98000588952932,11.434532031018463
2021-04-15 12:11:00,0.5802526906657279,-10.015927089338863,11.261313779731235
2021-04-15 12:12:00,0.5899370941486366,-10.331646835422633,10.614575011996042
2021-04-15 12:13:00,0.599687884877862,-10.103071393095743,11.571810524396348
2021-04-15 12:14:00,0.6095038191183675,-10.423473458895689,10.913784659486902
2021-04-15 12:15:00,0.6193836268202946,-9.211544580513294,11.446048921662344
2021-04-15 12:16:00,0.6293260117317214,-9.997957992402988,11.664888800201956
2021-04-15 12:17:00,0.6393296519030831,-10.729783302288093,11.392739346403436
2021-04-15 12:18:00,0.6493931998464066,-9.5301497474439,10.711040380083837
2021-04-15 12:19:00,0.6595152827076411,-9.845285635447144,11.035953157482012
2021-04-15 12:20:00,0.669694502823276,-10.260231863275767,11.275973346818239
2021-04-15 12:21:00,0.6799294377381256,-9.82767487381355,11.227558019205825
2021-04-15 12:22:00,0.6902186407170193,-10.37246390242084,11.276894574816245
2021-04-15 12:23:00,0.7005606411441367,-9.427568749457722,10.682265978643482
2021-04-15 12:24:00,0.710953944375422,-10.48950907702522,11.646784616842602
2021-04-15 12:25:00,0.7213970327594488,-9.884569740676932,10.636579853834
2021-04-15 12:26:00,0.7318883654999749,-10.949925873672486,11.755622094527439
2021-04-15 12:27:00,0.7424263790915885,-9.801498996303534,11.873054401578631
2021-04-15 12:28:00,0.7530094878817941,-9.512829364574747,11.831174601055167
2021-04-15 12:29:00,0.7636360841749569,-10.832428457940157,10.870529941326017
2021-04-15 12:30:00,0.7743045388515148,-9.67885294391351,11.541618654369305
2021-04-15 12:31:00,0.7850132016570396,-9.468956832768646,11.389786753789057
2021-04-15 12:32:00,0.7957604014922435,-9.98242713934552,11.278134232126488
2021-04-15 12:33:00,0.8065444470318616,-9.816821675582903,11.225173096992496
2021-04-15 12:34:00,0.817363627029619,-9.764153515421233,11.367275890387797
2021-04-15 12:35:00,0.8282162106344726,-10.132750096884726,11.173942035851915
2021-04-15 12:36:00,0.8391004480714475,-10.125369812289067,11.528636777497326
2021-04-15 12:37:00,0.8500145707846876,-9.959573257524607,11.39724810437008
2021-04-15 12:38:00,0.8609567921076212,-9.578196739982797,11.19108239699464
2021-04-15 12:39:00,0.871925307765461,-9.313869820903102,11.433004710823491
2021-04-15 12:40:00,0.882918295862374,-9.955017115074723,11.442612280973364
2021-04-15 12:41:00,0.8939339180250464,-9.827855891637691,11.090514055586915
2021-04-15 12:42:00,0.9049703194089702,-9.174811061360776,12.344610921802364
2021-04-15 12:43:00,0.916025629217613,-9.941178415454448,10.71706422481813
2021-04-15 12:44:00,0.9270979614698333,-9.583006840000772,11.568657222046152
2021-04-15 12:45:00,0.9381854149810654,-10.183928306209962,11.248901128206942
2021-04-15 12:46:00,0.9492860745168652,-9.076648741110684,11.427596692998428
2021-04-15 12:47:00,0.9603980108094042,-9.660212925503506,10.367524720379908
2021-04-15 12:48:00,0.9715192811295642,-9.54698927678887,11.755978986504681
2021-04-15 12:49:00,0.9826479300212679,-9.78193065432121,11.100200665002026
2021-04-15 12:50:00,0.9937819895635491,-9.584012414277995,11.875826304334757
2021-04-15 12:51:00,1.0049194800956065,-9.436382489064282,11.669294283041587
2021-04-15 12:52:00,1.0160584106968367,-10.13259070345154,11.766997715010143
2021-04-15 12:53:00,1.0271967795639458,-9.782394335336292,11.457683451914408
2021-04-15 12:54:00,1.0383325748190069,-8.914073334297312,12.075153709390785
2021-04-15 12:55:00,1.049463774898913,-9.13676008522573,12.40325213389936
2021-04-15 12:56:00,1.0605883490253225,-9.280419723147638,11.621668370608178
2021-04-15 12:57:00,1.0717042580278862,-8.80065320039442,12.47160886978364
2021-04-15 12:58:00,1.0828094545784381,-9.734670032860658,11.6636684828665
2021-04-15 12:59:00,1.0939018839850183,-9.453192350074506,12.205469104287697
2021-04-15 13:00:00,1.1049794848563526,-10.019035250143299,11.70966612880281
2021-04-15 13:01:00,1.1160401891330378,-9.001350288943353,12.075943794534652
2021-04-15 13:02:00,1.1270819234179,-9.157547626329805,11.96425422098311
2021-04-15 13:03:00,1.1381026090002135,-8.821191493211936,12.110372515216824
2021-04-15 13:04:00,1.1491001625911437,-9.3608486517906,11.309825642605258
2021-04-15 13:05:00,1.1600724970336462,-9.390902096744266,11.567273418026256
2021-04-15 13:06:00,1.17101752165614,-8.733157938582831,12.192342845272533
2021-04-15 13:07:00,1.181933143119674,-8.809901239594307,11.775866248371932
2021-04-15 13:08:00,1.1928172658896097,-9.567485975293115,11.95109826585188
2021-04-15 13:09:00,1.203667792709181,-9.397910610412879,11.56505350312462
2021-04-15 13:10:00,1.2144826254160104,-8.743206733064987,12.189619603945497
2021-04-15 13:11:00,1.225259665483884,-9.03946084022071,11.894010222093934
2021-04-15 13:12:00,1.235996814452176,-8.715168381741687,11.274418882360596
2021-04-15 13:13:00,1.246691974790052,-9.013684458501153,11.701134461637583
2021-04-15 13:14:00,1.2573430502902252,-9.204652842201254,12.246437014471493
2021-04-15 13:15:00,1.2679479467682686,-9.301047878788419,12.29000671429287
2021-04-15 13:16:00,1.2785045728418507,-8.687187392836957,11.967048510887508
2021-04-15 13:17:00,1.2890108399921987,-9.827785470024448,11.994082095881874
2021-04-15 13:18:00,1.29946466390736,-9.630727695153748,11.79423051911841
2021-04-15 13:19:00,1.3098639645555057,-9.316021273659619,12.020303231630292
2021-04-15 13:20:00,1.3202066669025858,-9.656693657607521,11.200892363933363
2021-04-15 13:21:00,1.3304907017501137,-9.200942644914505,11.608733811498244
2021-04-15 13:22:00,1.340714005995061,-8.77510703865249,11.183180575957959
2021-04-15 13:23:00,1.350874523575305,-9.556354673618994,11.145614875791695
2021-04-15 13:24:00,1.3609702058583506,-7.884967818172012,11.222145367472693
2021-04-15 13:25:00,1.370999012296817,-9.029818485448397,12.361113118280555
2021-04-15 13:26:00,1.3809589110917064,-9.488724256016276,12.464032794229386
2021-04-15 13:27:00,1.390847879760403,-9.062814166427275,12.15225261166007
2021-04-15 13:28:00,1.4006639057132806,-9.122864806233535,12.346147011114278
2021-04-15 13:29:00,1.4104049869466952,-9.538082047207263,12.319987676024432
2021-04-15 13:30:00,1.4200691324759176,-9.331186190748168,11.146029171724587
2021-04-15 13:31:00,1.4296543631646044,-10.08130024248356,12.210925494147672
2021-04-15 13:32:00,1.4391587122044063,-9.740786250765826,11.348731543322273
2021-04-15 13:33:00,1.448580225595332,-8.579712593464734,12.57192772587947
2021-04-15 13:34:00,1.4579169629592894,-8.401046913415238,11.651949834458158
2021-04-15 13:35:00,1.4671669979821145,-9.018752481557335,11.107010147461988
2021-04-15 13:36:00,1.4763284190224333,-8.931823948619538,11.82724042013771
2021-04-15 13:37:00,1.4853993298980739,-9.272669780185545,11.626296346131674
2021-04-15 13:38:00,1.4943778499670053,-9.932442610903966,12.371507937541281
2021-04-15 13:39:00,1.5032621153573378,-9.137983692422456,12.28280945100233
2021-04-15 13:40:00,1.5120502790578607,-8.446445676070056,12.61766155247144
2021-04-15 13:41:00,1.5207405116024446,-9.782867879335447,12.166533374940862
2021-04-15 13:42:00,1.5293310018401511,-8.344140793342316,12.762136639167027
2021-04-15 13:43:00,1.5378199571897342,-9.570520539321878,11.800554143846014
2021-04-15 13:44:00,1.546205604420583,-8.727978078269869,12.39029987656546
2021-04-15 13:45:00,1.5544861902027556,-9.677895224470678,11.939235010553375
2021-04-15 13:46:00,1.562659981444812,-8.552782754788641,12.636694923326603
2021-04-15 13:47:00,1.5707252661409794,-9.23323442212306,11.994459118397963
2021-04-15 13:48:00,1.5786803536717544,-8.835003587662998,12.53617786606392
2021-04-15 13:49:00,1.5865235754554279,-9.001488367762022,11.768034309618425
2021-04-15 13:50:00,1.5942532854655593,-9.382925615954383,12.639532345961378
2021-04-15 13:51:00,1.6018678606618832,-8.830544442047394,12.09979329098032
2021-04-15 13:52:00,1.6093657016741478,-8.613990562757722,12.088257677338484
2021-04-15 13:53:00,1.6167452333256582,-8.620278845861575,13.1848950328377
2021-04-15 13:54:00,1.6240049047248428,-8.103814691092358,12.853568517401179
2021-04-15 13:55:00,1.6311431904051918,-9.417926493363973,12.954263897115723
2021-04-15 13:56:00,1.6381585904051614,-9.537434786664955,11.55028219524275
2021-04-15 13:57:00,1.6450496307732503,-9.143085140207921,12.421632378275763
2021-04-15 13:58:00,1.6518148641944936,-8.733166668629812,12.517074694653195
2021-04-15 13:59:00,1.6584528704053705,-9.04720159927712,12.37693641505499
2021-04-15 14:00:00,1.6649622566084612,-9.975779841335081,11.65540721967103
2021-04-15 14:01:00,1.671341658073249,-8.973929635834388,12.004806459711125
2021-04-15 14:02:00,1.6775897383563196,-9.574113151569492,12.495113608666479
2021-04-15 14:03:00,1.6837051900269384,-8.767175000839433,12.808546233905954
2021-04-15 14:04:00,1.6896867348904183,-9.153660125375806,12.226880487433858
2021-04-15 14:05:00,1.6955331244531129,-9.313924832849159,11.826061309169877
2021-04-15 14:06:00,1.7012431405098896,-9.185820569463498,12.174508252567705
2021-04-15 14:07:00,1.706815595309958,-8.01471521422721,12.423795084247855
2021-04-15 14:08:00,1.7122493321118104,-8.66117085221796,12.850164753119394
2021-04-15 14:09:00,1.717543225672179,-8.719740289171263,11.125752090524225
2021-04-15 14:10:00,1.7226961823215285,-9.13411247894651,12.691787577917065
2021-04-15 14:11:00,1.7277071407090325,-8.101043595344803,12.34025282395005
2021-04-15 14:12:00,1.7325750719327062,-9.15140310238079,12.290624030981318
2021-04-15 14:13:00,1.7372989799852863,-9.3725146473159,13.092522408974569
2021-04-15 14:14:00,1.7418779021335,-8.17293083494066,12.774242983972831
2021-04-15 14:15:00,1.7463109091282734,-8.797552807204408,12.953121294912869
2021-04-15 14:16:00,1.7505971057757166,-8.680300690714917,11.854829222979332
2021-04-15 14:17:00,1.7547356310970823,-8.632070190791273,12.622337777561862
2021-04-15 14:18:00,1.7587256586166222,-8.457356000519955,11.94680698597169
2021-04-15 14:19:00,1.7625663967576997,-9.212617364326595,11.823242514308973
2021-04-15 14:20:00,1.766257089167873,-8.830315494692497,12.611197068366828
2021-04-15 14:21:00,1.7697970148943467,-8.935147733480058,12.18935959433149
2021-04-15 14:22:00,1.7731854887192555,-8.204762046073217,12.004418113988663
2021-04-15 14:23:00,1.7764218614949439,-8.927510261532593,12.429677964485684
2021-04-15 14:24:00,1.7795055202465515,-8.739940487274092,12.940409234221992
2021-04-15 14:25:00,1.7824358886111973,-8.511201779588962,12.036753512979736
2021-04-15 14:26:00,1.785212426863282,-8.714577447702311,12.421139177088493
2021-04-15 14:27:00,1.7878346323653669,-9.00314842004236,12.853698786958502
2021-04-15 14:28:00,1.7903020395868345,-9.502056767542928,12.855800579987777
2021-04-15 14:29:00,1.7926142203995736,-9.192160183856494,12.01504411134065
2021-04-15 14:30:00,1.7947707843454386,-9.007540205155374,12.807095866510496
2021-04-15 14:31:00,1.796771378639639,-8.380769947422293,12.00270313907744
2021-04-15 14:32:00,1.7986156885524438,-9.16291495329928,12.50557684786134
2021-04-15 14:33:00,1.800303437363993,-8.365427171067687,12.467867060270459
2021-04-15 14:34:00,1.8018343867292876,-8.860767621599885,12.353007487345225
2021-04-15 14:35:00,1.8032083366262661,-8.168109983916144,12.896041639659797
2021-04-15 14:36:00,1.8044251255799197,-9.191255792485272,12.265842686389012
2021-04-15 14:37:00,1.8054846308419275,-8.100452793317187,12.447794660730008
2021-04-15 14:38:00,1.8063867683487769,-8.490651505930696,12.075126498170933
2021-04-15 14:39:00,1.8071314929105802,-8.749645061894388,12.048727364965668
2021-04-15 14:40:00,1.8077187983229912,-8.002828731217624,11.744824683522591
2021-04-15 14:41:00,1.8081487173995017,-9.151721677998337,12.920380911288643
2021-04-15 14:42:00,1.8084213220021486,-8.68622048335616,12.362485178201718
2021-04-15 14:43:00,1.8085367231033467,-8.889764938003108,12.066968559695653
2021-04-15 14:44:00,1.8084950709514196,-8.80047407402387,12.839200689512479
2021-04-15 14:45:00,1.8082965548827616,-9.005981270986096,12.752949772881124
2021-04-15 14:46:00,1.807941403520481,-8.361092186610602,12.084739378967251
2021-04-15 14:47:00,1.807429884691835,-9.476979190134518,12.730274939502939
2021-04-15 14:48:00,1.806762305460695,-8.48565477742328,12.357758397652617
2021-04-15 14:49:00,1.805939012037149,-8.64239343398186,12.889179362818881
2021-04-15 14:50:00,1.8049603898632978,-9.967865367761098,13.030438117942449
2021-04-15 14:51:00,1.80382686347588,-8.470167313427085,12.31237137199105
2021-04-15 14:52:00,1.802538896539619,-9.023969504341494,11.93596570354191
2021-04-15 14:53:00,1.8010969916258506,-9.068904869926074,12.561913970287907
2021-04-15 14:54:00,1.7995016903601315,-9.0048332287496,12.347032684843045
2021-04-15 14:55:00,1.7977535731461098,-8.3985722814653,11.662881558157729
2021-04-15 14:56:00,1.795853259201973,-9.590835549719802,12.12310215038399
2021-04-15 14:57:00,1.7938014062882717,-9.190007640534304,11.733919993921909
2021-04-15 14:58:00,1.7915987108245932,-9.735676234030203,12.110397084509025
2021-04-15 14:59:00,1.7892459074894036,-8.309547217381603,12.040571895763144
2021-04-15 15:00:00,1.786743769261438,-8.99483087318112,12.851441315742226
2021-04-15 15:01:00,1.7840931072341326,-8.26054495286092,12.353604248828665
2021-04-15 15:02:00,1.7812947703458875,-8.587533012930088,12.723592061478744
2021-04-15 15:03:00,1.778349645323393,-8.061096996955031,13.294502708302755
2021-04-15 15:04:00,1.7752586564485684,-8.70665394595463,11.915621622063796
2021-04-15 15:05:00,1.7720227653235603,-8.101151047761425,13.03271960470941
2021-04-15 15:06:00,1.7686429707461009,-8.423936894610918,12.346346288676035
2021-04-15 15:07:00,1.7651203082581208,-8.0612518594945,12.325898812998293
2021-04-15 15:08:00,1.7614558503499282,-8.843264701331417,11.645391375921927
2021-04-15 15:09:00,1.7576507056668356,-8.188487027269952,12.769384862322696
2021-04-15 15:10:00,1.7537060191877585,-9.450496292216785,12.370478678579747
2021-04-15 15:11:00,1.749622971744057,-8.285464426776795,12.254191985779576
2021-04-15 15:12:00,1.7454027798007754,-8.128262394066486,11.830489478586648
2021-04-15 15:13:00,1.7410466951687993,-8.94971026111555,12.216173537902657
2021-04-15 15:14:00,1.7365560046303339,-8.79337866965306,12.439501258765985
2021-04-15 15:15:00,1.7319320297504437,-8.720975342627828,12.668597557738373
2021-04-15 15:16:00,1.7271761264902934,-9.110914308394953,13.1919160085733
2021-04-15 15:17:00,1.7222896848111058,-9.514181716038212,12.310871357753525
2021-04-15 15:18:00,1.7172741284559387,-8.427677506795384,12.11613215300423
2021-04-15 15:19:00,1.712130914517628,-8.538862991542695,12.181756939385403
2021-04-15 15:20:00,1.7068615330827284,-8.499606507838001,11.966147853718155
2021-04-15 15:21:00,1.7014675068749845,-8.525886275388114,12.777117559924994
2021-04-15 15:22:00,1.6959503908966544,-8.575875744470157,12.842560996450466
2021-04-15 15:23:00,1.6903117718378575,-8.697623081597573,12.359726325348989
2021-04-15 15:24:00,1.684553268077065,-9.111530469008544,11.828913960009311
2021-04-15 15:25:00,1.6786765288160574,-8.945277968577717,12.445136265562017
2021-04-15 15:26:00,1.6726832339576136,-9.035671364023058,12.280305178628483
2021-04-15 15:27:00,1.6674974819117425,-9.916229435647756,12.083981415952204
2021-04-15 15:28:00,1.6621986240610083,-8.525742389410818,12.813574221936216
2021-04-15 15:29:00,1.6567884295770363,-9.16620802412815,12.327979218449357
2021-04-15 15:30:00,1.6512686962648195,-8.953078931997391,11.415481670839993
2021-04-15 15:31:00,1.6456412503024533,-9.102080720716872,11.97617281852165
2021-04-15 15:32:00,1.6399079458591985,-8.23991654848523,12.503937249666228
2021-04-15 15:33:00,1.6340706643260807,-8.743241735128887,12.224566312128653
2021-04-15 15:34:00,1.6281313140413487,-9.568494137146649,12.585079342705576
2021-04-15 15:35:00,1.622091829728787,-9.23530289540893,12.684999620602476
2021-04-15 15:36:00,1.615954171926294,-9.301115932395271,12.478747639613289
2021-04-15 15:37:00,1.6097203265683722,-8.320002876553216,11.715867356548259
2021-04-15 15:38:00,1.6033923043095046,-8.718496461085321,13.030971159070809
2021-04-15 15:39:00,1.59697214011753,-8.737903274757855,12.10841119627456
2021-04-15 15:40:00,1.5904618927178475,-8.522964674028637,11.656064503858362
2021-04-15 15:41:00,1.5838636439440412,-8.757986623508366,12.057529601252666
2021-04-15 15:42:00,1.577179498159305,-9.81431643814022,11.687193127412426
2021-04-15 15:43:00,1.5704115819977202,-8.479884132713687,12.235813673063898
2021-04-15 15:44:00,1.56356204325192,-8.982558913319869,11.513556298862527
2021-04-15 15:45:00,1.5566330508916413,-8.790992582442588,11.9984913578767
2021-04-15 15:46:00,1.5496267939260049,-9.281799254789032,11.442345492802179
2021-04-15 15:47:00,1.5425454811286596,-9.245041344202313,12.09829803043616
2021-04-15 15:48:00,1.5353913404202995,-7.891194825258087,11.63016280134458
2021-04-15 15:49:00,1.5281666181122668,-9.032809220648755,11.202391905675324
2021-04-15 15:50:00,1.5208735784442866,-8.590140316226135,12.212304725128634
2021-04-15 15:51:00,1.5135145028507382,-8.778648096731409,11.001558115934486
2021-04-15 15:52:00,1.5060916893216991,-9.335347985301617,12.541849640087577
2021-04-15 15:53:00,1.4986074519663068,-9.111347083839698,12.092480755021302
2021-04-15 15:54:00,1.4910641200964592,-9.168265262305116,12.283603069631434
2021-04-15 15:55:00,1.483464037715204,-9.311482819479494,11.900261061064304
2021-04-15 15:56:00,1.4758095629967865,-8.462100874556791,11.750965478868478
2021-04-15 15:57:00,1.468103067339115,-9.617725879661828,13.127898906204997
2021-04-15 15:58:00,1.4603469349970122,-7.704709188792861,12.158599623573735
2021-04-15 15:59:00,1.4525435622460179,-9.749569782253909,12.184503963336512
2021-04-15 16:00:00,1.4446953566258005,-8.606951022180073,12.136795133411047
2021-04-15 16:01:00,1.436804736702877,-9.838521009049712,11.93780546699776
2021-04-15 16:02:00,1.4288741307673793,-9.043673538543464,11.335261470407918
2021-04-15 16:03:00,1.4209059766333936,-9.118376217030304,11.817706802498027
2021-04-15 16:04:00,1.412902720826616,-8.956470726978559,11.923005029643939
2021-04-15 16:05:00,1.4048668177735864,-9.084596288765198,11.786781657685157
2021-04-15 16:06:00,1.3968007293029743,-9.084317628165405,11.550902513227108
2021-04-15 16:07:00,1.3887069237907865,-8.840550368653002,11.873353692338435
2021-04-15 16:08:00,1.380587875505228,-9.640427760501696,11.811314884783547
2021-04-15 16:09:00,1.3724460640318492,-9.312822739893214,11.350928857479397
2021-04-15 16:10:00,1.364283973396248,-8.826610560107293,12.51703284550944
2021-04-15 16:11:00,1.3561040914167282,-9.233411838705017,11.96614180123833
2021-04-15 16:12:00,1.347908909119814,-9.149536702762221,12.057068642702555
2021-04-15 16:13:00,1.3397009198218206,-9.148547057373422,11.526065890692083
2021-04-15 16:14:00,1.3314826186396524,-9.434836164250932,11.477622521135373
2021-04-15 16:15:00,1.3232565016314957,-10.633583161177308,12.254365826475102
2021-04-15 16:16:00,1.3150250649784865,-9.108770962979392,12.207228984870593
2021-04-15 16:17:00,1.306790804735035,-8.578141313663957,11.79016790620943
2021-04-15 16:18:00,1.2985562155918244,-9.60948748011795,11.502190358447752
2021-04-15 16:19:00,1.2903237902970568,-9.038905761050405,11.909243992646807
2021-04-15 16:20:00,1.2820960193282656,-8.952199623347882,11.529747421881723
2021-04-15 16:21:00,1.2738753895051735,-8.196107263241318,11.50623250253195
2021-04-15 16:22:00,1.265664384006491,-9.913122121414983,11.424918803701361
2021-04-15 16:23:00,1.25746548099475,-9.183493328954409,12.018154817689393
2021-04-15 16:24:00,1.2492811533281358,-9.782455271682196,11.735293571965812
2021-04-15 16:25:00,1.241113867783941,-9.081468801038612,12.301267192003111
2021-04-15 16:26:00,1.2329660841964476,-9.376472568874165,11.734460620658497
2021-04-15 16:27:00,1.2248402548457846,-9.23289491959004,12.835854274889194
2021-04-15 16:28:00,1.2167388238339718,-9.27794176489602,11.91121678347742
2021-04-15 16:29:00,1.208664226169748,-9.140220981782747,12.36938030630918
2021-04-15 16:30:00,1.200618887306189,-9.38951395056888,11.333011308286329
2021-04-15 16:31:00,1.1926052222255354,-9.641413326131447,10.805716796756471
2021-04-15 16:32:00,1.1846256348313202,-9.450240024915677,11.976570751455458
2021-04-15 16:33:00,1.1766825173422597,-9.355915080806989,11.810103101319227
2021-04-15 16:34:00,1.168778249381985,-9.415750057829756,12.032847277522906
2021-04-15 16:35:00,1.1609151975329963,-9.826783427155046,11.629322447925018
2021-04-15 16:36:00,1.1530957144665461,-9.31575139885487,11.485226399136732
2021-04-15 16:37:00,1.1453221381938876,-9.310997345061063,11.64723302940096
2021-04-15 16:38:00,1.1375967918062966,-9.87516499402127,11.805890386515216
2021-04-15 16:39:00,1.1299219821960678,-9.184018236856184,12.026932384809689
2021-04-15 16:40:00,1.122299999811224,-10.01047141584849,11.822682197680322
2021-04-15 16:41:00,1.1147331179001825,-9.572994798343748,11.638459569398481
2021-04-15 16:42:00,1.1072235916996778,-9.283977145514621,10.561743674800198
2021-04-15 16:43:00,1.099773657989428,-9.965072716623391,11.863729588274996
2021-04-15 16:44:00,1.0923855342304938,-10.297289809299311,12.118356519936333
2021-04-15 16:45:00,1.085061418005324,-10.571377101555749,11.59511776492428
2021-04-15 16:46:00,1.0778034864617243,-9.232282641779992,11.559475190208575
2021-04-15 16:47:00,1.0706138955016504,-9.360533955869759,12.296405647951556
2021-04-15 16:48:00,1.0634947792091571,-9.472034159206718,11.082167241201365
2021-04-15 16:49:00,1.056448249331124,-10.22468327365584,11.258835011326914
2021-04-15 16:50:00,1.049476394456445,-9.086429759409159,12.1342231444346
2021-04-15 16:51:00,1.0425812795819551,-9.39757108755667,11.605953691076618
2021-04-15 16:52:00,1.0357649453945479,-9.096961947812673,11.428149129884174
2021-04-15 16:53:00,1.0290294075651731,-9.645353795400368,12.019495864093532
2021-04-15 16:54:00,1.0223766565251973,-9.038810528100864,11.796868765259665
2021-04-15 16:55:00,1.0158086564462379,-9.317866304712183,11.211477451460977
2021-04-15 16:56:00,1.0093273447905322,-9.139865602424475,11.777209474813333
2021-04-15 16:57:00,1.0029346320113754,-9.214570699862001,11.358112685514268
2021-04-15 16:58:00,0.9966324004459238,-8.53036260193066,11.78505021080187
2021-04-15 16:59:00,0.9904225043643728,-9.809022986643473,11.646083201760066
2021-04-15 17:00:00,0.9843067688451907,-9.383510634377533,11.772897004865051
2021-04-15 17:01:00,0.9782869896198587,-9.597656841289812,11.198891631683365
2021-04-15 17:02:00,0.9723649324059404,-9.92906395279629,12.408490366572382
2021-04-15 17:03:00,0.966542332341826,-9.558691557940577,11.563999079353339
2021-04-15 17:04:00,0.9608208935013167,-10.122228329501192,11.406750909666586
2021-04-15 17:05:00,0.9552022884038757,-9.752656105636262,12.275208939941013
2021-04-15 17:06:00,0.9496881574373852,-9.854119418997685,11.302581442988153
2021-04-15 17:07:00,0.9442801084875903,-9.884156367605135,11.323639319891381
2021-04-15 17:08:00,0.9389797162909285,-9.901531641490584,11.793796245243247
2021-04-15 17:09:00,0.9337885220393185,-10.438510245543062,10.798167081506229
2021-04-15 17:10:00,0.9287080329901034,-10.261552325069358,11.771760605709343
2021-04-15 17:11:00,0.9237397218930722,-9.641956677920678,11.086510536587612
2021-04-15 17:12:00,0.9188850264724222,-9.231057657156757,11.042506140902136
2021-04-15 17:13:00,0.914145349312582,-9.3418623975033,11.558525214855868
2021-04-15 17:14:00,0.9095220569587765,-9.53594045670581,11.495827941983608
2021-04-15 17:15:00,0.9050164799951834,-9.08075095424237,11.43840860336733
2021-04-15 17:16:00,0.9006299121767728,-9.678257097736738,11.62863510712067
2021-04-15 17:17:00,0.8963636103504441,-10.17185275378712,11.751271767408818
2021-04-15 17:18:00,0.892218793988803,-10.095055241606104,11.356388345620589
2021-04-15 17:19:00,0.8881966446828091,-9.080000161201447,11.913953307917913
2021-04-15 17:20:00,0.8842983059766419,-9.53422366471419,11.586536315857634
2021-04-15 17:21:00,0.8805248828732536,-9.627618276236252,11.891707249185293
2021-04-15 17:22:00,0.8768774414824523,-10.297313614395563,11.017833899025419
2021-04-15 17:23:00,0.873357008833336,-10.400584142025135,11.019018896528141
2021-04-15 17:24:00,0.8699645723504705,-10.08817474727167,11.813160973432295
2021-04-15 17:25:00,0.8667010797127542,-9.913896404315306,11.307231635686346
2021-04-15 17:26:00,0.8635674384481822,-9.183039648761872,12.400147167791735
2021-04-15 17:27:00,0.8605645156928566,-9.286061520677464,12.244837979052084
2021-04-15 17:28:00,0.8576931379433149,-10.09025094405536,11.90767584876901
2021-04-15 17:29:00,0.8549540906963257,-9.738053667654894,10.88506076565317
2021-04-15 17:30:00,0.8523481182014049,-9.812886328193555,12.369648381887322
2021-04-15 17:31:00,0.8498759234586395,-10.181987063621014,11.809117439600541
2021-04-15 17:32:00,0.847538167612193,-10.089234704457445,11.056650480143222
2021-04-15 17:33:00,0.8453354699643816,-9.345481671968477,11.92083433503954
2021-04-15 17:34:00,0.8432684078001097,-8.514740528569034,12.213134205375555
2021-04-15 17:35:00,0.8413375160552223,-9.717216437178337,12.194034986842878
2021-04-15 17:36:00,0.8395432872094706,-9.757998868625442,11.708519550189045
2021-04-15 17:37:00,0.8378861711347563,-9.00544570888263,11.234542103948483
2021-04-15 17:38:00,0.8363665748568219,-9.965463016001856,11.345849418246567
2021-04-15 17:39:00,0.8349848625543685,-9.75252460105338,10.331919212696414
2021-04-15 17:40:00,0.8337413552492469,-9.47068014349121,11.580444052124061
2021-04-15 17:41:00,0.8326363308432104,-10.162786915675603,11.121694077647309
2021-04-15 17:42:00,0.8316700239562607,-8.907429422805105,10.82303602521584
2021-04-15 17:43:00,0.8308426257549072,-8.951583024247613,11.639417259242764
2021-04-15 17:44:00,0.8301542840110055,-10.062272835813324,11.286305018199187
2021-04-15 17:45:00,0.8296051029618171,-9.773644733764046,11.779851837400505
2021-04-15 17:46:00,0.8291951431952606,-9.289495885180898,11.278489702626679
2021-04-15 17:47:00,0.828924421755261,-10.169008968341151,10.903326237631735
2021-04-15 17:48:00,0.8287929119385845,-9.844604428405463,12.079814646397903
2021-04-15 17:49:00,0.8288005434622555,-9.731943384949297,11.43153790169667
2021-04-15 17:50:00,0.8289472022568432,-9.441382630042837,11.731469290084759
2021-04-15 17:51:00,0.8292327306731901,-9.850475557927577,11.482663042639702
2021-04-15 17:52:00,0.8296569273820775,-9.653827102326208,11.230612453624614
2021-04-15 17:53:00,0.8302195474225946,-9.450257206418684,11.568289707699218
2021-04-15 17:54:00,0.830920302254953,-9.354731275370709,11.53687655310144
2021-04-15 17:55:00,0.8317588598674949,-9.545346701390594,11.850493744390223
2021-04-15 17:56:00,0.8327348448273727,-9.422712993720031,10.608813179785015
2021-04-15 17:57:00,0.8338478382849038,-10.282541915417918,10.69653198971717
2021-04-15 17:58:00,0.8350973781928352,-9.167151874791537,10.957367090032562
2021-04-15 17:59:00,0.8364829593905121,-9.281584505288793,11.29573355503562
2021-04-15 18:00:00,0.8380040336057497,-9.88313906502085,11.828682228090694
2021-04-15 18:01:00,0.8396600098052971,-10.001471395081373,11.493965637431506
2021-04-15 18:02:00,0.8414502541351923,-9.40284440843139,10.948538147425367
2021-04-15 18:03:00,0.84337409024886,-9.75680532724118,11.548141343517246
2021-04-15 18:04:00,0.8454307993480716,-9.182250644636706,11.751251339551137
2021-04-15 18:05:00,0.8476196204708681,-9.983541051083517,11.150019944338974
2021-04-15 18:06:00,0.8499397506726499,-9.57444128065241,11.447592998684167
2021-04-15 18:07:00,0.8523903451912684,-9.543924853290884,11.295672616157155
2021-04-15 18:08:00,0.8549705176965255,-9.799023249462625,11.71942726449245
2021-04-15 18:09:00,0.8576793405423673,-10.768442839817675,11.4390894570807
2021-04-15 18:10:00,0.8605158450681069,-10.083782584645805,11.474094315578734
2021-04-15 18:11:00,0.8634790216781325,-9.47285550561679,11.173651949035516
2021-04-15 18:12:00,0.8665678203788861,-10.012713408326508,11.778489136894319
2021-04-15 18:13:00,0.8697811508270744,-8.986702204460185,11.421429503604868
2021-04-15 18:14:00,0.8731178827722532,-10.109923939276799,11.617002365869167
2021-04-15 18:15:00,0.8765768463527447,-9.493897686051552,11.257883414177813
2021-04-15 18:16:00,0.8801568323645783,-10.565575199125924,11.09832800207781
2021-04-15 18:17:00,0.8838565926173803,-9.063950933279287,11.614988208766452
2021-04-15 18:18:00,0.8876748402916221,-9.618680290168975,12.665263718248736
2021-04-15 18:19:00,0.8916102503008413,-9.836392663962178,10.745814541129631
2021-04-15 18:20:00,0.8956614597197642,-10.40119755021785,11.245346741546157
2021-04-15 18:21:00,0.8998270679628487,-9.915313576095441,11.816529355821558
2021-04-15 18:22:00,0.9041056374439302,-9.99558827583818,10.335121186361048
2021-04-15 18:23:00,0.9084956938572665,-10.160047776417581,11.20998686902253
2021-04-15 18:24:00,0.9129957264621422,-9.052021679281216,12.210146804719447
2021-04-15 18:25:00,0.9176041887761934,-9.967589096954269,10.976279569345696
2021-04-15 18:26:00,0.9223194988477226,-9.721210084750927,11.386190107998313
2021-04-15 18:27:00,0.9271400396528118,-9.814532942225313,11.093472312972581
2021-04-15 18:28:00,0.932064159755187,-9.669019919671225,10.61487612821662
2021-04-15 18:29:00,0.9370901735066965,-9.872799203729715,11.511376361355001
2021-04-15 18:30:00,0.9422163618695218,-8.83229811634742,11.623609821914055
2021-04-15 18:31:00,0.9474409725618131,-9.767771253536266,11.099414991461984
2021-04-15 18:32:00,0.9527622207748143,-9.48038526202184,12.093500985282835
2021-04-15 18:33:00,0.9581782895784638,-8.94901577620143,11.592576381853515
2021-04-15 18:34:00,0.9636873305907386,-9.40170192223088,11.394734138117656
2021-04-15 18:35:00,0.9692874642369271,-9.984502397664379,12.372930061207466
2021-04-15 18:36:00,0.9749767806197073,-9.221151351351393,11.668096418942461
2021-04-15 18:37:00,0.9807533398205622,-9.787892889385228,11.73011435074835
2021-04-15 18:38:00,0.9866151725329344,-9.217844633181157,11.70840042856667
2021-04-15 18:39:00,0.9925602807219279,-9.23495460163197,10.783912724536867
2021-04-15 18:40:00,0.9985866380557009,-9.248590014163666,11.335376266363083
2021-04-15 18:41:00,1.0046921905526272,-9.870066200743828,10.97493558890689
2021-04-15 18:42:00,1.0108748572775037,-9.402438214939183,12.160398490286855
2021-04-15 18:43:00,1.017132530670544,-9.927090210007623,11.914121771411322
2021-04-15 18:44:00,1.0234630776208946,-10.006341884528105,11.505510203217499
2021-04-15 18:45:00,1.029864339447105,-9.357434181107617,10.918373057282013
2021-04-15 18:46:00,1.036334133224407,-8.822990066265346,11.568166313489987
2021-04-15 18:47:00,1.0428702518857613,-9.628194076999897,12.436848589332127
2021-04-15 18:48:00,1.0494704651136708,-9.07358257052541,12.249557882773756
2021-04-15 18:49:00,1.0561325199365668,-8.870980734120328,11.413209963664528
2021-04-15 18:50:00,1.0628541413677244,-9.885047683787487,12.040887230459326
2021-04-15 18:51:00,1.0696330331678097,-9.200040369249614,11.600436169000552
2021-04-15 18:52:00,1.0764668783697424,-9.440072755470144,11.447348015749798
2021-04-15 18:53:00,1.0833533400313617,-10.31445586007979,11.812665125760192
2021-04-15 18:54:00,1.0902900619976692,-9.485812439217222,12.660940986333861
2021-04-15 18:55:00,1.0972746694446294,-9.115542287223674,11.814583220311501
2021-04-15 18:56:00,1.1043047696723316,-9.188187466287784,11.40382945579493
2021-04-15 18:57:00,1.1113779527931678,-9.919192234853536,11.929225783335054
2021-04-15 18:58:00,1.1184917924312061,-9.665653562513329,10.633602626357764
2021-04-15 18:59:00,1.125643846398396,-10.084355277582196,12.080431762947452
2021-04-15 19:00:00,1.1328316576388788,-8.650196091662577,11.90485086282891
2021-04-15 19:01:00,1.1400527176053656,-9.284467686496132,11.663449735864763
2021-04-15 19:02:00,1.1473045781439661,-9.544743680532301,12.835657115201357
2021-04-15 19:03:00,1.1545847413693082,-9.727591582289133,11.378407904025542
2021-04-15 19:04:00,1.1618906971615819,-9.29233207150016,11.06298763983661
2021-04-15 19:05:00,1.16921992418673,-9.763231963664872,11.843369180411717
2021-04-15 19:06:00,1.1765698902919683,-10.142451389155172,12.133583997713117
2021-04-15 19:07:00,1.1839380536315618,-9.4846760458231,11.632706602433784
2021-04-15 19:08:00,1.1913218632370057,-8.997911654416052,11.68581099568261
2021-04-15 19:09:00,1.1987187596461006,-9.651505929464514,11.879615124590778
2021-04-15 19:10:00,1.2061261759810793,-8.89440621646524,11.744676204072407
2021-04-15 19:11:00,1.2135415384539827,-8.831570836447705,12.16195139245815
2021-04-15 19:12:00,1.2209622672354634,-8.379674323930615,11.517366038638242
2021-04-15 19:13:00,1.228385777233624,-9.594168994451413,11.882479195140778
2021-04-15 19:14:00,1.2358094788108072,-9.353230593931247,11.845295495010452
2021-04-15 19:15:00,1.2432307786776895,-8.773761353791967,11.668778022873182
2021-04-15 19:16:00,1.2506470805274197,-8.614074887025442,11.394038761316807
2021-04-15 19:17:00,1.2580557858656076,-9.593656535495416,11.89087758289673
2021-04-15 19:18:00,1.26545429485734,-9.14240805561003,12.006167880624957
2021-04-15 19:19:00,1.272840007098336,-9.501079421113435,11.500548816446429
2021-04-15 19:20:00,1.2802103221793706,-10.035272959964999,12.142746467920745
2021-04-15 19:21:00,1.287562640876662,-9.99079586928587,12.315237976761757
2021-04-15 19:22:00,1.2948943654776748,-10.24283411344188,10.86927649471836
2021-04-15 19:23:00,1.3022029009719776,-8.277692554194457,12.393598759652095
2021-04-15 19:24:00,1.3094856556153491,-9.888418733570699,11.354822128493883
2021-04-15 19:25:00,1.3167400417059385,-8.841007936062438,11.860532418418181
2021-04-15 19:26:00,1.323963476456914,-9.7240832033569,12.939595532974113
2021-04-15 19:27:00,1.3311533827429145,-8.592514565465214,11.097543544336217
2021-04-15 19:28:00,1.3383071898458208,-9.202247018166762,11.916915302249535
2021-04-15 19:29:00,1.3454223343714031,-9.401720837569144,11.463123860488945
2021-04-15 19:30:00,1.3524962607764333,-9.219648379409092,11.672117420827083
2021-04-15 19:31:00,1.3595264224315864,-9.841563409340052,11.903139042202326
2021-04-15 19:32:00,1.3665102822667325,-9.321168357405064,12.156010548416816
2021-04-15 19:33:00,1.373445313422285,-8.75510797325178,11.075520101393865
2021-04-15 19:34:00,1.380329000296438,-8.832561897252104,11.74779706559609
2021-04-15 19:35:00,1.3871588390705745,-8.637030911579021,11.322087821514112
2021-04-15 19:36:00,1.3939323385857918,-9.801389352730395,11.624895337850187
2021-04-15 19:37:00,1.4006470211858895,-9.320175736358408,12.15355914512722
2021-04-15 19:38:00,1.407300423192623,-9.54505644652744,11.285870789898677
2021-04-15 19:39:00,1.4138900960850278,-7.477420396642283,12.95339046813354
2021-04-15 19:40:00,1.4204136069095865,-9.68497610643997,11.678488289749414
2021-04-15 19:41:00,1.4268685390825242,-8.732730259406488,11.207869041594105
2021-04-15 19:42:00,1.4332524933796762,-9.40951190794838,12.000731966402878
2021-04-15 19:43:00,1.439563088306206,-8.796246299224313,12.209594416269098
2021-04-15 19:44:00,1.4457979611837826,-9.55394365995013,12.098604531116711
2021-04-15 19:45:00,1.4519547686904257,-9.195848021089924,11.445641335922328
2021-04-15 19:46:00,1.4580311875891552,-8.804381950219224,11.910911598563434
2021-04-15 19:47:00,1.4640249155114136,-8.507973082227629,11.398574215624249
2021-04-15 19:48:00,1.4699336716973708,-8.793963196854014,12.17263171854217
2021-04-15 19:49:00,1.4757551976083965,-8.343516404637038,12.059782561137318
2021-04-15 19:50:00,1.4814872577298737,-8.769594642309471,13.093234947771128
2021-04-15 19:51:00,1.487127640212579,-8.780425828942173,12.537286140898665
2021-04-15 19:52:00,1.4926741575947478,-9.508748710098867,12.443985496771777
2021-04-15 19:53:00,1.4981246475344339,-8.898967326175535,12.055322061004452
2021-04-15 19:54:00,1.5034769733416409,-8.393759777098436,11.526486078328654
2021-04-15 19:55:00,1.5087290248383505,-8.421312286325675,12.09362674131889
2021-04-15 19:56:00,1.5138787189602125,-9.073163487359233,11.808129378211303
2021-04-15 19:57:00,1.5189240002827908,-8.320911187962864,12.570776771787814
2021-04-15 19:58:00,1.5238628419296805,-8.474277855779517,12.46959364507262
2021-04-15 19:59:00,1.5286932459686888,-9.33012028073229,12.512684563801797
2021-04-15 20:00:00,1.5334132442517598,-9.528529549592049,11.825195495232805
2021-04-15 20:01:00,1.5380208989054902,-8.75456409956139,11.643911287648987
2021-04-15 20:02:00,1.5425143029964699,-9.474209090541086,12.982366599390938
2021-04-15 20:03:00,1.5468915811931616,-9.362118461242241,11.53455700748115
2021-04-15 20:04:00,1.5511508903014202,-9.100806756423196,12.695648307556905
2021-04-15 20:05:00,1.5552904198874897,-9.266941699010616,12.165197333488939
2021-04-15 20:06:00,1.5593083928833367,-8.952127456242057,11.955663948291892
2021-04-15 20:07:00,1.5632030661350773,-9.156468873629697,11.902688335921086
2021-04-15 20:08:00,1.5669727309908112,-9.005874532998876,11.663590294930811
2021-04-15 20:09:00,1.570615713878223,-8.923333256521046,11.611438902118485
2021-04-15 20:10:00,1.5741303768021417,-8.607460042165226,12.248636954135103
2021-04-15 20:11:00,1.5775151179247686,-9.358617430221505,11.762365151647282
2021-04-15 20:12:00,1.5807683721172017,-9.003512188110822,12.215741827191755
2021-04-15 20:13:00,1.5838886114008486,-8.579905763418424,12.293309533217995
2021-04-15 20:14:00,1.5868743455664143,-9.00218241121922,12.275651580667043
2021-04-15 20:15:00,1.5897241225507046,-8.524269000950648,11.681626070721759
2021-04-15 20:16:00,1.592436529045356,-9.01727141063356,12.594282577410914
2021-04-15 20:17:00,1.5950101909157608,-8.391710883160432,12.50899407506708
2021-04-15 20:18:00,1.5974437736238678,-9.279181718807482,10.919590896556219
2021-04-15 20:19:00,1.5997359828109472,-8.365508790792255,12.766064048781608
2021-04-15 20:20:00,1.601885564606499,-8.979316806630292,12.116692331017953
2021-04-15 20:21:00,1.6038913061659625,-8.695578279736385,11.524727058239469
2021-04-15 20:22:00,1.605752036034442,-8.762298292379777,13.158253894033441
2021-04-15 20:23:00,1.6074666245788243,-8.608699855776832,12.525050771881608
2021-04-15 20:24:00,1.6090339843949921,-8.429450993883032,12.354708337081142
2021-04-15 20:25:00,1.610453070679521,-9.090194166318339,12.311782347617717
2021-04-15 20:26:00,1.6117228816169278,-8.337409845693134,12.425648024858264
2021-04-15 20:27:00,1.6128424587447827,-8.930398013079385,13.039789661901452
2021-04-15 20:28:00,1.6138108872978454,-8.618299743384805,12.503567370701381
2021-04-15 20:29:00,1.6146272965577957,-8.949974566055692,11.692003531276047
2021-04-15 20:30:00,1.6152908601719131,-9.065359514272982,11.950555585543347
2021-04-15 20:31:00,1.615800796478646,-9.383636118053452,12.71366771024084
2021-04-15 20:32:00,1.6161563688038951,-8.597013800959285,12.193129886767922
2021-04-15 20:33:00,1.616356885736582,-8.375030703469916,12.298260380020855
2021-04-15 20:34:00,1.6164017014527077,-9.281327832985932,12.581485011694193
2021-04-15 20:35:00,1.6162902159089405,-9.062758278967442,11.667877973712894
2021-04-15 20:36:00,1.6160218751787507,-8.847943306285396,12.498834802611496
2021-04-15 20:37:00,1.6155961716073022,-9.187310348020455,12.649592512593328
2021-04-15 20:38:00,1.6150126440840593,-8.477527817115648,12.018222758010335
2021-04-15 20:39:00,1.6142708782714787,-8.555504801246144,12.445259072993748
2021-04-15 20:40:00,1.6133705067529207,-8.86314471725247,12.865337285337988
2021-04-15 20:41:00,1.6123112092414011,-9.486078353500432,11.741446273697656
2021-04-15 20:42:00,1.6110927127920809,-9.215853730880688,13.593880002530605
2021-04-15 20:43:00,1.6097147918802535,-8.829653154413368,12.223153124701897
2021-04-15 20:44:00,1.6081772686271603,-8.620848367111886,11.734243254633249
2021-04-15 20:45:00,1.6064800128779249,-9.394322738827952,11.644295552644483
2021-04-15 20:46:00,1.6046229423379599,-8.488160774170252,12.266101464663759
2021-04-15 20:47:00,1.602606022702842,-8.601779105362196,13.210688981313638
2021-04-15 20:48:00,1.6004292677037304,-9.085614166856022,12.830654277846604
2021-04-15 20:49:00,1.5980927391714395,-8.652298404836472,12.3101356416027
2021-04-15 20:50:00,1.595596547241943,-9.11934486061923,12.832799509344873
2021-04-15 20:51:00,1.5929408501651214,-8.183837054525519,12.157489424041167
2021-04-15 20:52:00,1.590125854617792,-9.329053677006621,12.470917718669662
2021-04-15 20:53:00,1.5871518154692423,-8.721039511508977,11.482801743104643
2021-04-15 20:54:00,1.5840190359400306,-8.94588193555874,12.523548641632745
2021-04-15 20:55:00,1.580727867595395,-9.270049975993837,11.597292979963925
2021-04-15 20:56:00,1.577278710270119,-9.248554007477955,11.706857826230957
2021-04-15 20:57:00,1.5736720120318668,-9.585039823020098,11.865997270790242
2021-04-15 20:58:00,1.5699082692148099,-9.376826900412539,12.218338751076338
2021-04-15 20:59:00,1.5659880262607027,-8.83650358044885,11.156594827819946
2021-04-15 21:00:00,1.5619118757280475,-8.714474152834129,12.403561093374986
2021-04-15 21:01:00,1.5576804581474342,-8.768566719284319,12.58736136617651
2021-04-15 21:02:00,1.5532944618955966,-9.879145733301382,11.823609900401905
2021-04-15 21:03:00,1.548754623226981,-8.62911252530148,12.04840549150911
2021-04-15 21:04:00,1.5440617259229712,-8.605199915629111,12.141917232678487
2021-04-15 21:05:00,1.5392166013516535,-9.526632495501184,13.088460898747218
2021-04-15 21:06:00,1.5342201281927133,-9.046804354944252,12.5065972952896
2021-04-15 21:07:00,1.529073232262284,-9.426746708626187,11.720351459651896
2021-04-15 21:08:00,1.5237768864360932,-9.843812575815308,12.61971880925295
2021-04-15 21:09:00,1.5183321103590153,-9.391617608202083,11.34260753836853
2021-04-15 21:10:00,1.5127399701530306,-8.514696030794129,11.892978099790527
2021-04-15 21:11:00,1.507001578525235,-8.858229365306471,11.799445798742305
2021-04-15 21:12:00,1.5011180939871152,-8.777610650830812,12.351553620064976
2021-04-15 21:13:00,1.4950907212735542,-9.524596437417946,12.02271981649514
2021-04-15 21:14:00,1.4889207103967828,-8.684068911070861,11.910056362623928
2021-04-15 21:15:00,1.4826093568526402,-8.647820227342923,11.684161170895148
2021-04-15 21:16:00,1.4761580011690987,-8.66510256345363,11.88408810749829
2021-04-15 21:17:00,1.4695680285733432,-9.531924942638316,12.533740833962623
2021-04-15 21:18:00,1.4628408686553178,-9.17546074790493,12.35572929017321
2021-04-15 21:19:00,1.4559779951723892,-9.233407710135541,11.49090718222874
2021-04-15 21:20:00,1.448980925542479,-8.424484167654276,12.29517951710086
2021-04-15 21:21:00,1.4418512206393115,-8.909563136526744,12.751631191478607
2021-04-15 21:22:00,1.4345904842529926,-8.82651279523583,11.784425227117609
2021-04-15 21:23:00,1.4272003628496002,-9.123224989743234,12.021203277776937
2021-04-15 21:24:00,1.4196825451627368,-9.62510562434345,12.573287338297513
2021-04-15 21:25:00,1.4120387617581966,-9.924050608967718,11.784143265455969
2021-04-15 21:26:00,1.4042707844078788,-9.096123736491089,11.660819856903798
2021-04-15 21:27:00,1.3963804262720763,-9.127128544228029,11.76031393716168
2021-04-15 21:28:00,1.3883695405862024,-8.578063199340663,11.775370131171904
2021-04-15 21:29:00,1.3802400210841481,-9.598213907128953,11.612003259262483
2021-04-15 21:30:00,1.3719938008027637,-9.915313950365995,12.120700644421598
2021-04-15 21:31:00,1.3636328520575616,-9.639714089232042,12.070675099822699
2021-04-15 21:32:00,1.3551591858504584,-9.406974848341392,11.59321133217619
2021-04-15 21:33:00,1.3465748512222144,-9.922545076463628,11.476231816398846
2021-04-15 21:34:00,1.3378819349051831,-9.444043830563906,12.224823798128513
2021-04-15 21:35:00,1.3290825608005545,-9.195002726862578,12.171561062993483
2021-04-15 21:36:00,1.320178889236051,-8.706556740756955,11.508742482389078
2021-04-15 21:37:00,1.3111731167844791,-9.658475552512796,11.381741838216522
2021-04-15 21:38:00,1.3020674753019423,-9.473307418159434,12.880563197808929
2021-04-15 21:39:00,1.2928642316338914,-9.214736228575411,12.367048954230091
2021-04-15 21:40:00,1.2835656869977372,-9.691852286521856,11.470773352112365
2021-04-15 21:41:00,1.2741741763615246,-9.397370707737892,11.310149880857677
2021-04-15 21:42:00,1.2646920676183153,-8.869783617804543,11.943984304585365
2021-04-15 21:43:00,1.2551217616087944,-10.202446928658816,11.885701833147891
2021-04-15 21:44:00,1.2454656906734634,-8.754257950566721,12.5968165449206
2021-04-15 21:45:00,1.2357263188405412,-9.551877640451,11.4613274202659
2021-04-15 21:46:00,1.2259061405547695,-9.373164573856565,11.686594074310772
2021-04-15 21:47:00,1.2160076802159479,-9.154548444988443,12.023480790249971
2021-04-15 21:48:00,1.2060334919230156,-9.591616484032732,11.993034923394884
2021-04-15 21:49:00,1.1959861580553042,-9.804872063244517,11.437078308516895
2021-04-15 21:50:00,1.1858682894451449,-9.398400426292524,11.944468992170927
2021-04-15 21:51:00,1.1756825239348005,-9.02693926876373,12.235684539781895
2021-04-15 21:52:00,1.1654315261307975,-8.654274184054689,11.769977375146304
2021-04-15 21:53:00,1.1551179866909989,-9.485332553707217,11.670987481058816
2021-04-15 21:54:00,1.1447446214474322,-8.755477272566155,11.368149076744944
2021-04-15 21:55:00,1.1343141707786968,-9.550362834498609,11.806004067567885
2021-04-15 21:56:00,1.1238293989772352,-9.500766304931574,11.817171116402378
2021-04-15 21:57:00,1.113293093256753,-9.756109698308912,12.704766141336048
2021-04-15 21:58:00,1.1027080634454915,-10.159966611759685,11.603749619322715
2021-04-15 21:59:00,1.092077140790867,-9.58437329885412,10.977486402244097
2021-04-15 22:00:00,1.081403177414766,-8.892537429633045,12.161601500013946
2021-04-15 22:01:00,1.070689045768131,-8.868835610697547,11.776433452152059
2021-04-15 22:02:00,1.0599376374759293,-9.928568667748117,10.889251600277245
2021-04-15 22:03:00,1.0491518626690912,-8.730157063222006,12.000670470863005
2021-04-15 22:04:00,1.0383346496596355,-10.247764760978054,11.542412095372413
2021-04-15 22:05:00,1.0274889433480328,-9.92842329880422,11.979075644918556
2021-04-15 22:06:00,1.0166177053708922,-8.764992424475487,12.406574697869619
2021-04-15 22:07:00,1.0057239123716764,-9.771407026580876,11.769441321485337
2021-04-15 22:08:00,0.994810555925778,-9.374393793731251,11.855406516431195
2021-04-15 22:09:00,0.9838806414769388,-9.829797899471968,11.403743286358608
2021-04-15 22:10:00,0.9729371875000059,-9.524540576419128,10.98468842258312
2021-04-15 22:11:00,0.9619832246322367,-9.715266613341658,11.380914477163016
2021-04-15 22:12:00,0.9510217952011366,-9.19960833915051,11.421775660209008
2021-04-15 22:13:00,0.9400559519067484,-10.012365311060156,10.598289980343099
2021-04-15 22:14:00,0.9290887574496182,-10.151442102945174,10.941936070181443
2021-04-15 22:15:00,0.9181232834574229,-9.190288089032862,11.541698224397065
2021-04-15 22:16:00,0.9071626096463723,-9.878594277191949,11.706565328645288
2021-04-15 22:17:00,0.8962098232075315,-8.93481124539322,11.49987435335939
2021-04-15 22:18:00,0.8852680177923765,-10.234466636637944,10.924018008661632
2021-04-15 22:19:00,0.8743402925342574,-10.535015773249855,12.193254269987651
2021-04-15 22:20:00,0.86342975181251,-9.99284534310997,11.397285534134976
2021-04-15 22:21:00,0.8525395034392169,-10.105036766911415,11.55696203680533
2021-04-15 22:22:00,0.8416726590131298,-9.65962937537045,11.279263174426093
2021-04-15 22:23:00,0.8308323318736026,-9.742769718282775,11.863992741704774
2021-04-15 22:24:00,0.8200216370678557,-9.732355217100437,11.552046919397535
2021-04-15 22:25:00,0.809243690436886,-10.013711066395665,11.924714020697317
2021-04-15 22:26:00,0.7985016072828565,-9.289083605160236,10.994023137568773
2021-04-15 22:27:00,0.7877985019433243,-9.493448180537307,11.56168384944194
2021-04-15 22:28:00,0.7771374869280409,-9.763165596201398,11.312507659946242
2021-04-15 22:29:00,0.7665216718748015,-9.57109796610794,10.161216557962561
2021-04-15 22:30:00,0.7559541629134211,-9.572538416846788,11.469813126681265
2021-04-15 22:31:00,0.7454380615769658,-9.761181948129511,10.859609791752076
2021-04-15 22:32:00,0.734976464171133,-9.42718424196769,11.600729635912966
2021-04-15 22:33:00,0.7245724608823082,-10.163287256332763,11.586394517177242
2021-04-15 22:34:00,0.7142291348251277,-9.51897007617759,11.3019503875274
2021-04-15 22:35:00,0.7039495613518524,-9.495743922764426,11.213839420145607
2021-04-15 22:36:00,0.6937367688899999,-9.767122052957108,11.119321132010484
2021-04-15 22:37:00,0.6835938526997599,-9.852792910387768,11.351853317701906
2021-04-15 22:38:00,0.6735238596021237,-9.701311140968116,10.227844063931256
2021-04-15 22:39:00,0.6635298251883035,-10.862342240149172,11.241391072358484
2021-04-15 22:40:00,0.6536147728769703,-9.93840995786874,11.260551701469646
2021-04-15 22:41:00,0.643781713509545,-10.296819660485069,10.611271720160332
2021-04-15 22:42:00,0.6340336439065778,-9.689915913673461,12.005018450418525
2021-04-15 22:43:00,0.6243735467665211,-9.285537627147525,11.41635355051459
2021-04-15 22:44:00,0.6148043891351076,-9.858517880733563,12.082494509546946
2021-04-15 22:45:00,0.6053291219814794,-10.194534987766119,10.90615276763746
2021-04-15 22:46:00,0.5959506794996519,-10.449690104030818,10.896140618691351
2021-04-15 22:47:00,0.5866719778880458,-10.730906796555372,10.636861263728061
2021-04-15 22:48:00,0.5774959148738633,-10.113197700424468,10.40429949758492
2021-04-15 22:49:00,0.5684253688307588,-9.19902609672041,11.222340200309247
2021-04-15 22:50:00,0.5594631979008845,-10.565598159031442,10.751851712270598
2021-04-15 22:51:00,0.550612239350306,-9.842235245472112,11.188823618527959
2021-04-15 22:52:00,0.5418753085788123,-10.520279870123547,11.762929867550596
2021-04-15 22:53:00,0.5332551985353787,-9.900510994475027,11.81098109091043
2021-04-15 22:54:00,0.5247546789087641,-9.8671371787473,10.635008664977699
2021-04-15 22:55:00,0.5163764952392215,-10.025792415220746,10.834860129130156
2021-04-15 22:56:00,0.5081233681589775,-10.010125245167092,11.030812526436845
2021-04-15 22:57:00,0.49999799298745884,-10.529023520899457,10.212820819832748
2021-04-15 22:58:00,0.49200303835656223,-9.75560853261864,11.353921792031098
2021-04-15 22:59:00,0.48414114615936854,-10.760202842899655,11.652253897366952
2021-04-15 23:00:00,0.47641493020281467,-9.58333912316103,10.864818694919167
2021-04-15 23:01:00,0.46882697582091815,-10.354181586150855,10.283690951236977
2021-04-15 23:02:00,0.46137983914754,-10.075658740032425,10.575902600854919
2021-04-15 23:03:00,0.4540760462752579,-10.598364016866013,10.901309558736873
2021-04-15 23:04:00,0.44691809260820337,-10.391420744938449,10.944773051399789
2021-04-15 23:05:00,0.43990844221528436,-10.252252435661855,10.717303098971636
2021-04-15 23:06:00,0.43304952695429144,-9.470998032479843,10.564274256503426
2021-04-15 23:07:00,0.4263437461220222,-10.85495952747266,10.334927210405807
2021-04-15 23:08:00,0.41979346541394513,-9.44635530254443,10.081447211522557
2021-04-15 23:09:00,0.41340101642912275,-9.510424769891763,11.773147142197393
2021-04-15 23:10:00,0.40716869617111995,-10.000914269934064,11.154945554178042
2021-04-15 23:11:00,0.401098766058834,-10.278134775783158,11.217989503360007
2021-04-15 23:12:00,0.3951934515633535,-10.222555581532372,10.370010923127149
2021-04-15 23:13:00,0.3894549414859172,-9.912150657490452,10.722313396534291
2021-04-15 23:14:00,0.38388538731488286,-9.954223577554504,11.104106952834568
2021-04-15 23:15:00,0.3784869026900911,-9.226758219417482,11.230224846440654
2021-04-15 23:16:00,0.3732615627010486,-9.890885649416234,11.415585140583307
2021-04-15 23:17:00,0.36821140331665536,-9.888659469479238,11.105233120283055
2021-04-15 23:18:00,0.36333842101976643,-9.648812996138368,11.25872946940812
2021-04-15 23:19:00,0.3586445718422704,-10.07481407623263,12.099557010421387
2021-04-15 23:20:00,0.3541317712461274,-10.098869847073077,10.62484240824909
2021-04-15 23:21:00,0.3498018931985627,-10.467294345860314,10.94438307701456
2021-04-15 23:22:00,0.34565676983727234,-10.740471736437463,10.401627558399092
2021-04-15 23:23:00,0.34169819095217235,-10.601062901678569,10.397400813246488
2021-04-15 23:24:00,0.3379279034196432,-9.072237674634025,11.034583486820702
2021-04-15 23:25:00,0.33434761065204577,-10.886344864319582,10.256348625562785
2021-04-15 23:26:00,0.33095897222692616,-9.767600422494635,10.801954436643612
2021-04-15 23:27:00,0.32776360332295185,-10.467458765637591,11.29114229891661
2021-04-15 23:28:00,0.3247630742777574,-10.136792544622802,11.19373921084274
2021-04-15 23:29:00,0.3219589101494056,-10.442084682050748,10.384206776992219
2021-04-15 23:30:00,0.3193525901837948,-9.731536110761544,11.035641660816095
2021-04-15 23:31:00,0.31694554758051474,-10.716063250728483,11.03900500274557
2021-04-15 23:32:00,0.3147391688407388,-10.426538972885163,11.515194122698773
2021-04-15 23:33:00,0.3127347934843774,-10.097605707667178,10.740672688251708
2021-04-15 23:34:00,0.31093371372095646,-11.201358575936114,10.381472349271755
2021-04-15 23:35:00,0.3093371739037545,-10.893693657188237,10.87084382992063
2021-04-15 23:36:00,0.3079463702932066,-9.988015291484302,10.556145147834354
2021-04-15 23:37:00,0.3067624506270752,-9.371223497647627,10.83150851312576
2021-04-15 23:38:00,0.3057865138448459,-9.34041552350189,10.748846886511592
2021-04-15 23:39:00,0.3050196097088176,-10.375756663180336,10.772975452606905
2021-04-15 23:40:00,0.3044627384683989,-10.70853240395247,11.00039906297174
2021-04-15 23:41:00,0.304116850640193,-11.249366384816312,10.134064373698372
2021-04-15 23:42:00,0.3039828466314711,-10.17560340151736,10.677414650678768
2021-04-15 23:43:00,0.30406157652857635,-9.801040501041111,11.48425430707699
2021-04-15 23:44:00,0.30435383977634545,-10.721387265800178,11.365161149793845
2021-04-15 23:45:00,0.30486038499612134,-10.893381765377686,10.656280214636018
2021-04-15 23:46:00,0.30558190967184395,-10.753598121293141,11.277830796385192
2021-04-15 23:47:00,0.3065190599846741,-10.113011804068238,11.402928943127213
2021-04-15 23:48:00,0.3076724306052696,-10.336127090764574,10.90672462892948
2021-04-15 23:49:00,0.309042564487102,-10.538770025889745,10.546712898411862
2021-04-15 23:50:00,0.3106299526276213,-10.362098479014469,10.469692832385775
2021-04-15 23:51:00,0.3124350340288309,-10.051114696064392,11.178300405939792
2021-04-15 23:52:00,0.3144581954155776,-10.431328292967704,11.284866170905127
2021-04-15 23:53:00,0.3166997711993742,-10.330292632245001,10.962934370869831
2021-04-15 23:54:00,0.3191600432664097,-10.424277563395394,10.801747771298176
2021-04-15 23:55:00,0.3218392409418933,-10.379601629020035,12.110936444513552
2021-04-15 23:56:00,0.32473754082911865,-10.071220172849781,10.043838190123038
2021-04-15 23:57:00,0.32785506679877563,-11.336831913924065,10.450380236414118
2021-04-15 23:58:00,0.3311918898252926,-10.57753549537572,10.673786655487781
2021-04-15 23:59:00,0.33474802804722414,-11.153821772605529,10.53889018200879
2021-04-16 00:00:00,0.33852344661469247,-10.180861631447923,11.40461103940113
2021-04-16 00:01:00,0.34251805773339505,-10.568114429806949,11.09338476130509
2021-04-16 00:02:00,0.3467317206674818,-10.465889130162914,11.300194165182036
2021-04-16 00:03:00,0.3511642416567644,-9.627102303142479,11.463957327987663
2021-04-16 00:04:00,0.35581537402151264,-10.467345389895483,11.6173973516562
2021-04-16 00:05:00,0.36068481814777464,-9.343860247283864,10.971502491538674
2021-04-16 00:06:00,0.3657722215375061,-10.712017453378852,10.369224253559672
2021-04-16 00:07:00,0.3710771789095253,-10.283530217880115,10.809736877910824
2021-04-16 00:08:00,0.37659923216889246,-10.313168532496851,10.712999158617324
2021-04-16 00:09:00,0.3823378706140601,-9.860585962599847,11.109803317295
2021-04-16 00:10:00,0.3882925310235148,-10.488079594885102,10.620709123708682
2021-04-16 00:11:00,0.39446259759236435,-10.522096026759778,10.144186635988401
2021-04-16 00:12:00,0.400847402400792,-10.51645515318073,11.653242562900497
2021-04-16 00:13:00,0.4074462251484263,-9.070153169341904,10.900761477638977
2021-04-16 00:14:00,0.41425829370877487,-10.002829516553584,10.959237269410615
2021-04-16 00:15:00,0.4212827840311961,-10.789595561391662,10.877979884932406
2021-04-16 00:16:00,0.42851882039278355,-9.943782505367393,11.240609555668623
2021-04-16 00:17:00,0.43596547565489097,-10.384179527605463,10.680423883480076
2021-04-16 00:18:00,0.44362177144098724,-9.788482446990605,11.034734429037927
2021-04-16 00:19:00,0.4514866783080288,-10.24000398695204,11.69579245621867
2021-04-16 00:20:00,0.45955911610916056,-9.414363307769811,11.449300872165438
2021-04-16 00:21:00,0.4678379540887859,-9.787202058754009,11.120615754654295
2021-04-16 00:22:00,0.47632201130894103,-9.740757675098989,11.147441478751157
2021-04-16 00:23:00,0.48501005685836185,-10.36041729719209,11.662405479471937
2021-04-16 00:24:00,0.4939008100650728,-10.156733710811615,11.646833829583958
2021-04-16 00:25:00,0.5029929409309699,-10.625829629861324,10.420640920751186
2021-04-16 00:26:00,0.5122850705176168,-9.056701731796466,11.212507224277351
2021-04-16 00:27:00,0.521775770890939,-10.04155721533312,11.414388141741899
2021-04-16 00:28:00,0.5314635660734724,-9.948427194600816,11.402252992565463
2021-04-16 00:29:00,0.5413469317614585,-9.78119973965176,11.560676138344215
2021-04-16 00:30:00,0.5514242961741753,-9.832059441757398,11.92108608429084
2021-04-16 00:31:00,0.5616940403659395,-10.034607188821704,10.607048269162599
2021-04-16 00:32:00,0.5721544982227948,-9.465156086326152,11.208344392928677
2021-04-16 00:33:00,0.5828039574805554,-10.217399107812588,11.184421037588903
2021-04-16 00:34:00,0.5936406597226949,-9.732246317148883,11.625496012197804
2021-04-16 00:35:00,0.6046628008668617,-9.804337537835906,11.894888243626259
2021-04-16 00:36:00,0.6158685318038689,-10.691881175543562,11.427402815106946
2021-04-16 00:37:00,0.6272559586004822,-9.897758842197716,11.777399873434117
2021-04-16 00:38:00,0.638823143189876,-10.07503667378788,11.021297030118408
2021-04-16 00:39:00,0.6505681037721248,-9.868461329726454,11.16522407214841
2021-04-16 00:40:00,0.6624888151738416,-9.584120859194648,10.636388210930301
2021-04-16 00:41:00,0.6745832095893611,-9.386309123814627,11.1581165988609
2021-04-16 00:42:00,0.686849176982928,-9.565647630987321,11.86916422241297
2021-04-16 00:43:00,0.6992845654839925,-10.368034126610796,11.197676878501127
2021-04-16 00:44:00,0.7118871822172494,-9.380394758359824,11.574667323066848
2021-04-16 00:45:00,0.7246547935297535,-10.027896349713034,11.859973664301307
2021-04-16 00:46:00,0.7375851257720273,-9.34035102886343,11.81576659903019
2021-04-16 00:47:00,0.7506758659651409,-10.131443243411479,10.928108172914277
2021-04-16 00:48:00,0.7639246618134244,-10.071716305183338,11.586193923483481
2021-04-16 00:49:00,0.7773291231963999,-9.687904703083452,10.595795448293938
2021-04-16 00:50:00,0.7908868217416969,-10.161612134098979,11.40750772544284
2021-04-16 00:51:00,0.8045952924123048,-10.325618662917664,11.338093998170375
2021-04-16 00:52:00,0.818452033477413,-9.103277776154483,12.340385974997265
2021-04-16 00:53:00,0.8324545072755762,-9.513538006244703,11.12330923170484
2021-04-16 00:54:00,0.8466001410168458,-9.229248873619497,11.725881335244
2021-04-16 00:55:00,0.8608863273520877,-9.337311439660784,12.146656282611586
2021-04-16 00:56:00,0.8753104248669645,-9.43163961957563,11.499457396167244
2021-04-16 00:57:00,0.8898697590423019,-9.322710612514449,12.14228660276384
2021-04-16 00:58:00,0.9045616226069912,-9.553454494809944,11.416659831296334
2021-04-16 00:59:00,0.9193832765229792,-9.156615264603431,12.383810023176824
2021-04-16 01:00:00,0.9343319505060484,-9.997836415755522,11.585509279879435
2021-04-16 01:01:00,0.9494048436432518,-9.797614573043184,11.931765070772068
2021-04-16 01:02:00,0.9645991252609563,-9.341155873525091,11.894066046220818
2021-04-16 01:03:00,0.9799119358247943,-9.677245790546658,12.32757803545464
2021-04-16 01:04:00,0.9953403868753721,-9.414643416807383,11.720894984534219
2021-04-16 01:05:00,1.0108815629333312,-9.454181607799965,11.883109356577453
2021-04-16 01:06:00,1.0265325209916092,-9.267940345472665,11.114220405176548
2021-04-16 01:07:00,1.0422902923504944,-8.888138492923852,11.457648684517043
2021-04-16 01:08:00,1.0581518827148608,-9.218019882321125,11.857280741033785
2021-04-16 01:09:00,1.0741142728713964,-9.126746125847594,11.861887219862302
2021-04-16 01:10:00,1.0901744200875298,-8.909134975132064,11.934452543123754
2021-04-16 01:11:00,1.1063292582832929,-9.09290776448715,11.484853174419834
2021-04-16 01:12:00,1.1225756989185893,-9.449090262625274,11.048107362782291
2021-04-16 01:13:00,1.138910632068212,-9.240556271851945,11.596441210324997
2021-04-16 01:14:00,1.1553309267316347,-9.847282861720782,11.765164110583024
2021-04-16 01:15:00,1.1718334320963963,-9.388658573639706,11.91955320682775
2021-04-16 01:16:00,1.1884149780572484,-9.391348850085823,11.847452591657847
2021-04-16 01:17:00,1.2050723759612199,-9.447114997060755,11.152414678245291
2021-04-16 01:18:00,1.2218024196234287,-10.320591255965018,11.084647082466496
2021-04-16 01:19:00,1.2386018860725327,-8.870796265865426,11.467409441750666
2021-04-16 01:20:00,1.2554675361472298,-10.42464174086156,11.980827134785658
2021-04-16 01:21:00,1.272396115655021,-10.518465757524798,11.731304336379416
2021-04-16 01:22:00,1.2893843558323874,-9.620886225400254,11.966374786680237
2021-04-16 01:23:00,1.3064289744579358,-8.817346074875498,11.740442025737387
2021-04-16 01:24:00,1.3235266767426979,-8.246492026523377,12.1805283728952
2021-04-16 01:25:00,1.340674155467954,-9.841914290843082,11.874182959602178
2021-04-16 01:26:00,1.3578680928288043,-9.542754101566775,11.254549997259879
2021-04-16 01:27:00,1.3751051605973972,-8.866735197400375,13.048874124958243
2021-04-16 01:28:00,1.3923820209302396,-8.740882500480073,12.130795175048217
2021-04-16 01:29:00,1.4096953276752768,-9.525371435649937,11.418845636202155
2021-04-16 01:30:00,1.427041726690629,-9.57489958963583,11.74467020310948
2021-04-16 01:31:00,1.4444178570544068,-9.213044395786353,11.351698137600222
2021-04-16 01:32:00,1.4618203517646933,-8.39709677521313,12.104101221712133
2021-04-16 01:33:00,1.479245838440474,-9.113322865167138,12.064404416091849
2021-04-16 01:34:00,1.4966909405394127,-8.26477015079279,12.169923491592032
2021-04-16 01:35:00,1.514152277667855,-9.20593606895085,12.051107685419112
2021-04-16 01:36:00,1.5316264669522546,-7.909970899574933,12.762337262715027
2021-04-16 01:37:00,1.5491101236470501,-8.318191668843284,11.704414931179516
2021-04-16 01:38:00,1.5665998617365648,-9.574485394431377,12.827832265157598
2021-04-16 01:39:00,1.5840922952134264,-8.951719367350897,12.207184813514779
2021-04-16 01:40:00,1.6015840388783258,-9.54867806023243,12.088325754974244
2021-04-16 01:41:00,1.6190717085061372,-8.667895243947681,12.168423077056952
2021-04-16 01:42:00,1.6365519228338512,-9.154119958430353,11.591399908474212
2021-04-16 01:43:00,1.654021303108554,-8.598781277426543,12.570827019984357
2021-04-16 01:44:00,1.6714764751763904,-9.210648568147283,11.888428603294578
2021-04-16 01:45:00,1.6889140694145117,-9.372525255346671,12.870706139182383
2021-04-16 01:46:00,1.706330721832042,-8.919545001187535,13.01016005099498
2021-04-16 01:47:00,1.7237230750261705,-8.514546967884007,12.007569289852926
2021-04-16 01:48:00,1.7410877790031292,-10.305514494757706,12.035918723538463
2021-04-16 01:49:00,1.7584214916483496,-9.504758039052025,11.948915185090975
2021-04-16 01:50:00,1.7757208801191697,-8.394017079561673,12.321789318904974
2021-04-16 01:51:00,1.79298262112054,-8.354196666725773,12.026411089831281
2021-04-16 01:52:00,1.8102034020679985,-9.292569728585045,12.393795066386184
2021-04-16 01:53:00,1.827379921855068,-8.950735991469095,12.660920207436616
2021-04-16 01:54:00,1.844508891415985,-8.925545631400965,11.20187035861867
2021-04-16 01:55:00,1.861587034778687,-8.828041015491646,12.140110677234361
2021-04-16 01:56:00,1.8786110900252315,-8.383828724050606,11.893333544139413
2021-04-16 01:57:00,1.8955778093679374,-8.820944166372556,12.060976246786806
2021-04-16 01:58:00,1.9124839608938053,-8.743255678339162,12.301576101492103
2021-04-16 01:59:00,1.9293263285132864,-9.273429143939333,12.499808767342225
2021-04-16 02:00:00,1.9461017133166405,-8.862536933393207,12.438022189094255
2021-04-16 02:01:00,1.9628069342716314,-8.981556599422557,12.048655792796023
2021-04-16 02:02:00,1.9794388283720328,-8.081880389340718,12.218818737517921
2021-04-16 02:03:00,1.995994252367308,-8.977041668485276,13.077795628506397
2021-04-16 02:04:00,2.012470082876519,-8.622650399661504,12.172518665650822
2021-04-16 02:05:00,2.0288632171853873,-8.066583601770551,12.708662695374914
2021-04-16 02:06:00,2.0451705742590005,-8.537081026258099,12.789907410328643
2021-04-16 02:07:00,2.0613890951703038,-9.133614947445954,12.125426620912647
2021-04-16 02:08:00,2.077515744156016,-8.323114319403633,13.267376430294153
2021-04-16 02:09:00,2.093547509093985,-9.142751178299049,11.902488595660751
2021-04-16 02:10:00,2.1094813990227905,-9.004888075494842,13.047509528705858
2021-04-16 02:11:00,2.1253144546013267,-7.637575247762092,11.809017042331153
2021-04-16 02:12:00,2.1410437392276163,-7.864203804936786,12.797385380507027
2021-04-16 02:13:00,2.156666342573243,-9.350486541820038,12.943955569175019
2021-04-16 02:14:00,2.17217938182974,-8.915342795450723,12.729361700347742
2021-04-16 02:15:00,2.1875800018743012,-8.594056300718671,12.86741421680069
2021-04-16 02:16:00,2.2028653762162413,-7.911792867458064,12.325371008051524
2021-04-16 02:17:00,2.2180327077857367,-8.231488245483972,13.029005274393331
2021-04-16 02:18:00,2.2330792290210963,-7.410768969201606,13.414920595846095
2021-04-16 02:19:00,2.2480022033493103,-8.71766981872573,12.549095060171357
2021-04-16 02:20:00,2.2627989248603138,-7.593702545934111,13.051806087342138
2021-04-16 02:21:00,2.277466719857483,-8.55343003857926,13.55471446017677
2021-04-16 02:22:00,2.292002946945379,-8.19111699185154,12.907853232857088
2021-04-16 02:23:00,2.3064049975406573,-9.010377977507117,13.28166609052971
2021-04-16 02:24:00,2.320670296930443,-8.075647902998663,12.96138229977005
2021-04-16 02:25:00,2.3347963044983264,-8.549261004346297,12.925669249589147
2021-04-16 02:26:00,2.348780514361397,-7.557984208560949,13.144478165366193
2021-04-16 02:27:00,2.3626204560788473,-7.979560208917255,12.558595314249953
2021-04-16 02:28:00,2.37631369499591,-7.969984868107953,13.22333405695672
2021-04-16 02:29:00,2.389857833056862,-8.373738182476838,13.141920919084864
2021-04-16 02:30:00,2.403250509115236,-7.469441669365952,14.07633943089164
2021-04-16 02:31:00,2.4164893994755046,-7.562570920949929,12.965980979610006
2021-04-16 02:32:00,2.429572218569012,-8.605793296235877,13.299606374432972
2021-04-16 02:33:00,2.4424967194667544,-7.37266824165862,13.483336061340616
2021-04-16 02:34:00,2.4552606939132358,-7.83828171574013,13.959885369285809
2021-04-16 02:35:00,2.4678619736069987,-8.036759763541188,12.54989964217828
2021-04-16 02:36:00,2.4802984298360986,-7.994729351057243,12.69894097666823
2021-04-16 02:37:00,2.49256797449835,-8.2373901078717,12.602793138602776
2021-04-16 02:38:00,2.5046685605853605,-8.124258595878027,13.291862576031471
2021-04-16 02:39:00,2.5165981819846115,-7.414548385107665,13.4354659848245
2021-04-16 02:40:00,2.528354874713837,-8.932564656234918,12.459611147494307
2021-04-16 02:41:00,2.5399367167827616,-8.286596538127947,12.686171789346966
2021-04-16 02:42:00,2.55134182873814,-6.885755735733123,13.446964114334309
2021-04-16 02:43:00,2.5625683742462115,-7.083287371342028,14.204009294436649
2021-04-16 02:44:00,2.5736145600681812,-7.423060134530958,13.344112254826102
2021-04-16 02:45:00,2.5844786368604806,-8.235968437150747,13.629790349644336
2021-04-16 02:46:00,2.595158899327664,-8.069983941429978,13.037746727082883
2021-04-16 02:47:00,2.6056536863753283,-8.063928129613,13.083288445562264
2021-04-16 02:48:00,2.6159613818445777,-7.976348753812058,13.137982056829651
2021-04-16 02:49:00,2.626080414507916,-7.962436894758947,13.275408920917329
2021-04-16 02:50:00,2.6360092584678823,-7.453970338886991,12.68621747313202
2021-04-16 02:51:00,2.645746433498722,-7.6596618115910715,12.980177221093902
2021-04-16 02:52:00,2.6552905052146243,-7.54373497012792,14.562369606223964
2021-04-16 02:53:00,2.664640085472148,-7.125634243351846,12.967439972610507
2021-04-16 02:54:00,2.673793832606979,-7.840718999129523,12.569057811885742
2021-04-16 02:55:00,2.682750451385812,-7.0644210302959465,13.04650210332142
2021-04-16 02:56:00,2.691508693694133,-8.184341172318884,12.449680747572765
2021-04-16 02:57:00,2.700067358484204,-7.748380573633705,13.64743931500061
2021-04-16 02:58:00,2.7084252918535126,-7.588542595953202,12.50537433414104
2021-04-16 02:59:00,2.716581387584357,-7.876004520254609,13.310339480836761
2021-04-16 03:00:00,2.724534587003398,-7.465410471844502,14.070961895957575
2021-04-16 03:01:00,2.7322838792795916,-7.830344301415808,13.875515578505418
2021-04-16 03:02:00,2.7398283016244287,-8.217862092406252,13.253779948162089
2021-04-16 03:03:00,2.747166939275739,-8.667933731031557,12.821918568151295
2021-04-16 03:04:00,2.75429892573898,-8.37683761702828,12.944753154530407
2021-04-16 03:05:00,2.761223442847574,-7.597170997712168,12.593219199003839
2021-04-16 03:06:00,2.7679397208542147,-8.214193597849032,12.929982615746342
2021-04-16 03:07:00,2.7744470386182645,-7.947339899957585,12.48510373732865
2021-04-16 03:08:00,2.78074472342243,-7.861705072926613,13.549094098515091
2021-04-16 03:09:00,2.7868321513325087,-7.664992165881877,13.956023595954544
2021-04-16 03:10:00,2.792708747092723,-8.308488935192855,13.398167029193159
2021-04-16 03:11:00,2.7983739840367168,-7.400400378607675,14.513279388190085
2021-04-16 03:12:00,2.8038273843706345,-8.058674495998668,12.57776291797901
2021-04-16 03:13:00,2.8090685189649376,-7.700147824018009,13.855417873027545
2021-04-16 03:14:00,2.814097007405452,-7.218257266487541,13.061520400184035
2021-04-16 03:15:00,2.8189125180517234,-7.5215565433136655,13.172123576759184
2021-04-16 03:16:00,2.82351476779495,-7.8206857075641,13.029107873458319
2021-04-16 03:17:00,2.8279035223187927,-7.28052251178088,13.456889449483983
2021-04-16 03:18:00,2.8320785957263888,-7.8079535742506225,13.526198828409749
2021-04-16 03:19:00,2.8360398506569884,-7.604017369851922,13.91323928401208
2021-04-16 03:20:00,2.839787198119032,-7.555074117006581,13.34717936694424
2021-04-16 03:21:00,2.843320597438587,-7.277097512872708,12.589569339539267
2021-04-16 03:22:00,2.8466400560804304,-7.331976497480788,13.029395831726282
2021-04-16 03:23:00,2.8497456296198584,-8.621497524540079,13.391944984863771
2021-04-16 03:24:00,2.8526374215104537,-7.546116932684219,13.628088071333298
2021-04-16 03:25:00,2.855315582943871,-7.818747107620882,13.242311482327041
2021-04-16 03:26:00,2.8577803127658905,-7.899470583318356,12.758975869975954
2021-04-16 03:27:00,2.8600318572152807,-8.08766797563085,13.577008526349445
2021-04-16 03:28:00,2.862070509741694,-8.257825122702878,13.691017061193916
2021-04-16 03:29:00,2.8638966108689647,-8.15798387399194,13.700365870186223
2021-04-16 03:30:00,2.865510547881262,-8.189735413807446,12.894825512663186
2021-04-16 03:31:00,2.8669127547483377,-8.102493308860495,13.744869402946868
2021-04-16 03:32:00,2.8681037116654515,-8.551486747683125,13.701755492111406
2021-04-16 03:33:00,2.8690839450570644,-7.872535802715815,13.282638008656255
2021-04-16 03:34:00,2.869854027095175,-7.68341645501256,13.150211755634018
2021-04-16 03:35:00,2.8704145755857873,-7.611745982358748,12.713562667914461
2021-04-16 03:36:00,2.8707662535597014,-8.751090783737636,13.35099233993537
2021-04-16 03:37:00,2.870909769076752,-7.917211767163031,13.802648086285362
2021-04-16 03:38:00,2.8708458748780488,-8.299854291051883,12.147979479319726
2021-04-16 03:39:00,2.8705753680099004,-8.022599270207245,13.537582457480523
2021-04-16 03:40:00,2.870099089595886,-8.328229949989156,12.835434584439422
2021-04-16 03:41:00,2.8694179244403446,-7.787533423598626,14.293239416869383
2021-04-16 03:42:00,2.868532800628058,-7.671032815765096,13.144326368632168
2021-04-16 03:43:00,2.867444689279897,-7.882127751174807,14.274675678849919
2021-04-16 03:44:00,2.8661546040334005,-8.215695266490867,13.543654489052088
2021-04-16 03:45:00,2.864663600805801,-7.6469637525060925,13.372293833422434
2021-04-16 03:46:00,2.862972777257321,-7.401900011044882,13.805875229598477
2021-04-16 03:47:00,2.861083272464599,-7.372643483604866,13.753663653165837
2021-04-16 03:48:00,2.8589962665520763,-7.604721283993369,12.940046432737155
2021-04-16 03:49:00,2.8567129800764515,-7.87050192237104,13.334298353826052
2021-04-16 03:50:00,2.8542346738594255,-7.977442832000936,12.492531503719771
2021-04-16 03:51:00,2.851562648260737,-6.826517443568995,14.409090217738205
2021-04-16 03:52:00,2.848698242914379,-8.323500487428472,12.797069942157782
2021-04-16 03:53:00,2.8456428362665065,-7.202368769411592,13.971313531506937
2021-04-16 03:54:00,2.842397844906033,-7.343385185275736,13.48387556206675
2021-04-16 03:55:00,2.8389647232965896,-8.090686396499407,13.29327419575456
2021-04-16 03:56:00,2.8353449631753325,-8.404095986134942,12.212554920036887
2021-04-16 03:57:00,2.831540093053441,-7.256083244589971,14.140043890824797
2021-04-16 03:58:00,2.827551677772637,-8.29898266423714,13.835708564557988
2021-04-16 03:59:00,2.8233813178700684,-8.175998966687951,13.41375240636633
2021-04-16 04:00:00,2.819030649110166,-7.20672161159765,14.326337958757724
2021-04-16 04:01:00,2.8145013420168192,-8.142624679231314,14.014158956002676
2021-04-16 04:02:00,2.8097951012118956,-7.660624119384094,13.985539232313982
2021-04-16 04:03:00,2.804913664879809,-8.209373236536319,12.33612410120141
2021-04-16 04:04:00,2.7998588043188217,-8.6631726149721,13.092710014105085
2021-04-16 04:05:00,2.79463232321694,-7.732101738890872,13.472118460723864
2021-04-16 04:06:00,2.7892360571998944,-7.544169543860856,13.523649796625099
2021-04-16 04:07:00,2.783671873194349,-8.08722063873734,13.696340415394127
2021-04-16 04:08:00,2.777941668724324,-7.972363266853734,13.564276593013176
2021-04-16 04:09:00,2.772047371670898,-7.519379441111515,13.726253416725418
2021-04-16 04:10:00,2.7659909391889856,-8.162991534789967,13.693784856876382
2021-04-16 04:11:00,2.759774357441221,-8.220296340503458,13.429612801648348
2021-04-16 04:12:00,2.7533996409236883,-8.118764686443017,12.3573514240815
2021-04-16 04:13:00,2.746868831686279,-8.330391777114473,13.796778754418018
2021-04-16 04:14:00,2.740183998934067,-7.518102565694568,13.621355628409738
2021-04-16 04:15:00,2.73334723818006,-8.27359495790116,13.518493599428027
2021-04-16 04:16:00,2.7263606707186874,-8.303718381507403,13.346396603074085
2021-04-16 04:17:00,2.7192264430205513,-7.342583105316961,12.487445894105871
2021-04-16 04:18:00,2.7119467259613863,-7.552764938903891,13.020165301260104
2021-04-16 04:19:00,2.7045237142265375,-7.33656127402918,13.363255151861315
2021-04-16 04:20:00,2.696959625726992,-8.329845198695036,12.807817230217667
2021-04-16 04:21:00,2.689256700763466,-8.160633024138585,12.668850844863204
2021-04-16 04:22:00,2.681417201570371,-7.531444202090387,13.43251070341706
2021-04-16 04:23:00,2.6734434114695906,-7.470817667707341,13.515657470921077
2021-04-16 04:24:00,2.6653376341349704,-7.957796915702673,12.60599765245294
2021-04-16 04:25:00,2.6571021933399375,-7.647914914192205,12.224761152796042
2021-04-16 04:26:00,2.6487394316627686,-7.764951609517834,12.4259827651924
2021-04-16 04:27:00,2.640251710220671,-8.514264959879759,13.411889755295764
2021-04-16 04:28:00,2.631641407933988,-8.064007457851842,13.006426860406732
2021-04-16 04:29:00,2.6229109206319134,-7.887750373606735,13.359831028974174
2021-04-16 04:30:00,2.6140626606213573,-8.840632252880628,13.96310276337351
2021-04-16 04:31:00,2.605099055758082,-7.740498394955022,13.6776353992661
2021-04-16 04:32:00,2.5960225488442115,-7.726793059387155,12.682136054596088
2021-04-16 04:33:00,2.5868355970294648,-8.408807912694279,12.690683798594574
2021-04-16 04:34:00,2.5775406708715387,-8.56800117381971,12.847799438930721
2021-04-16 04:35:00,2.5681402539021354,-8.078227324760856,12.611335797771186
2021-04-16 04:36:00,2.5586368416773015,-7.47011894990689,12.823882058170986
2021-04-16 04:37:00,2.5490329411805543,-7.705373465991089,13.140700842069913
2021-04-16 04:38:00,2.5393310702104195,-7.614623818090176,12.145310933716743
2021-04-16 04:39:00,2.5295337565088207,-8.159986765195548,13.292328590068168
2021-04-16 04:40:00,2.519643536950133,-7.949630500687814,13.498171949569967
2021-04-16 04:41:00,2.509662957343401,-7.7211209156244385,14.202984060860373
2021-04-16 04:42:00,2.499594571061497,-8.447459705540318,13.201683159378623
2021-04-16 04:43:00,2.489440938829996,-7.590306810398247,13.525520865676452
2021-04-16 04:44:00,2.4792046277613333,-7.8332754767222195,13.947276553425995
2021-04-16 04:45:00,2.46888821056069,-8.144254497745068,13.13612422712518
2021-04-16 04:46:00,2.4584942653325905,-8.253778994810204,13.326066986389291
2021-04-16 04:47:00,2.4480253741449634,-8.28923778880617,12.87694512360911
2021-04-16 04:48:00,2.437484122840788,-7.545316663112671,12.960485182685186
2021-04-16 04:49:00,2.426873100249435,-7.061870397928316,12.768923102139842
2021-04-16 04:50:00,2.416194897249203,-7.305572470643754,13.640360238558078
2021-04-16 04:51:00,2.4054521064126857,-8.433356326513783,13.83417063678229
2021-04-16 04:52:00,2.3946473209727572,-7.271929286990511,13.373263418147236
2021-04-16 04:53:00,2.3837831343025497,-8.084120327252625,12.86297779476842
2021-04-16 04:54:00,2.3728621392884315,-8.57065222929925,12.717865500231422
2021-04-16 04:55:00,2.3618869274468723,-7.746996677243298,12.512144800807086
2021-04-16 04:56:00,2.3508600883038824,-8.439328044446608,13.460574269448285
2021-04-16 04:57:00,2.3397842088596,-8.534737047763045,12.340963907090593
2021-04-16 04:58:00,2.3286618726331456,-8.796901775300972,12.48957754621284
2021-04-16 04:59:00,2.317495659271839,-8.1881440902795,13.560462272551385
2021-04-16 05:00:00,2.306288143641681,-8.457180273676792,12.597242373409278
2021-04-16 05:01:00,2.295041895095101,-8.719185445263134,12.800027361354568
2021-04-16 05:02:00,2.283759477345336,-7.750775523659383,12.900886105377747
2021-04-16 05:03:00,2.2724434470064843,-8.037217055756056,12.75713817244624
2021-04-16 05:04:00,2.2610963534618644,-7.708283117988074,12.14268168564164
2021-04-16 05:05:00,2.249720738208582,-7.540546491944896,13.020473862110707
2021-04-16 05:06:00,2.2383191338616015,-7.832692163107829,13.024387561256555
2021-04-16 05:07:00,2.226894063895367,-8.665534649941275,12.689261544748671
2021-04-16 05:08:00,2.2154480417144575,-8.179927177030013,12.980224148420998
2021-04-16 05:09:00,2.203983570128058,-7.520061192017817,12.989278615326597
2021-04-16 05:10:00,2.1925031408288636,-8.571303774372304,12.773742695463326
2021-04-16 05:11:00,2.181009233520497,-9.191525541623017,12.253060252733691
2021-04-16 05:12:00,2.169504315473736,-9.054236558897417,12.778505169736794
2021-04-16 05:13:00,2.157990840970548,-8.348993860110422,13.483754935662667
2021-04-16 05:14:00,2.146471250416045,-8.56865747129778,12.682498095513681
2021-04-16 05:15:00,2.1349479701455008,-8.180416976939943,12.27399129651495
2021-04-16 05:16:00,2.1234234114564567,-8.911844304936293,12.857458235687172
2021-04-16 05:17:00,2.111899970042659,-8.157684724558651,12.155083407540241
2021-04-16 05:18:00,2.1003800259384433,-8.215244372923037,13.0254550869415
2021-04-16 05:19:00,2.0888659420530287,-8.36360040296154,13.047327897614242
2021-04-16 05:20:00,2.0773600645546515,-8.541586592389184,12.483368790214305
2021-04-16 05:21:00,2.065864721572827,-9.133099434143755,12.819729544346446
2021-04-16 05:22:00,2.054382222832171,-8.085053766040673,13.388222396060195
2021-04-16 05:23:00,2.0429148595941684,-8.931496071085464,11.879636527710128
2021-04-16 05:24:00,2.031464903327316,-8.995660079148012,12.341959774930283
2021-04-16 05:25:00,2.020034605690829,-8.628535586972218,12.077529185531267
2021-04-16 05:26:00,2.008626198055015,-8.488620168991718,12.33428476888377
2021-04-16 05:27:00,1.9972418905920266,-8.622060679762672,12.921315896186572
2021-04-16 05:28:00,1.9858838721895065,-8.093450829937284,12.808897613232833
2021-04-16 05:29:00,1.9745543096852338,-8.45799270981137,13.003698935985014
2021-04-16 05:30:00,1.9632553474102563,-8.301076263258569,13.162324565835117
2021-04-16 05:31:00,1.951989106899224,-8.04699719478466,12.245245947463795
2021-04-16 05:32:00,1.9407576861809506,-8.622800595723223,13.27693389697921
2021-04-16 05:33:00,1.9295631594185845,-9.202666601394098,12.731857206327787
2021-04-16 05:34:00,1.9184075765549253,-8.999994083968184,12.118327390805606
2021-04-16 05:35:00,1.90729296258443,-8.475613012548912,10.898621368680464
2021-04-16 05:36:00,1.8962213175438418,-9.125998789545875,12.939072302898582
2021-04-16 05:37:00,1.8851946156753314,-8.960679951756344,12.79399768360692
2021-04-16 05:38:00,1.8742148050779794,-8.670333118183429,13.090436540119056
2021-04-16 05:39:00,1.8632838077776874,-8.587887040071982,12.139470257881719
2021-04-16 05:40:00,1.8524035185830208,-7.719419840549899,13.419162121400737
2021-04-16 05:41:00,1.8415758051921411,-9.156120814296116,12.000935623252662
2021-04-16 05:42:00,1.8308025077833927,-8.533885384717747,12.56703808870942
2021-04-16 05:43:00,1.820085438441934,-8.134900251576568,13.218432451635673
2021-04-16 05:44:00,1.8094263810360833,-8.774733756868264,12.611335928275185
2021-04-16 05:45:00,1.7988270598900076,-8.620661921307935,12.580006030774653
2021-04-16 05:46:00,1.7882892318314452,-7.669054977199066,12.295685088843735
2021-04-16 05:47:00,1.7778145936617118,-8.421618601708566,13.05877128504017
2021-04-16 05:48:00,1.7674048124749435,-9.459008884394192,12.700584059667934
2021-04-16 05:49:00,1.7570615253106485,-9.15418920782487,12.147493048674697
2021-04-16 05:50:00,1.746786339165278,-8.443421659965777,12.749751398135189
2021-04-16 05:51:00,1.7365808302455905,-8.925087160040912,11.44431074013022
2021-04-16 05:52:00,1.726446544109146,-9.25433882863585,12.69900089737627
2021-04-16 05:53:00,1.716384995184829,-8.386286909582461,11.767473116155285
2021-04-16 05:54:00,1.7063976664146667,-8.298421623623218,12.293344148200553
2021-04-16 05:55:00,1.6964860094485947,-8.841555821332886,11.815803441830035
2021-04-16 05:56:00,1.6866514438329674,-8.416256845650343,11.94311193851695
2021-04-16 05:57:00,1.6768953572290843,-9.416330770240886,11.731903757634825
2021-04-16 05:58:00,1.6672191050907206,-8.858893673682667,11.488667862714692
2021-04-16 05:59:00,1.6576240102179982,-9.19503522229175,12.384360888235447
2021-04-16 06:00:00,1.6481113631848394,-8.917072336548191,12.173166176202383
2021-04-16 06:01:00,1.6386824212867066,-8.813624268516524,12.896372465645438
2021-04-16 06:02:00,1.6293384091080352,-7.933822311922654,11.422439610626904
2021-04-16 06:03:00,1.6200805180887525,-9.044625429065272,12.182499048996812
2021-04-16 06:04:00,1.6109099063291796,-8.985460983895141,12.402219118057177
2021-04-16 06:05:00,1.6018276986130813,-9.650796461617398,12.12931403832477
2021-04-16 06:06:00,1.5928349860744813,-8.327422730198052,12.16142215992337
2021-04-16 06:07:00,1.583932826283915,-9.098932934706513,12.262966218855833
2021-04-16 06:08:00,1.5751222431187353,-8.768256714997625,12.734125751501466
2021-04-16 06:09:00,1.5664042265102442,-9.437116737098716,12.52900858928306
2021-04-16 06:10:00,1.5577797325616634,-9.170855517264952,11.305243456553393
2021-04-16 06:11:00,1.5492496834221667,-9.519818093321101,12.44400675716434
2021-04-16 06:12:00,1.5408149671610054,-9.193864622827325,12.92548853265488
2021-04-16 06:13:00,1.5324764378303892,-8.483400033485733,12.079994147604364
2021-04-16 06:14:00,1.5242349154031474,-8.838545395237595,12.090833204979285
2021-04-16 06:15:00,1.5160911855028054,-9.065030992754199,11.789860096192095
2021-04-16 06:16:00,1.5080459999894191,-9.148084409282834,12.282397868891668
2021-04-16 06:17:00,1.500100076265201,-9.437326955187753,11.811036176510363
2021-04-16 06:18:00,1.4922540977568006,-9.687301020304842,12.267542453077063
2021-04-16 06:19:00,1.4845087138076538,-9.526105273998649,12.612986604060415
2021-04-16 06:20:00,1.4768645395451676,-8.646595679588089,11.714734113313051
2021-04-16 06:21:00,1.4693221562894117,-10.417325533778003,11.632895172022383
2021-04-16 06:22:00,1.4618821112027582,-8.948316233843089,11.311692446809518
2021-04-16 06:23:00,1.4545449175402485,-9.757021692701603,11.56133792273659
2021-04-16 06:24:00,1.4473110549053751,-9.438117391945797,11.42637480948354
2021-04-16 06:25:00,1.4401809689477247,-8.861089249527272,11.994640967023601
2021-04-16 06:26:00,1.4331550717720234,-9.323474732823946,11.76443706223363
2021-04-16 06:27:00,1.426233741938281,-8.363276595959267,12.006036666719218
2021-04-16 06:28:00,1.4194173245518842,-8.435754792103769,11.635024986530803
2021-04-16 06:29:00,1.412706131477275,-9.071015434477257,11.709524750646157
2021-04-16 06:30:00,1.4061004413546758,-9.275970411382014,11.99875068397048
2021-04-16 06:31:00,1.399600499766774,-9.719770431358514,11.71039770452249
2021-04-16 06:32:00,1.393206519662927,-8.981876603781787,12.564527852550068
2021-04-16 06:33:00,1.3869186810972967,-10.45678664565534,12.042563310336785
2021-04-16 06:34:00,1.3807371316480588,-9.369131741867994,11.872399014661207
2021-04-16 06:35:00,1.374661986745867,-8.472201704520243,11.818539850392598
2021-04-16 06:36:00,1.3686933294785062,-9.01165033420685,11.38082487718545
2021-04-16 06:37:00,1.3628312112709429,-8.506309423396221,11.939953185864347
2021-04-16 06:38:00,1.3570756516698534,-9.420684603022822,12.50509191365945
2021-04-16 06:39:00,1.351426638808228,-8.585179175015913,12.353057422431423
2021-04-16 06:40:00,1.3458841296561355,-8.646223248472758,13.167424405045216
2021-04-16 06:41:00,1.340448050174564,-9.186169093865429,12.428206792901836
2021-04-16 06:42:00,1.3351182956086225,-9.280726648694728,11.37197876764497
2021-04-16 06:43:00,1.329894730783853,-8.587479240579905,11.745598344418172
2021-04-16 06:44:00,1.3247771902373389,-9.788901210765198,11.53086239094357
2021-04-16 06:45:00,1.3197654787975908,-9.289406734772804,11.831314354699012
2021-04-16 06:46:00,1.3148593715323673,-8.779944000532735,11.817735358953858
2021-04-16 06:47:00,1.310058614209343,-8.32018091298496,11.819585550490954
2021-04-16 06:48:00,1.3053629237574755,-9.679974309066786,11.44671185409729
2021-04-16 06:49:00,1.3007719882513462,-9.812347962776263,12.3631485637519
2021-04-16 06:50:00,1.2962854675191036,-9.352439195530156,12.594168579754603
2021-04-16 06:51:00,1.2919029933725443,-9.335992107078336,11.314659571828647
2021-04-16 06:52:00,1.2876241698544209,-9.417457437096408,11.527958814815351
2021-04-16 06:53:00,1.283448573878189,-8.858967157127188,11.884734492604482
2021-04-16 06:54:00,1.2793757551513076,-9.327754502842883,11.632025084604422
2021-04-16 06:55:00,1.2754052369540982,-8.948126769884686,11.784830749010794
2021-04-16 06:56:00,1.2715365162880454,-9.374273932249343,11.832538531708932
2021-04-16 06:57:00,1.2677690643155906,-9.407139513497345,12.485358268992046
2021-04-16 06:58:00,1.2641023267345532,-9.98652880625593,12.275053830629899
2021-04-16 06:59:00,1.2605357242096495,-8.912236204856464,11.935314068834362
2021-04-16 07:00:00,1.2570686526733446,-9.589133095386133,11.49686847552455
2021-04-16 07:01:00,1.2537004838697448,-8.72417331725649,12.827330814259646
2021-04-16 07:02:00,1.2504305657126746,-9.698910079598745,12.26613825083771
2021-04-16 07:03:00,1.247258222629853,-9.5069892231212,12.789894228291942
2021-04-16 07:04:00,1.2441827561218393,-9.24870040586354,11.839694971805885
2021-04-16 07:05:00,1.241203445124882,-9.575155701214507,11.202603749860927
2021-04-16 07:06:00,1.238319546446399,-10.13086144553213,11.379619287732808
2021-04-16 07:07:00,1.2355302952778962,-9.218984004255317,12.149049079727194
2021-04-16 07:08:00,1.2328349054286494,-9.760633229648471,12.461410810344114
2021-04-16 07:09:00,1.2302325702240133,-9.319479120818945,12.406229972906036
2021-04-16 07:10:00,1.227722462416533,-8.369458934386884,11.571024737284864
2021-04-16 07:11:00,1.2253037350928537,-9.96981812220291,11.978255229624123
2021-04-16 07:12:00,1.2229755219257927,-9.715827904272809,11.635563297609462
2021-04-16 07:13:00,1.2207369377271315,-9.10396806374096,11.839240471658526
2021-04-16 07:14:00,1.2185870789107116,-9.36614334653046,11.596799496189144
2021-04-16 07:15:00,1.2165250239280847,-9.378303861507309,11.771050876670273
2021-04-16 07:16:00,1.214549833874635,-9.272950916646183,12.446926507332384
2021-04-16 07:17:00,1.2126605529004992,-9.033685210578671,11.837898025240916
2021-04-16 07:18:00,1.2108562086806582,-10.025828631210514,12.171425395157916
2021-04-16 07:19:00,1.2091358130280092,-9.350655912160157,11.48394805269101
2021-04-16 07:20:00,1.207498362295624,-9.616766990062146,11.955023262997626
2021-04-16 07:21:00,1.2059428379503585,-8.910174698457451,11.706092918450468
2021-04-16 07:22:00,1.2044682070358623,-9.47498784875413,11.772764659872673
2021-04-16 07:23:00,1.2030734227653306,-9.32957836768374,13.526639121193346
2021-04-16 07:24:00,1.201757424875822,-9.604255607961454,11.945113424062923
2021-04-16 07:25:00,1.2005191403811062,-9.531912235881974,12.295678192066928
2021-04-16 07:26:00,1.1993574839351924,-9.314802579539716,12.408769057913835
2021-04-16 07:27:00,1.198271358382505,-9.121810387307258,11.744958614613163
2021-04-16 07:28:00,1.1972596553104062,-10.12277849902381,11.539092516826175
2021-04-16 07:29:00,1.1963212555606677,-9.8402917892842,11.449179695945503
2021-04-16 07:30:00,1.1954550298185436,-9.058763950910613,11.794313019412503
2021-04-16 07:31:00,1.1946598390586776,-9.03262845472828,11.233403924501253
2021-04-16 07:32:00,1.1939345350949453,-9.021100748709951,11.694986193301174
2021-04-16 07:33:00,1.1932779612349107,-9.452077736227121,12.935034822818421
2021-04-16 07:34:00,1.1926889526288265,-9.329709555708055,11.218627326197767
2021-04-16 07:35:00,1.1921663369449784,-9.355265111657145,11.470328404478416
2021-04-16 07:36:00,1.1917089348704468,-10.005084588311597,12.898325059362438
2021-04-16 07:37:00,1.1913155606459724,-9.859848338520507,11.939636776824353
2021-04-16 07:38:00,1.1909850225990934,-9.798255449659559,12.127532791159116
2021-04-16 07:39:00,1.1907161236625732,-9.1068669456677,12.500996776374002
2021-04-16 07:40:00,1.190507661989436,-8.884793718050357,11.608315329942142
2021-04-16 07:41:00,1.1903584314194062,-9.789888037709472,11.07257380581784
2021-04-16 07:42:00,1.1902672220085095,-9.541771159506327,11.7301315512973
2021-04-16 07:43:00,1.1902328206764565,-9.398510856071258,11.893287339975874
2021-04-16 07:44:00,1.1902540115888312,-9.487314782791167,11.847677477748976
2021-04-16 07:45:00,1.1903295768013238,-9.393605617453002,11.348338316249514
2021-04-16 07:46:00,1.1904582967760513,-9.667413324087695,11.19704797761772
2021-04-16 07:47:00,1.190638950887845,-9.88650900268701,11.715405189463839
2021-04-16 07:48:00,1.1908703179560216,-9.57697130026591,11.139309755423312
2021-04-16 07:49:00,1.1911511768010494,-9.516592069571905,11.565016530531173
2021-04-16 07:50:00,1.1914803067739235,-9.874951265282801,12.186363470166771
2021-04-16 07:51:00,1.1918564882389233,-8.693293042726525,11.349761041838445
2021-04-16 07:52:00,1.1922785031590277,-9.767480643644317,11.778849232971686
2021-04-16 07:53:00,1.1927451355341852,-9.391848933930149,11.129502791126429
2021-04-16 07:54:00,1.1932551720334676,-9.283834606425,11.626585262932776
2021-04-16 07:55:00,1.1938074023938632,-8.671589487554485,12.314597097103317
2021-04-16 07:56:00,1.1944006199871111,-9.006168900761223,11.65763573491038
2021-04-16 07:57:00,1.1950336223740174,-9.096472565208172,11.737948728863477
2021-04-16 07:58:00,1.1957052117118423,-9.617621059777935,12.210541057233991
2021-04-16 07:59:00,1.196414195326705,-9.663480320793948,11.688878915428234
2021-04-16 08:00:00,1.1971593862060046,-9.960948836034301,11.61623437864563
2021-04-16 08:01:00,1.1979396034663707,-9.819057474870375,12.149413771510627
2021-04-16 08:02:00,1.198753672875979,-9.044046108691909,12.157846259455816
2021-04-16 08:03:00,1.1996004272908307,-8.675199314735618,10.879952052489474
2021-04-16 08:04:00,1.2004787072099288,-9.441717778636168,12.110393960444622
2021-04-16 08:05:00,1.2013873611963373,-8.30712480788533,11.508546594209733
2021-04-16 08:06:00,1.2023252463711172,-9.27515300345375,12.05095001333677
2021-04-16 08:07:00,1.2032912288792943,-9.2723766706799,11.983921348202957
2021-04-16 08:08:00,1.2042841843585652,-9.561621740188732,11.998959233322516
2021-04-16 08:09:00,1.2053029983799113,-10.249212366064722,11.971522184120127
2021-04-16 08:10:00,1.2063465669180589,-8.883768569817638,12.715322780812574
2021-04-16 08:11:00,1.2074137968075807,-9.975032192412698,12.434364753474219
2021-04-16 08:12:00,1.208503606151547,-9.765961409752814,12.443351700204103
2021-04-16 08:13:00,1.2096149247836778,-9.041484135048352,11.179263270102249
2021-04-16 08:14:00,1.2107466947033452,-10.15405469126954,11.417798653395431
2021-04-16 08:15:00,1.2118978704724348,-9.66989035236183,12.018015780735933
2021-04-16 08:16:00,1.213067419667126,-9.62954921143755,10.878094485429278
2021-04-16 08:17:00,1.2142543232537517,-9.530091815920915,11.146126405665882
2021-04-16 08:18:00,1.215457576034362,-8.936222786412591,11.09366732206506
2021-04-16 08:19:00,1.216676187007827,-8.89136888697791,12.485948418750185
2021-04-16 08:20:00,1.217909179782966,-9.528210387148297,12.572603879879573
2021-04-16 08:21:00,1.2191555929652802,-8.956081701988628,11.651119917082728
2021-04-16 08:22:00,1.2204144805303616,-9.185420781278506,11.802204324540293
2021-04-16 08:23:00,1.2216849121812086,-9.204775867292458,12.074165647171062
2021-04-16 08:24:00,1.2229659737403393,-9.849634075710803,11.620419298016982
2021-04-16 08:25:00,1.2242567674891367,-8.71677794862332,12.129093118297924
2021-04-16 08:26:00,1.2255564125159115,-9.500532157973968,11.8798501430313
2021-04-16 08:27:00,1.2268640450641732,-9.797436642741655,11.587877133459259
2021-04-16 08:28:00,1.2281788188666651,-8.97878899211281,11.283511490980572
2021-04-16 08:29:00,1.2294999054673765,-9.01863115675611,11.70555557051808
2021-04-16 08:30:00,1.2308264945452856,-9.365022836089548,11.372609435207858
2021-04-16 08:31:00,1.2321577942195288,-9.847449535839065,11.749215024238833
2021-04-16 08:32:00,1.2334930313561516,-9.613586621447611,11.430946946072785
2021-04-16 08:33:00,1.2348314518622368,-9.445785407561234,12.177849647322367
2021-04-16 08:34:00,1.2361723209693298,-9.380108434682795,11.813879415545792
2021-04-16 08:35:00,1.2375149235125904,-8.434079545565151,11.26415104625098
2021-04-16 08:36:00,1.238858564199702,-9.643336017863106,11.892011394007122
2021-04-16 08:37:00,1.2402025678755773,-9.481757490357634,11.31295865225611
2021-04-16 08:38:00,1.241546279769739,-9.163292945534334,12.089210267037924
2021-04-16 08:39:00,1.2428890657374567,-9.117048971525428,12.510904964881169
2021-04-16 08:40:00,1.244230312500885,-9.580826812357529,11.772994455414175
2021-04-16 08:41:00,1.2455694278796465,-9.638795451897023,12.333381118572898
2021-04-16 08:42:00,1.2469058409829694,-9.250915489043685,11.377593969163895
2021-04-16 08:43:00,1.2482390024545784,-9.390041112028857,11.903157604197077
2021-04-16 08:44:00,1.249568384639471,-9.318775221904655,11.899657350979268
2021-04-16 08:45:00,1.2508934817937454,-8.965039121958656,11.93738488313447
2021-04-16 08:46:00,1.2522138102499023,-8.482415813684804,12.169797219052592
2021-04-16 08:47:00,1.2535289086028392,-9.488177630806412,12.345085433451443
2021-04-16 08:48:00,1.2548383378731134,-9.335832900003007,11.742197551955114
2021-04-16 08:49:00,1.2561416816346678,-8.839732361964224,11.686943489025184
2021-04-16 08:50:00,1.2574385461876632,-9.367754076275173,11.60519914177422
2021-04-16 08:51:00,1.2587285606914251,-10.124151515761195,11.661948879044637
2021-04-16 08:52:00,1.2600113772488313,-9.252047889269095,12.319732036182282
2021-04-16 08:53:00,1.26128667108724,-10.185439428075998,11.986548745963901
2021-04-16 08:54:00,1.2625541405990086,-8.791337459623733,12.304897649656162
2021-04-16 08:55:00,1.263813507491233,-8.018343348649019,12.19779108644078
2021-04-16 08:56:00,1.2650645168207735,-9.38313629627246,12.018969728760947
2021-04-16 08:57:00,1.2663069371343547,-9.469398223222134,11.896339359891858
2021-04-16 08:58:00,1.267540560475858,-9.552799199107783,11.977163259925952
2021-04-16 08:59:00,1.2687652024727596,-9.21021827670107,12.432273129227818
2021-04-16 09:00:00,1.2699807023858516,-9.333592110085421,11.941922720889066
2021-04-16 09:01:00,1.271186923130747,-9.535134507317734,12.15047785386264
2021-04-16 09:02:00,1.2723837513478116,-9.24828139277856,12.40685665787518
2021-04-16 09:03:00,1.273571097344761,-10.22953729265339,11.790218518769592
2021-04-16 09:04:00,1.2747488951963568,-9.785823337508587,11.505505239881238
2021-04-16 09:05:00,1.2759171026909657,-8.854978619464813,12.501536192252306
2021-04-16 09:06:00,1.2770757013056926,-9.211246463133824,11.071095258159616
2021-04-16 09:07:00,1.2782246962469281,-9.10154224506601,12.395975405390676
2021-04-16 09:08:00,1.2793641163790017,-8.901732754866408,11.854024611639641
2021-04-16 09:09:00,1.2804940141785002,-9.623632325567286,11.157617260383544
2021-04-16 09:10:00,1.2816144657002182,-8.62502050229771,12.118421780162677
2021-04-16 09:11:00,1.2827255705363507,-9.907916160724493,11.958842596767756
2021-04-16 09:12:00,1.283827451747391,-8.43489360037212,12.712731303032314
2021-04-16 09:13:00,1.2849202557175219,-8.452808266266702,12.140519686475718
2021-04-16 09:14:00,1.286004152183157,-9.496666549589634,12.100895571391813
2021-04-16 09:15:00,1.287079334034203,-9.321628098702329,12.184362677164557
2021-04-16 09:16:00,1.28814601727372,-8.844686714668084,12.485652098267314
2021-04-16 09:17:00,1.2892044408569143,-9.409087808613036,11.430238526012271
2021-04-16 09:18:00,1.2902548666213942,-9.507169501609905,11.844500132475918
2021-04-16 09:19:00,1.29129758070345,-8.48925999187512,12.85433691246729
2021-04-16 09:20:00,1.2923328886127758,-9.599103795474116,12.613841007941646
2021-04-16 09:21:00,1.2933611199020896,-8.897555097162538,11.669258425392217
2021-04-16 09:22:00,1.2943826264011147,-10.046678834444013,12.20485096223597
2021-04-16 09:23:00,1.2953977819863347,-8.857582539266774,11.62192247313865
2021-04-16 09:24:00,1.296406982505608,-9.048713672958518,11.738830817970825
2021-04-16 09:25:00,1.2974106454810346,-9.02737180569504,11.812526177874098
2021-04-16 09:26:00,1.298409210036017,-8.325574473363758,11.644263710131886
2021-04-16 09:27:00,1.2994031365419416,-8.892940845814302,11.757277367686791
2021-04-16 09:28:00,1.3003929065524158,-9.986892741984947,11.99987257570026
2021-04-16 09:29:00,1.3013790224986077,-8.990301441021785,12.093572076409904
2021-04-16 09:30:00,1.3023620074309898,-8.489163194550303,11.402191502106527
2021-04-16 09:31:00,1.3033424048766364,-8.807528405738553,11.643615190395403
2021-04-16 09:32:00,1.3043207785258844,-9.403351477526579,12.106138965187847
2021-04-16 09:33:00,1.305297711958779,-9.798044685394915,11.18302230222016
2021-04-16 09:34:00,1.3062738084265901,-9.634636733691512,11.123738148868474
2021-04-16 09:35:00,1.3072496905585824,-9.396434139897195,11.727711184479002
2021-04-16 09:36:00,1.3082260001395252,-9.78918788391422,11.965133737189445
2021-04-16 09:37:00,1.3092033976570798,-9.452371024442217,11.811841773883042
2021-04-16 09:38:00,1.3101825622411893,-9.21883809842776,12.18076301577677
2021-04-16 09:39:00,1.3111641911398042,-9.236429236611007,12.398022279968782
2021-04-16 09:40:00,1.3121489995769595,-9.99639090409694,11.5701894114883
2021-04-16 09:41:00,1.3131377202949506,-9.863041740596858,12.035321258488421
2021-04-16 09:42:00,1.3141311033583096,-9.36140970200919,11.894920016349028
2021-04-16 09:43:00,1.3151299157455503,-9.32918933225775,12.056748618639542
2021-04-16 09:44:00,1.3161349409785148,-9.593040321154405,11.46198694655309
2021-04-16 09:45:00,1.3171469788633616,-9.789254447737076,11.204745021043859
2021-04-16 09:46:00,1.3181668451084798,-9.841849990598012,11.302657333583092
2021-04-16 09:47:00,1.319195370883528,-9.42189998720991,12.56121724705672
2021-04-16 09:48:00,1.3202334025889346,-8.767894276256857,11.993787793260092
2021-04-16 09:49:00,1.3212818013434,-9.465570221476963,11.963005249213722
2021-04-16 09:50:00,1.322341442738744,-9.125685674174443,12.167699534661221
2021-04-16 09:51:00,1.3234132163072445,-10.508927775179481,11.804532072365815
2021-04-16 09:52:00,1.3244980252979441,-10.251038935339349,12.31583343583218
2021-04-16 09:53:00,1.3255967861343605,-9.217170391132289,11.890488603770951
2021-04-16 09:54:00,1.3267104280752193,-8.681137193560144,11.852183954709393
2021-04-16 09:55:00,1.32783989277248,-9.23222865667621,12.394494529190624
2021-04-16 09:56:00,1.328986133913405,-9.152117368487,12.727898243280123
2021-04-16 09:57:00,1.3301501167898895,-8.926635380360322,12.020441438166438
2021-04-16 09:58:00,1.3313328177545356,-9.201244611659314,12.62734522189094
2021-04-16 09:59:00,1.3325352239729624,-9.542834458873465,11.523610934349776
2021-04-16 10:00:00,1.3337583329009424,-9.123231095390699,12.735312493268328
2021-04-16 10:01:00,1.335003151752551,-9.732782665484082,11.675846808109235
2021-04-16 10:02:00,1.3362706972610114,-9.016799667070329,12.120303215109812
2021-04-16 10:03:00,1.3375619950188007,-9.128999198595512,11.836135275627125
2021-04-16 10:04:00,1.3388780791972916,-8.98468218564983,11.970635455578405
2021-04-16 10:05:00,1.3402199919415845,-9.015665202363696,12.473557042883712
2021-04-16 10:06:00,1.3415887830258062,-9.525595643359067,11.407619832735078
2021-04-16 10:07:00,1.3429855093556866,-9.274637285347273,11.817903471212558
2021-04-16 10:08:00,1.3444112344408137,-8.865001676120649,12.800001984603748
2021-04-16 10:09:00,1.345867027977243,-8.753437984090336,11.311869578267059
2021-04-16 10:10:00,1.3473539654053432,-8.904743756031309,11.588004318736463
2021-04-16 10:11:00,1.348873127336574,-9.70910804561913,11.65004145885091
2021-04-16 10:12:00,1.3504255991481398,-9.394056461265608,10.947002513716077
2021-04-16 10:13:00,1.3520124704653753,-9.381444900650116,11.460405810066998
2021-04-16 10:14:00,1.3536348346911384,-8.893687155973822,12.079392995951354
2021-04-16 10:15:00,1.3552937884864191,-9.24107585504262,11.664198236829911
2021-04-16 10:16:00,1.3569904313462025,-9.1014402007767,11.862077866779673
2021-04-16 10:17:00,1.3587258650442786,-8.907174370915076,11.854159723727204
2021-04-16 10:18:00,1.360501193128112,-8.798557603440642,12.871578005800222
2021-04-16 10:19:00,1.3623175204482232,-9.212565642890109,11.030230487685031
2021-04-16 10:20:00,1.3641759526840413,-9.606469197139424,11.769677017209874
2021-04-16 10:21:00,1.3660775958540023,-9.45907363584794,11.700905869025831
2021-04-16 10:22:00,1.36802355566592,-9.480857824827883,12.763600699287286
2021-04-16 10:23:00,1.3700149372316242,-9.504826323582439,12.127545670256895
2021-04-16 10:24:00,1.3720528444603886,-10.090345481133381,11.875612892711949
2021-04-16 10:25:00,1.374138379448223,-8.65051972398829,11.35735112801765
2021-04-16 10:26:00,1.3762726422013425,-9.783145674813278,12.079467314848277
2021-04-16 10:27:00,1.378456729946557,-9.391137066733386,11.624935232309664
2021-04-16 10:28:00,1.3806917366932885,-9.358340508256038,11.930277763027403
2021-04-16 10:29:00,1.3829787527425381,-9.506770887380034,12.572645546327653
2021-04-16 10:30:00,1.3853188641195413,-8.690065922937185,11.530477569428625
2021-04-16 10:31:00,1.3877131522186692,-8.899875459722185,12.703089545950116
2021-04-16 10:32:00,1.3901626930775803,-8.528722288001093,12.151007644810974
2021-04-16 10:33:00,1.3926685570744788,-8.761264629051066,12.093513825836098
2021-04-16 10:34:00,1.3952318082853865,-9.71888685292911,11.52979601390357
2021-04-16 10:35:00,1.3978535041019866,-9.652094340910839,12.224244590373246
2021-04-16 10:36:00,1.4005346946036492,-9.498990219334761,11.618708081077097
2021-04-16 10:37:00,1.4032764222076661,-9.600866927023038,12.06420688802765
2021-04-16 10:38:00,1.4060797210589981,-9.331908622439544,11.855420408362223
2021-04-16 10:39:00,1.408945616529735,-10.416230889810135,11.6307969301458
2021-04-16 10:40:00,1.4118751248467545,-9.362888390219986,12.141834439875662
2021-04-16 10:41:00,1.4148692524858828,-8.196054190493573,11.006960382697217
2021-04-16 10:42:00,1.4179289956949108,-8.435506971708195,11.978771075338745
2021-04-16 10:43:00,1.4210553400866162,-8.298827209719306,12.937665682439718
2021-04-16 10:44:00,1.4242492600275465,-8.836474009544851,11.679826339595563
2021-04-16 10:45:00,1.4275117183919104,-9.49942193683933,12.003405140542467
2021-04-16 10:46:00,1.4308436656923744,-8.725021854598142,12.838154136357453
2021-04-16 10:47:00,1.4342460400794979,-9.289978343466315,10.853698804777155
2021-04-16 10:48:00,1.437719766494879,-8.505006542748745,12.428738167124813
2021-04-16 10:49:00,1.4412657563603495,-9.533317398377967,11.582981365956561
2021-04-16 10:50:00,1.4448849071316856,-9.195805791609182,12.042140105224117
2021-04-16 10:51:00,1.4485781018103374,-9.24067399143516,12.496049991790553
2021-04-16 10:52:00,1.4523462084825682,-9.013787291585633,12.107058856399428
2021-04-16 10:53:00,1.4561900798410758,-8.953258850072208,11.683180305500727
2021-04-16 10:54:00,1.4601105527898082,-9.373390998600433,11.716561920011161
2021-04-16 10:55:00,1.4641084480293218,-8.58152169344113,12.738941283095391
2021-04-16 10:56:00,1.4681845695022284,-9.321087370282305,12.800771257208927
2021-04-16 10:57:00,1.472339704084027,-8.110359297916059,12.933677180713511
2021-04-16 10:58:00,1.4765746210730937,-9.327457969590949,12.283102089010827
2021-04-16 10:59:00,1.4808900718341986,-8.658475959075641,11.39387860766172
2021-04-16 11:00:00,1.4852867893030375,-8.92308077631486,12.405094385892156
2021-04-16 11:01:00,1.4897654876961832,-8.886032765742165,12.231906997650054
2021-04-16 11:02:00,1.4943268619807495,-9.85341650697062,11.118459669046361
2021-04-16 11:03:00,1.498971587513212,-9.64477972318746,11.963959296905612
2021-04-16 11:04:00,1.5037003197092402,-9.405986301681798,11.829416095105804
2021-04-16 11:05:00,1.5085136935692345,-9.52442114443937,12.254269770775863
2021-04-16 11:06:00,1.5134123233877252,-8.648408168073791,12.219757854776276
2021-04-16 11:07:00,1.518396802223974,-8.703671587186689,11.647850790411226
2021-04-16 11:08:00,1.5234677017282063,-9.364796522518834,11.762624133018921
2021-04-16 11:09:00,1.5286255717070683,-9.639772463773461,11.793371931047515
2021-04-16 11:10:00,1.533870939620765,-8.89601706995941,12.408378480949912
2021-04-16 11:11:00,1.539204310512437,-9.573996528772277,13.034863926342465
2021-04-16 11:12:00,1.5446261664317995,-8.969816693686807,13.129401502109687
2021-04-16 11:13:00,1.5501369662192852,-9.141145400869032,11.559149066807738
2021-04-16 11:14:00,1.5557371451426856,-8.98020685413834,12.469068887500452
2021-04-16 11:15:00,1.561427114571626,-9.02169114793217,12.02489517073208
2021-04-16 11:16:00,1.567207261741685,-9.952519439955617,11.688918074905393
2021-04-16 11:17:00,1.5730779493277929,-9.37801933384387,11.869048252147605
2021-04-16 11:18:00,1.579039515212351,-9.38089638941239,12.096190474667479
2021-04-16 11:19:00,1.585092272280956,-9.158541103109457,12.584099935276448
2021-04-16 11:20:00,1.5912365079103363,-9.37467436341363,11.644031135076721
2021-04-16 11:21:00,1.5974724839701824,-9.06772781008517,11.900292771113465
2021-04-16 11:22:00,1.6038004364428315,-10.14026659202383,12.150865994436165
2021-04-16 11:23:00,1.6102205750175875,-8.531997666494293,12.094365346731973
2021-04-16 11:24:00,1.6167330831306406,-9.495744592914686,12.120888848350377
2021-04-16 11:25:00,1.6233381175540864,-9.189939896477581,12.548662185449519
2021-04-16 11:26:00,1.630035808147753,-8.542843137630518,12.18300042007721
2021-04-16 11:27:00,1.6368262577456627,-8.501413133997376,11.824247211225513
2021-04-16 11:28:00,1.64370954177256,-9.126825783576715,12.728126198054634
2021-04-16 11:29:00,1.6506857082913289,-7.877429525644922,11.635490807373458
2021-04-16 11:30:00,1.65775477765206,-8.607528147253037,12.181224616128807
2021-04-16 11:31:00,1.6649167422031579,-9.240817470016493,11.905616299588404
2021-04-16 11:32:00,1.6721715663673153,-9.417623424059341,12.139124723386965
2021-04-16 11:33:00,1.6795191863468835,-8.819697920826997,11.455510136081655
2021-04-16 11:34:00,1.6869595098384704,-8.73758746387049,12.61115311438123
2021-04-16 11:35:00,1.6944924161675061,-9.590526842106524,12.119166231074615
2021-04-16 11:36:00,1.7021177558928318,-8.022619581086552,12.328527899294617
2021-04-16 11:37:00,1.70983535082381,-8.562927499598484,12.49739743396722
2021-04-16 11:38:00,1.717644993860275,-9.313750234793304,12.355791497840109
2021-04-16 11:39:00,1.7255464488346108,-8.963977523923647,12.160546823211563
2021-04-16 11:40:00,1.7335394505090842,-8.964046181181947,12.260906749606248
2021-04-16 11:41:00,1.7416237044962304,-8.672420244308148,12.457075347188626
2021-04-16 11:42:00,1.7497988869089232,-8.643882312355753,12.42045372621676
2021-04-16 11:43:00,1.7580646447625599,-8.917813330716337,12.709204928921919
2021-04-16 11:44:00,1.7664205953807255,-9.297372162494263,12.716467646282172
2021-04-16 11:45:00,1.7748663268294915,-10.34949110681633,12.050961114822403
2021-04-16 11:46:00,1.7834013975946084,-9.14137382228405,12.157998374704919
2021-04-16 11:47:00,1.792025336557784,-8.609932413501028,12.412736389231963
2021-04-16 11:48:00,1.8007376430772302,-8.819525584714453,12.771115095205383
2021-04-16 11:49:00,1.8095377869761509,-7.900949577939139,12.327490158950503
2021-04-16 11:50:00,1.8184252084112833,-8.4877563392919,12.47297698952933
2021-04-16 11:51:00,1.827399318047349,-9.480397576388857,12.118280900857076
2021-04-16 11:52:00,1.8364594969334747,-8.972762584520863,12.598396283771942
2021-04-16 11:53:00,1.845605096635917,-8.981292558046274,13.100883145430682
2021-04-16 11:54:00,1.8548354392895718,-8.658199667997353,12.546312102049152
2021-04-16 11:55:00,1.8641498174599658,-8.614997197132942,13.478592019853066
2021-04-16 11:56:00,1.87354749444662,-8.627906733162845,12.100891608687906
2021-04-16 11:57:00,1.8830277043243302,-8.364914528153362,11.899618644840308
2021-04-16 11:58:00,1.8925896516842493,-9.265068066930821,12.265159537342033
2021-04-16 11:59:00,1.9022325123004227,-8.489858741630965,12.873829642290792
2021-04-16 12:00:00,1.911955432616654,-8.604978722936192,12.144947220098096
2021-04-16 12:01:00,1.921757530402769,-9.155268273940331,12.391291797908023
2021-04-16 12:02:00,1.931637894515042,-8.611394644332593,12.249221195210502
2021-04-16 12:03:00,1.9415955850936295,-7.7960600910018965,12.852478662737829
2021-04-16 12:04:00,1.951629633872645,-8.42562944319288,12.57432645187337
2021-04-16 12:05:00,1.9617390440522149,-7.927669149661649,12.84859555653412
2021-04-16 12:06:00,1.9719227907413275,-8.044026123194941,12.095553864629167
2021-04-16 12:07:00,1.9821798209662052,-9.630090537030492,12.907511247972954
2021-04-16 12:08:00,1.9925090538167303,-8.72863248370079,12.760708481025281
2021-04-16 12:09:00,2.0029093807688385,-8.615294474073186,12.5824431014745
2021-04-16 12:10:00,2.013379665840281,-8.56967234170095,12.003619836432318
2021-04-16 12:11:00,2.0239187456771446,-7.5851466410793105,12.147367780815825
2021-04-16 12:12:00,2.0345254299854605,-8.460108082928539,13.057476526294204
2021-04-16 12:13:00,2.0451985015345056,-8.519214187935013,13.079793568034065
2021-04-16 12:14:00,2.055936716572528,-8.15991974726442,12.780225973839716
2021-04-16 12:15:00,2.0667388051284092,-7.774487441755678,12.006221465305323
2021-04-16 12:16:00,2.0776034708701596,-8.872556815684819,12.308040332265183
2021-04-16 12:17:00,2.0885293918330783,-8.850947809477859,12.680792450016174
2021-04-16 12:18:00,2.0995152206356433,-8.839233664339568,12.904606820367032
2021-04-16 12:19:00,2.110559584288209,-8.570283656661264,12.03988622292071
2021-04-16 12:20:00,2.1216610852633044,-8.776401838456826,11.668958092587177
2021-04-16 12:21:00,2.1328183009692787,-9.253478001801911,12.630497892393775
2021-04-16 12:22:00,2.144029784807834,-8.559558441945478,12.814148238602765
2021-04-16 12:23:00,2.1552940660258892,-7.434453462422725,12.720377213981244
2021-04-16 12:24:00,2.1666096501170156,-8.863291934228569,12.896329306049047
2021-04-16 12:25:00,2.17797501932643,-8.160584255459291,12.73565810520837
2021-04-16 12:26:00,2.1893886328923413,-7.833841855482669,13.223958910019578
2021-04-16 12:27:00,2.2008489273084573,-7.537316661170159,12.121227630567075
2021-04-16 12:28:00,2.2123543169249276,-8.618532174895487,12.673016871984188
2021-04-16 12:29:00,2.2239031940432668,-8.161387018240282,12.6227372078005
2021-04-16 12:30:00,2.2354939295454086,-8.291673606246254,12.270650989697712
2021-04-16 12:31:00,2.2471248731763116,-8.162074258473924,12.341737115923056
2021-04-16 12:32:00,2.2587943538368913,-8.242069467816792,13.975807423969897
2021-04-16 12:33:00,2.270500680166831,-7.386368243262498,12.615559489761862
2021-04-16 12:34:00,2.2822421410250135,-7.332845835121285,12.682882154971953
2021-04-16 12:35:00,2.294017005420132,-8.503550327643033,13.217059815741115
2021-04-16 12:36:00,2.305823523717583,-7.483397146083222,13.352543376505006
2021-04-16 12:37:00,2.317659927221054,-7.59483514085417,12.513432783563212
2021-04-16 12:38:00,2.329524429404491,-8.738139098049437,12.079209420176733
2021-04-16 12:39:00,2.3414152258525514,-8.714484190739794,12.180802057370224
2021-04-16 12:40:00,2.3533304948099705,-8.348650679066568,13.066245806587416
2021-04-16 12:41:00,2.365268397801855,-8.675981968093456,12.64970290246807
2021-04-16 12:42:00,2.377227080007288,-8.33362031317289,12.40939629061432
2021-04-16 12:43:00,2.389204670645808,-8.027889856569718,13.456167607790649
2021-04-16 12:44:00,2.401199283683809,-7.6626580750456155,13.737797569431088
2021-04-16 12:45:00,2.4132090180554515,-7.918406013322449,13.49859211179235
2021-04-16 12:46:00,2.425231958416604,-7.905069808354961,13.405258823096753
2021-04-16 12:47:00,2.4372661755344938,-7.1655598259529345,13.969459417120275
2021-04-16 12:48:00,2.4493097266800032,-8.28846398405148,13.219277106808734
2021-04-16 12:49:00,2.461360656397055,-8.347401127466014,12.770284307642966
2021-04-16 12:50:00,2.4734169967646826,-7.831036240614807,13.127740760656438
2021-04-16 12:51:00,2.485476768087411,-8.101185326216717,13.71007660056212
2021-04-16 12:52:00,2.497537979548657,-8.050830077598187,12.421234516574343
2021-04-16 12:53:00,2.5095986292489187,-7.375103610131302,13.475681318716155
2021-04-16 12:54:00,2.518599866160884,-7.778360149607641,12.566975276657422
2021-04-16 12:55:00,2.527596507974331,-7.949212463349835,13.133723279626128
2021-04-16 12:56:00,2.536586523765655,-8.54070797944251,13.143716618167678
2021-04-16 12:57:00,2.545567874501552,-8.698561596253478,12.698959849087869
2021-04-16 12:58:00,2.5545385127172464,-8.898234662837202,12.479816330623295
2021-04-16 12:59:00,2.563496383856926,-8.09549451647647,12.93965328009522
2021-04-16 13:00:00,2.572439426393655,-7.701416454984368,12.937498541855094
2021-04-16 13:01:00,2.5813655724031808,-8.341289983749684,12.58316533574317
2021-04-16 13:02:00,2.590272748387158,-8.046259346675754,12.767306152352802
2021-04-16 13:03:00,2.5991588756685857,-7.669719443937462,13.482446455860119
2021-04-16 13:04:00,2.6080218709586283,-7.512879020346501,13.280388038647084
2021-04-16 13:05:00,2.616859647100241,-8.198211473481605,12.070299014668377
2021-04-16 13:06:00,2.625670113421844,-8.035348619019931,13.34696438367288
2021-04-16 13:07:00,2.634451176596666,-8.078314574531817,12.908441364869157
2021-04-16 13:08:00,2.643200741066005,-8.241961641407336,13.534972548002559
2021-04-16 13:09:00,2.6519167095722027,-8.096458084531998,12.845242780356672
2021-04-16 13:10:00,2.6605969839460792,-7.618629840519199,13.541870986305474
2021-04-16 13:11:00,2.6692394657451097,-7.654384376828217,13.473024220653652
2021-04-16 13:12:00,2.6778420563808574,-7.661696079772014,12.69750265282587
2021-04-16 13:13:00,2.686402658449476,-8.534553732644666,13.974017126425691
2021-04-16 13:14:00,2.694919175617539,-8.080175747622437,11.747356614611203
2021-04-16 13:15:00,2.7033895138258845,-7.871502750491968,13.581659133816807
2021-04-16 13:16:00,2.7118115815678157,-7.834331137796203,12.955679134209994
2021-04-16 13:17:00,2.720183290448001,-6.935898910769859,13.540794758108209
2021-04-16 13:18:00,2.7285025560622533,-7.953922270982821,12.884756104945053
2021-04-16 13:19:00,2.736767298409489,-7.5313506547391516,12.667633323875233
2021-04-16 13:20:00,2.7449754424556576,-8.586510742050471,14.150950291843474
2021-04-16 13:21:00,2.753124919002272,-8.220440706868661,12.926448319299173
2021-04-16 13:22:00,2.7612136649627113,-7.0778623429828285,13.019119886041969
2021-04-16 13:23:00,2.7692396242256336,-8.231704735905117,13.339313483607764
2021-04-16 13:24:00,2.777200748224688,-8.640505047461632,12.911961811127018
2021-04-16 13:25:00,2.78509499634531,-8.380717350910341,13.646692605017074
2021-04-16 13:26:00,2.7929203368112225,-8.259118403944175,13.003552116037135
2021-04-16 13:27:00,2.8006747472070557,-6.897724433079924,13.15150942148742
2021-04-16 13:28:00,2.808356214831565,-7.7390280915944984,13.442100908417302
2021-04-16 13:29:00,2.8159627377915033,-7.110286596063802,13.362468853224367
2021-04-16 13:30:00,2.823492324992988,-8.058126315718173,14.117832848814858
2021-04-16 13:31:00,2.8309429973810754,-7.808756565656187,13.241663548333664
2021-04-16 13:32:00,2.8383127881653203,-8.031820478855005,13.497668825150145
2021-04-16 13:33:00,2.8455997432106175,-7.637351474969866,12.816666602692809
2021-04-16 13:34:00,2.852801922318805,-7.370548440329512,13.006983854283504
2021-04-16 13:35:00,2.859917398996232,-7.83000478737826,14.081222408312414
2021-04-16 13:36:00,2.8669442617805325,-7.700281291446906,13.756557971981474
2021-04-16 13:37:00,2.873880614311042,-7.841761611442506,13.864607886882014
2021-04-16 13:38:00,2.8807245761236704,-7.839599114119338,14.035407750786398
2021-04-16 13:39:00,2.8874742831928533,-7.855555995823965,12.72570014544989
2021-04-16 13:40:00,2.8941278885924406,-7.85943630114625,13.722549410471391
2021-04-16 13:41:00,2.900683562836089,-7.302627859795206,13.215068662099155
2021-04-16 13:42:00,2.907139494772859,-7.328516436836856,13.458039223908754
2021-04-16 13:43:00,2.913493891821505,-7.999988988933819,13.804207839270553
2021-04-16 13:44:00,2.9197449807514153,-7.010163709542747,13.326826254268482
2021-04-16 13:45:00,2.925891008232649,-7.568247766495874,13.645872823620023
2021-04-16 13:46:00,2.9319302411955634,-7.9540781010539,13.434129317506386
2021-04-16 13:47:00,2.9378609675484557,-7.278610560730803,13.909991891456112
2021-04-16 13:48:00,2.9436814968209832,-7.544148925253692,13.769609147186614
2021-04-16 13:49:00,2.9493901602618546,-7.859087023214184,13.652582231430657
2021-04-16 13:50:00,2.9549853119907454,-7.317439599088982,13.398044280568108
2021-04-16 13:51:00,2.960465328867276,-7.717459762954589,13.287324223463854
2021-04-16 13:52:00,2.9658286116202763,-7.122181093648392,13.518768891886955
2021-04-16 13:53:00,2.971073584930032,-7.313687811443561,13.539603547144994
2021-04-16 13:54:00,2.976198698046252,-7.5626050674173655,13.946959754105091
2021-04-16 13:55:00,2.981202425425656,-7.748071625535729,12.927918178559143
2021-04-16 13:56:00,2.9860832671246795,-7.578520333214544,13.176456228095041
2021-04-16 13:57:00,2.9908397491918226,-7.104540662718027,13.345554057095521
2021-04-16 13:58:00,2.9954704243121184,-8.114135390721259,13.848683144026689
2021-04-16 13:59:00,2.9999738722220486,-7.760758838537211,13.67426185745412
2021-04-16 14:00:00,3.0043487001481757,-7.496806835126333,13.60247157700279
2021-04-16 14:01:00,3.008593543288032,-8.098581320858269,13.658031507288706
2021-04-16 14:02:00,3.0127070652943866,-6.814414541044009,13.571187540398734
2021-04-16 14:03:00,3.016687958626424,-7.9793216024725195,13.512833684799435
2021-04-16 14:04:00,3.020534945202356,-8.173016222364659,13.620476417787323
2021-04-16 14:05:00,3.0242467764516583,-6.5598691250435515,13.862106138008246
2021-04-16 14:06:00,3.0278222342199297,-7.7729504516773265,13.125261242564589
2021-04-16 14:07:00,3.0312601307075755,-7.4692999837226255,13.205373501726003
2021-04-16 14:08:00,3.0345593092199534,-8.039249892408144,14.185541819019134
2021-04-16 14:09:00,3.0377186444688777,-7.932367842933274,14.64218225141859
2021-04-16 14:10:00,3.040737042817772,-7.595537876931553,13.680566739483618
2021-04-16 14:11:00,3.043613442914328,-7.023103988413216,13.742991998321596
2021-04-16 14:12:00,3.046346815828047,-6.596493633933491,14.556524046436614
2021-04-16 14:13:00,3.048936165588685,-6.728983842448037,14.096180111186428
2021-04-16 14:14:00,3.051380529427947,-8.057844026766212,14.22948921525514
2021-04-16 14:15:00,3.0536789781297746,-7.687516362057006,14.033296251333649
2021-04-16 14:16:00,3.0558306165017655,-7.526310636384754,12.84539162126306
2021-04-16 14:17:00,3.057834583522241,-8.14501648386632,13.090977120142123
2021-04-16 14:18:00,3.05969005271528,-7.602442646959955,13.93042089762448
2021-04-16 14:19:00,3.0613962325810657,-8.192446954039148,13.297919258214469
2021-04-16 14:20:00,3.0629523666646365,-8.130163896231137,13.71418908795806
2021-04-16 14:21:00,3.0643577340901635,-7.5442073498006215,13.648495767038854
2021-04-16 14:22:00,3.0656116496141275,-7.32205332360313,13.495739805617351
2021-04-16 14:23:00,3.0667134640888687,-7.548612223294515,14.29108360867412
2021-04-16 14:24:00,3.0676625645366458,-8.311908877239656,13.603775193618727
2021-04-16 14:25:00,3.068458374603233,-7.589647279451076,14.000032889018916
2021-04-16 14:26:00,3.069100354552525,-7.623935489307425,13.993536443894415
2021-04-16 14:27:00,3.0695880017814052,-7.575412522043973,13.502546042513806
2021-04-16 14:28:00,3.069920850675229,-7.125728578451427,13.384074923898675
2021-04-16 14:29:00,3.0700984731878376,-7.982930711728897,13.916783362072351
2021-04-16 14:30:00,3.0701204788329894,-7.404539315602111,13.826355559392004
2021-04-16 14:31:00,3.069986514851922,-7.507081840424619,13.056824252931625
2021-04-16 14:32:00,3.0696962664378873,-6.912533875772162,13.420294998059255
2021-04-16 14:33:00,3.0692494569743767,-7.905796633865062,13.669388392438657
2021-04-16 14:34:00,3.0686458480128547,-8.28942281809203,13.439060332216096
2021-04-16 14:35:00,3.0678852396088954,-7.67464669299611,14.03045601357417
2021-04-16 14:36:00,3.0669674702616136,-7.698270296910937,13.463020844785369
2021-04-16 14:37:00,3.0658924172226865,-7.146115363848567,13.559340368121326
2021-04-16 14:38:00,3.0646599964286017,-7.171871314314351,13.548251828684567
2021-04-16 14:39:00,3.0632701626894723,-7.699404531225018,13.10309449239309
2021-04-16 14:40:00,3.061722909806356,-6.987331180507464,13.20638361988577
2021-04-16 14:41:00,3.0600182706021486,-8.230010651383195,13.501215766708857
2021-04-16 14:42:00,3.058156316884677,-7.186966148740131,13.72229968451728
2021-04-16 14:43:00,3.0561371597040266,-7.382094744034283,13.907217066231343
2021-04-16 14:44:00,3.0539609492331117,-8.883849895730002,12.71059811180421
2021-04-16 14:45:00,3.0516278748814623,-7.04528253326403,13.693898795670865
2021-04-16 14:46:00,3.0491381652013345,-7.039907262004748,13.952768259789156
2021-04-16 14:47:00,3.046492088088544,-7.27040487081991,13.235096310224856
2021-04-16 14:48:00,3.043689950531247,-7.4147759462370555,13.862936693779687
2021-04-16 14:49:00,3.040732098816738,-7.78787967502929,13.405336981785451
2021-04-16 14:50:00,3.0376189183320106,-7.264529021797279,13.58211793007444
2021-04-16 14:51:00,3.0343508336546225,-7.637294129029824,13.688471569856882
2021-04-16 14:52:00,3.0309283084064997,-7.9485767441284745,13.637548016293136
2021-04-16 14:53:00,3.027351845191817,-7.7639577226303835,13.68059236326093
2021-04-16 14:54:00,3.023621985625186,-7.05384275096053,12.95331547150044
2021-04-16 14:55:00,3.01973931013474,-6.685301182072727,13.778959059909283
2021-04-16 14:56:00,3.0157044378785764,-7.676830536132584,13.703581262467914
2021-04-16 14:57:00,3.0115180266748554,-7.374812624203744,13.111256142644693
2021-04-16 14:58:00,3.0071807729003304,-7.152777040128055,13.186855556195358
2021-04-16 14:59:00,3.0026934112499215,-7.831152043857225,13.433117977795085
2021-04-16 15:00:00,2.998056714721055,-7.436978059473758,13.164686150196468
2021-04-16 15:01:00,2.9932714944085563,-7.248883609172075,13.584502382727631
2021-04-16 15:02:00,2.9883385992037055,-8.126277677132041,13.615541660058183
2021-04-16 15:03:00,2.983258915896931,-6.600697526076158,13.175697216114273
2021-04-16 15:04:00,2.9780333687045957,-8.204151056946229,13.906024946069058
2021-04-16 15:05:00,2.9726629192962046,-7.685953702362413,13.542638065361427
2021-04-16 15:06:00,2.9671485664003456,-7.950039215112866,13.57518017631394
2021-04-16 15:07:00,2.9614913456298613,-7.319327706818451,13.184082812512306
2021-04-16 15:08:00,2.955692329402398,-6.814519887284793,13.9257099818624
2021-04-16 15:09:00,2.9497526264409566,-7.972781607780383,13.441029198247948
2021-04-16 15:10:00,2.9436733816384617,-7.647293868133982,13.32668595102464
2021-04-16 15:11:00,2.937455775916074,-7.969988017575917,13.724766942334734
2021-04-16 15:12:00,2.931101025671738,-7.515747907794447,13.191642800275265
2021-04-16 15:13:00,2.9246103827168684,-7.496474460819199,13.938901276853784
2021-04-16 15:14:00,2.9179851338775302,-7.745879993603322,13.257217066837036
2021-04-16 15:15:00,2.9112266006967684,-7.391317007209859,12.7966818334683
2021-04-16 15:16:00,2.90433613913575,-7.81374590924638,13.369285599685826
2021-04-16 15:17:00,2.8973151391781613,-7.430031875063071,13.167648612721845
2021-04-16 15:18:00,2.890165024499664,-8.043466805680827,13.231361726043506
2021-04-16 15:19:00,2.8828872522837083,-7.930640555171812,14.21529663224421
2021-04-16 15:20:00,2.875483312524732,-7.7264720823715685,13.737230880575495
2021-04-16 15:21:00,2.867954728040075,-7.694531406776948,13.181022544072796
2021-04-16 15:22:00,2.8603030537369465,-7.957982073375504,14.03447106335639
2021-04-16 15:23:00,2.8525298764019444,-7.859680607477758,13.536050121909025
2021-04-16 15:24:00,2.844636814315655,-7.323726523695006,13.712233950843002
2021-04-16 15:25:00,2.8366255167731875,-7.671900578722201,13.19303596840114
2021-04-16 15:26:00,2.8284976636136716,-8.28455115392738,13.525824979735077
2021-04-16 15:27:00,2.820254964924777,-7.9155408651643295,13.513989064892804
2021-04-16 15:28:00,2.8118991604764756,-7.102185895705281,13.944623307213915
2021-04-16 15:29:00,2.8034320193423534,-7.711352687411452,13.669083837716702
2021-04-16 15:30:00,2.7948553394062814,-7.8467064983298025,12.81123863972072
2021-04-16 15:31:00,2.786170946820063,-6.533511272385217,13.858041599163132
2021-04-16 15:32:00,2.7773806957529574,-7.489761688097369,14.164962531508388
2021-04-16 15:33:00,2.768486467623764,-7.752270765535963,13.707978552114541
2021-04-16 15:34:00,2.7594901706874166,-7.504195807788769,14.004933328706718
2021-04-16 15:35:00,2.7503937397793248,-7.932986526040785,13.52272616361702
2021-04-16 15:36:00,2.7411991353414025,-7.6956254012566605,13.053688750865748
2021-04-16 15:37:00,2.7319083433717464,-7.601445146010619,13.593000024497988
2021-04-16 15:38:00,2.7225233744892896,-8.453516054094557,12.970549715056615
2021-04-16 15:39:00,2.713046263644416,-8.053173573975075,13.749990983000593
2021-04-16 15:40:00,2.7034790696504403,-8.391290275091219,13.64291036213675
2021-04-16 15:41:00,2.693823874223273,-8.59462115560626,13.201253602790965
2021-04-16 15:42:00,2.684082781844686,-8.533670364910243,13.246322181311575
2021-04-16 15:43:00,2.674257919029309,-7.6911287709802245,13.91160611159902
2021-04-16 15:44:00,2.6643514336900687,-7.765660867353055,13.300214874134895
2021-04-16 15:45:00,2.6543654946755977,-8.125482955028929,12.786830137763792
2021-04-16 15:46:00,2.644302291086149,-8.427750480900146,12.854911059594674
2021-04-16 15:47:00,2.6341640316649952,-8.494242534931766,12.872272504251411
2021-04-16 15:48:00,2.623952944332829,-9.01540608965498,12.786088462776842
2021-04-16 15:49:00,2.6136712754009923,-7.707746281632106,13.744985059702955
2021-04-16 15:50:00,2.6033212891220474,-8.433780992993771,13.199876136642983
2021-04-16 15:51:00,2.5929052668918655,-7.598645510489617,13.036503214792223
2021-04-16 15:52:00,2.582425506751273,-7.6942714866290745,13.88486522259475
2021-04-16 15:53:00,2.5718843227598467,-8.06277619960232,13.747510696658546
2021-04-16 15:54:00,2.5612840442981333,-9.022619206052536,13.642879931269652
2021-04-16 15:55:00,2.550627015261168,-8.061561841834529,13.594728217724892
2021-04-16 15:56:00,2.5399155939511004,-9.351010044170495,13.161069762157222
2021-04-16 15:57:00,2.529152151637514,-8.021081113322818,12.832097763908472
2021-04-16 15:58:00,2.5183390727039434,-8.102408431744287,12.987352804263175
2021-04-16 15:59:00,2.507478753296863,-7.936683774634302,13.407749097995849
2021-04-16 16:00:00,2.4965736010853266,-8.528468537291236,13.161386104496
2021-04-16 16:01:00,2.48562603450618,-8.120780579809901,13.438146649720743
2021-04-16 16:02:00,2.4746384819469154,-8.885090187322932,12.819861662589753
2021-04-16 16:03:00,2.463613381189165,-8.503718274629643,12.900870179094762
2021-04-16 16:04:00,2.452553178767147,-8.945972788390277,13.219236131845053
2021-04-16 16:05:00,2.4414603290818384,-7.991113534402467,12.846402928576326
2021-04-16 16:06:00,2.4303372939953474,-7.545256412582722,13.269261277742853
2021-04-16 16:07:00,2.4191865418515297,-8.601591749522433,12.870959828771898
2021-04-16 16:08:00,2.4080105469422213,-8.580106926939106,13.003094726857473
2021-04-16 16:09:00,2.3968117888450946,-7.719014530579001,13.654324728091773
2021-04-16 16:10:00,2.3855927516184043,-8.23673097821518,13.477400440391955
2021-04-16 16:11:00,2.374355922982487,-8.23026119764154,12.872267158739552
2021-04-16 16:12:00,2.3631037940944264,-8.211538910499916,13.793505027501608
2021-04-16 16:13:00,2.3518388581401033,-7.831254735939021,13.021065739732231
2021-04-16 16:14:00,2.340563610366698,-8.405169535951874,12.41809704058682
2021-04-16 16:15:00,2.329280546702314,-7.556218955005093,11.81642906340405
2021-04-16 16:16:00,2.3179921634301643,-8.10315240065315,12.896824063195362
2021-04-16 16:17:00,2.306700956590686,-8.748540382954964,12.959594539608545
2021-04-16 16:18:00,2.2954094207953837,-8.83759144854621,13.17872368490697
2021-04-16 16:19:00,2.284120048905082,-8.002825447789961,12.492853145169475
2021-04-16 16:20:00,2.272835331283715,-7.967595400542961,13.024748619818524
2021-04-16 16:21:00,2.2615577548655494,-8.261523174798576,12.61815253464695
2021-04-16 16:22:00,2.250289802711264,-8.082050161939863,13.697203658914816
2021-04-16 16:23:00,2.2390339530758125,-9.110659941981835,13.178112544308872
2021-04-16 16:24:00,2.2277926787854905,-7.9811582390657145,12.922766119039276
2021-04-16 16:25:00,2.2165684466175906,-7.974560715611509,12.280235525245116
2021-04-16 16:26:00,2.2053637164063944,-8.355192767495534,13.34372474330107
2021-04-16 16:27:00,2.194180940432031,-9.111569779633806,12.884559356735293
2021-04-16 16:28:00,2.183022490659112,-8.139603458645794,12.810907940593973
2021-04-16 16:29:00,2.1718908742326968,-8.787231329624188,12.275339705487548
2021-04-16 16:30:00,2.160788516607358,-8.142856970325425,12.74111217709164
2021-04-16 16:31:00,2.1497178327955084,-8.52217938678702,12.492151698522347
2021-04-16 16:32:00,2.1386812266093402,-9.090827910374609,13.686041795098458
2021-04-16 16:33:00,2.127681090388541,-9.065323628753985,12.411136145570577
2021-04-16 16:34:00,2.1167198036367307,-8.14253326665241,12.216186333149489
2021-04-16 16:35:00,2.1057997330555636,-7.604997076602011,12.963440646426593
2021-04-16 16:36:00,2.0949232311980266,-8.782438017234863,12.82125218716733
2021-04-16 16:37:00,2.084092636192719,-8.669852549492848,13.33324272247402
2021-04-16 16:38:00,2.0733102710145204,-8.392987595408778,13.068631731473223
2021-04-16 16:39:00,2.0625784426426668,-8.220109945624102,12.496209452565225
2021-04-16 16:40:00,2.0518994414962,-8.501824892554795,11.947720210150441
2021-04-16 16:41:00,2.0412755408235377,-8.511027132974178,13.654287865501143
2021-04-16 16:42:00,2.0307089958614144,-8.677153634642622,13.496399775469204
2021-04-16 16:43:00,2.0202020433895473,-8.173209698330087,11.92396805004455
2021-04-16 16:44:00,2.0097569008641463,-8.476096294889597,12.970012982521258
2021-04-16 16:45:00,1.9993757658770304,-8.58207442390312,12.3443331043912
2021-04-16 16:46:00,1.9890608155770058,-8.760344970798842,12.76484663033359
2021-04-16 16:47:00,1.9788142058814817,-9.9473125845825,11.819598701657974
2021-04-16 16:48:00,1.9686380708012223,-8.419664280410068,12.275737843863562
2021-04-16 16:49:00,1.9585345221870947,-8.982274489009688,12.214589486442282
2021-04-16 16:50:00,1.948505648525301,-7.989583698275268,12.908843627051105
2021-04-16 16:51:00,1.9385535149140447,-7.923160803518285,12.603962419739688
2021-04-16 16:52:00,1.9286801619402019,-9.161624475079751,11.906851966455584
2021-04-16 16:53:00,1.9188876053733628,-8.896489331456419,12.228100942698582
2021-04-16 16:54:00,1.9091778355714302,-8.754421680955069,12.715101363628369
2021-04-16 16:55:00,1.899552816707101,-9.041535238550702,12.225815027791949
2021-04-16 16:56:00,1.8900144863128372,-9.051761183072175,12.090662900688594
2021-04-16 16:57:00,1.8805647547490525,-8.832648199554436,12.40772114754137
2021-04-16 16:58:00,1.8712055044442837,-9.159294185834401,12.701564505813744
2021-04-16 16:59:00,1.8619385895691458,-7.529828028509479,12.786863784960905
2021-04-16 17:00:00,1.8527658352980994,-9.100790660261575,12.659396163564038
2021-04-16 17:01:00,1.8436890373008317,-8.987320879069271,11.8434242736308
2021-04-16 17:02:00,1.834709961335677,-8.740194155638203,12.885977358484768
2021-04-16 17:03:00,1.8258303425302476,-8.810729155159091,12.257730425798202
2021-04-16 17:04:00,1.8170518849078858,-8.511605589276012,12.359425196981107
2021-04-16 17:05:00,1.8083762610488627,-9.018708311286451,13.040469694820402
2021-04-16 17:06:00,1.7998051113207916,-9.448051770779955,11.85042228681414
2021-04-16 17:07:00,1.791340043609417,-8.548890864695394,13.077033154539354
2021-04-16 17:08:00,1.7829826326693128,-8.574140152238272,11.7582846799535
2021-04-16 17:09:00,1.774734419625214,-7.948968168516973,11.812171210766332
2021-04-16 17:10:00,1.7665969118444473,-8.291612808791887,11.805345771279573
2021-04-16 17:11:00,1.7585715819685899,-9.735979591874985,12.522496022692838
2021-04-16 17:12:00,1.7506598678027119,-9.040601992498267,12.735112246147619
2021-04-16 17:13:00,1.7428631718510132,-8.475192764652189,12.333421235698683
2021-04-16 17:14:00,1.7351828607649993,-9.524493977823946,12.263919021821508
2021-04-16 17:15:00,1.7276202650099013,-8.735186332488754,12.7763565951445
2021-04-16 17:16:00,1.7201766784444217,-9.037075941475813,11.650058732353013
2021-04-16 17:17:00,1.7128533578565215,-8.613019418153074,12.577632728728904
2021-04-16 17:18:00,1.7056515227333093,-9.11293767709976,11.883924304546753
2021-04-16 17:19:00,1.6985723546657447,-9.175575766009256,12.348973031994058
2021-04-16 17:20:00,1.691616997198007,-8.492493838154973,11.651757026129175
2021-04-16 17:21:00,1.6847865553330488,-8.590780419630356,12.275530287684276
2021-04-16 17:22:00,1.6780820951806776,-9.313449862055952,12.764984710867575
2021-04-16 17:23:00,1.6715046437533247,-8.384732397712783,12.524892923911251
2021-04-16 17:24:00,1.6650551885361866,-8.459683472719679,12.095786049348945
2021-04-16 17:25:00,1.6587346771090918,-9.285106969400898,12.559661435914089
2021-04-16 17:26:00,1.6525440171097676,-9.127677600046612,12.065278561078848
2021-04-16 17:27:00,1.646484075583238,-8.552361095864404,12.068877852869944
2021-04-16 17:28:00,1.6405556790807614,-9.041452678960225,11.940580861511231
2021-04-16 17:29:00,1.6347596130453979,-8.719244970220805,12.952162462219823
2021-04-16 17:30:00,1.6290966218147063,-8.74273236736389,12.481365790246604
2021-04-16 17:31:00,1.6235674083027463,-9.41437230624214,12.519259169454815
2021-04-16 17:32:00,1.618172633694731,-9.936872676801858,13.083179224677517
2021-04-16 17:33:00,1.6129129172914523,-9.173362624170823,12.056800254716004
2021-04-16 17:34:00,1.6077888363595092,-8.828798787118405,12.493169979360406
2021-04-16 17:35:00,1.602800925858133,-8.445825642219717,12.910008731519039
2021-04-16 17:36:00,1.59794967824573,-9.30212370796747,11.882973699465234
2021-04-16 17:37:00,1.5932355433894427,-8.456793653870497,11.958589232472274
2021-04-16 17:38:00,1.58865892836994,-8.63709294837749,12.25501185641188
2021-04-16 17:39:00,1.5842201972854884,-9.473645588307924,12.42878881030024
2021-04-16 17:40:00,1.5799196712417394,-9.912508023141246,12.85625359891566
2021-04-16 17:41:00,1.5757576280716121,-9.458637306806477,11.525264131175907
2021-04-16 17:42:00,1.5717343024245811,-9.02812122623003,12.617354156942232
2021-04-16 17:43:00,1.567849885460161,-9.39861715900373,12.161777756284476
2021-04-16 17:44:00,1.5641045249546845,-8.76968082333713,12.126364570287633
2021-04-16 17:45:00,1.5604983251438767,-8.226229546459297,12.548502210431554
2021-04-16 17:46:00,1.557031346615787,-9.591580687356991,12.23607805337884
2021-04-16 17:47:00,1.553703606413146,-9.501324195274414,11.517400579968616
2021-04-16 17:48:00,1.550515077835955,-9.298368758267399,12.045283292847941
2021-04-16 17:49:00,1.5474656905959665,-9.348209595698043,11.83439545646801
2021-04-16 17:50:00,1.5445553306310533,-9.080655002952993,12.473295966086644
2021-04-16 17:51:00,1.5417838402827284,-9.227419230809376,12.14649931743839
2021-04-16 17:52:00,1.5391510182331227,-8.102983211045016,11.980583964754185
2021-04-16 17:53:00,1.5366566194890676,-8.928130531990812,12.08594069150141
2021-04-16 17:54:00,1.534300355559686,-8.5230086724122,11.56596367654853
2021-04-16 17:55:00,1.5320818944337828,-8.250521840393436,12.575492284441681
2021-04-16 17:56:00,1.5300008606320725,-8.641871651980031,11.832915303323698
2021-04-16 17:57:00,1.528056835328014,-8.358004530680276,12.60847302845166
2021-04-16 17:58:00,1.5262493564743542,-8.668327516378435,12.200975560657154
2021-04-16 17:59:00,1.5245779189104383,-8.757858476410226,12.741225058255667
2021-04-16 18:00:00,1.5230419743640813,-8.894996343509662,11.848068643507041
2021-04-16 18:01:00,1.5216409317940185,-8.411802248882376,12.160916533113026
2021-04-16 18:02:00,1.5203741573703302,-9.188144754353127,11.707830467918814
2021-04-16 18:03:00,1.5192409747134334,-9.529167849460222,11.993332188036963
2021-04-16 18:04:00,1.5182406650355456,-8.94717213038975,11.334221411928324
2021-04-16 18:05:00,1.5173724674113005,-9.44187729980101,12.68315807426737
2021-04-16 18:06:00,1.5166355788613795,-8.965384194920265,12.478091506688669
2021-04-16 18:07:00,1.5160291546075673,-8.599899588994884,11.202780290816952
2021-04-16 18:08:00,1.5155523083371638,-9.03266162530078,12.281111931998218
2021-04-16 18:09:00,1.5152041124462707,-8.811268582977675,12.331815236292623
2021-04-16 18:10:00,1.514983598185341,-8.926449814498863,12.285041993262157
2021-04-16 18:11:00,1.5148897560588084,-9.146773559186077,11.950104625067242
2021-04-16 18:12:00,1.5149215359848907,-8.444095504549438,12.728654916196124
2021-04-16 18:13:00,1.515077847684514,-8.76832305624142,12.49047074595473
2021-04-16 18:14:00,1.5153575608680716,-8.987942258299706,11.874253417791223
2021-04-16 18:15:00,1.5157595056869393,-8.72427035755134,11.978254631350596
2021-04-16 18:16:00,1.516282472937147,-8.884896523432573,11.691855398122522
2021-04-16 18:17:00,1.5169252144131553,-8.613449799119245,12.630361577198773
2021-04-16 18:18:00,1.5176864433153252,-9.338949619421689,12.151528284469785
2021-04-16 18:19:00,1.5185648345725453,-9.272339045472561,11.822260255671345
2021-04-16 18:20:00,1.5195590252201048,-9.5679024457075,12.009521842385753
2021-04-16 18:21:00,1.5206676147104952,-9.318553241866308,12.123580090101022
2021-04-16 18:22:00,1.521889165429553,-8.791176673985175,11.19046348906125
2021-04-16 18:23:00,1.5232222030983857,-9.314159281055046,12.088096723920218
2021-04-16 18:24:00,1.5246652169237278,-9.958208418353532,11.837558973096598
2021-04-16 18:25:00,1.5262166604940184,-8.255480546836901,11.649226176549101
2021-04-16 18:26:00,1.5278749517852857,-8.81579705416339,11.88452116976526
2021-04-16 18:27:00,1.529638473847332,-8.719812004439765,10.980707765006299
2021-04-16 18:28:00,1.5315055751687432,-8.534981634766895,12.520888558447163
2021-04-16 18:29:00,1.533474570177901,-8.723592978745053,11.881245321618861
2021-04-16 18:30:00,1.535543739779064,-9.978289148484237,12.383885887169303
2021-04-16 18:31:00,1.5377113317096902,-8.922428807718557,12.386671965824878
2021-04-16 18:32:00,1.5399755611351313,-9.098482766159293,11.51318071862437
2021-04-16 18:33:00,1.542334611203002,-8.682075278458838,12.380960142190016
2021-04-16 18:34:00,1.5447866334277414,-9.349790697201382,12.268352252996417
2021-04-16 18:35:00,1.547329748338115,-8.851412510301412,11.794750446855868
2021-04-16 18:36:00,1.5499620459592154,-8.961380351205895,11.995520649094086
2021-04-16 18:37:00,1.5526815863983874,-8.501616496995712,12.136655713362963
2021-04-16 18:38:00,1.5554864003267077,-8.770216519038357,12.617635516308297
2021-04-16 18:39:00,1.5583744897763787,-8.271527863510078,12.559389050747614
2021-04-16 18:40:00,1.5613438283255718,-8.38709830189603,11.56345298314663
2021-04-16 18:41:00,1.5643923620836906,-9.33762065361227,13.206566968689128
2021-04-16 18:42:00,1.5675180100234922,-9.437556735538408,11.44813238977213
2021-04-16 18:43:00,1.5707186646782074,-8.72038627790734,13.069813118248174
2021-04-16 18:44:00,1.5739921928430203,-9.822860042970179,11.587531280375774
2021-04-16 18:45:00,1.5773364359313558,-9.017784359325619,11.641697430654844
2021-04-16 18:46:00,1.5807492109216363,-9.337040391887921,12.429858812484234
2021-04-16 18:47:00,1.5842283108465869,-9.094378563891683,11.655483400265366
2021-04-16 18:48:00,1.587771505287621,-9.072631772429325,11.924368856356507
2021-04-16 18:49:00,1.5913765413488787,-8.797096897934571,12.412913979993617
2021-04-16 18:50:00,1.5950411440433865,-8.42581029583369,12.317208093215756
2021-04-16 18:51:00,1.598763017081744,-8.899884935358974,12.036075517077425
2021-04-16 18:52:00,1.6025398435219467,-9.474879775679717,12.28242307836037
2021-04-16 18:53:00,1.6063692864218304,-8.427046077985068,12.31721981785872
2021-04-16 18:54:00,1.610248989600797,-8.584980452619783,11.934083824408296
2021-04-16 18:55:00,1.6141765783116189,-9.145386349150321,12.668641754288972
2021-04-16 18:56:00,1.6181496597517253,-8.566488651237226,12.05897242905239
2021-04-16 18:57:00,1.6221658241366648,-8.288656686894035,12.879303644225073
2021-04-16 18:58:00,1.6262226449868888,-9.323991441402738,12.90703901415614
2021-04-16 18:59:00,1.6303176802183863,-9.22336790402333,12.328041441327542
2021-04-16 19:00:00,1.634448472670873,-9.134052319908841,12.259252036398392
2021-04-16 19:01:00,1.6386125508116858,-8.615195484685977,12.004537467311435
2021-04-16 19:02:00,1.6428074295273856,-8.96623537484478,11.721422102262714
2021-04-16 19:03:00,1.6470306109242991,-8.766222226020023,12.319308111638035
2021-04-16 19:04:00,1.6512795849173947,-8.596626179332299,12.455257344252203
2021-04-16 19:05:00,1.6555518300904155,-8.784216516244317,12.248747385553052
2021-04-16 19:06:00,1.6598448143965503,-9.274140656943574,11.317880314922691
2021-04-16 19:07:00,1.6641559959105217,-9.18908716640799,12.834081212447744
2021-04-16 19:08:00,1.6684828236903424,-8.682046857884606,11.636525155840669
2021-04-16 19:09:00,1.6728227382738083,-9.016656506811792,12.514148262475175
2021-04-16 19:10:00,1.67717317276079,-9.289532221392005,12.153292287974084
2021-04-16 19:11:00,1.681531553430425,-8.102351065179178,12.413016622024738
2021-04-16 19:12:00,1.685895300364251,-8.791705549676912,13.085389594078062
2021-04-16 19:13:00,1.6902618285369495,-8.752299323519887,12.726630438315867
2021-04-16 19:14:00,1.694628548310325,-8.797787798038021,12.10447189615053
2021-04-16 19:15:00,1.698992866325208,-8.919876150917188,12.332634001406438
2021-04-16 19:16:00,1.7033521863756365,-8.808740400908917,11.215785779294452
2021-04-16 19:17:00,1.707703909861966,-8.596340906199199,13.10666675152688
2021-04-16 19:18:00,1.712045437054242,-8.896743121391877,12.415010377407489
2021-04-16 19:19:00,1.7163741674435582,-8.357296328489348,12.53430054918302
2021-04-16 19:20:00,1.7206875007249438,-8.931367672305992,11.502149648145092
2021-04-16 19:21:00,1.7249828375707728,-8.350959153038174,12.170762977665694
2021-04-16 19:22:00,1.7292575803719061,-8.09164545423532,12.65331405026268
2021-04-16 19:23:00,1.7335091340405313,-8.276630025946067,12.878114187960247
2021-04-16 19:24:00,1.7377349068582242,-9.372494875981369,11.909547714970712
2021-04-16 19:25:00,1.7419323111231295,-9.322719480164853,11.662602834670716
2021-04-16 19:26:00,1.7460987640292587,-9.018689305056714,11.928079007427478
2021-04-16 19:27:00,1.7502316884897982,-9.171209816752265,11.927511836841195
2021-04-16 19:28:00,1.7543285137859435,-8.60821259996069,11.687315218314206
2021-04-16 19:29:00,1.7583866764673663,-8.642850482954191,12.005727621915423
2021-04-16 19:30:00,1.7624036210651597,-8.355423945563018,11.932635182892103
2021-04-16 19:31:00,1.766376800870504,-9.292241009832559,12.578684035039194
2021-04-16 19:32:00,1.7703036789040492,-8.617838640752746,12.924703132814248
2021-04-16 19:33:00,1.774181728210236,-10.204099829090595,11.38973035040241
2021-04-16 19:34:00,1.778008433282332,-9.38726671634365,12.773279615962936
2021-04-16 19:35:00,1.7817812902075822,-8.269317182274971,13.793375967931398
2021-04-16 19:36:00,1.785497807920251,-8.755771534532183,12.326522604364772
2021-04-16 19:37:00,1.7891555086719775,-9.059824944643037,12.174626473128836
2021-04-16 19:38:00,1.7927519288756344,-8.748305077272818,12.337197883805674
2021-04-16 19:39:00,1.79628461994231,-8.436294936131974,12.704585293992363
2021-04-16 19:40:00,1.7997511489193387,-8.128041400821802,12.506303598874466
2021-04-16 19:41:00,1.8031490992729486,-8.568384906181713,11.915506802931853
2021-04-16 19:42:00,1.8064760717385662,-8.70915279647492,12.712448394759315
2021-04-16 19:43:00,1.8097296848457027,-8.47082931885727,12.722286636955719
2021-04-16 19:44:00,1.8129075759123772,-8.803956423533156,12.154300341722351
2021-04-16 19:45:00,1.8160074015932732,-7.855261807007933,11.849905166664007
2021-04-16 19:46:00,1.8190268386662538,-8.486251525332086,12.694824105092637
2021-04-16 19:47:00,1.8219635847432434,-8.279504045905307,12.6757198630633
2021-04-16 19:48:00,1.8248153591229617,-9.051099311638518,11.885301721087584
2021-04-16 19:49:00,1.827579903208229,-8.401785672614553,12.626599308004144
2021-04-16 19:50:00,1.8302549815039464,-9.249674540630188,11.933277709945479
2021-04-16 19:51:00,1.8328383821483472,-9.225712182154204,12.90717557554997
2021-04-16 19:52:00,1.8353279176996518,-9.97322938414219,12.795860026579359
2021-04-16 19:53:00,1.8377214258192653,-8.426028350075388,12.679675049291331
2021-04-16 19:54:00,1.8400167697958099,-8.780679362861772,12.125545095652035
2021-04-16 19:55:00,1.8422118394722427,-8.6997989071051,12.298272984118375
2021-04-16 19:56:00,1.8443045517636665,-9.442698639424943,12.205207734643787
2021-04-16 19:57:00,1.8462928512657413,-9.019653766757001,11.55713492744445
2021-04-16 19:58:00,1.8481747110824385,-9.038000397869196,12.751563732029103
2021-04-16 19:59:00,1.849948133310797,-8.76069630546062,12.884918719553449
2021-04-16 20:00:00,1.851611149768083,-8.626755119898178,12.359329686781214
2021-04-16 20:01:00,1.8531618225960247,-9.536369173961479,11.993913654680538
2021-04-16 20:02:00,1.8545982448612142,-8.402881969610418,13.206776262380872
2021-04-16 20:03:00,1.85591854978467,-8.652178115834825,12.280916291264939
2021-04-16 20:04:00,1.8571208856196892,-8.329637353688096,12.40392734961305
2021-04-16 20:05:00,1.8582034419243187,-9.418410075628934,12.913551350343749
2021-04-16 20:06:00,1.8591644416551218,-8.719356639558884,13.1854435231542
2021-04-16 20:07:00,1.8600021416260646,-9.208269038797702,12.949053953784537
2021-04-16 20:08:00,1.8607148332056962,-8.644881821638721,12.16502579981397
2021-04-16 20:09:00,1.8613008428302686,-9.53518233000883,11.934832121590569
2021-04-16 20:10:00,1.861758532471547,-8.545265423472914,13.212302515690908
2021-04-16 20:11:00,1.862086300324064,-8.82445628864777,11.239878109655345
2021-04-16 20:12:00,1.8622825812411408,-9.210485750882029,12.257827941095178
2021-04-16 20:13:00,1.8623458472598802,-8.033102568688925,11.803691715266288
2021-04-16 20:14:00,1.8622746081449024,-9.209061792619368,12.455485269033074
2021-04-16 20:15:00,1.8620674118632192,-8.981802803180166,12.14953510589868
2021-04-16 20:16:00,1.8617228450846093,-8.563990336209818,11.728693907432596
2021-04-16 20:17:00,1.8612395336760978,-8.586787850474895,12.280806442434812
2021-04-16 20:18:00,1.8606161431165948,-9.04594145111034,12.37042001522155
2021-04-16 20:19:00,1.859851379025865,-8.833651687700163,12.067977318800782
2021-04-16 20:20:00,1.858943987552693,-9.176788062389232,12.253533972951645
2021-04-16 20:21:00,1.857892755835978,-8.620875703892812,12.202920592402815
2021-04-16 20:22:00,1.856696512431525,-8.173848781062429,12.899781277212936
2021-04-16 20:23:00,1.855354127705211,-8.588086179750944,11.72974986409943
2021-04-16 20:24:00,1.8538645142464123,-9.551025075707235,12.72953507682383
2021-04-16 20:25:00,1.852226627259364,-8.390440992380018,12.10840241331047
2021-04-16 20:26:00,1.8504394649229665,-8.658165991784958,12.550452083746784
2021-04-16 20:27:00,1.8485020687780764,-7.973726653251079,13.014103266465398
2021-04-16 20:28:00,1.8464135240578625,-9.090030645784038,12.528393489834237
2021-04-16 20:29:00,1.8441729600457777,-8.160160749145371,12.810555365705422
2021-04-16 20:30:00,1.841779550385377,-8.809650340618873,12.321403634545646
2021-04-16 20:31:00,1.839232513421267,-8.551466121370751,12.616414785499137
2021-04-16 20:32:00,1.8365311124708026,-8.43055101565819,11.484174023499701
2021-04-16 20:33:00,1.8336746561338477,-9.001350634877243,13.177714392155977
2021-04-16 20:34:00,1.8306624985730549,-9.112783359597444,12.60478243548657
2021-04-16 20:35:00,1.8274940397608577,-8.495462130595744,12.228017930386766
2021-04-16 20:36:00,1.8241687257547032,-9.79913339244572,12.260767834900346
2021-04-16 20:37:00,1.8206860489078072,-8.977402242932188,12.871861645612745
2021-04-16 20:38:00,1.817045548114124,-9.147618038538377,13.16909402259646
2021-04-16 20:39:00,1.8132468090254203,-8.713881347846675,12.945566377817624
2021-04-16 20:40:00,1.80928946423358,-8.687683924928724,12.738057372964414
2021-04-16 20:41:00,1.8051731934487778,-8.836439459478628,12.67185739298128
2021-04-16 20:42:00,1.8008977237261752,-8.398287129067528,12.129015165484724
2021-04-16 20:43:00,1.7964628295410658,-9.458103722199366,12.579956920865262
2021-04-16 20:44:00,1.79186833301469,-9.329398468168046,12.533360085484418
2021-04-16 20:45:00,1.7871141040031568,-8.721599260258715,12.680031917185497
2021-04-16 20:46:00,1.7822000601844428,-8.008883805785363,12.158755619564571
2021-04-16 20:47:00,1.7771261672827416,-9.854374734943628,11.999285450727507
2021-04-16 20:48:00,1.7718924389981323,-8.497500725951294,13.003480495413468
2021-04-16 20:49:00,1.766498937206006,-8.887239809712018,13.08281037555191
2021-04-16 20:50:00,1.760945771996618,-8.603081545118316,11.816726765767449
2021-04-16 20:51:00,1.7552331016543548,-8.750905241767704,11.155142527714354
2021-04-16 20:52:00,1.7493611328265586,-9.842530108803812,12.368906902940164
2021-04-16 20:53:00,1.7433301203972438,-9.504550856494271,11.662791290083012
2021-04-16 20:54:00,1.7371403675947534,-9.479808884054824,12.770892426075374
2021-04-16 20:55:00,1.73079222597684,-8.433683092508973,12.338500834380895
2021-04-16 20:56:00,1.7242860953782866,-8.069786636122378,13.119365203595166
2021-04-16 20:57:00,1.7176224238667586,-8.605526284023647,11.95912394993477
2021-04-16 20:58:00,1.7108017077764262,-8.596231535727005,12.805121420872943
2021-04-16 20:59:00,1.7038244915490455,-9.229509039363135,12.364400422296596
2021-04-16 21:00:00,1.6966913677531537,-8.56953513976394,12.985267515187068
2021-04-16 21:01:00,1.6894029769099492,-8.888864480728728,12.001034442392225
2021-04-16 21:02:00,1.6819600073747814,-9.221113819294992,12.477301973713635
2021-04-16 21:03:00,1.674363195444135,-8.529714565491357,11.835839154126298
2021-04-16 21:04:00,1.6666133248449582,-9.001546552313918,11.370109732759678
2021-04-16 21:05:00,1.65871122702344,-7.866269478091363,12.730578974708237
2021-04-16 21:06:00,1.6506577805918126,-9.028529861155052,12.826203638934624
2021-04-16 21:07:00,1.6424539113644743,-8.683726640838325,12.40515433419357
2021-04-16 21:08:00,1.6341005922898113,-8.697898592106084,11.826620108089022
2021-04-16 21:09:00,1.6255988429146813,-9.65385432887353,11.935795686683596
2021-04-16 21:10:00,1.6169497294613584,-9.54923352487568,12.530056911995036
2021-04-16 21:11:00,1.6081543645343828,-9.239963410745238,12.405879008215658
2021-04-16 21:12:00,1.599213906750042,-8.825175742000942,12.391448541263452
2021-04-16 21:13:00,1.590129560736191,-10.23528736673674,12.328455291752704
2021-04-16 21:14:00,1.580902576600389,-8.60665792573348,12.039820762447818
2021-04-16 21:15:00,1.5715342497687743,-8.799877826334876,13.112052474435579
2021-04-16 21:16:00,1.5620259208267666,-9.648581704456744,11.933554217756612
2021-04-16 21:17:00,1.552378974942981,-9.346197540526836,10.82063332280096
2021-04-16 21:18:00,1.5425948417517115,-8.64937630674342,11.590933596271984
2021-04-16 21:19:00,1.5326749949955398,-8.465273924803942,11.849549985105682
2021-04-16 21:20:00,1.5226209520923901,-9.326614003683673,12.098081568276797
2021-04-16 21:21:00,1.5124342739159835,-9.29972315041019,11.445294726929351
2021-04-16 21:22:00,1.5021165642887233,-9.623890865807672,11.625071801563529
2021-04-16 21:23:00,1.4916694695798032,-9.810187921496006,11.00397908752762
2021-04-16 21:24:00,1.4810946786529835,-9.561981834839404,12.240918903352242
2021-04-16 21:25:00,1.4703939219419397,-9.347996685411182,12.259063236260756
2021-04-16 21:26:00,1.459568971352626,-8.641540688939909,12.471944883448234
2021-04-16 21:27:00,1.4486216399093692,-10.327407595404496,11.862720018290522
2021-04-16 21:28:00,1.4375537809854333,-9.82405767140645,11.878899225569594
2021-04-16 21:29:00,1.426367288175002,-8.763945937717619,12.193755879322207
2021-04-16 21:30:00,1.415064094638815,-9.434945914231937,12.481083286108777
2021-04-16 21:31:00,1.4036461726206355,-8.744620323999646,11.884947091025431
2021-04-16 21:32:00,1.3921155331216737,-9.349588556333957,12.017203459123895
2021-04-16 21:33:00,1.3804742252202225,-8.889580167975987,12.186980359898577
2021-04-16 21:34:00,1.3687243356299872,-9.256583850015792,11.369774956362882
2021-04-16 21:35:00,1.3568679882521568,-9.178069479910857,12.392843452215594
2021-04-16 21:36:00,1.3449073434144554,-9.490070865096397,12.188800587223273
2021-04-16 21:37:00,1.3328445976896874,-9.646228049372272,12.795699855028282
2021-04-16 21:38:00,1.3206819829733043,-8.148105026660938,11.765894123721958
2021-04-16 21:39:00,1.3084217659927178,-9.743940504958461,11.596312002243058
2021-04-16 21:40:00,1.2960662481234642,-8.993047811759643,11.010476623413595
2021-04-16 21:41:00,1.2836177641739825,-9.397269808794494,10.995694557912412
2021-04-16 21:42:00,1.2710786821983846,-9.24051097718729,12.434604163891967
2021-04-16 21:43:00,1.2584514028748963,-9.026722940505662,12.604596718212347
2021-04-16 21:44:00,1.245738358707853,-9.13040249746048,12.013457945556866
2021-04-16 21:45:00,1.2329420136020817,-9.951022402308254,12.51492896170203
2021-04-16 21:46:00,1.2200648620013628,-8.880293864132712,11.632587181100929
2021-04-16 21:47:00,1.2071094284317723,-8.350693451688139,11.961941359587152
2021-04-16 21:48:00,1.1940782668232863,-9.729658104865761,11.540820476056366
2021-04-16 21:49:00,1.1809739597253894,-9.393721936436204,11.532482522646172
2021-04-16 21:50:00,1.1677991177991078,-9.5063581812335,11.91851934585737
2021-04-16 21:51:00,1.1545563790156146,-8.896395396675521,11.69046133703813
2021-04-16 21:52:00,1.1412484079384673,-9.636123527006122,11.32499384232477
2021-04-16 21:53:00,1.1278778952255257,-9.831829535008294,11.697639777738896
2021-04-16 21:54:00,1.11444755675306,-9.378110120424584,11.263792734927208
2021-04-16 21:55:00,1.1009601327902445,-9.163822230256757,12.294437380942181
2021-04-16 21:56:00,1.0874183876923604,-9.16392765907831,11.145441404449842
2021-04-16 21:57:00,1.073825108722333,-9.357446217296465,11.882966406956797
2021-04-16 21:58:00,1.060183105614368,-9.74999826567149,10.750836746228263
2021-04-16 21:59:00,1.0464952097318754,-9.647811713153633,11.765017565032363
2021-04-16 22:00:00,1.0327642730374074,-10.183491273681714,10.894749826432438
2021-04-16 22:01:00,1.0189931681632445,-9.5876301528109,11.54335375884303
2021-04-16 22:02:00,1.0051847865523524,-9.478262649468208,11.429354244478503
2021-04-16 22:03:00,0.9913420385182833,-9.191971033219447,11.379654025001106
2021-04-16 22:04:00,0.9774678521898557,-9.2100397959447,11.705031911902552
2021-04-16 22:05:00,0.963565172651276,-9.161115042477983,12.117983114675722
2021-04-16 22:06:00,0.9496369613549254,-9.885076986599222,11.87453664590462
2021-04-16 22:07:00,0.9356861950826214,-9.558002706703094,11.530013582195801
2021-04-16 22:08:00,0.9217158653636393,-9.521563678832294,10.741296931600957
2021-04-16 22:09:00,0.9077289776666888,-9.117719580864001,11.389328881266255
2021-04-16 22:10:00,0.8937285503917123,-9.375206323786227,12.00585038403212
2021-04-16 22:11:00,0.8797176142760118,-9.456607022725983,12.09718688783712
2021-04-16 22:12:00,0.8656992115467042,-8.934678263182157,11.913174434584754
2021-04-16 22:13:00,0.8516763949792527,-10.587566679671596,11.806609704164112
2021-04-16 22:14:00,0.8376522272490636,-9.468896851204219,11.481283411566565
2021-04-16 22:15:00,0.8236297800304946,-10.437957592463633,11.42248337441597
2021-04-16 22:16:00,0.809612132899711,-9.822299431274864,11.589574966354725
2021-04-16 22:17:00,0.7956023732344832,-9.782130110731352,11.524418129253256
2021-04-16 22:18:00,0.7816035944996262,-9.694689060042679,11.038527928226863
2021-04-16 22:19:00,0.7676188960150608,-9.805275692566413,12.350987206186595
2021-04-16 22:20:00,0.7536513819736868,-9.31481886187855,11.144113538861934
2021-04-16 22:21:00,0.739704160373841,-9.589681901034366,11.109645978227386
2021-04-16 22:22:00,0.72578034262825,-9.374120711067185,10.685198952720707
2021-04-16 22:23:00,0.7118830422415097,-10.197338227373427,11.257564026482783
2021-04-16 22:24:00,0.6980153741831567,-10.109130002714396,10.789189610217635
2021-04-16 22:25:00,0.6841804542588118,-10.00817982857725,10.77891142209142
2021-04-16 22:26:00,0.6703813978059147,-9.873616854303325,10.724265877740367
2021-04-16 22:27:00,0.6566213191933782,-9.152847936792377,11.410650626691602
2021-04-16 22:28:00,0.6429033309050931,-9.988477706405222,11.842268193513918
2021-04-16 22:29:00,0.6292305425788569,-10.143158583746319,11.01293300135116
2021-04-16 22:30:00,0.6156060603444834,-10.721721553591488,10.91778773723429
2021-04-16 22:31:00,0.6020329857802581,-9.952810047534598,10.251182195820784
2021-04-16 22:32:00,0.5885144150562228,-10.331159443885616,11.262118362928858
2021-04-16 22:33:00,0.5750534385202979,-10.22867734004392,11.552242172681034
2021-04-16 22:34:00,0.5616531391642615,-9.71412299042099,10.92819698559471
2021-04-16 22:35:00,0.5483165924438551,-10.31429182400254,10.77344042350079
2021-04-16 22:36:00,0.5350468649416581,-9.8859879540414,11.463862649039582
2021-04-16 22:37:00,0.5218470136486009,-10.636457711411225,10.984195228287028
2021-04-16 22:38:00,0.5087200855359665,-9.672655549420725,11.739985015901084
2021-04-16 22:39:00,0.4956691160455493,-9.86440716065297,11.067721072581898
2021-04-16 22:40:00,0.4826971286929692,-10.494826901630159,10.93381055489441
2021-04-16 22:41:00,0.46980713422379383,-11.223938705991701,10.891113867470576
2021-04-16 22:42:00,0.4570021296047051,-9.501933374757973,11.215874807427173
2021-04-16 22:43:00,0.4442850973634974,-10.461636137436717,11.55887652854719
2021-04-16 22:44:00,0.43165900467345364,-10.391440715338984,9.993782472388336
2021-04-16 22:45:00,0.41912680246119993,-10.9423429625792,11.42453570298856
2021-04-16 22:46:00,0.4066914249207503,-9.853823103346038,10.692297191540202
2021-04-16 22:47:00,0.3943557882757629,-9.959554743610118,10.176188761535208
2021-04-16 22:48:00,0.38212279017772943,-9.869108949542355,11.097954994961055
2021-04-16 22:49:00,0.3699953091010897,-10.366101155708659,10.50947361191213
2021-04-16 22:50:00,0.35797620311252143,-9.873506554959052,11.484141294763008
2021-04-16 22:51:00,0.34606830947835276,-10.731244794549506,11.295086667276827
2021-04-16 22:52:00,0.33427444368716497,-9.33365891307899,10.871998773384414
2021-04-16 22:53:00,0.32259739854623215,-9.98934942892948,10.324622066564546
2021-04-16 22:54:00,0.3110399438990824,-11.157461569173716,11.62717066121998
2021-04-16 22:55:00,0.29960482513289677,-10.515476809922577,10.488943830283294
2021-04-16 22:56:00,0.28829476303123536,-10.717531264583727,10.470753241573046
2021-04-16 22:57:00,0.2771124527639707,-10.147488502053982,11.36360137212847
2021-04-16 22:58:00,0.26606056311073367,-10.442646498599654,10.803165814174085
2021-04-16 22:59:00,0.25514173581873123,-10.124993704830255,10.88303951141882
2021-04-16 23:00:00,0.2443585848036074,-10.990589521904779,11.188837067398003
2021-04-16 23:01:00,0.23371369536314546,-10.698707171675183,11.608256088565149
2021-04-16 23:02:00,0.22320962363120533,-9.80169963112876,10.602593530508146
2021-04-16 23:03:00,0.21284889572383414,-10.532937004264204,10.215912739844159
2021-04-16 23:04:00,0.20263400699807887,-9.960720969143324,10.36901330037261
2021-04-16 23:05:00,0.19256742152328443,-10.854106573984474,11.455999597138899
2021-04-16 23:06:00,0.1826515712267628,-10.60456298972614,11.582054107102236
2021-04-16 23:07:00,0.1728888553129292,-11.178904756314527,10.498964839509075
2021-04-16 23:08:00,0.1632816395773291,-9.961181213590494,10.741226207677217
2021-04-16 23:09:00,0.15383225550294988,-11.194467704362262,9.714842886056246
2021-04-16 23:10:00,0.14454300021627886,-10.504257488239233,10.99336706366058
2021-04-16 23:11:00,0.13541613504487338,-10.195507608461458,10.626863127854469
2021-04-16 23:12:00,0.12645388546158454,-10.786261872877711,10.45651720797131
2021-04-16 23:13:00,0.11765844035369888,-10.09251558947338,10.988369859053199
2021-04-16 23:14:00,0.10903195111771646,-10.075285015879395,11.34213631338363
2021-04-16 23:15:00,0.10057653143959622,-11.423882155470197,10.223671565119757
2021-04-16 23:16:00,0.09229425636519384,-10.478827797642108,10.089168586108114
2021-04-16 23:17:00,0.08418716194786446,-10.81132614344236,10.663295389138812
2021-04-16 23:18:00,0.0762572445877644,-10.695089116154954,9.988739222925252
2021-04-16 23:19:00,0.06850646035516439,-9.73563933312511,9.78911935441765
2021-04-16 23:20:00,0.06093672469670253,-11.107967514286303,11.134629736068797
2021-04-16 23:21:00,0.05354991157016653,-10.144335201421292,10.908748703452597
2021-04-16 23:22:00,0.04634785315037493,-10.31014569776056,10.429379887459788
2021-04-16 23:23:00,0.039332339206778144,-10.919322408415642,10.893866343417141
2021-04-16 23:24:00,0.032505116615753726,-9.975723152805417,10.569701747865606
2021-04-16 23:25:00,0.025867888789664173,-9.942966573059293,10.818889142585634
2021-04-16 23:26:00,0.019422315306054205,-10.42952271155888,10.39511304856281
2021-04-16 23:27:00,0.01317001134359197,-11.638347152484995,11.02397183603358
2021-04-16 23:28:00,0.007112547258609991,-10.074983925507786,10.71827152622219
2021-04-16 23:29:00,0.0012514480704759467,-10.324925821195865,10.524389827380599
2021-04-16 23:30:00,-0.0044118069527918635,-10.644600384516934,10.195999050156225
2021-04-16 23:31:00,-0.009875784616824257,-10.890827323566599,11.222804382161458
2021-04-16 23:32:00,-0.015139098413291308,-11.204016709189576,9.71152406503252
2021-04-16 23:33:00,-0.020200408831383188,-10.426486216760512,10.215697882677892
2021-04-16 23:34:00,-0.025058423650521577,-10.608206032966423,10.108597915956263
2021-04-16 23:35:00,-0.029711898530441205,-10.173365105017789,11.003869201181626
2021-04-16 23:36:00,-0.03415963721244397,-9.817089175092457,11.430247479381842
2021-04-16 23:37:00,-0.0384004968087599,-11.039654914127972,10.42989525663542
2021-04-16 23:38:00,-0.0424333735211706,-10.675818030246283,10.383680105363704
2021-04-16 23:39:00,-0.046257217587379884,-10.057869511442664,9.848335599718276
2021-04-16 23:40:00,-0.04987102875797733,-9.946702178783942,10.22572403097082
2021-04-16 23:41:00,-0.05327385651635952,-11.179669760443378,10.47924379156026
2021-04-16 23:42:00,-0.05646480044013957,-11.746148745756438,11.001534104432247
2021-04-16 23:43:00,-0.05944301048832634,-10.738321164484017,11.303614941909839
2021-04-16 23:44:00,-0.062207687156167646,-10.76517798789279,10.489869529242817
2021-04-16 23:45:00,-0.06475808187584331,-10.49676445422688,10.424960248135013
2021-04-16 23:46:00,-0.06709349713557278,-10.379727706364266,10.558439312521433
2021-04-16 23:47:00,-0.06921328674921079,-10.219240176458316,11.00772845648948
2021-04-16 23:48:00,-0.07111685604906315,-9.88115158959142,11.397893991146239
2021-04-16 23:49:00,-0.07280366210870781,-10.768484058552358,10.36343205719293
2021-04-16 23:50:00,-0.07427321389915287,-10.813528692173012,10.37080182667626
2021-04-16 23:51:00,-0.07552507242942053,-11.651523715112324,10.107892728316179
2021-04-16 23:52:00,-0.07655885097312742,-10.430235923879934,10.52256715415738
2021-04-16 23:53:00,-0.07737421511920406,-10.739374166370485,10.952078722430416
2021-04-16 23:54:00,-0.07797088298423027,-10.563503890237854,10.648291382950108
2021-04-16 23:55:00,-0.07834862523700814,-10.476103592143318,10.914941970273306
2021-04-16 23:56:00,-0.07850726526891239,-10.685104069120115,10.397482696428217
2021-04-16 23:57:00,-0.07844667924044657,-10.75802551243356,9.873059636532037
2021-04-16 23:58:00,-0.07816679613367583,-10.385496314346396,10.564598751102158
2021-04-16 23:59:00,-0.07766759784221566,-10.262887923939072,10.338709844618975
2021-04-17 00:00:00,-0.07694911921500824,-11.37952799406282,10.802457207911159
2021-04-17 00:01:00,-0.0760114480264652,-10.893693868184146,10.241147234356916
2021-04-17 00:02:00,-0.07485472502253632,-10.90219500787275,10.176256282021301
2021-04-17 00:03:00,-0.0734791439634126,-11.009559879004945,10.312978198607743
2021-04-17 00:04:00,-0.0718849515288218,-10.018439425622352,10.543337042761523
2021-04-17 00:05:00,-0.07007244733271867,-10.627914715172944,10.253225043535636
2021-04-17 00:06:00,-0.0680419838847458,-10.476516887769671,10.868566516414166
2021-04-17 00:07:00,-0.06579396643128466,-11.095821884040042,11.014573301111923
2021-04-17 00:08:00,-0.06332885311528635,-11.06041486675888,10.772069879082826
2021-04-17 00:09:00,-0.06064715458706593,-10.474871194027058,10.221107383085387
2021-04-17 00:10:00,-0.05774943412258504,-10.79032836870351,10.090279518498015
2021-04-17 00:11:00,-0.0546363074690801,-10.481948161781855,10.556970055378349
2021-04-17 00:12:00,-0.051308442607224114,-10.777907616100052,10.365321431384611
2021-04-17 00:13:00,-0.047766559767752015,-10.814340408703172,10.802628448292475
2021-04-17 00:14:00,-0.044011431143150204,-10.70765882471971,9.408794352675438
2021-04-17 00:15:00,-0.040043880745968874,-10.986602683800426,11.511058766719051
2021-04-17 00:16:00,-0.035864784319464604,-10.112987049564916,10.176137658367553
2021-04-17 00:17:00,-0.03147506898752073,-10.684909467019672,10.686078560909541
2021-04-17 00:18:00,-0.026875713131587764,-10.613898478497125,10.769351368366102
2021-04-17 00:19:00,-0.02206774619471097,-10.795174836349972,10.76206971477201
2021-04-17 00:20:00,-0.0170522483237443,-11.517587263387044,10.15690622509676
2021-04-17 00:21:00,-0.011830350274285362,-10.391017640360497,11.134512061689948
2021-04-17 00:22:00,-0.006403233008529741,-10.407384135315969,10.465680273037819
2021-04-17 00:23:00,-0.000772127362809405,-9.911645312447225,11.225583300648708
2021-04-17 00:24:00,0.005061685885742739,-10.466950627654354,11.130482302430082
2021-04-17 00:25:00,0.011096876847222159,-10.911265172725473,9.875353821729098
2021-04-17 00:26:00,0.017332066476441033,-10.68914625532116,10.396646788084388
2021-04-17 00:27:00,0.023765826947727886,-10.654502242211462,11.237287374462115
2021-04-17 00:28:00,0.03039668217046332,-10.54726681785512,10.540842121307376
2021-04-17 00:29:00,0.037223107927538024,-10.16825666658883,11.582453313780967
2021-04-17 00:30:00,0.04424353243955159,-10.58054495240548,11.350230014166282
2021-04-17 00:31:00,0.051456336670208325,-10.197451507145713,10.141336162939448
2021-04-17 00:32:00,0.05885985462780963,-9.937053429837311,10.789021090499945
2021-04-17 00:33:00,0.06645237395538672,-10.663153469795189,11.008082443662483
2021-04-17 00:34:00,0.07423213626734149,-10.928058950205983,10.798645544504643
2021-04-17 00:35:00,0.08219733748132074,-10.569094437420894,10.674573519231949
2021-04-17 00:36:00,0.09034612848813961,-10.536774254239727,10.475663325083252
2021-04-17 00:37:00,0.09867661535205807,-10.688813317078456,10.723324946851033
2021-04-17 00:38:00,0.10718685997793787,-10.51511057428986,11.318410847139916
2021-04-17 00:39:00,0.11587488066263874,-10.705038733160759,10.999145864882363
2021-04-17 00:40:00,0.12473865213733693,-10.970816614993824,10.479240531789793
2021-04-17 00:41:00,0.1337761065848324,-11.149729937789125,10.209658231409756
2021-04-17 00:42:00,0.14298513408602231,-10.741703076705456,12.257836659755274
2021-04-17 00:43:00,0.15236358261776095,-10.463728797857195,10.628226518162874
2021-04-17 00:44:00,0.1619092594599335,-10.672889704010506,10.471373436170795
2021-04-17 00:45:00,0.17161993080183935,-10.307062214394758,11.24418486041579
2021-04-17 00:46:00,0.18149332315429134,-10.02499950899358,11.36247137235165
2021-04-17 00:47:00,0.1915271233755662,-9.954438599361705,11.201798294367654
2021-04-17 00:48:00,0.2017189793352585,-10.476567895191415,10.751404844075351
2021-04-17 00:49:00,0.21206650074518696,-9.881460814148786,10.615120499160373
2021-04-17 00:50:00,0.22256725940308975,-9.734309737095057,11.58217275233346
2021-04-17 00:51:00,0.2332187901363132,-10.561122001723417,10.383899230695462
2021-04-17 00:52:00,0.24401859127835457,-10.306438926670497,10.37020541623045
2021-04-17 00:53:00,0.2549641251384781,-10.220046101520238,10.04697433622961
2021-04-17 00:54:00,0.26605281895732436,-10.512192773717494,10.968585279987117
2021-04-17 00:55:00,0.277282065362331,-10.019624377072645,10.934263767412764
2021-04-17 00:56:00,0.28864922294696915,-10.40491729920877,10.337041057059924
2021-04-17 00:57:00,0.30015161719206473,-9.935114234428093,10.86625540601844
2021-04-17 00:58:00,0.31178654082650936,-10.900589381178186,10.80287422203116
2021-04-17 00:59:00,0.3235512547639341,-9.2663164663165,10.915306463389257
2021-04-17 01:00:00,0.33544298886506696,-10.175866432124439,11.189787896918055
2021-04-17 01:01:00,0.3474589420227163,-10.601778743277345,10.875379465751148
2021-04-17 01:02:00,0.35959628375946295,-10.666564156046942,10.665598939369001
2021-04-17 01:03:00,0.37185215434279484,-10.086905619752763,11.438883266051525
2021-04-17 01:04:00,0.3842236655133535,-10.285818575529744,10.656272674912547
2021-04-17 01:05:00,0.3967079015898953,-10.51043094478336,10.467626973099259
2021-04-17 01:06:00,0.4093019197690517,-9.29578862507006,10.950268196897346
2021-04-17 01:07:00,0.4220027511854824,-10.609047569592214,10.970693014178833
2021-04-17 01:08:00,0.4348074015793221,-10.832312851659944,10.371275994409116
2021-04-17 01:09:00,0.44771285185800525,-9.404093891383688,10.439685193487028
2021-04-17 01:10:00,0.4607160591438541,-9.794791354854308,10.555296097525178
2021-04-17 01:11:00,0.473813957409329,-9.760714076898239,10.87512286735892
2021-04-17 01:12:00,0.48700345811433254,-10.206141749184617,10.724262325944101
2021-04-17 01:13:00,0.5002814513336595,-10.088716024081553,11.378295096105537
2021-04-17 01:14:00,0.5136448060667822,-10.497196029132011,10.694983938224592
2021-04-17 01:15:00,0.5270903714462047,-10.027380080744202,11.354704295383687
2021-04-17 01:16:00,0.5406149775317856,-10.152168970325254,11.272455379957817
2021-04-17 01:17:00,0.5542154354497649,-10.027871977547811,10.212619972207477
2021-04-17 01:18:00,0.567888539181353,-10.673660716244344,11.011656769893117
2021-04-17 01:19:00,0.5816310657561261,-9.971672935199777,11.110507248766208
2021-04-17 01:20:00,0.5954397758439366,-10.247494553537233,10.927094715819074
2021-04-17 01:21:00,0.6093114154779655,-10.17780493576497,10.495199782578425
2021-04-17 01:22:00,0.6232427156679069,-10.40342319548521,11.598096320479366
2021-04-17 01:23:00,0.6372303944202157,-9.850206317321744,10.592000006770265
2021-04-17 01:24:00,0.6512711567170621,-9.505298187681527,11.758684587183527
2021-04-17 01:25:00,0.6653616955695544,-9.712403703709413,11.769258479888457
2021-04-17 01:26:00,0.6794986930000584,-9.746116714397763,11.126433505061335
2021-04-17 01:27:00,0.6936788208383015,-9.046017539332095,11.709237208495873
2021-04-17 01:28:00,0.7078987412407889,-10.498951963360359,11.351933662727006
2021-04-17 01:29:00,0.7221551080554686,-9.898940112932227,10.615461945092793
2021-04-17 01:30:00,0.7364445671404577,-10.324980229769734,10.79970663923326
2021-04-17 01:31:00,0.7507637575552207,-9.837603085905071,11.418753104025857
2021-04-17 01:32:00,0.7651093123349019,-9.804875421124013,10.564449150890685
2021-04-17 01:33:00,0.7794778590991917,-9.451997975597433,11.423609959510866
2021-04-17 01:34:00,0.79386602124841,-10.015613452720055,10.86341125113707
2021-04-17 01:35:00,0.8082704184658104,-9.583606096551303,11.210867633721891
2021-04-17 01:36:00,0.8226876677603412,-9.528431724061438,11.27980002336988
2021-04-17 01:37:00,0.8371143845842268,-9.965699975777374,11.186669574509107
2021-04-17 01:38:00,0.8515471826837163,-9.341751823733533,12.245403249973707
2021-04-17 01:39:00,0.865982676289808,-10.036817364594295,11.22859502232196
2021-04-17 01:40:00,0.8804174799645743,-9.981239285105373,11.32049194065146
2021-04-17 01:41:00,0.8948482097217073,-9.235786733356667,11.404879221557831
2021-04-17 01:42:00,0.909271484059228,-9.781962589717304,11.165077706482677
2021-04-17 01:43:00,0.9236839244632951,-9.790411763267471,12.092743106803098
2021-04-17 01:44:00,0.9380821566007099,-9.602999247130759,11.405516913361534
2021-04-17 01:45:00,0.9524628109084063,-9.865116959950747,11.178717570402824
2021-04-17 01:46:00,0.9668225233737096,-9.563220450543298,11.039230138248849
2021-04-17 01:47:00,0.9811579366592023,-9.129059533796166,11.735788857354736
2021-04-17 01:48:00,0.9954657006835662,-9.12859339039633,11.820035234508099
2021-04-17 01:49:00,1.0097424734205016,-9.340445166311987,11.865841771393441
2021-04-17 01:50:00,1.0239849219608756,-9.421193217146884,11.093889950036004
2021-04-17 01:51:00,1.038189723031795,-9.288453150520686,11.756823652925432
2021-04-17 01:52:00,1.0523535639894914,-9.587443154397878,11.399701612248652
2021-04-17 01:53:00,1.0664731439054094,-9.217745330544608,11.28564035866914
2021-04-17 01:54:00,1.0805451734767948,-9.528046059061756,12.317998813371485
2021-04-17 01:55:00,1.0945663769680984,-9.016262756875781,11.526776479847628
2021-04-17 01:56:00,1.10853349222539,-10.134593413000564,11.722432414643935
2021-04-17 01:57:00,1.1224432716377801,-9.282590685741862,11.252456386086832
2021-04-17 01:58:00,1.1362924832680703,-9.653727579435548,11.291638391405593
2021-04-17 01:59:00,1.150077910922522,-9.076250922600774,12.707489607273855
2021-04-17 02:00:00,1.1637963558296684,-8.49120088873861,12.345300536099383
2021-04-17 02:01:00,1.1774446368202904,-9.30121222772923,11.887769616481346
2021-04-17 02:02:00,1.191019591023823,-9.454834870190531,12.11658613903684
2021-04-17 02:03:00,1.204518075112829,-9.939918237324115,11.5684553855901
2021-04-17 02:04:00,1.2179369656915355,-9.551659889401275,12.407994761341364
2021-04-17 02:05:00,1.231273160069895,-10.479840532964742,11.49576734353125
2021-04-17 02:06:00,1.2445235772129954,-9.938185352843874,11.639450450995254
2021-04-17 02:07:00,1.2576851581937807,-8.7343627293998,11.587272847723067
2021-04-17 02:08:00,1.2707548672489728,-9.82172428451624,11.118773177894724
2021-04-17 02:09:00,1.2837296922564159,-9.915986694256313,12.085994187590904
2021-04-17 02:10:00,1.2966066454342686,-9.550969996806774,11.364727263641605
2021-04-17 02:11:00,1.3093827642568032,-9.64330170374604,11.433002829470507
2021-04-17 02:12:00,1.322055112187126,-9.663729672790593,11.264146950756468
2021-04-17 02:13:00,1.334620778777579,-8.478256870813999,12.747166159144898
2021-04-17 02:14:00,1.3470768813626484,-9.950451022684321,12.491343094761183
2021-04-17 02:15:00,1.3594205646275226,-8.618906542913434,11.593708665742273
2021-04-17 02:16:00,1.3716490022718175,-8.64367845907039,11.314118658669221
2021-04-17 02:17:00,1.383759397087871,-10.241035762992212,11.497342711439288
2021-04-17 02:18:00,1.3957489816503146,-9.36651451584712,11.811248943224376
2021-04-17 02:19:00,1.407615019200383,-9.85123188307055,11.221592451317292
2021-04-17 02:20:00,1.4193548040376651,-8.846063174272187,12.309499537110428
2021-04-17 02:21:00,1.4309656623088949,-9.425585009846866,11.806982308688667
2021-04-17 02:22:00,1.442444952670848,-9.095434149263559,11.954424491694922
2021-04-17 02:23:00,1.453790066540179,-9.220788177116543,11.861900681978332
2021-04-17 02:24:00,1.4649984291781797,-8.231150871345308,12.733202076054983
2021-04-17 02:25:00,1.476067500045945,-8.574141640383186,12.401654618238393
2021-04-17 02:26:00,1.4869947731571822,-9.204832249863058,12.469400732982105
2021-04-17 02:27:00,1.4977777781486572,-9.61299333016087,11.780639923913771
2021-04-17 02:28:00,1.5084140803656458,-8.41088935796211,12.925845259135027
2021-04-17 02:29:00,1.5189012816529948,-8.98000570093907,12.944102237303923
2021-04-17 02:30:00,1.5292370210330328,-9.269063914142597,12.415133757477127
2021-04-17 02:31:00,1.5394189746207176,-8.607024572223803,11.54184088953807
2021-04-17 02:32:00,1.549444857034856,-9.42782894960575,11.83106565728695
2021-04-17 02:33:00,1.5593124211610694,-9.13229256757048,11.964167655731197
2021-04-17 02:34:00,1.5690194589271134,-8.741771104916287,12.200957132955049
2021-04-17 02:35:00,1.5785638018948882,-8.796321065438592,12.251899586695753
2021-04-17 02:36:00,1.5879433213541048,-8.693959153013468,11.823492746194091
2021-04-17 02:37:00,1.5971559293342548,-8.85122536707168,12.099354400850363
2021-04-17 02:38:00,1.6061995786525185,-8.620902911822308,12.029352217664103
2021-04-17 02:39:00,1.615072263368519,-8.897544906876915,12.343844359379338
2021-04-17 02:40:00,1.6237720193460765,-8.94666301876061,12.517074978831321
2021-04-17 02:41:00,1.6322969246890424,-9.198811773746744,12.056552198497762
2021-04-17 02:42:00,1.6406450999440292,-8.394469196891189,11.487914418251728
2021-04-17 02:43:00,1.64881470870058,-8.625110533963465,12.357955966972206
2021-04-17 02:44:00,1.656803957822043,-9.066428825190705,12.737325392569137
2021-04-17 02:45:00,1.6646110978883244,-8.128364265248779,12.41378010451923
2021-04-17 02:46:00,1.6722344236294875,-8.8934802254768,12.143229441150496
2021-04-17 02:47:00,1.6796722739511283,-8.581188501039582,12.872153166448674
2021-04-17 02:48:00,1.6869230326577607,-9.327748997639304,11.685264480033899
2021-04-17 02:49:00,1.6939851286316618,-8.89256803433871,12.179450154372528
2021-04-17 02:50:00,1.700857035830316,-9.089702801875495,11.864261359816487
2021-04-17 02:51:00,1.7075372741455075,-8.555737699257614,12.408809742359372
2021-04-17 02:52:00,1.7140244091263237,-8.458975514184523,12.723512926822862
2021-04-17 02:53:00,1.7203170526917542,-9.47130020832117,11.82432176976087
2021-04-17 02:54:00,1.7264138630679562,-8.945926580468813,12.466483608324516
2021-04-17 02:55:00,1.7323135451288492,-9.292547941845807,12.011197350577342
2021-04-17 02:56:00,1.738014850735612,-8.971890949321521,12.690701031576546
2021-04-17 02:57:00,1.7435165787753788,-9.123261214992866,11.582006753525432
2021-04-17 02:58:00,1.748817575442894,-8.973758447222862,13.106532823731976
2021-04-17 02:59:00,1.7539167344476878,-9.529805675494105,12.031601105533383
2021-04-17 03:00:00,1.758812997140674,-8.459946638487818,12.95110940036138
2021-04-17 03:01:00,1.763505352690812,-9.754966041785158,12.858202402897236
2021-04-17 03:02:00,1.767992838309591,-8.744982860574005,11.943039653123549
2021-04-17 03:03:00,1.772274539234842,-8.839244085187334,12.447973929296278
2021-04-17 03:04:00,1.776349588972021,-8.604677751558691,12.433016757563388
2021-04-17 03:05:00,1.780217169331379,-8.312378861195914,11.972868933268806
2021-04-17 03:06:00,1.7838765106110817,-9.12830786593117,12.881665471009455
2021-04-17 03:07:00,1.787326891650249,-8.002243986867722,12.662251953293994
2021-04-17 03:08:00,1.7905676397286396,-8.007097776769687,12.034498005586851
2021-04-17 03:09:00,1.7935981309126812,-8.540457305946868,12.178342873491028
2021-04-17 03:10:00,1.796417789948282,-9.222711283731847,12.776245697977206
2021-04-17 03:11:00,1.799026090165087,-8.834777036717433,11.80576024800425
2021-04-17 03:12:00,1.803271058305393,-8.019742541639417,12.579640750074631
2021-04-17 03:13:00,1.807303760704221,-8.31293252977434,12.74176713497011
2021-04-17 03:14:00,1.8111238169673292,-9.172997088244179,11.438983450019865
2021-04-17 03:15:00,1.8147308954000585,-9.54485875588282,12.475019783723758
2021-04-17 03:16:00,1.8181247129643627,-8.442274481645878,12.528909035392335
2021-04-17 03:17:00,1.8213050352919713,-8.745370263788109,12.142974235060514
2021-04-17 03:18:00,1.8242716765033329,-8.456230840795723,12.958497120211995
2021-04-17 03:19:00,1.8270244992170204,-8.535001239980247,11.468978565080837
2021-04-17 03:20:00,1.8295634145035033,-8.873972189419014,12.315099059325957
2021-04-17 03:21:00,1.8318883816065599,-8.83610725987951,12.78791575300275
2021-04-17 03:22:00,1.833999408060459,-8.006045617776973,12.852270685468858
2021-04-17 03:23:00,1.8358965494156134,-8.53229705891196,12.20199527023581
2021-04-17 03:24:00,1.837579909109968,-9.155972604356357,12.905649784088707
2021-04-17 03:25:00,1.8390496383374821,-9.02309321628334,11.435142367447831
2021-04-17 03:26:00,1.840305935972923,-9.284880701508415,12.639025929986312
2021-04-17 03:27:00,1.8413490482179444,-7.681904095729897,13.031091385952639
2021-04-17 03:28:00,1.842179268556242,-8.032204104806917,13.705454758818723
2021-04-17 03:29:00,1.8427969374806779,-8.950571242242136,12.694073687842668
2021-04-17 03:30:00,1.8432024423033235,-8.537631051941572,12.448730464523551
2021-04-17 03:31:00,1.8433962169690965,-8.016442956220562,13.209298866870762
2021-04-17 03:32:00,1.8433787416950258,-9.086208769027179,11.943733082420216
2021-04-17 03:33:00,1.8431505428729094,-8.985162422654547,12.787329873020107
2021-04-17 03:34:00,1.8427121927322605,-8.958363154379706,12.639139555701584
2021-04-17 03:35:00,1.8420643090096496,-9.353314365310862,11.966641475684305
2021-04-17 03:36:00,1.8412075547875761,-8.406249854792614,12.819653091171533
2021-04-17 03:37:00,1.8401426381251043,-8.011022265189204,12.282920784454019
2021-04-17 03:38:00,1.8388703117301564,-8.246682152140316,12.801160567031351
2021-04-17 03:39:00,1.8373913726657634,-8.420473449711299,12.593520631219027
2021-04-17 03:40:00,1.8357066620555051,-9.062387719412495,12.833832571143999
2021-04-17 03:41:00,1.8338170647062444,-9.00191436968285,12.176777125617026
2021-04-17 03:42:00,1.8317235086951895,-8.783324990165596,12.167253979415777
2021-04-17 03:43:00,1.8294269651548016,-8.760247967857536,12.845621681407764
2021-04-17 03:44:00,1.8269284477080454,-9.081183441178338,12.605504570435007
2021-04-17 03:45:00,1.8242290122897,-8.514595545631625,12.29202117464076
2021-04-17 03:46:00,1.821329756539482,-8.314896893011598,11.402958133560547
2021-04-17 03:47:00,1.818231819557483,-8.598545072111747,12.746776837346179
2021-04-17 03:48:00,1.8149363814417545,-9.038178471379577,12.691994887501684
2021-04-17 03:49:00,1.8114446627783085,-8.80981255385773,13.403401698985922
2021-04-17 03:50:00,1.8077579243437882,-9.280061515246459,11.975746798332523
2021-04-17 03:51:00,1.8038774665616968,-8.521854668420321,12.069386269517011
2021-04-17 03:52:00,1.7998046290296728,-9.45779533900678,12.761925840881883
2021-04-17 03:53:00,1.7955407901749911,-8.400538722532202,12.711792710067153
2021-04-17 03:54:00,1.7910873666182816,-8.511074017566573,12.361946936766236
2021-04-17 03:55:00,1.7864458128126035,-9.48337003101405,12.074123245093551
2021-04-17 03:56:00,1.781617620495111,-8.837861493377849,12.504416887196722
2021-04-17 03:57:00,1.7766043181769866,-8.844321137540845,12.152198273092278
2021-04-17 03:58:00,1.7714074706999505,-9.544114465352049,12.603943543252694
2021-04-17 03:59:00,1.7660286786165957,-8.034350345014865,12.266396565089194
2021-04-17 04:00:00,1.76046957763523,-8.811024594763708,11.211717283877297
2021-04-17 04:01:00,1.7547318383722366,-8.175761196037904,12.508647321840959
2021-04-17 04:02:00,1.7488171653717521,-8.45939126319964,11.390284324257697
2021-04-17 04:03:00,1.74272729682598,-8.958248138341062,12.944122786807709
2021-04-17 04:04:00,1.7364640040875434,-7.981325349029427,12.412106001561067
2021-04-17 04:05:00,1.7300290907706635,-9.019059054631663,11.95319233200656
2021-04-17 04:06:00,1.7234243925774648,-8.545331301407852,12.29005925104462
2021-04-17 04:07:00,1.7166517763556304,-8.81147970960569,12.849778027595265
2021-04-17 04:08:00,1.709713139710726,-8.630664829268232,12.379243170242198
2021-04-17 04:09:00,1.7026104104397444,-9.249144306261133,11.859922555519878
2021-04-17 04:10:00,1.695345545761617,-9.359531501222522,12.385577376790065
2021-04-17 04:11:00,1.6879205318176385,-9.061614584136906,11.838881422496847
2021-04-17 04:12:00,1.6803373831038937,-8.029102551398777,12.468091599659088
2021-04-17 04:13:00,1.6725981416702744,-8.6635524105453,11.462162415356216
2021-04-17 04:14:00,1.6647048767166002,-9.061653634358745,12.187099858922576
2021-04-17 04:15:00,1.656659683771641,-8.762188228332946,12.662992019291123
2021-04-17 04:16:00,1.648464684109475,-8.471199256668553,12.08117757735926
2021-04-17 04:17:00,1.6401220242197248,-8.81268639211887,12.274657390165821
2021-04-17 04:18:00,1.6316338749916584,-8.234208486352145,12.752592222527332
2021-04-17 04:19:00,1.623002431033312,-8.98912756601577,12.100811291934814
2021-04-17 04:20:00,1.6142299103659774,-8.838148000884264,12.219922828806606
2021-04-17 04:21:00,1.605318553177849,-9.90540281384618,12.874036821004925
2021-04-17 04:22:00,1.5962706218180487,-8.702836006753955,12.44909285468574
2021-04-17 04:23:00,1.5870883994915914,-8.631859344394686,12.283039790171825
2021-04-17 04:24:00,1.577774189991319,-9.141646522360418,11.944021050936222
2021-04-17 04:25:00,1.568330316969564,-9.321488296493934,12.416087660098812
2021-04-17 04:26:00,1.5587591230962117,-8.699021549114308,11.724505052745247
2021-04-17 04:27:00,1.5490629694579328,-8.475451698338237,11.35526926223814
2021-04-17 04:28:00,1.539244234974527,-8.73676638700122,11.52283024186911
2021-04-17 04:29:00,1.5293053154768197,-9.543053576638053,11.726292490896551
2021-04-17 04:30:00,1.5192486232702238,-9.510228699746134,12.440817294000919
2021-04-17 04:31:00,1.5090765862106421,-8.912942175148928,11.630599220827044
2021-04-17 04:32:00,1.4987916471006024,-9.373031288126107,11.966498770544444
2021-04-17 04:33:00,1.4883962630896885,-8.465291053069608,11.080781620277431
2021-04-17 04:34:00,1.4778929047355978,-8.748547866075183,12.44773914249614
2021-04-17 04:35:00,1.4672840555700328,-9.061931859398307,12.552941210538167
2021-04-17 04:36:00,1.4565722111852044,-9.360632131057002,12.744135121894063
2021-04-17 04:37:00,1.4457598784561356,-9.332759177577952,12.526613200149507
2021-04-17 04:38:00,1.4348495753268335,-9.219947863967906,12.179107168950217
2021-04-17 04:39:00,1.4238438293920956,-9.335718215048102,12.761402241186664
2021-04-17 04:40:00,1.4127451776750344,-8.296606517410744,11.965391734629621
2021-04-17 04:41:00,1.401556165872537,-8.801772969089363,12.31935034254023
2021-04-17 04:42:00,1.390279347356333,-9.264992071062522,12.061913204600067
2021-04-17 04:43:00,1.3789172829675833,-9.533690145417438,11.060312962600655
2021-04-17 04:44:00,1.3674725396687433,-8.734623149465405,11.661222282724106
2021-04-17 04:45:00,1.3559476903067045,-9.06683401415352,12.49931482417788
2021-04-17 04:46:00,1.3443453128428793,-8.715070828672465,11.84801806120494
2021-04-17 04:47:00,1.3326679894591225,-9.478286481928967,12.525613534520753
2021-04-17 04:48:00,1.3209183059588199,-8.714497442178988,11.640854275257793
2021-04-17 04:49:00,1.3090988511713424,-9.119436893107348,12.895226937932298
2021-04-17 04:50:00,1.2972122159749886,-8.696046213109598,12.377322433577488
2021-04-17 04:51:00,1.2852609929423529,-8.676782203723697,11.721524023173982
2021-04-17 04:52:00,1.273247775313795,-8.604056967817748,12.568057631150841
2021-04-17 04:53:00,1.261175156439988,-9.745154897661196,12.19589766660261
2021-04-17 04:54:00,1.249045729237893,-9.73069099613275,11.650470000891957
2021-04-17 04:55:00,1.2368620852346572,-9.127664632724406,11.738329116760571
2021-04-17 04:56:00,1.2246268138529992,-9.579143281947708,11.347425114103329
2021-04-17 04:57:00,1.2123425022556664,-8.817502557629478,12.343662510464863
2021-04-17 04:58:00,1.2000117337900633,-9.515807046162506,12.374107124313555
2021-04-17 04:59:00,1.187637088276162,-9.880925797216761,11.31952003720058
2021-04-17 05:00:00,1.1752211404064101,-8.965361804256132,11.158851838968964
2021-04-17 05:01:00,1.1627664597076568,-9.67431923585407,11.98647313916773
2021-04-17 05:02:00,1.1502756097178892,-10.249065253942323,12.269016536504745
2021-04-17 05:03:00,1.137751147182954,-9.507617197014158,11.898913308380436
2021-04-17 05:04:00,1.1251956214422538,-8.78012108388213,12.06526095315994
2021-04-17 05:05:00,1.112611573992894,-9.493503264724502,11.161741552056403
2021-04-17 05:06:00,1.1000015374498386,-9.536720884588453,11.735638428607711
2021-04-17 05:07:00,1.0873680352875321,-9.236051342224314,11.88291752675279
2021-04-17 05:08:00,1.0747135809230328,-9.93054456934197,11.640533961535843
2021-04-17 05:09:00,1.062040677140864,-9.732796712325218,12.536853485748587
2021-04-17 05:10:00,1.049351815632832,-9.95418167944119,11.766829020379857
2021-04-17 05:11:00,1.0366494761738583,-10.051707085695423,11.462118928016592
2021-04-17 05:12:00,1.023936125885588,-9.510977248977143,12.137163362378512
2021-04-17 05:13:00,1.0112142192320006,-8.63894260708363,11.771862878270374
2021-04-17 05:14:00,0.9984861964357927,-9.784317562345963,11.78992510852813
2021-04-17 05:15:00,0.9857544840150207,-9.248685458103438,11.770972459657802
2021-04-17 05:16:00,0.9730214930841121,-9.819356833962772,11.521168909987844
2021-04-17 05:17:00,0.9602896195202245,-9.253809194374586,11.741714491320167
2021-04-17 05:18:00,0.9475612431740184,-9.700705111577816,11.616466955860451
2021-04-17 05:19:00,0.9348387271386173,-9.169367410635767,11.682976904391731
2021-04-17 05:20:00,0.9221244174442436,-9.349873342704202,11.788977504721478
2021-04-17 05:21:00,0.9094206422203042,-9.2809110147327,11.298420202698592
2021-04-17 05:22:00,0.8967297113297531,-9.505166030459876,11.309011506876955
2021-04-17 05:23:00,0.8840539158662617,-10.385125937893337,11.377437877243812
2021-04-17 05:24:00,0.8713955273867213,-10.554738685959718,11.95807266599074
2021-04-17 05:25:00,0.8587567975713969,-9.541864272247441,11.967561829633961
2021-04-17 05:26:00,0.8461399577223868,-9.426757251593259,11.24124227795005
2021-04-17 05:27:00,0.8335472180633864,-9.408233249428736,12.079934199024418
2021-04-17 05:28:00,0.820980767464857,-9.292835741460227,11.767921974269152
2021-04-17 05:29:00,0.808442772764578,-9.417565969200822,11.327657545162104
2021-04-17 05:30:00,0.795935378293597,-9.520482886158176,10.983508858131634
2021-04-17 05:31:00,0.7834607055865639,-9.41868790779252,11.65541603494358
2021-04-17 05:32:00,0.7710208527181704,-10.101594140570718,11.000475789131702
2021-04-17 05:33:00,0.7586178937330452,-9.431815924726227,11.739798868469748
2021-04-17 05:34:00,0.7462538787000128,-10.061260733388021,11.503627821628937
2021-04-17 05:35:00,0.7339308325073604,-9.708584054730737,10.09400757846564
2021-04-17 05:36:00,0.7216507552967784,-10.279137888880138,11.878489426703785
2021-04-17 05:37:00,0.7094156212067295,-9.658925936118285,10.622730854608404
2021-04-17 05:38:00,0.6972273784387462,-10.453406863166876,10.869211629139363
2021-04-17 05:39:00,0.6850879489175503,-9.710164120645087,11.345533229803905
2021-04-17 05:40:00,0.672999227506482,-9.089950374020681,11.846377753285415
2021-04-17 05:41:00,0.6609630819196294,-9.506998795772708,11.97044811394917
2021-04-17 05:42:00,0.6489813523149109,-10.756438085211759,11.239731309198897
2021-04-17 05:43:00,0.6370558507774848,-8.86383149188578,10.732287203450097
2021-04-17 05:44:00,0.6251883611756691,-9.518801837551418,11.262536372925544
2021-04-17 05:45:00,0.6133806385617491,-9.44389152469579,11.326860465289785
2021-04-17 05:46:00,0.6016344090353445,-10.58702720681762,10.847058952743483
2021-04-17 05:47:00,0.5899513694197517,-10.322178338901962,11.652432405566616
2021-04-17 05:48:00,0.5783331867870731,-10.163689533771333,11.07921666325996
2021-04-17 05:49:00,0.5667814981333686,-9.920872931007748,10.370460886758673
2021-04-17 05:50:00,0.5552979105413733,-10.440987370588074,10.791881317212288
2021-04-17 05:51:00,0.5438840001103183,-9.94477971511491,11.809628747933477
2021-04-17 05:52:00,0.5325413125491925,-9.893585280783293,10.995734543114077
2021-04-17 05:53:00,0.5212713621368932,-10.358766346704552,9.950321599562391
2021-04-17 05:54:00,0.5100756319186499,-10.37176086976208,11.070021359429228
2021-04-17 05:55:00,0.4989555734420304,-10.537796393122152,11.00741093276579
2021-04-17 05:56:00,0.48791260635858563,-10.21233294269937,11.230595279199342
2021-04-17 05:57:00,0.47694811828688777,-9.296845158505128,10.709251757936824
2021-04-17 05:58:00,0.46606346468071164,-9.643266680681368,10.53175547728368
2021-04-17 05:59:00,0.4552599683817664,-10.31436025817944,10.662917811267196
2021-04-17 06:00:00,0.4445389198392127,-10.552505499340342,11.07855025292323
2021-04-17 06:01:00,0.4339015764973842,-9.292991814456327,11.05342680669624
2021-04-17 06:02:00,0.42334916282679935,-9.962466263848244,11.080312561480126
2021-04-17 06:03:00,0.4128828703640657,-10.476260440249954,10.462964350415426
2021-04-17 06:04:00,0.4025038571368075,-9.322411148894385,10.979596565040548
2021-04-17 06:05:00,0.39221324792844825,-10.677696212890902,10.89156384760914
2021-04-17 06:06:00,0.38201213396182404,-9.903242109602562,11.58794857260696
2021-04-17 06:07:00,0.3719015726636949,-11.106273311616714,10.828003950928288
2021-04-17 06:08:00,0.36188258803072465,-10.711136429390194,10.78387522120571
2021-04-17 06:09:00,0.35195616999336654,-10.537353806457142,11.12911872335272
2021-04-17 06:10:00,0.34212327453807756,-9.745561581926307,11.076780575442903
2021-04-17 06:11:00,0.332384823969131,-9.315454507348099,10.99353756298185
2021-04-17 06:12:00,0.3227417062018525,-10.171849609878393,10.771278429174638
2021-04-17 06:13:00,0.31319477544118723,-10.102799866280446,11.649964962974112
2021-04-17 06:14:00,0.30374485150843444,-9.929414344632978,11.360331746243364
2021-04-17 06:15:00,0.29439272017742957,-10.730764092895209,10.175650985995931
2021-04-17 06:16:00,0.28513913315915423,-10.5772527369974,10.856145655383989
2021-04-17 06:17:00,0.27598480799271535,-10.552806795255824,10.684884426101672
2021-04-17 06:18:00,0.26693042801659694,-9.989335019005537,11.315988592629484
2021-04-17 06:19:00,0.25797664257407343,-10.018632341652692,11.306938157053468
2021-04-17 06:20:00,0.24912406686951954,-10.429902329712952,11.025410042785639
2021-04-17 06:21:00,0.24037328212029646,-9.665095280281374,11.204696630768696
2021-04-17 06:22:00,0.23172483556587803,-9.977178246084552,10.300037811799314
2021-04-17 06:23:00,0.22317924043560472,-10.457309402593033,10.639894457240882
2021-04-17 06:24:00,0.21473697633296962,-10.492657375940333,11.003216812843092
2021-04-17 06:25:00,0.20639848894138912,-10.5704421270487,10.392772828039796
2021-04-17 06:26:00,0.1981641902640986,-10.66195607701901,10.233300847055743
2021-04-17 06:27:00,0.19003445899573945,-10.678052656214467,9.435080517028567
2021-04-17 06:28:00,0.18200964013434517,-9.929495513709089,10.154732724388145
2021-04-17 06:29:00,0.17409004559852453,-9.789052018092198,10.156194081626147
2021-04-17 06:30:00,0.16627595397572992,-10.391890798768008,10.315822973622181
2021-04-17 06:31:00,0.15856761095181227,-10.561859517011433,11.194741893883469
2021-04-17 06:32:00,0.15096522937437096,-10.336781832573447,10.644312990733845
2021-04-17 06:33:00,0.14346898931509916,-10.888055412062826,10.259786106243483
2021-04-17 06:34:00,0.1360790384239754,-9.602755689113524,10.308229859951286
2021-04-17 06:35:00,0.12879549202817447,-10.344630257285154,9.877261075336765
2021-04-17 06:36:00,0.12161843332300976,-10.905804093110142,10.537352880754382
2021-04-17 06:37:00,0.11454791361776018,-10.810500575020907,11.15916774043535
2021-04-17 06:38:00,0.10758395254892744,-10.262480244068627,9.880238356710327
2021-04-17 06:39:00,0.10072653821955979,-11.031744530781395,10.731170842981141
2021-04-17 06:40:00,0.09397562759972622,-10.731121377632753,11.413424043246799
2021-04-17 06:41:00,0.08733114667853059,-11.453834271722991,10.674018005755567
2021-04-17 06:42:00,0.08079299064229772,-10.100064088502203,10.068174693822634
2021-04-17 06:43:00,0.07436102435160608,-10.504204146972606,10.510613284174282
2021-04-17 06:44:00,0.06803508233542044,-11.140583634726159,11.134507743754824
2021-04-17 06:45:00,0.06181496942913245,-10.846456937403156,9.847810925460607
2021-04-17 06:46:00,0.05570050683857364,-10.272186141051309,10.899358506109648
2021-04-17 06:47:00,0.04969139416431023,-10.51268411607491,11.15482131345937
2021-04-17 06:48:00,0.04378734841301357,-10.172776036910593,11.023589543287256
2021-04-17 06:49:00,0.03798805755638557,-10.860443563786854,10.937186818789144
2021-04-17 06:50:00,0.03229318152397598,-10.231549501637504,10.639741628361191
2021-04-17 06:51:00,0.02670235202765847,-10.386625746971186,9.738683778965585
2021-04-17 06:52:00,0.0212151732086312,-10.152817271202426,10.302846915097854
2021-04-17 06:53:00,0.01583122188338071,-11.164481964638112,10.168310163939815
2021-04-17 06:54:00,0.010550047831539233,-11.129918266741083,10.201718599023382
2021-04-17 06:55:00,0.005371174309370064,-10.675804757625974,10.729937121336249
2021-04-17 06:56:00,0.0002940983427318633,-10.087731057257958,11.111374984200584
2021-04-17 06:57:00,-0.00468170897905551,-10.255136440405492,10.221942305904156
2021-04-17 06:58:00,-0.009556801860915343,-10.877436165265403,10.572086424007184
2021-04-17 06:59:00,-0.014331759734912741,-9.99848486170199,10.73628093076569
2021-04-17 07:00:00,-0.019007186596175063,-10.132882642241883,10.126446855164973
2021-04-17 07:01:00,-0.023583710724731644,-10.544992127935961,10.009838024197819
2021-04-17 07:02:00,-0.028061984186353972,-10.112289298718492,10.820314791835001
2021-04-17 07:03:00,-0.03244268261453609,-10.402946449951822,11.138618144782185
2021-04-17 07:04:00,-0.03672650442781911,-10.87202100708676,10.683304268364044
2021-04-17 07:05:00,-0.0409141707694195,-10.475498061346594,10.197563211426791
2021-04-17 07:06:00,-0.04500642475388261,-10.564372919627452,10.759497532330954
2021-04-17 07:07:00,-0.04900403126631514,-10.631010388799137,9.826557236010952
2021-04-17 07:08:00,-0.05290777642224831,-10.601296593037855,11.05714681540256
2021-04-17 07:09:00,-0.05671846697010818,-11.326167944330132,10.172493870438334
2021-04-17 07:10:00,-0.060436930080176254,-10.181563438449778,11.210760630789702
2021-04-17 07:11:00,-0.06406401275117701,-10.842977410956905,10.136431802670344
2021-04-17 07:12:00,-0.06760058122117552,-10.360874345862937,9.8808684287473
2021-04-17 07:13:00,-0.07104752074497211,-10.495946658398676,10.631168169015949
2021-04-17 07:14:00,-0.0744057349081827,-10.241537698537957,10.488245506504107
2021-04-17 07:15:00,-0.07767614521576338,-10.910374875699342,10.579506159374914
2021-04-17 07:16:00,-0.08085969059416764,-11.183821009303921,10.260142198514332
2021-04-17 07:17:00,-0.08395732689325797,-10.806925981436024,10.12420232009588
2021-04-17 07:18:00,-0.08697002642319662,-10.56904818705172,9.94901130094687
2021-04-17 07:19:00,-0.0898987774156571,-11.65445502662563,9.889593242566082
2021-04-17 07:20:00,-0.09274458345879588,-11.25293477280722,9.88968004251682
2021-04-17 07:21:00,-0.09550846314321748,-10.949199653720639,10.454683114769004
2021-04-17 07:22:00,-0.09819144936911262,-10.032739547430364,9.963611375599303
2021-04-17 07:23:00,-0.10079458897815585,-10.648040337006677,11.329866447670614
2021-04-17 07:24:00,-0.10331894217969784,-10.834099261450655,10.28556352775299
2021-04-17 07:25:00,-0.10576558199968267,-10.648802050519553,9.865942600841613
2021-04-17 07:26:00,-0.10813559376399906,-11.198980468878778,10.00684457570065
2021-04-17 07:27:00,-0.11043007464881327,-10.852798894533267,10.35859283289206
2021-04-17 07:28:00,-0.11265013305785887,-11.506756915793368,10.056120655842868
2021-04-17 07:29:00,-0.11479688812117017,-10.411380728578969,10.937120738992464
2021-04-17 07:30:00,-0.11687146919963531,-10.585096479361653,10.101929612743932
2021-04-17 07:31:00,-0.11887501528445876,-10.954325499477296,10.947948395194121
2021-04-17 07:32:00,-0.12080867457314914,-10.951001721514062,9.585317280747683
2021-04-17 07:33:00,-0.12267360375814129,-11.025871539057718,10.055131920070204
2021-04-17 07:34:00,-0.12447096768918409,-10.318426915664057,10.195419187125626
2021-04-17 07:35:00,-0.12620193869799123,-10.646469223841564,10.147483984023506
2021-04-17 07:36:00,-0.12786769608076076,-11.16770400326897,10.414947128223723
2021-04-17 07:37:00,-0.12946942563045538,-10.953121921602525,10.313902448706477
2021-04-17 07:38:00,-0.13100831901875565,-9.87213732120595,10.47543031347644
2021-04-17 07:39:00,-0.1324855732716984,-11.561843413066272,10.437372171582325
2021-04-17 07:40:00,-0.13390239027833517,-10.687251734316247,9.973212394621765
2021-04-17 07:41:00,-0.13525997616531904,-10.293582917938268,11.144141329464995
2021-04-17 07:42:00,-0.13655954090918565,-10.352702885732622,11.24088032351627
2021-04-17 07:43:00,-0.1378022975587102,-10.601187303965776,11.171655249730643
2021-04-17 07:44:00,-0.13898946197879036,-10.453077527631171,10.689123834308072
2021-04-17 07:45:00,-0.14012225208427287,-10.78252041035395,10.862186316916095
2021-04-17 07:46:00,-0.1412018874414992,-10.609276416286793,10.356611132949318
2021-04-17 07:47:00,-0.14222958865467084,-10.249602870708923,10.308313134719814
2021-04-17 07:48:00,-0.14320657691145988,-10.36724636491796,9.559680341620233
2021-04-17 07:49:00,-0.1441340733913985,-10.322823435052548,10.09393560545037
2021-04-17 07:50:00,-0.14501329874349211,-10.750690167624793,10.399590831259763
2021-04-17 07:51:00,-0.14584547259091907,-10.741730044226166,9.796840105027371
2021-04-17 07:52:00,-0.14663181300832318,-10.51953411300673,10.672799214862984
2021-04-17 07:53:00,-0.1473735359461923,-10.991524083263998,10.49504573927156
2021-04-17 07:54:00,-0.14807185478382234,-11.152067725818286,11.062812146826362
2021-04-17 07:55:00,-0.148727979743714,-10.476844653485442,11.016277327418466
2021-04-17 07:56:00,-0.1493431174801203,-11.11860728972833,10.302116740651526
2021-04-17 07:57:00,-0.14991847041392115,-11.334533423414499,10.359704320202797
2021-04-17 07:58:00,-0.15045523640533365,-10.488895955230419,9.855545328928882
2021-04-17 07:59:00,-0.15095460811158468,-10.562438143109414,10.37881599876135
2021-04-17 08:00:00,-0.15141777256111866,-11.08206030711481,10.367027946482482
2021-04-17 08:01:00,-0.15184591062225805,-10.261947083995983,10.318529711649388
2021-04-17 08:02:00,-0.15224019654109489,-10.339669308826192,10.363391667524112
2021-04-17 08:03:00,-0.1526017974512195,-10.749841275422765,10.690988226096731
2021-04-17 08:04:00,-0.15293187285418886,-10.761389127126657,10.494008506076039
2021-04-17 08:05:00,-0.1532315741874679,-11.115452648658225,9.94174466635901
2021-04-17 08:06:00,-0.1535020443433126,-11.25748372480238,10.468817732611454
2021-04-17 08:07:00,-0.1537444171551149,-10.29954007367918,10.745262290499435
2021-04-17 08:08:00,-0.1539598170083777,-10.629170347602251,10.953534228964546
2021-04-17 08:09:00,-0.1541493583120127,-10.896513886892288,10.298689331123176
2021-04-17 08:10:00,-0.1543141450988471,-10.562328736375784,10.758644201259257
2021-04-17 08:11:00,-0.15445527053258368,-10.466341913408668,11.16666135655659
2021-04-17 08:12:00,-0.15457381651532476,-10.459987753085201,10.963013783360184
2021-04-17 08:13:00,-0.15467085320676266,-11.271357379778241,10.170938946713132
2021-04-17 08:14:00,-0.15474743861349538,-11.260402823239907,10.18592960755119
2021-04-17 08:15:00,-0.15480461816446922,-10.670937892100419,10.578938553565365
2021-04-17 08:16:00,-0.15484342429870956,-10.787945825386952,10.252761339311505
2021-04-17 08:17:00,-0.15486487603379373,-11.12373384265969,10.797772115997736
2021-04-17 08:18:00,-0.15486997858172513,-10.642209074004747,10.30447650354654
2021-04-17 08:19:00,-0.15485972293395,-11.235042174560688,10.527131679197765
2021-04-17 08:20:00,-0.154835085483364,-10.150801850760772,9.259636004440104
2021-04-17 08:21:00,-0.15479702762356595,-10.135681515334046,10.908981019787957
2021-04-17 08:22:00,-0.15474649538620178,-11.341193008810897,10.42554591010361
2021-04-17 08:23:00,-0.15468441906053187,-10.410245714225288,10.063303951575866
2021-04-17 08:24:00,-0.15461171282639385,-10.559471189319487,11.282174386071077
2021-04-17 08:25:00,-0.15452927440259057,-11.305712741270833,9.997663360883982
2021-04-17 08:26:00,-0.15443798470081005,-11.135347683356505,10.241097625909607
2021-04-17 08:27:00,-0.15433870747754375,-10.672924374352979,10.170797671366826
2021-04-17 08:28:00,-0.15423228900004782,-10.333857906026385,10.275199125931774
2021-04-17 08:29:00,-0.15411955772412866,-11.461115746029712,10.906977482329482
2021-04-17 08:30:00,-0.15400132397142197,-10.923985081386911,11.088025206460472
2021-04-17 08:31:00,-0.15387837962265083,-10.812747585202597,10.365401208320547
2021-04-17 08:32:00,-0.15375149781145492,-10.384701912261658,11.305850659874105
2021-04-17 08:33:00,-0.15362143262946826,-10.594294363448661,10.537814111371398
2021-04-17 08:34:00,-0.1534889188484635,-9.613902928664453,10.535914647987422
2021-04-17 08:35:00,-0.15335467162911676,-9.944212464196825,10.714014733255317
2021-04-17 08:36:00,-0.15321938626827114,-11.154058062017134,10.445534664393247
2021-04-17 08:37:00,-0.15308373791613505,-10.631627541857611,9.780066549360626
2021-04-17 08:38:00,-0.15294838134840782,-9.860359501447116,9.76036024795203
2021-04-17 08:39:00,-0.15281395070426385,-10.488528866157333,11.140446568957854
2021-04-17 08:40:00,-0.15268105926584108,-10.683961767668519,9.778415844853821
2021-04-17 08:41:00,-0.15255029921208463,-10.362454262384029,10.329218259930538
2021-04-17 08:42:00,-0.15242224143376837,-10.760278470873907,9.924967227393436
2021-04-17 08:43:00,-0.1522974352889771,-10.455804514823752,10.74516750042563
2021-04-17 08:44:00,-0.15217640842728242,-10.840434397737038,10.803130211391355
2021-04-17 08:45:00,-0.15205966660320203,-10.307708934614626,10.419337614923151
2021-04-17 08:46:00,-0.15194769347238657,-9.800486017136047,10.354021844009507
2021-04-17 08:47:00,-0.15184095043894275,-9.705956135458903,10.573837572250113
2021-04-17 08:48:00,-0.15173987649582088,-10.343179115977309,10.613542514140264
2021-04-17 08:49:00,-0.15164488805713627,-11.096723892051537,10.967677778112488
2021-04-17 08:50:00,-0.15155637883141537,-11.48243901473565,9.626986658018431
2021-04-17 08:51:00,-0.1514747196504035,-9.982426330641557,10.606947531699218
2021-04-17 08:52:00,-0.15140025841801052,-10.529817055253696,9.760043539605554
2021-04-17 08:53:00,-0.151333319907049,-11.63846793826082,10.219864844668747
2021-04-17 08:54:00,-0.1512742057178621,-10.304668611772517,10.013275489545192
2021-04-17 08:55:00,-0.15122319415319263,-10.172120012668337,10.466266414876847
2021-04-17 08:56:00,-0.15118054014612825,-10.811510806763483,10.725624939723918
2021-04-17 08:57:00,-0.15114647516020585,-10.529878240566356,10.24524335364354
2021-04-17 08:58:00,-0.15112120714107735,-10.262225943983058,10.579171627734054
2021-04-17 08:59:00,-0.15110492047193325,-11.620981869264018,10.583029501420723
2021-04-17 09:00:00,-0.15109777589115625,-10.984570686234717,9.806120521276288
2021-04-17 09:01:00,-0.1510999104612425,-10.834365241207243,9.837550914200833
2021-04-17 09:02:00,-0.15111143757985646,-11.318216450292697,10.743143821400043
2021-04-17 09:03:00,-0.15113244689726746,-10.014348069237712,10.877707642978114
2021-04-17 09:04:00,-0.15116300437069163,-9.721255712779639,10.686059198402626
2021-04-17 09:05:00,-0.1512031522011038,-11.367392987248353,10.358274172797408
2021-04-17 09:06:00,-0.15125290891139775,-10.882777612695499,11.008009768838109
2021-04-17 09:07:00,-0.15131226929518427,-10.363387649792971,10.431308035888947
2021-04-17 09:08:00,-0.15138120448813297,-10.451170488506113,10.930414586952317
2021-04-17 09:09:00,-0.1514596620168439,-10.91884376529478,11.164819064437816
2021-04-17 09:10:00,-0.15154756583003126,-10.850784071167809,10.303657763662342
2021-04-17 09:11:00,-0.15164481630912385,-11.250067001507091,10.11465600318195
2021-04-17 09:12:00,-0.151751290433487,-11.051160802870353,10.5836318031585
2021-04-17 09:13:00,-0.15186684177808463,-10.122263788504025,10.051296803913678
2021-04-17 09:14:00,-0.1519913006483422,-11.581608153516584,10.202327909829148
2021-04-17 09:15:00,-0.15212447411153762,-11.052470482400814,10.7524136255668
2021-04-17 09:16:00,-0.15226614620839218,-11.15287195773338,9.639454151994778
2021-04-17 09:17:00,-0.15241607793544076,-10.865263553464086,11.206981340698151
2021-04-17 09:18:00,-0.15257400749598748,-10.64155994493985,10.637885006639058
2021-04-17 09:19:00,-0.15273965032457948,-10.651498483807405,10.214122183666587
2021-04-17 09:20:00,-0.15291269932590146,-9.990090744724359,10.448694308522182
2021-04-17 09:21:00,-0.15309282494723508,-10.95782080877462,10.038567917726677
2021-04-17 09:22:00,-0.1532796753588589,-10.659711009715346,10.150480166712702
2021-04-17 09:23:00,-0.15347287668428722,-10.333714273344109,10.240301112269208
2021-04-17 09:24:00,-0.15367203309258948,-11.27416008734591,10.536546547930783
2021-04-17 09:25:00,-0.15387672701475974,-10.647983001193046,10.315167655933656
2021-04-17 09:26:00,-0.15408651938398688,-10.542568300017107,10.526141830807907
2021-04-17 09:27:00,-0.154300949775247,-10.4704563940328,10.375241081852598
2021-04-17 09:28:00,-0.15451953667145446,-10.751707528571025,10.26939817526647
2021-04-17 09:29:00,-0.1547417776399792,-10.455675552499423,10.711356384107129
2021-04-17 09:30:00,-0.1549671496182986,-10.344494244398772,10.452124210812233
2021-04-17 09:31:00,-0.1551951090791862,-10.120601408299388,10.319221948061255
2021-04-17 09:32:00,-0.15542509234481006,-11.347776796627539,10.682419047743796
2021-04-17 09:33:00,-0.15565651581834616,-11.006313830898137,11.158901028068433
2021-04-17 09:34:00,-0.15588877626551623,-11.264764722519585,10.23438915942862
2021-04-17 09:35:00,-0.15612125103984598,-10.779953005146915,11.168432202274403
2021-04-17 09:36:00,-0.15635329837399925,-11.077368258322478,10.196489270009923
2021-04-17 09:37:00,-0.15658425776265306,-10.081436160252412,11.450643557743112
2021-04-17 09:38:00,-0.15681345010941183,-10.522868835174135,10.533591554073661
2021-04-17 09:39:00,-0.1570401781012336,-10.54851171748622,10.577871244672776
2021-04-17 09:40:00,-0.15726372659536414,-11.612177300707874,10.438246071190925
2021-04-17 09:41:00,-0.15748336276739305,-10.055962753231473,10.616074326122122
2021-04-17 09:42:00,-0.15769833661468646,-10.410894987854508,9.489857211949253
2021-04-17 09:43:00,-0.15790788113809928,-11.410520460493908,10.235834370179312
2021-04-17 09:44:00,-0.15811121281578788,-10.830856054991036,9.734125966089291
2021-04-17 09:45:00,-0.15830753184159496,-10.467892678960565,10.557365820736694
2021-04-17 09:46:00,-0.1584960225122347,-11.234144717764467,10.947761529546474
2021-04-17 09:47:00,-0.1586758536427354,-10.43207928779908,10.793842681751205
2021-04-17 09:48:00,-0.1588461788532407,-10.603274657178911,10.48379373433162
2021-04-17 09:49:00,-0.159006137004171,-11.262885623548378,10.59911810650991
2021-04-17 09:50:00,-0.15915485252489958,-10.187478614664544,10.188061899758347
2021-04-17 09:51:00,-0.15929143586163452,-10.445602643214515,10.44536324793825
2021-04-17 09:52:00,-0.1594149837871769,-9.696382285480263,10.635873841756801
2021-04-17 09:53:00,-0.15952457985582613,-10.873008996925291,9.814013264102787
2021-04-17 09:54:00,-0.15961929484876414,-11.007622350386391,9.74642894845015
2021-04-17 09:55:00,-0.1596981870623081,-9.502994632610712,10.723214288246123
2021-04-17 09:56:00,-0.15976030280874487,-10.311434803037315,11.373492076070614
2021-04-17 09:57:00,-0.1598046768664959,-10.40013176319511,10.02887809589412
2021-04-17 09:58:00,-0.15983033278892345,-10.944971598126257,10.429985900099366
2021-04-17 09:59:00,-0.15983628348115053,-10.779738836797069,10.303343746848366
2021-04-17 10:00:00,-0.15982153146382494,-9.921832780404184,10.554105302533632
2021-04-17 10:01:00,-0.1597850695228712,-11.4356341724614,10.578401630222142
2021-04-17 10:02:00,-0.15972588093162987,-10.513365803553846,10.545605530133773
2021-04-17 10:03:00,-0.15964294007793034,-10.918174416643671,10.952220335964451
2021-04-17 10:04:00,-0.15953521281688166,-11.144267900267831,10.738804146241238
2021-04-17 10:05:00,-0.1594016570010287,-10.807394305714446,10.265158273885305
2021-04-17 10:06:00,-0.15924122280990938,-9.611913930385137,11.302848151157018
2021-04-17 10:07:00,-0.15905285338366282,-10.79937732254227,10.970464578569407
2021-04-17 10:08:00,-0.15883548521645408,-10.974625348060375,10.426570091831689
2021-04-17 10:09:00,-0.15858804859080466,-10.772094552986673,9.683214101203713
2021-04-17 10:10:00,-0.15830946806597035,-10.261454185127644,10.016432513996346
2021-04-17 10:11:00,-0.15799866305304044,-10.787934031328163,10.591378949038345
2021-04-17 10:12:00,-0.15765454814448343,-10.273924212978047,10.072181978608313
2021-04-17 10:13:00,-0.15727603374581678,-10.89935942682566,11.688548112115162
2021-04-17 10:14:00,-0.15686202642279345,-10.195986866276515,10.807593441411322
2021-04-17 10:15:00,-0.15641142953816733,-10.51012896355028,10.725554162859494
2021-04-17 10:16:00,-0.15592314358903858,-10.631961042446145,10.16610401735374
2021-04-17 10:17:00,-0.15539606680161755,-9.662768614597194,10.57178360086682
2021-04-17 10:18:00,-0.15482909563706904,-11.043481560707487,10.132921140501871
2021-04-17 10:19:00,-0.15422112524463794,-10.849236848290012,11.039281642077242
2021-04-17 10:20:00,-0.15357104989381853,-11.111509804077391,10.78286420476441
2021-04-17 10:21:00,-0.15330458173926853,-10.904585225491147,10.49114167075071
2021-04-17 10:22:00,-0.1529937968912799,-10.998653763528152,9.935165824147465
2021-04-17 10:23:00,-0.15263759032465662,-10.4730848313918,10.890355998015352
2021-04-17 10:24:00,-0.1522348580761519,-10.296930062232176,11.265461247971036
2021-04-17 10:25:00,-0.15178449808772843,-11.203708095541245,10.305604657727057
2021-04-17 10:26:00,-0.15128541031453835,-10.331266452271393,9.697614339651402
2021-04-17 10:27:00,-0.1507364975690748,-10.42404039868033,10.220607630213411
2021-04-17 10:28:00,-0.15013666580193308,-11.171321893764063,10.12440424379443
2021-04-17 10:29:00,-0.1494848247527849,-11.00517669210323,9.995558530460537
2021-04-17 10:30:00,-0.14877988835502076,-10.429119135870105,10.770178848673506
2021-04-17 10:31:00,-0.14802077524556356,-10.580572646440261,9.518707142142047
2021-04-17 10:32:00,-0.147206409376323,-11.543989185193288,10.473553421175716
2021-04-17 10:33:00,-0.14633572039497422,-11.507026560548832,10.192285370974144
2021-04-17 10:34:00,-0.14540764414785778,-10.781623692837833,11.290768561316598
2021-04-17 10:35:00,-0.14442112334676838,-10.013531438598115,9.291240681864458
2021-04-17 10:36:00,-0.14337510780893659,-10.9555428330452,10.556681038084959
2021-04-17 10:37:00,-0.14226855519459036,-10.633262589581047,9.894437588448918
2021-04-17 10:38:00,-0.1411004313329296,-10.150136157607779,10.300042269065496
2021-04-17 10:39:00,-0.13986971086419375,-10.507721209553118,10.605206953318065
2021-04-17 10:40:00,-0.13857537752451488,-10.834514074500431,11.127845440226272
2021-04-17 10:41:00,-0.13721642488779684,-10.551135844998353,10.219052330249914
2021-04-17 10:42:00,-0.1357918566557016,-10.221768122645988,10.286240569567763
2021-04-17 10:43:00,-0.13430068726682276,-9.912340264153704,10.507676536877383
2021-04-17 10:44:00,-0.132741942302409,-11.083182007418934,10.440907680504111
2021-04-17 10:45:00,-0.1311146589412977,-10.713984035926524,10.16643834409778
2021-04-17 10:46:00,-0.12941788661692455,-10.731650519548612,9.802263905850738
2021-04-17 10:47:00,-0.12765068724470918,-10.472182269950437,10.087158051086513
2021-04-17 10:48:00,-0.125812135807999,-10.23562328024125,10.364225346512617
2021-04-17 10:49:00,-0.12390132094304063,-10.483510319519095,11.003749516940506
2021-04-17 10:50:00,-0.12191734515098263,-10.734869606890951,10.837437579607245
2021-04-17 10:51:00,-0.11985932544732403,-11.158261307263713,10.034448784872394
2021-04-17 10:52:00,-0.11772639376476679,-10.825817107219068,10.558416316412124
2021-04-17 10:53:00,-0.11551769739593187,-11.76330652036562,10.39068384348439
2021-04-17 10:54:00,-0.11323239943687324,-10.540357938842975,10.724844435129098
2021-04-17 10:55:00,-0.11086967920285817,-10.911558319899486,11.271164695540016
2021-04-17 10:56:00,-0.10842873270380105,-10.99335734384683,9.360447504258143
2021-04-17 10:57:00,-0.10590877312797087,-11.134269529837795,11.273080372113746
2021-04-17 10:58:00,-0.1033090311122844,-10.631993964798239,9.600608770336695
2021-04-17 10:59:00,-0.10062875536486504,-10.327311312226588,10.512986427797555
2021-04-17 11:00:00,-0.09786721287870004,-10.124501934994482,10.891693940964826
2021-04-17 11:01:00,-0.09502368945822037,-10.510619655245424,10.791301220961952
2021-04-17 11:02:00,-0.0920974901808238,-10.562973897751622,11.797864554149854
2021-04-17 11:03:00,-0.08908793964401318,-10.319675731916904,10.529651522177677
2021-04-17 11:04:00,-0.08599438243217428,-10.256576795283813,10.758668361089292
2021-04-17 11:05:00,-0.08281618354387521,-10.492185410777314,10.832126314333124
2021-04-17 11:06:00,-0.07955272873353703,-11.532132439001476,10.149199939975741
2021-04-17 11:07:00,-0.07620342486849063,-10.15178742328558,10.697485463998756
2021-04-17 11:08:00,-0.07276770035393665,-10.845574583807332,10.139624824052673
2021-04-17 11:09:00,-0.06924500536475364,-10.520181016617391,11.142582002026971
2021-04-17 11:10:00,-0.0656348124407361,-10.4913176277183,10.581425720888669
2021-04-17 11:11:00,-0.06193661656093763,-11.078579582835125,10.227609221648972
2021-04-17 11:12:00,-0.05814993560906134,-10.560439187321487,10.518365872790566
2021-04-17 11:13:00,-0.05427431083309331,-10.597037716208739,10.128851880359246
2021-04-17 11:14:00,-0.05030930689918911,-10.992126635240888,11.012684034539026
2021-04-17 11:15:00,-0.046254512438278494,-9.67414115266932,10.909847803756923
2021-04-17 11:16:00,-0.042109540278887914,-10.321315731691842,10.336513413183997
2021-04-17 11:17:00,-0.03787402766147663,-10.434201248308277,9.65491279874575
2021-04-17 11:18:00,-0.033547636788095025,-10.890185746499291,9.82848682204496
2021-04-17 11:19:00,-0.029130054687680595,-10.945157983201211,10.474749197627897
2021-04-17 11:20:00,-0.024620994069986746,-10.177759555636683,9.997344316820003
2021-04-17 11:21:00,-0.02002019297782376,-11.417799497146172,10.312201670280212
2021-04-17 11:22:00,-0.015327415517370269,-10.898891904269975,10.32953412339465
2021-04-17 11:23:00,-0.010542451909790973,-10.614496588473568,10.160958567166176
2021-04-17 11:24:00,-0.005665118786425394,-9.83981697658415,10.868081672442718
2021-04-17 11:25:00,-0.0006952593526675654,-10.464771441581231,10.330404715046356
2021-04-17 11:26:00,0.004367256251310625,-10.63805456342421,10.116873132930895
2021-04-17 11:27:00,0.009522530835756715,-10.663930246432097,10.702684136439062
2021-04-17 11:28:00,0.014770639878039837,-11.172337357306613,10.884740190365738
2021-04-17 11:29:00,0.020111631425815624,-10.168461655775054,10.35657338879027
2021-04-17 11:30:00,0.025545525778633005,-10.470904120485663,10.50855792414115
2021-04-17 11:31:00,0.031072315358260716,-10.04278715594422,10.955731555776035
2021-04-17 11:32:00,0.03669196450770107,-9.761057466045132,11.11105243958167
2021-04-17 11:33:00,0.04240440952259916,-10.362986947681883,10.886892577133231
2021-04-17 11:34:00,0.048209557998974195,-10.642079677701274,10.741803513714222
2021-04-17 11:35:00,0.054107289363830746,-10.656179334398525,10.697053804471976
2021-04-17 11:36:00,0.06009745407345396,-10.329283249225403,10.453905999442883
2021-04-17 11:37:00,0.06617987401449266,-11.008846981537864,11.28965669516288
2021-04-17 11:38:00,0.07235434207130864,-10.42204060680759,10.603846408946858
2021-04-17 11:39:00,0.0786206220454152,-10.117572584843508,11.003386133012791
2021-04-17 11:40:00,0.08497844875691579,-10.101548259836832,11.216811712022443
2021-04-17 11:41:00,0.0914275277271594,-10.504151456233592,10.496921084313708
2021-04-17 11:42:00,0.09796753516223361,-10.134055266316297,10.0790454462208
2021-04-17 11:43:00,0.10459811801361646,-11.066560065178205,10.764812189707897
2021-04-17 11:44:00,0.11131889365518399,-10.981480351157295,10.708767323794767
2021-04-17 11:45:00,0.11812945012880571,-10.268344595289014,10.787106072832167
2021-04-17 11:46:00,0.12502934590421605,-9.912034168490186,10.888793786308526
2021-04-17 11:47:00,0.1320181098776842,-10.093876189922335,10.318954434981832
2021-04-17 11:48:00,0.1390952414074214,-10.184380753387567,10.781975872262553
2021-04-17 11:49:00,0.146260210316632,-9.969777877429646,10.749897296481294
2021-04-17 11:50:00,0.1535124567620536,-10.109581732987118,11.126690516454115
2021-04-17 11:51:00,0.16085139140840693,-10.353086564536046,10.7049003546987
2021-04-17 11:52:00,0.16827639529257732,-10.201706117981981,10.251125707723823
2021-04-17 11:53:00,0.1757868199876786,-9.996235834591603,10.945482638452614
2021-04-17 11:54:00,0.18338198766984626,-10.432458648979791,10.80000513749603
2021-04-17 11:55:00,0.1910611908318861,-9.722784378642535,10.651360864000006
2021-04-17 11:56:00,0.19882369284806878,-9.95477025675352,11.170416527308497
2021-04-17 11:57:00,0.20666872771641565,-10.12138522549375,11.595879548226456
2021-04-17 11:58:00,0.2145955001068759,-11.419881075759394,10.775923995419992
2021-04-17 11:59:00,0.22260318571268145,-10.488594595991922,10.918458544520684
2021-04-17 12:00:00,0.23069093107024868,-9.509493239768748,11.81890098979313
2021-04-17 12:01:00,0.23885785386663927,-9.483485432841963,11.045359318518923
2021-04-17 12:02:00,0.24710304298918673,-9.861066411815116,10.824146176368155
2021-04-17 12:03:00,0.2554255585780471,-10.381137014423924,10.834501634637668
2021-04-17 12:04:00,0.2638244323673337,-9.90831527085925,10.567715003249997
2021-04-17 12:05:00,0.27229866755717425,-10.257072013673199,11.067017126118998
2021-04-17 12:06:00,0.2808472392486782,-10.583490110256951,10.584398312028792
2021-04-17 12:07:00,0.2894690944917002,-10.376722941993776,11.035463160279203
2021-04-17 12:08:00,0.29816315234526325,-10.519206746123775,10.492715259088843
2021-04-17 12:09:00,0.30692830428209616,-10.65504901872696,11.289718656723092
2021-04-17 12:10:00,0.3157634143965702,-10.225122217661589,10.341487219061754
2021-04-17 12:11:00,0.32466731921063224,-9.647208003170558,10.536843658916819
2021-04-17 12:12:00,0.33363882856227167,-9.915955664463711,11.627921859168966
2021-04-17 12:13:00,0.34267672508823455,-11.166262192567093,10.981827002387885
2021-04-17 12:14:00,0.35177976516985554,-10.901792551566952,10.207557459127854
2021-04-17 12:15:00,0.36094667873599284,-10.471266883500904,10.424059783175151
2021-04-17 12:16:00,0.3701761694542729,-11.086403922867488,11.096175639742562
2021-04-17 12:17:00,0.37946691546116884,-10.273102729443393,10.884231131321776
2021-04-17 12:18:00,0.3888175692400281,-10.005701709730825,11.556131367026852
2021-04-17 12:19:00,0.39822675793680007,-10.428159814560244,11.776521679401784
2021-04-17 12:20:00,0.4076930838879744,-9.444575385603033,10.87737435738744
2021-04-17 12:21:00,0.4172151246383652,-9.816788955384652,10.271670063097824
2021-04-17 12:22:00,0.4267914334845909,-10.117189867924845,11.179910984873384
2021-04-17 12:23:00,0.4364205397132276,-10.835944423506103,10.489647669726967
2021-04-17 12:24:00,0.4461009488168327,-10.27939840605452,10.950646261374793
2021-04-17 12:25:00,0.45583114303648714,-10.148787338950513,10.943901961488429
2021-04-17 12:26:00,0.46560958161263793,-9.560950627654917,11.18833430406443
2021-04-17 12:27:00,0.47543470103899016,-10.03901389938077,11.23390588406218
2021-04-17 12:28:00,0.4853049156656966,-10.647249370362337,10.755757583219724
2021-04-17 12:29:00,0.4952186177942697,-10.003093513406156,10.786270419651721
2021-04-17 12:30:00,0.5051741782717136,-10.504468150694757,10.760733777710083
2021-04-17 12:31:00,0.5151699469477772,-10.663229114494396,11.37859745738072
2021-04-17 12:32:00,0.5252042525835683,-9.708885125838469,11.265214866742056
2021-04-17 12:33:00,0.535275403958753,-10.310789015299735,11.545662509755882
2021-04-17 12:34:00,0.5453816897920793,-10.064116737337647,11.306007878287028
2021-04-17 12:35:00,0.5555213792325046,-9.817118482424677,10.687897733991417
2021-04-17 12:36:00,0.565692722505053,-10.005244113757955,11.24574161439991
2021-04-17 12:37:00,0.5758939510563735,-9.91870890141153,11.843324293144079
2021-04-17 12:38:00,0.5861232782475253,-10.566197417823421,10.760806246384998
2021-04-17 12:39:00,0.5963788997089816,-9.912543067514434,10.869180826012531
2021-04-17 12:40:00,0.6066589936734387,-9.38092423699756,11.262377319136759
2021-04-17 12:41:00,0.6169617216755363,-10.174367520568124,10.9214933978633
2021-04-17 12:42:00,0.6272852288911821,-10.04585614318411,11.559054218065299
2021-04-17 12:43:00,0.637627644539913,-10.26067539645179,11.77044293381808
2021-04-17 12:44:00,0.6479870825881231,-9.633864179679797,11.59187340338691
2021-04-17 12:45:00,0.6583616419699732,-8.961478314175235,10.452882150459002
2021-04-17 12:46:00,0.6687494073063537,-10.380952644114224,11.086215910329887
2021-04-17 12:47:00,0.679148449475274,-9.910500155984547,10.742976994617393
2021-04-17 12:48:00,0.6895568255902625,-9.599228001075277,11.219220306568355
2021-04-17 12:49:00,0.6999725803588968,-9.223251737418693,11.990429694218221
2021-04-17 12:50:00,0.7103937456954694,-10.691031619379448,11.124691140696056
2021-04-17 12:51:00,0.7208183420703033,-9.847618468476343,11.18852827172234
2021-04-17 12:52:00,0.7312443784999909,-9.556041112725413,11.84366872405389
2021-04-17 12:53:00,0.7416698532105319,-10.179989900929526,11.470272606306263
2021-04-17 12:54:00,0.7520927542934073,-9.53538129616015,11.169389550476579
2021-04-17 12:55:00,0.7625110602089411,-9.429295826382193,11.243525287447715
2021-04-17 12:56:00,0.7729227401709816,-9.72408412881449,11.261228023461895
2021-04-17 12:57:00,0.7833257550091791,-9.417726136023381,11.611826035712877
2021-04-17 12:58:00,0.7937180573953682,-9.571088738969957,11.441984105685975
2021-04-17 12:59:00,0.8040975926714438,-9.431287981461029,11.258121311483338
2021-04-17 13:00:00,0.8144622993445664,-10.412991700527845,11.258899618193153
2021-04-17 13:01:00,0.8248101095008342,-9.973500616298596,11.863919237148053
2021-04-17 13:02:00,0.8351389495774107,-10.304485255585908,11.730346748378604
2021-04-17 13:03:00,0.8454467410396365,-9.666464901080667,11.2775564158811
2021-04-17 13:04:00,0.855731400455099,-9.426028716765725,10.799593774502995
2021-04-17 13:05:00,0.8659908407330982,-10.225278515137365,10.694731472680338
2021-04-17 13:06:00,0.8762229711910852,-8.714477957532345,11.533570807994154
2021-04-17 13:07:00,0.8864256984696661,-9.92565699059873,11.68741805206264
2021-04-17 13:08:00,0.8965969271080108,-10.595033166401931,11.665413439807766
2021-04-17 13:09:00,0.9067345597183365,-10.28490817382929,11.239152486933628
2021-04-17 13:10:00,0.916836498260843,-9.709381512955977,11.414043606067594
2021-04-17 13:11:00,0.9269006441643972,-9.51421442534352,11.87180734089422
2021-04-17 13:12:00,0.9369248989683726,-10.008901101315049,11.757512677974894
2021-04-17 13:13:00,0.9469071651419363,-9.61717652079517,12.07754548866413
2021-04-17 13:14:00,0.9568453464778002,-9.100068262240208,11.901874608658908
2021-04-17 13:15:00,0.9667373488370199,-9.43055194834802,12.135629236470333
2021-04-17 13:16:00,0.9765810807008176,-8.916413508097431,11.478304851292682
2021-04-17 13:17:00,0.9863744537324306,-8.792236039705294,11.915914101590051
2021-04-17 13:18:00,0.9961153834679893,-10.3193942361615,11.994375673256183
2021-04-17 13:19:00,1.0058017899515899,-9.868508100293909,11.349403152357977
2021-04-17 13:20:00,1.0154315981341222,-10.277584937874407,11.16538037447137
2021-04-17 13:21:00,1.0250027388170992,-10.38114889306075,12.137805167482401
2021-04-17 13:22:00,1.0345131489139003,-9.447592619642965,10.865073521979673
2021-04-17 13:23:00,1.0439607722842537,-9.110394409913068,11.730132847006638
2021-04-17 13:24:00,1.0533435604485946,-10.280470413879462,11.34838331818114
2021-04-17 13:25:00,1.0626594726772205,-8.965859619759131,11.914007368434557
2021-04-17 13:26:00,1.0719064773078428,-9.65083826807736,11.196377870008847
2021-04-17 13:27:00,1.0810825518122753,-9.16593911994036,11.637475788608212
2021-04-17 13:28:00,1.0901856836008927,-9.566384187845243,10.886517735171418
2021-04-17 13:29:00,1.0992138706700505,-9.294528011270613,12.536584770149732
2021-04-17 13:30:00,1.1081651220350197,-9.527759078507001,10.393243424230857
2021-04-17 13:31:00,1.117037458578106,-9.291338734298375,11.217417989215956
2021-04-17 13:32:00,1.1258289134538952,-9.498983226164155,11.104250025236556
2021-04-17 13:33:00,1.1345375326616947,-9.447319415213073,11.920446164334848
2021-04-17 13:34:00,1.1431613758807533,-9.199859299099431,11.813356514247923
2021-04-17 13:35:00,1.1516985167200016,-9.118902526491153,11.371825607312827
2021-04-17 13:36:00,1.1601470436406471,-9.494987312997072,12.157829715488031
2021-04-17 13:37:00,1.1685050603074996,-8.724163930406963,11.578295202972187
2021-04-17 13:38:00,1.1767706862564706,-9.694482132553391,11.62142467952549
2021-04-17 13:39:00,1.1849420574383154,-9.465409739555787,11.992006822304319
2021-04-17 13:40:00,1.1930173269979238,-8.614291125949055,11.651985106709937
2021-04-17 13:41:00,1.2009946653549877,-9.547968343366458,11.843270314512255
2021-04-17 13:42:00,1.2088722614720566,-8.889985426882976,11.700466606666055
2021-04-17 13:43:00,1.2166483226360036,-9.778030721439727,12.044889428012565
2021-04-17 13:44:00,1.2243210756804999,-9.316288534627073,11.718874713685036
2021-04-17 13:45:00,1.2318887673198213,-8.687951536946663,11.967889325642975
2021-04-17 13:46:00,1.2393496643981259,-9.19197503394334,12.656271299543093
2021-04-17 13:47:00,1.2467020549082988,-9.093808432186528,12.492312002177306
2021-04-17 13:48:00,1.2539442482970389,-9.75967504715578,11.95030538764199
2021-04-17 13:49:00,1.2610745758943653,-8.286813213311275,12.177875342916954
2021-04-17 13:50:00,1.268091391740311,-9.951316651728773,11.66209668679081
2021-04-17 13:51:00,1.2749930727724517,-9.398918461722896,11.891125179100419
2021-04-17 13:52:00,1.2817780196617843,-9.869845316425614,11.874260587636487
2021-04-17 13:53:00,1.28844465710787,-9.388386903222127,12.18385683557718
2021-04-17 13:54:00,1.29499143436042,-9.013559742040348,12.315855694750134
2021-04-17 13:55:00,1.301416649025444,-9.338659662891004,11.54568334005762
2021-04-17 13:56:00,1.3077189779869407,-9.238338324049824,11.662809763746868
2021-04-17 13:57:00,1.3138969472929711,-9.422614508110675,12.111607151717672
2021-04-17 13:58:00,1.3199491096993134,-8.931016588143013,12.07247213314463
2021-04-17 13:59:00,1.3258740448478497,-9.242811131887258,11.722925486896033
2021-04-17 14:00:00,1.3316703600214896,-9.163243970395124,11.993412468414018
2021-04-17 14:01:00,1.3373366904384838,-9.421937338608348,11.858166939402368
2021-04-17 14:02:00,1.3428716996932883,-9.20915522389509,12.404658020508906
2021-04-17 14:03:00,1.3482740803015252,-9.246338151466023,12.321945567706058
2021-04-17 14:04:00,1.3535425541268584,-9.220296616859603,12.339050748865159
2021-04-17 14:05:00,1.3586758726514083,-9.097569170471974,12.672178140215971
2021-04-17 14:06:00,1.363672817670044,-9.486191067621084,11.951954089720497
2021-04-17 14:07:00,1.3685322014319738,-9.156846645184016,12.200884688799823
2021-04-17 14:08:00,1.3732528672066762,-9.215154757318466,11.05457839965185
2021-04-17 14:09:00,1.3778336897179246,-8.992039002809166,12.955127160451681
2021-04-17 14:10:00,1.3822735753542001,-8.965447995392335,12.168188333128235
2021-04-17 14:11:00,1.3865714626880232,-9.350457765509901,12.6637506985826
2021-04-17 14:12:00,1.3907263228892868,-8.877857665400224,12.277314890843398
2021-04-17 14:13:00,1.3947371598870282,-8.182166694392146,11.58990212228415
2021-04-17 14:14:00,1.3986030109886154,-9.359735187241379,12.05592117448691
2021-04-17 14:15:00,1.4023229469527674,-9.013786498007843,12.349934818369844
2021-04-17 14:16:00,1.4058960725800915,-9.141391056128924,11.615156538126945
2021-04-17 14:17:00,1.4093215268698829,-8.238595042829521,12.33247535275439
2021-04-17 14:18:00,1.4125984833192753,-9.845799907535481,11.925506901613103
2021-04-17 14:19:00,1.4157261504533596,-8.25287784462782,11.601564316443532
2021-04-17 14:20:00,1.418703771794308,-9.133228476222856,12.901799138745176
2021-04-17 14:21:00,1.4215306264826757,-9.224388136620497,11.491593463704458
2021-04-17 14:22:00,1.424206029299177,-8.763534677334727,12.167550605489836
2021-04-17 14:23:00,1.426729331007067,-8.283087557873234,11.891418723091986
2021-04-17 14:24:00,1.4290999187464097,-9.266607266831507,11.809989157591016
2021-04-17 14:25:00,1.4313172160471224,-9.608320108356784,12.337790710919917
2021-04-17 14:26:00,1.433380683286987,-8.271244845965148,12.053745404901859
2021-04-17 14:27:00,1.4352898177509907,-8.423249117590128,12.047996111988732
2021-04-17 14:28:00,1.4370441539084757,-9.544656200309014,11.052002668071703
2021-04-17 14:29:00,1.4386432636834159,-9.190571564098107,12.30969282982662
2021-04-17 14:30:00,1.440086756590899,-9.207299099156158,12.54649903692654
2021-04-17 14:31:00,1.4413742798721647,-9.203848600929668,12.845037120498544
2021-04-17 14:32:00,1.4425055187204627,-9.235732652697587,12.09218801934979
2021-04-17 14:33:00,1.4434801965192867,-9.572452182677717,12.672379430120872
2021-04-17 14:34:00,1.4442980748459617,-9.478973883786097,11.632107108557804
2021-04-17 14:35:00,1.4449589536784773,-9.554640989400376,12.50886094335714
2021-04-17 14:36:00,1.445462671619346,-9.416969506980815,11.126523154116626
2021-04-17 14:37:00,1.4458091058208025,-9.760888081244971,11.684068177838038
2021-04-17 14:38:00,1.445998172285198,-8.891637993217811,11.86899034300836
2021-04-17 14:39:00,1.4460298258132986,-9.36392730012599,13.029586739873736
2021-04-17 14:40:00,1.4459040602132989,-9.423258683189978,11.475125322108735
2021-04-17 14:41:00,1.4456209082516858,-9.410539931017098,11.24390958977283
2021-04-17 14:42:00,1.445180441790641,-8.718401574398506,11.94855951180587
2021-04-17 14:43:00,1.4445827718792736,-9.080429608175328,12.468894434499108
2021-04-17 14:44:00,1.4438280486637667,-9.263576936888349,12.211935288790896
2021-04-17 14:45:00,1.4429164615744647,-9.930196182112278,11.806918413632456
2021-04-17 14:46:00,1.4418482391566854,-9.029635661881334,12.479529652470049
2021-04-17 14:47:00,1.4406236493062459,-8.861844550469424,12.31700291928875
2021-04-17 14:48:00,1.439242999036457,-9.400977292140508,12.254233353870616
2021-04-17 14:49:00,1.4377066345591443,-8.85971098962094,12.354114397682855
2021-04-17 14:50:00,1.4360149413617582,-9.433224109382538,12.122856143295035
2021-04-17 14:51:00,1.4341683439466342,-9.411422647813568,12.109688959751004
2021-04-17 14:52:00,1.4321673059359734,-9.039907126933858,12.296986507456745
2021-04-17 14:53:00,1.4300123299955743,-8.167536375057669,12.183423991928773
2021-04-17 14:54:00,1.4277039576793795,-10.103742609541221,11.711826493821768
2021-04-17 14:55:00,1.4252427694641865,-9.087607867253636,12.41484397761696
2021-04-17 14:56:00,1.4226293844574964,-9.597112474117743,10.695705733290207
2021-04-17 14:57:00,1.419864460529985,-9.416669009040273,13.222900891620043
2021-04-17 14:58:00,1.4169486940039837,-8.89889657551518,12.160462705989865
2021-04-17 14:59:00,1.4138828196307278,-9.329314920927422,12.086349183174418
2021-04-17 15:00:00,1.4106676103646956,-9.369335787829058,11.869783274260696
2021-04-17 15:01:00,1.4073038772993234,-9.211457222385352,11.938331271187732
2021-04-17 15:02:00,1.4037924693730117,-8.843132466834748,12.213177564430977
2021-04-17 15:03:00,1.40013427331245,-8.916712879691522,12.078940592987731
2021-04-17 15:04:00,1.396330213399558,-8.834671267398575,12.66384405161115
2021-04-17 15:05:00,1.392381251259656,-10.147070279907068,11.57774553150019
2021-04-17 15:06:00,1.3882883856030053,-9.135532768403266,11.583089291592628
2021-04-17 15:07:00,1.3840526521177694,-9.925583809596645,11.507563263238353
2021-04-17 15:08:00,1.3796751231298292,-9.45420728273026,12.416850563256316
2021-04-17 15:09:00,1.3751569074307775,-9.469682717799742,12.215123035658904
2021-04-17 15:10:00,1.370499149890673,-9.41204375852137,11.624502796936873
2021-04-17 15:11:00,1.365703031430678,-9.416960394023619,11.517093981571971
2021-04-17 15:12:00,1.3607697684487372,-9.374274593613057,12.530897729239445
2021-04-17 15:13:00,1.3557006127562656,-8.939823946463905,12.20002259687896
2021-04-17 15:14:00,1.3504968512006232,-9.37573157043136,11.734765914418816
2021-04-17 15:15:00,1.3451598052824312,-9.586524818311688,11.91079041002197
2021-04-17 15:16:00,1.3396908309844335,-8.586595557099182,11.660084650894099
2021-04-17 15:17:00,1.33409131826717,-9.47462828466124,12.084272493837968
2021-04-17 15:18:00,1.3283626908739259,-9.069387814802552,12.243266458826087
2021-04-17 15:19:00,1.3225064059182126,-9.059095550967033,12.226992381808097
2021-04-17 15:20:00,1.3165239534245576,-9.061947648855813,11.603819305489022
2021-04-17 15:21:00,1.3104168561989935,-8.658641921074077,11.750272110275354
2021-04-17 15:22:00,1.3041866691380224,-10.285331088515019,12.270785097779381
2021-04-17 15:23:00,1.2978349790654413,-8.898002394084417,12.353048348123892
2021-04-17 15:24:00,1.2913634042415743,-9.080215227235081,12.4891059538703
2021-04-17 15:25:00,1.2847735939615323,-9.237195119192275,12.897453378845174
2021-04-17 15:26:00,1.2780672280644452,-9.457071911416806,12.607555557420525
2021-04-17 15:27:00,1.271246016637981,-10.140686988853723,11.046064691193529
2021-04-17 15:28:00,1.2643116994521133,-10.527567181070708,12.38375833241329
2021-04-17 15:29:00,1.257266045598888,-9.311954810594234,11.762540948915781
2021-04-17 15:30:00,1.2501108529336977,-8.969144122491175,11.506982097391669
2021-04-17 15:31:00,1.2428479476009948,-9.641914511881316,10.87303167194846
2021-04-17 15:32:00,1.235479183805843,-10.042713619515029,11.352803419333526
2021-04-17 15:33:00,1.2280064429290911,-10.032718396356419,11.378395692534742
2021-04-17 15:34:00,1.2204316332657525,-9.72350684803889,12.151043298748736
2021-04-17 15:35:00,1.212756689609046,-9.816368812158325,11.991941979009757
2021-04-17 15:36:00,1.2049835724451705,-9.025796361490068,12.254143262159849
2021-04-17 15:37:00,1.1971142677093998,-8.368908763065912,12.011916791982713
2021-04-17 15:38:00,1.1891507860894026,-9.059469092137343,11.23377717428741
2021-04-17 15:39:00,1.1810951625362969,-9.052668831722713,11.718708456130008
2021-04-17 15:40:00,1.1729494557754807,-9.852698015322867,11.399008757834736
2021-04-17 15:41:00,1.1647157476107801,-9.927710011291566,11.896610216743852
2021-04-17 15:42:00,1.1563961424946643,-9.474586119453434,11.938418246285734
2021-04-17 15:43:00,1.1479927669566008,-9.338426841065619,12.180241696243014
2021-04-17 15:44:00,1.139507768864996,-9.936382501799104,11.739074805800037
2021-04-17 15:45:00,1.1309433171272834,-10.155594757025522,11.24156903508421
2021-04-17 15:46:00,1.1223016008167888,-9.525059336380446,12.046221802348521
2021-04-17 15:47:00,1.1135848286273666,-9.287980449135361,10.777424399803275
2021-04-17 15:48:00,1.1047952285576874,-9.764121913716027,11.371103270229307
2021-04-17 15:49:00,1.0959350468883409,-9.780987157568138,11.703012980366633
2021-04-17 15:50:00,1.0870065478718887,-8.740085784024439,11.590492829876903
2021-04-17 15:51:00,1.0780120129357478,-10.923667786117653,11.172570949425923
2021-04-17 15:52:00,1.0689537400261084,-8.992375056778876,11.470245208276044
2021-04-17 15:53:00,1.0598340433289888,-10.098432065874121,11.242234662755866
2021-04-17 15:54:00,1.0506552520979735,-9.85781638892522,12.111051271260092
2021-04-17 15:55:00,1.0414197103555474,-10.297797814988067,11.834192922170029
2021-04-17 15:56:00,1.0321297762759567,-9.570680479588551,10.95730209872402
2021-04-17 15:57:00,1.0227878212571093,-9.250001656451346,11.724343242476783
2021-04-17 15:58:00,1.0133962295538277,-9.879448820046848,11.790493437329825
2021-04-17 15:59:00,1.003957397419367,-9.344288582699765,11.097718055323233
2021-04-17 16:00:00,0.9944737324700388,-8.829476644374251,11.71263012276434
2021-04-17 16:01:00,0.9849476531436259,-9.662742493623753,12.153376122581642
2021-04-17 16:02:00,0.9753815878468879,-9.765442759607044,11.045043945941169
2021-04-17 16:03:00,0.9657779743516668,-9.37972065203086,12.081482113694102
2021-04-17 16:04:00,0.9561392591921807,-9.217796311975256,11.587088126933178
2021-04-17 16:05:00,0.9464678967694068,-9.274787772438659,11.548914830036686
2021-04-17 16:06:00,0.9367663489454536,-9.61065037033535,11.903809892783753
2021-04-17 16:07:00,0.9270370840968613,-9.768747497553004,11.854528535743421
2021-04-17 16:08:00,0.9172825764174104,-9.840358582895275,11.457957601988435
2021-04-17 16:09:00,0.907505305615504,-9.793996147876586,11.304020856164858
2021-04-17 16:10:00,0.8977077556186883,-9.532346085749039,11.590730640688555
2021-04-17 16:11:00,0.8878924142779511,-10.138971384404277,11.437520943564328
2021-04-17 16:12:00,0.8780617726198159,-8.893849114567907,10.767997071170159
2021-04-17 16:13:00,0.8682183239605987,-9.562399463965056,11.592260861866674
2021-04-17 16:14:00,0.8583645634224581,-9.615371850794068,10.992398187115988
2021-04-17 16:15:00,0.8485029870153811,-9.386793470678036,11.786213606816197
2021-04-17 16:16:00,0.8386360910381623,-8.819214558556286,11.78511986736468
2021-04-17 16:17:00,0.8287663714288857,-9.843805829149241,11.314122407194068
2021-04-17 16:18:00,0.8188963228961541,-9.924718192071866,12.109715326829797
2021-04-17 16:19:00,0.8090284382684245,-9.747927847201739,11.817209688239606
2021-04-17 16:20:00,0.7991652079096327,-9.441214928923543,11.311265417251459
2021-04-17 16:21:00,0.789309118754045,-9.324784455349825,10.785812111139466
2021-04-17 16:22:00,0.7794626538623406,-11.09399473335193,11.749634909656006
2021-04-17 16:23:00,0.7696282915211126,-10.393424814448052,10.56276262778976
2021-04-17 16:24:00,0.759808504463634,-9.996402544870604,11.58560766553531
2021-04-17 16:25:00,0.7500057595877814,-10.34511652077921,11.612456839065832
2021-04-17 16:26:00,0.7402225166390219,-9.17151436591249,11.513634046869749
2021-04-17 16:27:00,0.7304612278960481,-10.29987164684722,11.203600082253182
2021-04-17 16:28:00,0.7207243375545478,-10.256058322563085,10.830402719117453
2021-04-17 16:29:00,0.7110142804978113,-9.512955350913753,11.83214200808365
2021-04-17 16:30:00,0.7013334823035318,-9.310234473684732,11.265701422110986
2021-04-17 16:31:00,0.6916843578617304,-10.706931201102396,11.28709001280304
2021-04-17 16:32:00,0.682069311106229,-10.617272877865664,11.248556236027323
2021-04-17 16:33:00,0.6724907342558797,-9.341253160604396,11.240514644567853
2021-04-17 16:34:00,0.6629510069343125,-10.167021295332036,10.989563765777389
2021-04-17 16:35:00,0.6534524957240284,-10.247616526407397,11.239830921852102
2021-04-17 16:36:00,0.6439975532670575,-10.34094767792388,11.2926454600013
2021-04-17 16:37:00,0.6345885176623186,-9.216981097021355,11.612977292012653
2021-04-17 16:38:00,0.6252277118818492,-9.823812283578173,11.31543269828274
2021-04-17 16:39:00,0.61591744291341,-9.440948226187412,10.918432725173837
2021-04-17 16:40:00,0.6066600011640035,-10.11265384661888,11.460230164958041
2021-04-17 16:41:00,0.5974576598954329,-9.495287144510451,10.495519047759451
2021-04-17 16:42:00,0.5883126743338887,-9.740570467767819,11.252959512428117
2021-04-17 16:43:00,0.5792272812626031,-10.224805557288404,10.911972206965935
2021-04-17 16:44:00,0.5702036981648657,-9.658143958133326,11.179625694093337
2021-04-17 16:45:00,0.5612441225512542,-10.004180982879568,11.730738981444933
2021-04-17 16:46:00,0.55235073167829,-10.095850769408328,11.288594757666296
2021-04-17 16:47:00,0.5435256813568816,-10.495613404913147,10.988241872649235
2021-04-17 16:48:00,0.5347711057030511,-10.41352871235899,11.194138396392287
2021-04-17 16:49:00,0.526089116463677,-9.93698823324606,11.474226253628258
2021-04-17 16:50:00,0.5174818022276539,-9.672956173204295,11.788613191320907
2021-04-17 16:51:00,0.5089512279918177,-10.50779149309991,11.38606082730833
2021-04-17 16:52:00,0.5004994344110861,-9.396211483139135,11.29834878878282
2021-04-17 16:53:00,0.4921284372523323,-10.643060445744435,10.484293380911499
2021-04-17 16:54:00,0.4838402268428679,-10.15415158584809,11.045434834028232
2021-04-17 16:55:00,0.4756367673872742,-10.341313119891147,11.044275348594322
2021-04-17 16:56:00,0.46751999639361447,-10.074711626873214,11.43150270531038
2021-04-17 16:57:00,0.459491824230435,-10.299803333913967,10.832655006525878
2021-04-17 16:58:00,0.4515541333262731,-9.590890610004012,10.612467584666735
2021-04-17 16:59:00,0.44370877785174395,-10.21596886762398,10.422716518472273
2021-04-17 17:00:00,0.4359575830027957,-10.107808512955396,10.678883395983362
2021-04-17 17:01:00,0.42830234438465037,-10.064316168500282,11.123131935784563
2021-04-17 17:02:00,0.4207448278407889,-9.912965217076941,10.49936906241555
2021-04-17 17:03:00,0.41328676841529244,-10.65976682273624,10.899011727182401
2021-04-17 17:04:00,0.4059298702133982,-9.945802617904933,10.929963445045782
2021-04-17 17:05:00,0.39867580575456907,-9.951063292302774,10.570438997548322
2021-04-17 17:06:00,0.3915262154076841,-10.548488904710736,11.145496008723683
2021-04-17 17:07:00,0.38448270711550014,-11.05876965220723,10.684092684647647
2021-04-17 17:08:00,0.37754685554496403,-10.360313862107601,10.946729997363839
2021-04-17 17:09:00,0.3707202019316595,-9.86656501977623,9.893574395968004
2021-04-17 17:10:00,0.3640042535338179,-9.721476918621512,10.181980567395078
2021-04-17 17:11:00,0.3574004830585825,-9.609912816000307,10.764313977367841
2021-04-17 17:12:00,0.3509103282933275,-9.965000113427482,10.765455288514099
2021-04-17 17:13:00,0.3445351917422521,-9.822765210106823,10.73169887308772
2021-04-17 17:14:00,0.33827644005686236,-9.92794217120223,12.12189667714317
2021-04-17 17:15:00,0.3321354037023895,-10.852415754153277,10.553955738915445
2021-04-17 17:16:00,0.32611337652275224,-10.071497281997912,11.229751212830925
2021-04-17 17:17:00,0.3202116153502609,-10.270797605060844,9.319719963498686
2021-04-17 17:18:00,0.31443133961234065,-10.883463419524391,10.673515903770724
2021-04-17 17:19:00,0.3087737309451313,-9.35418810438187,11.209766388582919
2021-04-17 17:20:00,0.3032399328936284,-10.366592873411845,11.342147151398905
2021-04-17 17:21:00,0.29783105044139757,-11.145076728781346,10.88320965875716
2021-04-17 17:22:00,0.2925481496775551,-9.760077521445563,10.661754038161792
2021-04-17 17:23:00,0.287392257661952,-10.455595387702974,10.82931596311707
2021-04-17 17:24:00,0.28236436183432173,-10.138424619641663,10.555141340285015
2021-04-17 17:25:00,0.27746540981798873,-9.866678251037209,11.20837899861533
2021-04-17 17:26:00,0.2726963092091604,-10.096083117052718,10.314495239490096
2021-04-17 17:27:00,0.26805792709239606,-10.606087285941552,10.482166972858385
2021-04-17 17:28:00,0.26355108998141363,-10.07966873925766,10.97397431451641
2021-04-17 17:29:00,0.25917658334667926,-10.197260142299418,10.840577353855382
2021-04-17 17:30:00,0.25493515106662545,-10.67970611080977,10.140230787124807
2021-04-17 17:31:00,0.250827496505303,-10.299459290921119,11.577101670280351
2021-04-17 17:32:00,0.24685428082904182,-10.397443933956074,10.197105538513625
2021-04-17 17:33:00,0.24301612337616973,-10.59818806174325,11.610837037022733
2021-04-17 17:34:00,0.2393136014139766,-10.64276639037723,11.800257376260396
2021-04-17 17:35:00,0.23574724984367254,-10.12452571110057,10.351359327109728
2021-04-17 17:36:00,0.2323175612014704,-10.994111447042348,10.445556828520303
2021-04-17 17:37:00,0.22902498529987572,-10.692874333914691,10.493845323401006
2021-04-17 17:38:00,0.22586992922695093,-9.691653057716241,10.43728412954358
2021-04-17 17:39:00,0.22285275709616556,-10.377268217285833,9.533294543252174
2021-04-17 17:40:00,0.2199737900000196,-9.585048403414987,11.790620569426173
2021-04-17 17:41:00,0.21723330578253047,-11.134903662775622,11.208246705996883
2021-04-17 17:42:00,0.2146315390841273,-11.257047978529647,10.050857601826692
2021-04-17 17:43:00,0.2121686810713191,-10.235993447936378,11.490219629700226
2021-04-17 17:44:00,0.20984487951596173,-11.027415217550516,11.619057465119193
2021-04-17 17:45:00,0.20766023865531597,-9.963173366818456,10.725958359608878
2021-04-17 17:46:00,0.20561481907730197,-10.106820196432666,11.427596902162183
2021-04-17 17:47:00,0.20370863780386408,-10.193546519641002,10.523475086533265
2021-04-17 17:48:00,0.20194166819928044,-10.136032889473327,11.194501617514323
2021-04-17 17:49:00,0.20031383988758683,-10.071702461311096,10.61937837733788
2021-04-17 17:50:00,0.1988250388956304,-10.537283515292497,10.887046462567882
2021-04-17 17:51:00,0.19747510749792999,-10.736801496204881,10.851371718717065
2021-04-17 17:52:00,0.19626384439894765,-10.214302091395075,11.547004953147406
2021-04-17 17:53:00,0.19519100460142058,-11.042954892053368,11.613216370104107
2021-04-17 17:54:00,0.19425629962675312,-10.174004772645798,10.59847009078486
2021-04-17 17:55:00,0.19345939745146945,-11.137055205251242,11.541721570020094
2021-04-17 17:56:00,0.19279992259479398,-10.865558379186691,10.204577624167326
2021-04-17 17:57:00,0.19227745622335382,-9.852537881538925,11.071906739726556
2021-04-17 17:58:00,0.19189153633732603,-10.25809657406694,11.15170986229347
2021-04-17 17:59:00,0.19164165770673347,-9.819412494640796,10.919177871451344
2021-04-17 18:00:00,0.19152727212730847,-10.692714719189876,10.82678172444202
2021-04-17 18:01:00,0.19154778849127987,-10.284173502980549,10.952638837692895
2021-04-17 18:02:00,0.19170257303381838,-10.46261947035151,10.288503115142971
2021-04-17 18:03:00,0.19199094931167002,-10.666710592497427,11.310191637817983
2021-04-17 18:04:00,0.1924121985993015,-9.786082334937175,10.93457263523531
2021-04-17 18:05:00,0.19296555993509548,-9.35087790385639,11.214692061597521
2021-04-17 18:06:00,0.19365023033577533,-10.271927356851366,11.577488550517806
2021-04-17 18:07:00,0.19446536503256284,-10.373379182996683,10.941529500005203
2021-04-17 18:08:00,0.195410077712757,-10.671839611792752,9.684862173088682
2021-04-17 18:09:00,0.1964834407724593,-10.29127213322959,10.467341819540035
2021-04-17 18:10:00,0.19768448546212267,-10.746959372030549,11.15482696575977
2021-04-17 18:11:00,0.19901220226104083,-10.69327196479082,10.936432996589888
2021-04-17 18:12:00,0.20046554116285317,-10.674944470839634,10.762535187624282
2021-04-17 18:13:00,0.20204341178776816,-10.51114534438268,10.271049328928324
2021-04-17 18:14:00,0.20374468393329181,-10.168792979161374,10.00603032518567
2021-04-17 18:15:00,0.20556818771665614,-9.665823104087321,11.048872057577675
2021-04-17 18:16:00,0.20751271390269085,-11.411483546015862,10.94654382585296
2021-04-17 18:17:00,0.20957701431847744,-10.13690487358437,10.910073701659911
2021-04-17 18:18:00,0.21175980218120413,-10.139351035579248,10.71133212777538
2021-04-17 18:19:00,0.21405975240456931,-10.52992738213102,11.792051823439834
2021-04-17 18:20:00,0.21647550198633178,-9.59049988374701,10.477983174516968
2021-04-17 18:21:00,0.21900565044365788,-10.73996564716387,10.983071218335315
2021-04-17 18:22:00,0.2216487601132811,-10.43314796853138,11.28951995542953
2021-04-17 18:23:00,0.22440335671515976,-10.297666990284952,10.90894947233963
2021-04-17 18:24:00,0.22726792950857966,-10.039542565596552,10.776347739148912
2021-04-17 18:25:00,0.23024093200357026,-10.877335639145329,11.003053048492543
2021-04-17 18:26:00,0.23332078227125014,-10.93454896780977,10.16335197959675
2021-04-17 18:27:00,0.2365058632579592,-10.488520531186014,10.273394183930927
2021-04-17 18:28:00,0.2397945235299108,-10.189694079216864,10.971580776220234
2021-04-17 18:29:00,0.24318507751551469,-10.37791929597547,10.875637675763333
2021-04-17 18:30:00,0.24667580604724426,-10.344660657369582,10.700779398865839
2021-04-17 18:31:00,0.25026495694838885,-10.23126380102841,11.415730509422694
2021-04-17 18:32:00,0.2539507453243682,-10.065378129643662,11.68087548820977
2021-04-17 18:33:00,0.25773135432184613,-10.383644172701715,11.291414985297315
2021-04-17 18:34:00,0.26160493551804587,-9.991790370772394,10.7844224272315
2021-04-17 18:35:00,0.26556960935742313,-10.693263016233074,11.340722930107116
2021-04-17 18:36:00,0.2696234659505761,-10.446450829594223,10.231107402116496
2021-04-17 18:37:00,0.2737645653181776,-10.279774305907763,9.606782352614701
2021-04-17 18:38:00,0.27799093821911197,-9.901427194255437,10.548703314019773
2021-04-17 18:39:00,0.28230058659666935,-10.315854585245305,10.707289071252134
2021-04-17 18:40:00,0.28669148411900786,-9.631142390009293,10.657863449967286
2021-04-17 18:41:00,0.2911615768020205,-10.25882612289778,11.083770997719295
2021-04-17 18:42:00,0.2957087836923823,-10.158137446570006,10.576206033056323
2021-04-17 18:43:00,0.30033099732316687,-10.825559640715612,11.10436353090146
2021-04-17 18:44:00,0.305026084413035,-10.23207288418131,10.964692452583742
2021-04-17 18:45:00,0.30979188647731515,-11.263244580231104,11.04122675996103
2021-04-17 18:46:00,0.31462622041809024,-10.159299876313284,11.37254524210188
2021-04-17 18:47:00,0.31952687929353263,-9.701044767990886,11.200018060786277
2021-04-17 18:48:00,0.32449163268505526,-9.802061377908473,10.462919232410508
2021-04-17 18:49:00,0.3295182276967984,-10.781514175089901,10.452156255132433
2021-04-17 18:50:00,0.33460438934178754,-10.003537564541812,11.079672252605013
2021-04-17 18:51:00,0.33974782130545905,-10.193854153224171,10.333883955614482
2021-04-17 18:52:00,0.344946206696501,-10.153051207528632,10.336651777463501
2021-04-17 18:53:00,0.3501972085461906,-10.76976768800864,10.218094092053537
2021-04-17 18:54:00,0.35549847070109075,-9.646281106634659,10.704502037406742
2021-04-17 18:55:00,0.360847618336646,-9.879318018233988,10.440312911545215
2021-04-17 18:56:00,0.3662422587285721,-10.074068582666724,11.101612769145648
2021-04-17 18:57:00,0.37167998206238184,-10.300735838498,10.512526158788209
2021-04-17 18:58:00,0.37715836186488605,-11.04851427906922,11.046585730825878
2021-04-17 18:59:00,0.3826749560709716,-10.372497423651316,11.48219669295739
2021-04-17 19:00:00,0.3882273074739052,-10.358224419926113,11.082759766963571
2021-04-17 19:01:00,0.39381294456516325,-10.656606526175645,10.975871037535471
2021-04-17 19:02:00,0.39942938223130264,-9.895294020725004,11.238095833054816
2021-04-17 19:03:00,0.4050741225786547,-9.434569521070259,10.524615288604478
2021-04-17 19:04:00,0.41074465552218303,-10.198550627723115,10.879626131652522
2021-04-17 19:05:00,0.4164384596456353,-10.41167821086903,10.531723144876985
2021-04-17 19:06:00,0.42215300287917595,-10.984717900833344,12.161536518979215
2021-04-17 19:07:00,0.4278857433400354,-9.927668068678674,10.701916746840533
2021-04-17 19:08:00,0.4336341300741302,-10.710344199353555,10.979877525175903
2021-04-17 19:09:00,0.439395603604153,-10.538798068654813,10.501857446436878
2021-04-17 19:10:00,0.44516759704155795,-10.132351971442194,11.949204464211496
2021-04-17 19:11:00,0.45094753668815335,-10.709405015170901,10.639558793942767
2021-04-17 19:12:00,0.4567328425458858,-10.368537230638408,11.255484197782444
2021-04-17 19:13:00,0.4625209296954865,-10.237821344792378,11.349010761926216
2021-04-17 19:14:00,0.4683092083928512,-10.588794521362532,11.180270678897415
2021-04-17 19:15:00,0.47409508538453926,-9.71690068690816,11.008065697152677
2021-04-17 19:16:00,0.4798759643590781,-10.498009515612338,10.620628735480327
2021-04-17 19:17:00,0.4856492468220778,-10.645658755326679,11.59313404576571
2021-04-17 19:18:00,0.49141233296473796,-9.866721283553975,10.89539083643905
2021-04-17 19:19:00,0.4971626223044364,-10.176013427704918,11.080634678351151
2021-04-17 19:20:00,0.5028975145157297,-9.752568362413522,11.04239932800817
2021-04-17 19:21:00,0.5086144103324037,-10.055551844066096,11.31907003247137
2021-04-17 19:22:00,0.5143107120638606,-9.332273910659529,11.555335234574748
2021-04-17 19:23:00,0.5199838247029014,-10.256249089986271,10.667601689632816
2021-04-17 19:24:00,0.5256311564709579,-10.125116025369627,11.099095914426437
2021-04-17 19:25:00,0.531250119686225,-10.501648359491861,10.73420599068209
2021-04-17 19:26:00,0.5368381315176449,-9.677085946606065,10.201521231582182
2021-04-17 19:27:00,0.5423926149536057,-10.227598427400931,10.719848473374975
2021-04-17 19:28:00,0.5479109991753914,-10.017265781345412,11.422708096589577
2021-04-17 19:29:00,0.5533907208318728,-10.414984281935064,10.54577622904573
2021-04-17 19:30:00,0.5588292243556936,-10.681229023958233,11.48859046977781
2021-04-17 19:31:00,0.5642239631356956,-10.320403659718462,11.459556651374355
2021-04-17 19:32:00,0.5695724000956928,-9.911402226352102,11.100263630629888
2021-04-17 19:33:00,0.5748720083760999,-9.26756397290849,11.111908134329266
2021-04-17 19:34:00,0.5801202723751098,-10.01309214522663,12.132068359246706
2021-04-17 19:35:00,0.5853146882741055,-10.163812602289255,10.82496105923336
2021-04-17 19:36:00,0.5904527649203773,-10.130514438100732,10.754130521599473
2021-04-17 19:37:00,0.5955320246226867,-9.757387813662126,10.901073101254802
2021-04-17 19:38:00,0.6005500037931228,-10.198892228945416,11.002493354528617
2021-04-17 19:39:00,0.6055042538101141,-9.053298603738101,11.767733069213566
2021-04-17 19:40:00,0.6103923417374553,-9.449045719805797,11.807234764110426
2021-04-17 19:41:00,0.6152118510413753,-10.738177214040897,11.604987789614881
2021-04-17 19:42:00,0.6199603824572986,-9.852613408876968,11.55089002335198
2021-04-17 19:43:00,0.6246355545147393,-10.373376384887534,11.356595588330588
2021-04-17 19:44:00,0.6292350045111684,-9.769476576714599,10.886110868737976
2021-04-17 19:45:00,0.6337563891629079,-10.479491729399088,10.694052648129837
2021-04-17 19:46:00,0.6381973851663152,-9.676758123839514,10.78873047620176
2021-04-17 19:47:00,0.6425556902134644,-10.07376493196328,11.216214468517675
2021-04-17 19:48:00,0.6468290235243144,-9.991197092794778,11.382583601159874
2021-04-17 19:49:00,0.651015126560236,-9.667610811615958,10.74711911582332
2021-04-17 19:50:00,0.6551117638250259,-9.785303754863246,11.264067756195548
2021-04-17 19:51:00,0.6591167234016773,-9.53817896228583,11.0452636825646
2021-04-17 19:52:00,0.6630278179212898,-10.256665310867408,11.757931885684815
2021-04-17 19:53:00,0.666842884973939,-9.793634772964893,11.316055129683248
2021-04-17 19:54:00,0.6705597879179964,-9.758148669665205,11.534747886714602
2021-04-17 19:55:00,0.6741764165446997,-10.072740068087644,11.336233853373786
2021-04-17 19:56:00,0.6776906877863909,-9.773406677938729,11.00462797715557
2021-04-17 19:57:00,0.6811005462387321,-9.599085493050211,11.012381662553507
2021-04-17 19:58:00,0.6844039650056915,-10.191480780236278,11.33541409156951
2021-04-17 19:59:00,0.687598946184311,-9.96785347021551,11.810312452454987
2021-04-17 20:00:00,0.6906835215820648,-9.456034503683687,12.155618305870505
2021-04-17 20:01:00,0.6936557533605772,-10.590948184115465,11.268410561649501
2021-04-17 20:02:00,0.6965137345854948,-9.591857534210146,11.864320284770063
2021-04-17 20:03:00,0.6992555898937916,-10.185989738505487,11.805355022203594
2021-04-17 20:04:00,0.7018794761393568,-9.850682868273235,11.313709469201083
2021-04-17 20:05:00,0.7043835828297834,-9.775443408133883,11.351800993660218
2021-04-17 20:06:00,0.7067661329701693,-10.018330840814729,11.445288809427925
2021-04-17 20:07:00,0.7090253833278878,-10.499924836846125,11.854949708671835
2021-04-17 20:08:00,0.711159625316114,-9.349040091838317,11.123281409834393
2021-04-17 20:09:00,0.7131671853284665,-9.84028218086879,11.709238828921821
2021-04-17 20:10:00,0.7150464253773279,-10.093987694274922,11.287306305571594
2021-04-17 20:11:00,0.7167957436275234,-9.741565625088288,11.407277909618054
2021-04-17 20:12:00,0.7184135749422773,-9.53140268237342,11.921198965828887
2021-04-17 20:13:00,0.7198983913586916,-10.371017981337761,10.848522314341169
2021-04-17 20:14:00,0.7212487026413879,-9.808159997623171,11.17360297598475
2021-04-17 20:15:00,0.7224630567524541,-9.282681109933469,11.288232097214514
2021-04-17 20:16:00,0.7235400403764365,-9.825090778490544,11.185769314648546
2021-04-17 20:17:00,0.7244782793613389,-10.32462784196228,10.943601772753086
2021-04-17 20:18:00,0.7252764392037583,-8.793533237782775,11.371643902999862
2021-04-17 20:19:00,0.7259332255106944,-9.64387381913893,12.199499173098742
2021-04-17 20:20:00,0.7264473844351871,-9.487291338298506,11.76419625582471
2021-04-17 20:21:00,0.7268177031127189,-9.090712255349711,11.317640846025121
2021-04-17 20:22:00,0.7270430101093437,-9.75278931988339,11.751858158846526
2021-04-17 20:23:00,0.7271221757784181,-10.17734032118856,11.363657514921915
2021-04-17 20:24:00,0.7270541127195511,-9.209274398003535,11.163254604947157
2021-04-17 20:25:00,0.7268377761290468,-10.148641663974349,10.828155325418702
2021-04-17 20:26:00,0.7264721641914214,-10.071981169178494,11.146287782142666
2021-04-17 20:27:00,0.7259563184442455,-10.07259178752616,11.800029934277967
2021-04-17 20:28:00,0.7252893241222771,-9.258428558817233,12.610504197033215
2021-04-17 20:29:00,0.7244703105069947,-10.073963251276053,10.663844232522552
2021-04-17 20:30:00,0.7234984512462893,-10.044900071865655,11.46029576862774
2021-04-17 20:31:00,0.7223729646784689,-10.00257539723195,10.411677864896655
2021-04-17 20:32:00,0.7210931141251835,-10.441906938325868,10.986011294282008
2021-04-17 20:33:00,0.7196582081858811,-9.510813855307672,10.37079149789144
2021-04-17 20:34:00,0.71806760102274,-10.144650181601724,11.229440111147849
2021-04-17 20:35:00,0.7163206926081932,-10.115277841203193,11.579097284617475
2021-04-17 20:36:00,0.7144169289996889,-10.151841410652066,10.94118773821499
2021-04-17 20:37:00,0.7123558025565114,-9.722096630168414,11.099803863830761
2021-04-17 20:38:00,0.7101368521544091,-9.580665505763315,11.646742696914554
2021-04-17 20:39:00,0.7077596634665331,-10.308672110593665,10.981648954666966
2021-04-17 20:40:00,0.7052238690770696,-9.744310801580191,11.64905991708978
2021-04-17 20:41:00,0.7025291486858611,-9.780133723889847,11.397789127139239
2021-04-17 20:42:00,0.6996752293661932,-9.514802543679087,11.04242358620542
2021-04-17 20:43:00,0.6966618855695963,-9.921172057993578,11.628517975836514
2021-04-17 20:44:00,0.6934889394512369,-10.477196473041236,11.232401220960302
2021-04-17 20:45:00,0.6901562608321705,-9.724656669015214,11.49426037125026
2021-04-17 20:46:00,0.6866637674175202,-9.681882407143105,11.103009696528943
2021-04-17 20:47:00,0.6830114249018685,-9.748783597493986,11.453478663668234
2021-04-17 20:48:00,0.6791992470149099,-10.310699643599834,11.922511924557016
2021-04-17 20:49:00,0.6752272956204335,-10.32387182759567,11.965964823232136
2021-04-17 20:50:00,0.6710956808086961,-9.480271274233862,10.731280558673149
2021-04-17 20:51:00,0.6668045608640837,-9.497815738664276,11.668138659090598
2021-04-17 20:52:00,0.6623541424339388,-10.45095292060742,11.315537097070187
2021-04-17 20:53:00,0.6577446804100859,-9.760088497415602,11.377379307631106
2021-04-17 20:54:00,0.6529764779974385,-9.855985053825306,10.761850127022871
2021-04-17 20:55:00,0.6480498867856328,-9.290034038703693,10.816275255872617
2021-04-17 20:56:00,0.6429653065939993,-10.05341721011699,11.752575263847739
2021-04-17 20:57:00,0.6377231854624065,-9.894246366230588,10.562885631871504
2021-04-17 20:58:00,0.6323240197886564,-9.30745352126451,10.39688866576983
2021-04-17 20:59:00,0.6267683539400061,-9.919405093121147,11.40128231931428
2021-04-17 21:00:00,0.6210567805618954,-10.413299133829668,10.72859551684988
2021-04-17 21:01:00,0.6151899400962264,-10.165567578250679,11.343345421348086
2021-04-17 21:02:00,0.6091685209800293,-10.014493560941599,10.828354610277072
2021-04-17 21:03:00,0.6029932594257392,-9.870420264005697,11.847689667809929
2021-04-17 21:04:00,0.6148974997171951,-9.916000038495088,11.24449688573443
2021-04-17 21:05:00,0.6266495127413286,-9.760723678084952,10.880434276718516
2021-04-17 21:06:00,0.6382501771778392,-9.64995472302645,11.225718500690862
2021-04-17 21:07:00,0.6497004188428595,-9.866510572128446,11.614503395119987
2021-04-17 21:08:00,0.6610012106121173,-9.670264607631182,11.130997071760124
2021-04-17 21:09:00,0.6721535721179035,-10.085832852498585,11.228057740572105
2021-04-17 21:10:00,0.6831585695330187,-9.883407638452068,11.24061744676418
2021-04-17 21:11:00,0.69401731546112,-9.98486261719639,11.631188561124661
2021-04-17 21:12:00,0.704730968558589,-10.066881555848235,11.313040080562526
2021-04-17 21:13:00,0.7153007333992375,-9.226698054569379,11.476030012382479
2021-04-17 21:14:00,0.725727860159715,-9.992462396375512,11.041260578086844
2021-04-17 21:15:00,0.7360136441681107,-10.134619340848431,11.11755796828674
2021-04-17 21:16:00,0.7461594261234747,-9.817331465811415,11.631138215759972
2021-04-17 21:17:00,0.7561665911083755,-8.852968981611461,11.410094041736434
2021-04-17 21:18:00,0.7660365687555315,-10.50057390784492,10.823857840842447
2021-04-17 21:19:00,0.7757708328982957,-9.342278124599511,10.354930148656452
2021-04-17 21:20:00,0.7853709008484235,-9.32426738695113,11.671115019453204
2021-04-17 21:21:00,0.7948383335560998,-9.032402537179445,10.771893809993479
2021-04-17 21:22:00,0.8041747347651995,-9.325815275135364,10.708133644928122
2021-04-17 21:23:00,0.8133817509572374,-9.99545350628588,11.448946505243525
2021-04-17 21:24:00,0.8224610708827288,-9.44730663731586,11.731738262394636
2021-04-17 21:25:00,0.8314144250229477,-9.550403716363531,11.91209748208705
2021-04-17 21:26:00,0.8402435853192443,-9.908410235719577,11.100648604760769
2021-04-17 21:27:00,0.848950364726734,-9.94582818078768,11.007520459374911
2021-04-17 21:28:00,0.8575366166709801,-9.186334343337187,11.580086423743657
2021-04-17 21:29:00,0.8660042347287346,-10.18023719195114,10.640687201060022
2021-04-17 21:30:00,0.8743551520607348,-9.013490722138256,11.063587827245266
2021-04-17 21:31:00,0.8825913409107469,-9.145296329245424,11.39290881402981
2021-04-17 21:32:00,0.8907148122799778,-9.768040167832678,11.219604373116265
2021-04-17 21:33:00,0.8987276152840864,-10.809947611020696,11.78332714622255
2021-04-17 21:34:00,0.9066318365440403,-10.750934974015774,10.541980517323262
2021-04-17 21:35:00,0.9144296000532447,-9.074318406561277,11.738645863049154
2021-04-17 21:36:00,0.9221230660653602,-9.90142835966994,10.969999829698079
2021-04-17 21:37:00,0.9297144312279787,-10.73437490721504,11.787094325984528
2021-04-17 21:38:00,0.9372059273610597,-9.581733232112192,12.178095745017018
2021-04-17 21:39:00,0.9445998212681921,-9.88750556460142,11.88178205010622
2021-04-17 21:40:00,0.951898414248068,-9.536748959934144,11.680604929902909
2021-04-17 21:41:00,0.9591040411461876,-9.883393454988905,11.956986596358455
2021-04-17 21:42:00,0.966219070038813,-9.520805443311815,11.335949803149923
2021-04-17 21:43:00,0.9732459015835521,-9.607411830169868,11.83566341612179
2021-04-17 21:44:00,0.9801869682847253,-9.799761660314784,11.08888767095041
2021-04-17 21:45:00,0.9870447340472015,-9.15894362153782,11.593585241231823
2021-04-17 21:46:00,0.9938216933147199,-9.391998485944395,11.511858805726682
2021-04-17 21:47:00,1.0005203706133705,-8.996244074610006,11.584438655259687
2021-04-17 21:48:00,1.0071433198952857,-9.13730674154865,12.006668236127686
2021-04-17 21:49:00,1.0136931236434927,-9.002895042537595,11.733687147487931
2021-04-17 21:50:00,1.020172392607963,-9.615046306675497,11.31541802658684
2021-04-17 21:51:00,1.0265837647137175,-8.994811707643107,11.146999955812618
2021-04-17 21:52:00,1.0329299044613205,-10.006271696670268,11.857367616247044
2021-04-17 21:53:00,1.03921350266066,-9.9992143879981,11.542181764283168
2021-04-17 21:54:00,1.0454372750355971,-9.915561180628742,11.76503136312927
2021-04-17 21:55:00,1.0516039619179092,-9.343588538268074,11.138513573291286
2021-04-17 21:56:00,1.0577163277329724,-10.510780780952908,11.877982880568293
2021-04-17 21:57:00,1.063777159586561,-8.886950401728818,12.202821138489025
2021-04-17 21:58:00,1.0697892673919323,-9.136264986771726,12.411682767627633
2021-04-17 21:59:00,1.075755482332655,-9.338789101602611,11.404979778843444
2021-04-17 22:00:00,1.0816786565518983,-9.410092131457388,11.417694155511862
2021-04-17 22:01:00,1.0875616625006184,-9.537135107748158,12.1599859513341
2021-04-17 22:02:00,1.093407391782254,-9.319226890705258,12.235771512491969
2021-04-17 22:03:00,1.099218754592253,-9.725809128620183,11.715130239216172
2021-04-17 22:04:00,1.1049986791565924,-9.676332308551228,11.66594866094571
2021-04-17 22:05:00,1.11075011048643,-9.2723838180287,11.80843406305489
2021-04-17 22:06:00,1.1164760100338178,-10.424721617922403,11.486816153906114
2021-04-17 22:07:00,1.1221793546298302,-8.918629464233447,11.478562143883469
2021-04-17 22:08:00,1.1278631357791684,-10.13881440902499,11.684297335377531
2021-04-17 22:09:00,1.1335303589505552,-10.327719651881305,11.319635080751535
2021-04-17 22:10:00,1.1391840425904467,-9.620417188207904,11.467604191273649
2021-04-17 22:11:00,1.1448272172965381,-8.869449782380054,11.551252282355687
2021-04-17 22:12:00,1.1504629254821972,-10.047986645631118,12.052875975817143
2021-04-17 22:13:00,1.1560942197364548,-10.504070852408027,11.8903494937638
2021-04-17 22:14:00,1.1617241629212867,-9.410212127758959,11.76008836377884
2021-04-17 22:15:00,1.1673558265243902,-9.423377489133294,12.765120955517858
2021-04-17 22:16:00,1.1729922903086358,-9.507806833234897,11.419373596450717
2021-04-17 22:17:00,1.1786366414651013,-9.472606292629933,11.439974364774594
2021-04-17 22:18:00,1.1842919736242112,-9.915289084508142,11.65812800194907
2021-04-17 22:19:00,1.1899613860080593,-8.88169234126082,11.058332274421389
2021-04-17 22:20:00,1.1956479828093856,-9.831548110362512,11.349709213188776
2021-04-17 22:21:00,1.2013548721036675,-9.368094233595249,12.0807668910266
2021-04-17 22:22:00,1.2070851652007135,-8.890709287848923,11.158834819178846
2021-04-17 22:23:00,1.212841975682354,-9.561577212779273,11.88536477307699
2021-04-17 22:24:00,1.2186284184923877,-9.595525822864147,11.941706221261482
2021-04-17 22:25:00,1.2244476094364454,-9.301253902709437,12.29649004516691
2021-04-17 22:26:00,1.2303026638979344,-9.292864923994301,11.737643532014166
2021-04-17 22:27:00,1.2361966961077906,-8.83219550873891,11.152475698699073
2021-04-17 22:28:00,1.242132818733625,-9.533998714020434,11.362553297809688
2021-04-17 22:29:00,1.2481141412559968,-9.989773440225521,11.09046156737269
2021-04-17 22:30:00,1.254143769909526,-8.805426658956975,11.106411013749023
2021-04-17 22:31:00,1.2602248061683194,-9.122401049136514,11.590619670933037
2021-04-17 22:32:00,1.2663603463577329,-9.059605431369638,12.31649514437693
2021-04-17 22:33:00,1.2725534806900298,-9.51394412384809,11.61950991925764
2021-04-17 22:34:00,1.2788072921575928,-9.632719584434732,11.885987479316857
2021-04-17 22:35:00,1.285124856350011,-9.340116931928623,11.611174027704351
2021-04-17 22:36:00,1.2915092396718575,-9.226781073346483,12.084495707323802
2021-04-17 22:37:00,1.2979634992911528,-8.47908402736667,11.205181872131037
2021-04-17 22:38:00,1.3044906820030628,-8.243102568704888,11.685894592330449
2021-04-17 22:39:00,1.3110938233810931,-9.955559882690338,11.85675569753335
2021-04-17 22:40:00,1.3177759468969654,-9.222908928695782,11.316564640721822
2021-04-17 22:41:00,1.3245400632962325,-9.848443385701792,11.405848878621155
2021-04-17 22:42:00,1.3313891695456173,-9.338332357863374,11.793832298466377
2021-04-17 22:43:00,1.338326248198382,-8.888844804360145,11.942203405513727
2021-04-17 22:44:00,1.3453542663512987,-9.26107956947104,12.314696890197288
2021-04-17 22:45:00,1.3524761750328977,-9.245368306206606,12.169651894579365
2021-04-17 22:46:00,1.3596949083355572,-8.666625240596385,12.331007683282252
2021-04-17 22:47:00,1.367013382599894,-9.702784833346291,11.139927327979608
2021-04-17 22:48:00,1.3744344953294871,-9.20832003334749,11.807252232760124
2021-04-17 22:49:00,1.3819611251614352,-8.57684328463306,11.643885863832958
2021-04-17 22:50:00,1.389596130001272,-9.392411010915623,11.468236828643288
2021-04-17 22:51:00,1.3973423472749134,-9.690564917250203,11.951423687776048
2021-04-17 22:52:00,1.4052025923129112,-9.829812130807968,12.334340869303993
2021-04-17 22:53:00,1.4131796580789668,-8.326893402432486,12.620881463364663
2021-04-17 22:54:00,1.421276314261852,-9.114612690842613,12.243406735854867
2021-04-17 22:55:00,1.429495306364177,-9.468634517141563,11.76047923833901
2021-04-17 22:56:00,1.4378393551310171,-9.0875116279215,12.630321193666136
2021-04-17 22:57:00,1.4463111557565274,-9.017015818183566,12.538707017258496
2021-04-17 22:58:00,1.4549133769475695,-9.075070511539222,11.933259124690467
2021-04-17 22:59:00,1.463648660548103,-8.57046652321959,12.452007931915363
2021-04-17 23:00:00,1.472519620377498,-8.74795438785545,11.810116652830656
2021-04-17 23:01:00,1.4815288418055683,-10.303093080326711,12.140433362323732
2021-04-17 23:02:00,1.490678880942178,-9.414350399739273,12.496873040411746
2021-04-17 23:03:00,1.4999722639370767,-8.730127346849555,12.105937861111927
2021-04-17 23:04:00,1.5094114860461207,-8.786289023339158,11.642019586984656
2021-04-17 23:05:00,1.518999011472554,-9.029115917155712,12.102525436424003
2021-04-17 23:06:00,1.5287372720119152,-8.29033384490249,13.339240584829087
2021-04-17 23:07:00,1.5386286669982159,-9.074267896138617,12.358358987323044
2021-04-17 23:08:00,1.5486755620995907,-8.85353750083277,11.827995791050451
2021-04-17 23:09:00,1.5588802889242181,-8.623315301904086,12.925182928412326
2021-04-17 23:10:00,1.5692451444756634,-8.644903165449536,11.724090171637226
2021-04-17 23:11:00,1.5797723901950171,-9.362009868489018,12.495845817978292
2021-04-17 23:12:00,1.590464251486786,-9.332800635658115,12.047026624035189
2021-04-17 23:13:00,1.6013229172406276,-8.997723445261471,11.289993322940925
2021-04-17 23:14:00,1.6123505388788617,-9.019878857695582,11.41544946187398
2021-04-17 23:15:00,1.6235492300418555,-9.372665130966071,11.952421024019271
2021-04-17 23:16:00,1.6349210658360347,-8.13539110050849,12.68624333746112
2021-04-17 23:17:00,1.6464680822872757,-9.826989962037883,12.298186135262624
2021-04-17 23:18:00,1.6581922757957768,-8.796204095255401,12.302155934536039
2021-04-17 23:19:00,1.6700956024317668,-9.3897799505601,11.523300775875434
2021-04-17 23:20:00,1.682179977641898,-9.521078530196176,12.277641275722546
2021-04-17 23:21:00,1.6944472754069146,-9.14523153219931,12.9590850930694
2021-04-17 23:22:00,1.7068993278327769,-10.129512215948756,12.473744957830366
2021-04-17 23:23:00,1.7195379247776104,-8.708306754170291,11.782797798430158
2021-04-17 23:24:00,1.7323648130562666,-9.538921536741398,12.815171713119186
2021-04-17 23:25:00,1.7453816960778612,-8.600115188176057,12.739852508288891
2021-04-17 23:26:00,1.758590233482403,-8.398667994677748,12.003944675066103
2021-04-17 23:27:00,1.7719920403690217,-8.747573745457125,12.103908283996214
2021-04-17 23:28:00,1.7855886871707671,-9.388647129231964,12.085972621722506
2021-04-17 23:29:00,1.799381698833133,-9.091820203713112,12.484747011637653
2021-04-17 23:30:00,1.813372554695172,-8.916294813486218,12.957572986461264
2021-04-17 23:31:00,1.8275626878830697,-8.784908952794346,12.115857810484359
2021-04-17 23:32:00,1.841953484955224,-9.33614593509106,12.504256216958574
2021-04-17 23:33:00,1.8565462854057557,-8.493658568320894,13.049498707895145
2021-04-17 23:34:00,1.871342381455257,-9.033939990215519,12.0387695369194
2021-04-17 23:35:00,1.8863430174439648,-8.905710085167142,11.892985683276024
2021-04-17 23:36:00,1.901549389630591,-7.836391280040062,12.553718440356942
2021-04-17 23:37:00,1.9169626457910849,-9.01169833390728,11.89347568650902
2021-04-17 23:38:00,1.932583884818774,-8.52891744566176,12.781249983018718
2021-04-17 23:39:00,1.9484141564767057,-8.766148426740251,12.915193885212636
2021-04-17 23:40:00,1.9644544610556431,-8.407111124784032,11.504987430264741
2021-04-17 23:41:00,1.9807057490284339,-8.420741320265437,13.218761420831898
2021-04-17 23:42:00,1.9971689208526424,-8.3256062434512,11.744462798608938
2021-04-17 23:43:00,2.013844826537195,-8.916433225554757,12.470836490877744
2021-04-17 23:44:00,2.0307342656157816,-7.85664040622353,12.200581275763264
2021-04-17 23:45:00,2.047837986630398,-8.520015909979538,12.255211340268188
2021-04-17 23:46:00,2.0651566871155103,-8.610910416038035,13.035912385071573
2021-04-17 23:47:00,2.0826910132377563,-8.246713752368578,12.632505765591254
2021-04-17 23:48:00,2.1004415596782673,-7.935793369041737,12.181070725739634
2021-04-17 23:49:00,2.118408869358989,-8.355806639036517,12.778596155947225
2021-04-17 23:50:00,2.136593433308909,-9.399858162916319,12.088667794628307
2021-04-17 23:51:00,2.1549956905195344,-8.967531679769852,13.206318395635204
2021-04-17 23:52:00,2.173616027727926,-8.001261749287774,12.458405149410142
2021-04-17 23:53:00,2.192454779309964,-8.392918151193314,12.71089157925308
2021-04-17 23:54:00,2.211512227196948,-8.6351043156548,12.391934265594985
2021-04-17 23:55:00,2.2307886006729127,-9.112755208943222,12.783884373081229
2021-04-17 23:56:00,2.2502840763778655,-7.872724335242129,12.843925172127866
2021-04-17 23:57:00,2.269998778150217,-7.919931194125171,12.46427451972141
2021-04-17 23:58:00,2.2899327769922286,-8.73533078410673,12.960095542386163
2021-04-17 23:59:00,2.3100860910292065,-8.232424634669064,12.354396596279503
2021-04-18 00:00:00,2.330458685390024,-8.742033701009735,13.310416642567443
2021-04-18 00:01:00,2.351050472318131,-8.088646766647667,13.323319754054758
2021-04-18 00:02:00,2.37186131107915,-8.387887621461353,13.5560414353742
2021-04-18 00:05:00,2.4356059359701514,-8.15850113517606,12.251881258163783
2021-04-18 00:06:00,2.457290515177169,-8.345968298301695,13.524980711264423
2021-04-18 00:07:00,2.479192648350721,-7.842197196844878,13.11735281840475
2021-04-18 00:08:00,2.501311877426727,-8.65376337651191,12.76786458747714
2021-04-18 00:09:00,2.523647691688092,-8.403545944359069,12.3288370677318
2021-04-18 00:10:00,2.546199527892946,-8.122473879693084,12.448304026692336
2021-04-18 00:11:00,2.5689667702868375,-8.030061843668308,13.753464573758151
2021-04-18 00:12:00,2.591948750889066,-8.157906217171726,13.098898529361431
2021-04-18 00:13:00,2.61514474946891,-8.430092988893827,13.083414415462574
2021-04-18 00:14:00,2.6385539938338827,-7.791256337590696,13.077269060179685
2021-04-18 00:15:00,2.6621756599714357,-8.529925908822852,12.47840353632291
2021-04-18 00:16:00,2.686008872142898,-7.117937778545469,12.789560214411047
2021-04-18 00:17:00,2.7100527031902617,-8.399763332981923,12.980339980558423
2021-04-18 00:18:00,2.7343061748108437,-8.185914454875354,12.986688265035873
2021-04-18 00:19:00,2.758768257462262,-7.761154850357335,14.094189028921567
2021-04-18 00:20:00,2.783437871095515,-8.425816112316395,13.750571354249427
2021-04-18 00:21:00,2.8083138848618754,-7.420297933580354,14.344265951896798
2021-04-18 00:22:00,2.833395117894021,-8.318290775826137,13.010499327838483
2021-04-18 00:23:00,2.85868033925255,-7.69971703883575,13.871892763091529
2021-04-18 00:24:00,2.8841682682664587,-7.650311489091098,12.894866419181039
2021-04-18 00:25:00,2.909857574968299,-7.42599368602261,12.691378686860629
2021-04-18 00:26:00,2.9357468803378772,-7.266625238052832,13.48582550046604
2021-04-18 00:27:00,2.9618347565495364,-7.481589874683544,13.604360696680267
2021-04-18 00:28:00,2.988119727512628,-7.816199430876633,13.851863613571584
2021-04-18 00:29:00,3.014600269010046,-7.585099746202536,12.778822423009407
2021-04-18 00:30:00,3.0412748092622786,-8.496421762463017,13.356265625322179
2021-04-18 00:31:00,3.068141729233436,-7.937366373984219,14.118893943251454
2021-04-18 00:32:00,3.095199362930575,-7.087580195808836,13.409823871174533
2021-04-18 00:33:00,3.1224459979669557,-7.692750573459739,13.548882887458507
2021-04-18 00:34:00,3.1498798760516156,-7.0341567079004035,14.575364031551226
2021-04-18 00:35:00,3.1774991929721894,-7.539919442806332,13.32952804122639
2021-04-18 00:36:00,3.205302099753102,-7.323474558145087,13.176384115941254
2021-04-18 00:37:00,3.233286702322217,-7.4076034621876286,14.093180898934143
2021-04-18 00:38:00,3.261451062723581,-7.364586882019221,13.920599256849899
2021-04-18 00:39:00,3.2897931991121325,-6.834077790575144,14.070124997673016
2021-04-18 00:40:00,3.3183110863265126,-6.723644701393914,13.922253470844058
2021-04-18 00:41:00,3.3522657574201373,-6.946504506002639,14.33394608958855
2021-04-18 00:42:00,3.386392001491813,-6.331238485073882,12.76229882637504
2021-04-18 00:43:00,3.420687666671003,-6.698253348277623,12.884358657196843
2021-04-18 00:44:00,3.455150560082374,-6.732907247082327,13.883714730899795
2021-04-18 00:45:00,3.4897784480729954,-7.485392469483381,14.206090346295259
2021-04-18 00:46:00,3.524569057028884,-7.385495782289866,14.185841125258264
2021-04-18 00:47:00,3.559520073858805,-6.4017888682877775,13.691457980267264
2021-04-18 00:48:00,3.594629146433294,-6.966123833014124,13.705331605899554
2021-04-18 00:49:00,3.6298938844456607,-6.849672018812199,13.944522319361964
2021-04-18 00:50:00,3.6653118597190137,-6.773086879706781,14.21518048273572
2021-04-18 00:51:00,3.700880607061177,-7.406450923024779,14.366183079832513
2021-04-18 00:52:00,3.7365976248121693,-6.477349752232722,14.33363197506425
2021-04-18 00:53:00,3.772460375281227,-6.392736296375096,15.138886780713083
2021-04-18 00:54:00,3.80846628566332,-6.354232927355493,14.56188484994934
2021-04-18 00:55:00,3.8446127487229402,-6.558994583152328,14.08078053993461
2021-04-18 00:56:00,3.8808971228697513,-6.595761540108846,14.262935448267257
2021-04-18 00:57:00,3.9173167337614427,-6.192692486423554,14.753965126661656
2021-04-18 00:58:00,3.953868873966091,-6.183462048999017,14.106266962538282
2021-04-18 00:59:00,3.9905508045602396,-6.592060972053451,14.589038344570191
2021-04-18 01:00:00,4.027359755221501,-7.289877776133976,14.156400152612306
2021-04-18 01:01:00,4.064292925026523,-6.7075698549118705,14.28898699031903
2021-04-18 01:02:00,4.101347483382526,-6.574332161914181,14.822351513414764
2021-04-18 01:03:00,4.138520570563794,-6.567471727368966,14.840333665696928
2021-04-18 01:04:00,4.175809298354234,-6.218261490817917,15.420677982785955
2021-04-18 01:05:00,4.213210751039672,-6.723342696676538,14.68594697859383
2021-04-18 01:06:00,4.250721985827722,-5.519807990120994,14.81352456485896
2021-04-18 01:07:00,4.288340033853043,-6.756721335341086,14.482815198457669
2021-04-18 01:08:00,4.3260619008557955,-6.193719242647666,15.1765567019273
2021-04-18 01:09:00,4.363884567743361,-5.712832221715674,14.980874768724568
2021-04-18 01:10:00,4.401804991584862,-5.780227867240926,14.886116019449148
2021-04-18 01:11:00,4.43982010649908,-5.937318000494701,14.97669955904991
2021-04-18 01:12:00,4.4779268237723455,-6.227569021844498,15.739876650864284
2021-04-18 01:13:00,4.516122033640588,-6.061739359861289,15.769089149671284
2021-04-18 01:14:00,4.554402604941816,-6.315104579398444,15.622482782151382
2021-04-18 01:15:00,4.592765386970292,-5.450789185240477,16.41613439106445
2021-04-18 01:16:00,4.631207209623883,-6.184411039445609,14.985767598154387
2021-04-18 01:17:00,4.66972488419102,-5.4409130240800865,15.329543026488603
2021-04-18 01:18:00,4.708315204546518,-5.523380643917024,14.99067245925193
2021-04-18 01:19:00,4.746974947673856,-5.530048316561578,14.82839070824492
2021-04-18 01:20:00,4.785700874426817,-4.750228109798373,15.267179563341356
2021-04-18 01:21:00,4.824489730612849,-6.033294691404997,14.486129981430116
2021-04-18 01:22:00,4.86333824746846,-6.748277526333541,15.652892098576435
2021-04-18 01:23:00,4.902243142829598,-5.636091797007197,15.721643466798673
2021-04-18 01:24:00,4.9412011217352845,-5.347028186978096,15.331063305029772
2021-04-18 01:25:00,4.980208877179417,-5.8787813214301545,15.647245953983264
2021-04-18 01:26:00,5.019263091177907,-5.950964542647137,15.175067837024617
2021-04-18 01:27:00,5.058360435665295,-6.212863317201652,15.280553771576193
2021-04-18 01:28:00,5.097497572694303,-6.253053910123476,15.495432975731442
2021-04-18 01:29:00,5.136671156117789,-5.0389545345314035,15.26319950870699
2021-04-18 01:30:00,5.17587783181158,-5.309666346451448,15.250708551999521
2021-04-18 01:31:00,5.215114238776243,-5.708759912251948,15.6835571363033
2021-04-18 01:32:00,5.25437701022363,-5.343932221285323,16.28566416980362
2021-04-18 01:33:00,5.293662773537541,-4.863791498315991,15.722165343102713
2021-04-18 01:34:00,5.332968152354714,-6.302307946834452,15.91316929193538
2021-04-18 01:35:00,5.372289766121506,-5.0235041481101295,15.972113999929281
2021-04-18 01:36:00,5.411624232084217,-5.892394757114331,16.04484974775239
2021-04-18 01:37:00,5.450968165457314,-5.470128371641926,15.569869927476708
2021-04-18 01:38:00,5.490318180225134,-5.095163223083161,16.213714714736938
2021-04-18 01:39:00,5.529670890419563,-5.0108373983271255,15.711016953368272
2021-04-18 01:40:00,5.569022910723542,-4.983121683871267,15.765075789988444
2021-04-18 01:41:00,5.6083708570685955,-5.320740002455462,16.84191322590849
2021-04-18 01:42:00,5.647711348014669,-4.9548886694956344,16.429893081461604
2021-04-18 01:43:00,5.68704100504852,-4.8953708964018965,16.612771191373785
2021-04-18 01:44:00,5.726356453794692,-5.05086809806046,16.72016096228856
2021-04-18 01:45:00,5.765654324711127,-4.6473594421031565,16.609766259480025
2021-04-18 01:46:00,5.804931253785165,-4.6073708799351545,15.941176005528554
2021-04-18 01:47:00,5.844183883619694,-5.16694296068213,16.822646909941106
2021-04-18 01:48:00,5.883408864312493,-4.988138903552567,16.162563947223838
2021-04-18 01:49:00,5.922602853598574,-4.140511115646501,16.41856854608125
2021-04-18 01:50:00,5.961762518807256,-4.369542041790453,16.558081435448347
2021-04-18 01:51:00,6.000884536427481,-4.246779881161407,16.83467030481679
2021-04-18 01:52:00,6.039965594053309,-4.833776082667695,16.37110834043445
2021-04-18 01:53:00,6.079002390518739,-4.763582222098454,17.15021635265902
2021-04-18 01:54:00,6.11799163675802,-4.585247796794367,16.671610756166064
2021-04-18 01:55:00,6.156930056834727,-4.395806308612891,16.59584064147498
2021-04-18 01:56:00,6.195814388700578,-4.213813514382069,16.4955135031325
2021-04-18 01:57:00,6.234641384745096,-3.960714413792116,17.420836546394643
2021-04-18 01:58:00,6.273407812925622,-4.584313656407797,17.107894296413725
2021-04-18 01:59:00,6.312110457247202,-4.827218615375623,17.181842097989183
2021-04-18 02:00:00,6.350746118763025,-4.091007094168623,16.874760225607933
2021-04-18 02:01:00,6.389311616362346,-3.803123183437259,17.6878819653245
2021-04-18 02:02:00,6.427803787174546,-4.543106564799568,17.67724881855297
2021-04-18 02:03:00,6.466219487814807,-3.9067611295210427,16.677541602377882
2021-04-18 02:04:00,6.504555595059582,-4.503927876140502,17.175168538746142
2021-04-18 02:05:00,6.542809005989697,-3.6481598324168054,17.489766600560703
2021-04-18 02:06:00,6.580976639773684,-4.077105471209282,17.174035029290387
2021-04-18 02:07:00,6.619055437387796,-4.203702519102454,17.448668576261596
2021-04-18 02:08:00,6.657042362995544,-3.9462739605695667,17.28374688493293
2021-04-18 02:09:00,6.694934404667727,-3.6677424670891243,16.814012302989365
2021-04-18 02:10:00,6.732728574398736,-3.537010372311315,16.29990564513565
2021-04-18 02:11:00,6.77042190988538,-3.6879829619418025,17.772363332430118
2021-04-18 02:12:00,6.808011474369517,-3.9694851322493636,18.17752418214522
2021-04-18 02:13:00,6.8454943576234335,-3.8690376029964697,16.887360363665863
2021-04-18 02:14:00,6.88286767676299,-4.131380025053078,16.972397673121957
2021-04-18 02:15:00,6.920128576690612,-4.177603831692482,16.789242035797724
2021-04-18 02:16:00,6.9572742309435185,-3.750580639157088,17.967162889091984
2021-04-18 02:17:00,6.994301842368193,-3.764524169905757,17.680705588949746
2021-04-18 02:18:00,7.031208643539241,-3.1751501495374095,17.196137919598684
2021-04-18 02:19:00,7.06799189769791,-4.206487219978037,17.9883971953526
2021-04-18 02:20:00,7.104648899118088,-3.9875368214209033,17.917903752913237
2021-04-18 02:21:00,7.1411769740236375,-3.0704324435457333,18.478750781089655
2021-04-18 02:22:00,7.1775734809684035,-3.454930969240423,17.811845133778636
2021-04-18 02:23:00,7.213835811472097,-2.5097878610236357,17.44805553893939
2021-04-18 02:24:00,7.249961390668636,-3.7801604614199684,17.185380254181478
2021-04-18 02:25:00,7.285947678195036,-3.2568554112914163,17.914413463135116
2021-04-18 02:26:00,7.32179216786574,-3.0306799213878226,17.603078209464165
2021-04-18 02:27:00,7.357492389514895,-3.4324972581512605,18.60667972625384
2021-04-18 02:28:00,7.393045908292316,-2.8486823899012377,18.57535758881809
2021-04-18 02:29:00,7.428450326236377,-3.55010788847537,17.19945871134633
2021-04-18 02:30:00,7.46370328217785,-3.2341325434545793,17.97996260601892
2021-04-18 02:31:00,7.498802452421219,-2.248210140089216,18.0403711630598
2021-04-18 02:32:00,7.533745551443912,-2.8494860136662594,18.52397417995416
2021-04-18 02:33:00,7.568530332178702,-3.0697464394651264,18.42548833172004
2021-04-18 02:34:00,7.603154586527432,-3.0966212432379083,19.159468448785557
2021-04-18 02:35:00,7.63761614608516,-1.9901050508501745,18.939451084259595
2021-04-18 02:36:00,7.671912882171556,-2.3440645755794365,18.240432465182064
2021-04-18 02:37:00,7.706042706786072,-3.4668186134925425,17.85173137230245
2021-04-18 02:38:00,7.740003572712871,-3.1949680437766252,18.29545862874422
2021-04-18 02:39:00,7.773793474037403,-2.987447819538289,18.48206703809607
2021-04-18 02:40:00,7.807410446581914,-2.074029129973737,18.85802803251851
2021-04-18 02:41:00,7.8408525685750075,-2.5234053971049715,18.16093639083456
2021-04-18 02:42:00,7.874117960398146,-2.4539675595676154,18.619501529302454
2021-04-18 02:43:00,7.9072047858035885,-3.306642945705883,18.59636068281186
2021-04-18 02:44:00,7.9401112514944305,-2.9864452822308736,18.625442405549006
2021-04-18 02:45:00,7.972835608169866,-3.050020115772235,18.872909306775078
2021-04-18 02:46:00,8.005376150532742,-2.387873195512877,18.211199722689404
2021-04-18 02:47:00,8.037731217450965,-2.5283239554298373,18.982999334552122
2021-04-18 02:48:00,8.069899192778184,-2.527686386540649,18.434011682241856
2021-04-18 02:49:00,8.10187850534982,-3.2588200186183784,19.089010035681227
2021-04-18 02:50:00,8.133667629167928,-2.3359042495752504,18.305280680423007
2021-04-18 02:51:00,8.16526508408199,-2.054697802094436,19.131242000247266
2021-04-18 02:52:00,8.196669435705918,-1.92232400326316,18.439212995366
2021-04-18 02:53:00,8.22787929587987,-2.0367159373868753,19.18607675732839
2021-04-18 02:54:00,8.258893322864562,-2.5241174552350047,19.25201153221399
2021-04-18 02:55:00,8.289710221533943,-2.319403535835061,18.295530842856017
2021-04-18 02:56:00,8.320328743749192,-2.396414257047073,18.399366287492416
2021-04-18 02:57:00,8.350747688397458,-2.1725408286552232,18.678402734234936
2021-04-18 02:58:00,8.38096590164932,-2.6356838974817416,18.862922522339527
2021-04-18 02:59:00,8.41098227728673,-2.4257658396739514,19.06652980594939
2021-04-18 03:00:00,8.440795756564313,-2.4001859668093517,19.212042382026908
2021-04-18 03:01:00,8.470405328719156,-1.8946510819090785,19.03777312029837
2021-04-18 03:02:00,8.49981003097409,-2.0586484060922126,19.324046046522067
2021-04-18 03:03:00,8.529008948481575,-1.865297502124188,19.253359186626163
2021-04-18 03:04:00,8.558001214853462,-1.2857158674801537,19.57198664396135
2021-04-18 03:05:00,8.586786011796523,-2.008734266425962,19.655053544138823
2021-04-18 03:06:00,8.615362569709474,-1.983995807619424,19.028351355186256
2021-04-18 03:07:00,8.643730167333796,-1.529387503268119,19.99759235287946
2021-04-18 03:08:00,8.67188813204396,-2.843075531030735,19.5746442435271
2021-04-18 03:09:00,8.699835839836464,-2.059875572221634,20.020861125111075
2021-04-18 03:10:00,8.72757271548054,-1.6055612107619104,19.56143197692273
2021-04-18 03:11:00,8.755098232305805,-1.9771058864372746,19.740885172728277
2021-04-18 03:12:00,8.782411912524722,-2.095047100888611,19.19752615083894
2021-04-18 03:13:00,8.80951332700216,-1.9858679212617132,19.249711653162116
2021-04-18 03:14:00,8.836402095322251,-2.288393993848367,19.25972160545616
2021-04-18 03:15:00,8.863077885833777,-1.8138750109425958,18.975783272896113
2021-04-18 03:16:00,8.889540415498152,-1.5334980870058434,19.97932967192149
2021-04-18 03:17:00,8.915789449888576,-1.3833882610341715,19.587244192421046
2021-04-18 03:18:00,8.941824803194343,-1.5776291841627474,19.24223993857357
2021-04-18 03:19:00,8.967646337972372,-1.5990580358055995,19.696746696311244
2021-04-18 03:20:00,8.993253965351721,-1.5424319671364182,18.81718814000057
2021-04-18 03:21:00,9.018647644520648,-2.0554606903266017,19.61421144615573
2021-04-18 03:22:00,9.043827383065892,-1.14133160817821,20.583814998003017
2021-04-18 03:23:00,9.068793236488462,-1.8996526450778195,19.418547465903696
2021-04-18 03:24:00,9.093545308262184,-1.9423362431879183,18.815111847332226
2021-04-18 03:25:00,9.118083749578727,-1.5863217421663038,20.30887534517271
2021-04-18 03:26:00,9.142408759283885,-1.6047619180214416,20.05120479339731
2021-04-18 03:27:00,9.166520583616398,-0.7915869902027002,20.154147357979706
2021-04-18 03:28:00,9.190419516025933,-1.730483072041908,20.731752918246094
2021-04-18 03:29:00,9.214105897017863,-0.9716104287406978,20.09315010387347
2021-04-18 03:30:00,9.23758011393758,-2.198915779149241,20.30982199641381
2021-04-18 03:31:00,9.260842600663969,-0.4749954814499735,18.70307136080313
2021-04-18 03:32:00,9.283893837486474,-0.8567313321132695,20.480427347533336
2021-04-18 03:33:00,9.306734350739422,-1.5879763942460279,19.48484851713166
2021-04-18 03:34:00,9.329364712680926,-0.5356500860280728,19.947166275893487
2021-04-18 03:35:00,9.351785541036909,-1.2037850105214307,19.338785409796497
2021-04-18 03:36:00,9.37399749889343,-1.6905078884678661,19.780971226562574
2021-04-18 03:37:00,9.396001294309553,-1.1437893639828458,19.575334019822172
2021-04-18 03:38:00,9.417797679993482,-0.8726372860695027,19.735447287601012
2021-04-18 03:39:00,9.439387452991486,-0.9864582978503494,19.788539358085963
2021-04-18 03:40:00,9.460771454477529,-0.8247753368458778,20.55082542258936
2021-04-18 03:41:00,9.481950569205088,-1.232114432270325,20.128099161720616
2021-04-18 03:42:00,9.502925725275913,-1.0106127421929134,20.61817516443437
2021-04-18 03:43:00,9.52369789379601,-1.703186925516314,20.509989255118914
2021-04-18 03:44:00,9.544268088447447,-0.9144480999696974,20.16693037750786
2021-04-18 03:45:00,9.564637365088675,-1.3172333298803018,19.453512078489815
2021-04-18 03:46:00,9.584806821431348,-0.888899261107501,20.04459316126128
2021-04-18 03:47:00,9.604777596527947,-0.898577468002446,19.893528475056268
2021-04-18 03:48:00,9.624550870490816,-0.33469428181079536,19.408493393675904
2021-04-18 03:49:00,9.64412786390597,-0.3503373397484817,20.732868298724647
2021-04-18 03:50:00,9.663509837550064,-0.2595535621113748,20.10599726029268
2021-04-18 03:51:00,9.682698091846571,-0.8462042483903497,20.83805869488272
2021-04-18 03:52:00,9.701693966393151,-0.2646527825749663,19.802163839621414
2021-04-18 03:53:00,9.720498839605128,-0.8190530554934107,20.760468520204906
2021-04-18 03:54:00,9.739114128150979,-0.8406721716839289,20.062876011881826
2021-04-18 03:55:00,9.75754128640058,-0.7666083142733656,21.099010440117205
2021-04-18 03:56:00,9.775781806186416,-0.5667051829626726,20.30003774457872
2021-04-18 03:57:00,9.793837215933511,-1.2810893244922854,19.908527963947414
2021-04-18 03:58:00,9.811709080549859,-0.6498308207887513,19.975605942119316
2021-04-18 03:59:00,9.82939900052025,-0.854833033092473,19.64824875936538
2021-04-18 04:00:00,9.846908611643714,0.22398906547544653,21.210705488120986
2021-04-18 04:01:00,9.864239584443212,-0.8908482773759158,20.508186572171777
2021-04-18 04:02:00,9.881393623521351,-0.3829907220357564,21.207078825780197
2021-04-18 04:03:00,9.898372467072313,-0.7927920679765988,21.192383794947734
2021-04-18 04:04:00,9.915177886394371,-0.05898506879346093,20.11765189687296
2021-04-18 04:05:00,9.931811685175534,-1.3816505842746234,20.22007711341644
2021-04-18 04:06:00,9.948275699041554,-0.5045141140205859,20.532894729291183
2021-04-18 04:07:00,9.964571794890787,-0.4273859589747589,21.42193397289822
2021-04-18 04:08:00,9.980701870332055,-0.8744978749208644,20.229002393151756
2021-04-18 04:09:00,9.996667853132795,-0.8454127604263891,19.992045906055573
2021-04-18 04:10:00,10.01247170056279,-0.5155429987713674,20.823955529789224
2021-04-18 04:11:00,10.028115398674855,-0.759543256196285,21.24995125275658
2021-04-18 04:12:00,10.04360096206354,-0.8470336629004732,20.256115886401712
2021-04-18 04:13:00,10.058930432684747,-0.5484940492647433,21.197411006425607
2021-04-18 04:14:00,10.074105879809725,-0.684967562160837,20.418932187682653
2021-04-18 04:15:00,10.05302656259345,-0.9765102874258043,20.813396619292316
2021-04-18 04:16:00,10.031797438608807,0.278556448938415,20.788059517463314
2021-04-18 04:17:00,10.010420654448897,-0.43480888155663333,20.561248974184057
2021-04-18 04:18:00,9.9888983808972,0.1809305594602626,19.892854178363628
2021-04-18 04:19:00,9.967232812669815,-0.7784969461641953,20.075407647654504
2021-04-18 04:20:00,9.945426167677736,0.01963609277455412,21.170717343421316
2021-04-18 04:21:00,9.923480686221668,-0.7001155516226237,20.473307041615676
2021-04-18 04:22:00,9.901398630536033,-0.42100471520533517,20.773312981157623
2021-04-18 04:23:00,9.87918228391045,-1.2223077931127866,20.55919295907477
2021-04-18 04:24:00,9.85683395011364,-1.3649163172338785,20.562005067125472
2021-04-18 04:25:00,9.8343559527969,-1.6368573534894182,20.244151515631184
2021-04-18 04:26:00,9.811750634626675,-0.4976433373359058,20.057712006396372
2021-04-18 04:27:00,9.789020356691514,-0.9689762311644169,20.192704166825077
2021-04-18 04:28:00,9.766167497911233,-1.1109555906911102,19.45574224768389
2021-04-18 04:29:00,9.74319445411666,-0.6946098514738055,20.14509549971005
2021-04-18 04:30:00,9.7201036376132,-1.1224502986781504,20.26904307478085
2021-04-18 04:31:00,9.696897476290705,-1.7098374312598148,20.653184182246868
2021-04-18 04:32:00,9.673578412849842,-0.807466831857613,19.972298790770118
2021-04-18 04:33:00,9.65014890457694,-0.8794006480960017,19.924451151406757
2021-04-18 04:34:00,9.626611421892616,-1.0449128375176835,20.130072374071542
2021-04-18 04:35:00,9.602968448464436,-1.4386543744123563,20.571709494905495
2021-04-18 04:36:00,9.579222479747017,-0.8127693242795221,21.100063982528642
2021-04-18 04:37:00,9.555376022757681,-0.11899223129821435,20.58987065676073
2021-04-18 04:38:00,9.531431595297795,-1.1605121251601367,19.676242219360518
2021-04-18 04:39:00,9.50739172506336,-1.3031575258965729,20.300486210035892
2021-04-18 04:40:00,9.483258949052974,-1.5568089708486545,20.075584335712357
2021-04-18 04:41:00,9.459035812950125,-1.0821512664423207,18.64965839110282
2021-04-18 04:42:00,9.434724870175616,-0.660310746125127,19.303518099133992
2021-04-18 04:43:00,9.410328681451494,-1.0423426989131939,20.085255773801286
2021-04-18 04:44:00,9.385849813855826,-1.2517842770731356,19.378462759847533
2021-04-18 04:45:00,9.36129084019696,-2.2577350759049,19.20308334456606
2021-04-18 04:46:00,9.336654338436304,-0.9820344348247719,20.01843064282053
2021-04-18 04:47:00,9.31194289079598,-1.3983167110040395,19.991554102053065
2021-04-18 04:48:00,9.287159082964779,-1.299039813284089,19.923238812616724
2021-04-18 04:49:00,9.262305503915197,-1.2438230629553284,20.323992483649178
2021-04-18 04:50:00,9.237384744387972,-1.377068912653261,20.064909251320593
2021-04-18 04:51:00,9.212399397051684,-1.6417865988620173,19.345643446883233
2021-04-18 04:52:00,9.187352055168088,-1.802941979041314,19.623617984437363
2021-04-18 04:53:00,9.162245311955704,-1.306039633524733,20.409559358308723
2021-04-18 04:54:00,9.137081760499115,-1.4019337228977546,20.055402102751078
2021-04-18 04:55:00,9.111863992156769,-0.988062825493261,19.2472890080219
2021-04-18 04:56:00,9.086594596521122,-1.2726994564151004,19.72086873978694
2021-04-18 04:57:00,9.061276160584184,-1.5100226971760797,19.589898085129725
2021-04-18 04:58:00,9.035911267865073,-0.5560604116361908,19.151585771952377
2021-04-18 04:59:00,9.01050249801109,-1.5490493508013525,19.90479982692473
2021-04-18 05:00:00,8.985052425844557,-1.9874172912494188,19.792132948659336
2021-04-18 05:01:00,8.959563620849025,-1.7193561045735766,18.608553239131584
2021-04-18 05:02:00,8.934038646573137,-1.792253483261458,18.81331045729362
2021-04-18 05:03:00,8.908480059730758,-1.2203836829896189,19.725295986722326
2021-04-18 05:04:00,8.882890409704558,-1.7315004169910135,18.882716038951674
2021-04-18 05:05:00,8.857272237947157,-1.5869949772448253,19.431894423667604
2021-04-18 05:06:00,8.831628077107338,-1.787032948536503,19.44567592119789
2021-04-18 05:07:00,8.805960450648255,-1.9773763237319975,19.19496331151728
2021-04-18 05:08:00,8.780271872032083,-1.5802656186208677,19.42154234214729
2021-04-18 05:09:00,8.754564843908073,-1.7137481771049747,19.461301013448352
2021-04-18 05:10:00,8.728841858148627,-1.8959497693482696,18.66361431987395
2021-04-18 05:11:00,8.703105394347551,-1.5622857262510117,19.059119625814077
2021-04-18 05:12:00,8.677357919808092,-2.060453824288848,18.574158698053672
2021-04-18 05:13:00,8.651601888812202,-1.5409530697468274,19.273522832212418
2021-04-18 05:14:00,8.625839741764993,-1.3987187803816634,19.113534202908117
2021-04-18 05:15:00,8.600073905001729,-1.586314342596734,18.803089081318817
2021-04-18 05:16:00,8.574306789788869,-1.9666545291778814,18.10911302395119
2021-04-18 05:17:00,8.548540791913465,-2.4029194506749847,18.911814057916107
2021-04-18 05:18:00,8.52277829128586,-2.361385438207931,20.313699992134296
2021-04-18 05:19:00,8.497021650953997,-2.173920930218244,18.845065591999926
2021-04-18 05:20:00,8.471273216947292,-2.5472798990229673,18.797601919229553
2021-04-18 05:21:00,8.445535317426627,-2.080026944721113,18.830815553656272
2021-04-18 05:22:00,8.41981026223936,-2.0185164474498003,18.97918266736523
2021-04-18 05:23:00,8.394100342479145,-1.9101563769436591,18.604003720534596
2021-04-18 05:24:00,8.368407829749033,-2.113906713443848,20.04906959763615
2021-04-18 05:25:00,8.342734975590856,-1.9502368503942462,19.49313093989223
2021-04-18 05:26:00,8.317084011491266,-2.1797891971196135,18.54837012295971
2021-04-18 05:27:00,8.291457147489437,-2.1819381785378047,19.06537364269644
2021-04-18 05:28:00,8.265856572640269,-2.2640580613736585,19.89914385403539
2021-04-18 05:29:00,8.240284453643255,-2.2983985166465812,18.381935333366908
2021-04-18 05:30:00,8.214742934829543,-2.1273590497316803,19.27908060440696
2021-04-18 05:31:00,8.189234137871757,-2.5686216865314373,18.27225374167333
2021-04-18 05:32:00,8.163760160679608,-2.0814888943736003,18.80825854542595
2021-04-18 05:33:00,8.138323077424722,-2.816521796597967,18.75828420911406
2021-04-18 05:34:00,8.112924938049199,-1.9031113765406065,18.096722800322777
2021-04-18 05:35:00,8.087567767605515,-2.682685453463583,18.347374417050347
2021-04-18 05:36:00,8.062253566052595,-2.1803954285447587,18.53578619256666
2021-04-18 05:37:00,8.036984307665872,-3.2730600249711754,18.359928637863902
2021-04-18 05:38:00,8.011761940601216,-2.728737116631876,18.76509247909668
2021-04-18 05:39:00,7.986588386783352,-2.685788236204539,18.23510326787862
2021-04-18 05:40:00,7.961465541096238,-2.152866983511477,18.740695754356842
2021-04-18 05:41:00,7.936395271192088,-1.8914085994837457,18.41014492683563
2021-04-18 05:42:00,7.911379417311745,-3.1004835204788175,18.50210849090854
2021-04-18 05:43:00,7.886419791477851,-2.147859307375745,18.222655623301147
2021-04-18 05:44:00,7.861518177558142,-2.393996785851514,18.651367036620485
2021-04-18 05:45:00,7.836676330691979,-2.641372726780087,18.710583435340936
2021-04-18 05:46:00,7.811895976824507,-2.577809914697857,18.832731898569957
2021-04-18 05:47:00,7.787178812956349,-2.7616368340502766,18.764231398379845
2021-04-18 05:48:00,7.762526505982938,-3.499459676050264,17.894434263825456
2021-04-18 05:49:00,7.737940693076309,-3.215871129191616,18.506503437348155
2021-04-18 05:50:00,7.71342298114395,-3.437537132793763,17.834733675748232
2021-04-18 05:51:00,7.688974946459601,-2.5310286907618638,17.531017567940705
2021-04-18 05:52:00,7.6645981345584895,-3.05169198291315,18.713793067384312
2021-04-18 05:53:00,7.640294059849552,-4.0479198050249865,17.895519780186472
2021-04-18 05:54:00,7.616064205334678,-2.546684984149011,17.994333964430364
2021-04-18 05:55:00,7.591910022561431,-2.799653965596829,17.499161792793323
2021-04-18 05:56:00,7.567832931204787,-3.0416806322517123,18.056017965648138
2021-04-18 05:57:00,7.54383431883661,-4.203571255323219,18.022745907147804
2021-04-18 05:58:00,7.519915540910231,-3.0687872843303015,17.921279560058938
2021-04-18 05:59:00,7.4960779203385215,-2.7766807857040616,18.321436794778116
2021-04-18 06:00:00,7.472322747475485,-3.271845456318146,17.566107256659667
2021-04-18 06:01:00,7.448651279878136,-3.3253677552672096,18.06258846532957
2021-04-18 06:02:00,7.425064741869847,-2.8429431779788645,18.584484931710325
2021-04-18 06:03:00,7.4015643251510825,-3.474968329089067,17.61064273111906
2021-04-18 06:04:00,7.378151187586625,-3.626049609715265,18.026064689892348
2021-04-18 06:05:00,7.3548264541217065,-3.3100080721144987,17.782584331881406
2021-04-18 06:06:00,7.331591215818435,-2.8712402227845937,17.676326031683036
2021-04-18 06:07:00,7.308446530263197,-3.596175203342641,17.50138215182237
2021-04-18 06:08:00,7.285393421333332,-3.4377514080171316,17.9988893321699
2021-04-18 06:09:00,7.262432878960168,-3.8671146553613056,17.524308763559407
2021-04-18 06:10:00,7.239565859246915,-3.0142945776249603,17.945528109412137
2021-04-18 06:11:00,7.2167932843678795,-3.6090237275301735,17.544413439737607
2021-04-18 06:12:00,7.194116042316898,-3.3656491139333617,18.048708600692073
2021-04-18 06:13:00,7.171534987246905,-3.9650683160760614,17.200416494160343
2021-04-18 06:14:00,7.149050938992263,-3.2271601673586647,17.8380793927153
2021-04-18 06:15:00,7.126664683364672,-4.215276858851139,18.26004727924813
2021-04-18 06:16:00,7.104376972049808,-3.854582637365099,17.896040420881853
2021-04-18 06:17:00,7.0821885226232695,-3.183785714416034,16.834346812915115
2021-04-18 06:18:00,7.060100018314082,-3.3823336652566347,17.848137798674006
2021-04-18 06:19:00,7.038112108574982,-3.637214867520928,16.69417279344002
2021-04-18 06:20:00,7.0162254085738445,-3.2295218623000355,17.50799334852518
2021-04-18 06:21:00,6.994440499553781,-3.310124242303027,17.512813703061166
2021-04-18 06:22:00,6.972757928711895,-3.681411229066739,18.322026440748697
2021-04-18 06:23:00,6.951178209276012,-3.9882340362074538,17.419096607783604
2021-04-18 06:24:00,6.929701820885157,-4.12364906185331,17.346992533789184
2021-04-18 06:25:00,6.908329209188695,-2.835408598875026,18.0433441585867
2021-04-18 06:26:00,6.887060786222467,-3.530931365916053,17.311865337293046
2021-04-18 06:27:00,6.865896930649945,-4.12072390803809,17.024924296153163
2021-04-18 06:28:00,6.844837987498876,-3.726380151856902,17.717870035093057
2021-04-18 06:29:00,6.823884268633701,-3.772991387331656,16.94507794257562
2021-04-18 06:30:00,6.8030360527143445,-4.37612660612762,17.478281480700414
2021-04-18 06:31:00,6.782293585393868,-3.9045399131617713,17.80158973447334
2021-04-18 06:32:00,6.761657079519854,-3.538726060748269,16.905687349473645
2021-04-18 06:33:00,6.741126715164024,-3.0824898579892834,17.010200783572245
2021-04-18 06:34:00,6.720702639976345,-3.302854486213302,17.235445629941744
2021-04-18 06:35:00,6.700384969309829,-4.733774914336651,17.06108642358836
2021-04-18 06:36:00,6.680173786282264,-3.827135705045444,17.467240445307684
2021-04-18 06:37:00,6.66006914230624,-4.49178525556894,17.9574239869035
2021-04-18 06:38:00,6.6400710569442865,-3.731205740323023,16.86493477776601
2021-04-18 06:39:00,6.620179518289147,-3.937556168183477,17.30475471397259
2021-04-18 06:40:00,6.600394483401248,-4.530575499221499,17.223796301425367
2021-04-18 06:41:00,6.58071587818063,-3.612345482479613,17.794107895418637
2021-04-18 06:42:00,6.561143597849983,-3.838814855575822,15.890127881304409
2021-04-18 06:43:00,6.541677507234989,-4.2341464503534905,17.00067274324616
2021-04-18 06:44:00,6.52231744094927,-4.817535243591616,17.118528895763298
2021-04-18 06:45:00,6.503063203719419,-3.2596061375230967,16.99305371207722
2021-04-18 06:46:00,6.4839145706895405,-3.9786060701203962,16.932178537821002
2021-04-18 06:47:00,6.464871287601868,-4.006788391445822,17.73487689523859
2021-04-18 06:48:00,6.445933071385356,-4.415865743650385,16.746722904147468
2021-04-18 06:49:00,6.427099610114569,-4.199157690991773,16.836402749557756
2021-04-18 06:50:00,6.408370563617684,-4.4324384585062395,16.22178595511852
2021-04-18 06:51:00,6.389745563706953,-4.083188825152418,17.698051757781656
2021-04-18 06:52:00,6.37122421444852,-4.268907386826161,17.13200905934683
2021-04-18 06:53:00,6.352806092659148,-4.390280114671262,17.139784290159465
2021-04-18 06:54:00,6.33449074819132,-5.008141444117933,17.24157677131276
2021-04-18 06:55:00,6.316277704206523,-4.822353103137882,17.516217251333313
2021-04-18 06:56:00,6.298166457823164,-4.486773661596117,16.830098053647728
2021-04-18 06:57:00,6.280156480039471,-4.078035027950484,17.249149765270904
2021-04-18 06:58:00,6.262247216718306,-3.9721751452248855,16.99955849224862
2021-04-18 06:59:00,6.244438088426494,-4.047450973112807,16.563618052340004
2021-04-18 07:00:00,6.226728491104436,-3.8270224258760295,16.506843490236186
2021-04-18 07:01:00,6.209117796557328,-3.795001279089953,17.25682044844718
2021-04-18 07:02:00,6.191605352635635,-4.914057212540679,17.199601780844564
2021-04-18 07:03:00,6.174190483788196,-5.298299153708775,16.119181536870254
2021-04-18 07:04:00,6.156872491515564,-5.149581038083347,17.24987899575611
2021-04-18 07:05:00,6.139650654753977,-4.692744022880229,15.703760768022597
2021-04-18 07:06:00,6.122524230333902,-4.571950464901486,16.32984006114594
2021-04-18 07:07:00,6.105492453359146,-5.2706319345690495,17.047813836391462
2021-04-18 07:08:00,6.088554537786605,-4.814734491242612,16.285238135198394
2021-04-18 07:09:00,6.071709676776735,-4.8640081103532005,16.347368988103426
2021-04-18 07:10:00,6.054957043227365,-4.550581476475534,17.480929672103166
2021-04-18 07:11:00,6.038295790117056,-3.9726437362930773,16.492566980623206
2021-04-18 07:12:00,6.021725051207755,-4.847606744974899,16.629648136275044
2021-04-18 07:13:00,6.00524394124465,-3.923991756981802,16.756336699222633
2021-04-18 07:14:00,5.988851556642131,-4.946545435900884,16.63660860363575
2021-04-18 07:15:00,5.972546975911107,-4.992195852067489,15.960060586867712
2021-04-18 07:16:00,5.956329260098815,-4.54335961497472,15.983572651312302
2021-04-18 07:17:00,5.940197453354325,-4.698558787923141,16.925693142633417
2021-04-18 07:18:00,5.924150583369896,-4.019649920928664,15.678106082281007
2021-04-18 07:19:00,5.908187661952661,-4.529351763215291,16.83776176795809
2021-04-18 07:20:00,5.892307685476164,-5.053109736553941,17.129218430803295
2021-04-18 07:21:00,5.876509635345833,-4.1568753099075995,15.706841797446668
2021-04-18 07:22:00,5.860792478686807,-3.814826931413425,16.729461387436405
2021-04-18 07:23:00,5.8451551686184136,-4.517570459292132,16.650268341601844
2021-04-18 07:24:00,5.829596644977568,-4.537319730587955,16.99417575015441
2021-04-18 07:25:00,5.814115834718267,-4.547721389990627,16.351554864738823
2021-04-18 07:26:00,5.798711652514648,-4.841661774448542,16.114687203112133
2021-04-18 07:27:00,5.78338300119053,-4.463663598820062,16.380690743921832
2021-04-18 07:28:00,5.76812877234218,-4.6117767432167325,15.872787494878256
2021-04-18 07:29:00,5.752947846839552,-4.280060555880026,15.99312680966861
2021-04-18 07:30:00,5.737839095340005,-3.938188968258465,16.426906549071255
2021-04-18 07:31:00,5.722801378808444,-4.760901618930935,16.944932650527072
2021-04-18 07:32:00,5.707833549087393,-4.871328759418737,15.83202004493361
2021-04-18 07:33:00,5.692934449455556,-5.274011947201923,15.594521953095985
2021-04-18 07:34:00,5.678102915074999,-4.516071823294679,15.975113511894167
2021-04-18 07:35:00,5.663337773636524,-5.223193025572015,15.750413096930313
2021-04-18 07:36:00,5.648637845814161,-5.2019158050275855,16.120603920217167
2021-04-18 07:37:00,5.634001945815795,-5.121882461403041,16.210834908220203
2021-04-18 07:38:00,5.619428881996995,-4.807990855895092,15.7792409391917
2021-04-18 07:39:00,5.604917457295929,-5.33450837104174,15.615824760074815
2021-04-18 07:40:00,5.590466469858255,-4.859618185902399,16.84051573501249
2021-04-18 07:41:00,5.576074713523683,-4.487740475999855,16.780110861325472
2021-04-18 07:42:00,5.561740978348249,-6.364395490637452,15.395520944438664
2021-04-18 07:43:00,5.547464051251666,-5.122890979833101,15.709297408966531
2021-04-18 07:44:00,5.5332427164068365,-5.697042986348625,15.930375161777967
2021-04-18 07:45:00,5.519075755847481,-4.8386056386612,15.966174196858523
2021-04-18 07:46:00,5.504961950064926,-5.13641953197965,15.512995273290986
2021-04-18 07:47:00,5.490900078398445,-5.145570103015357,16.603249398437878
2021-04-18 07:48:00,5.4768889197023425,-4.239761816931367,16.203857509650717
2021-04-18 07:49:00,5.462927252783096,-4.659933911383212,16.753459501852277
2021-04-18 07:50:00,5.449013831272369,-4.812136324733395,16.692227568983302
2021-04-18 07:51:00,5.435147461266315,-4.47157177741287,15.566524098202523
2021-04-18 07:52:00,5.42132692469562,-4.311813748819481,16.201303995720004
2021-04-18 07:53:00,5.407551005593791,-4.716792086422848,16.17199737001403
2021-04-18 07:54:00,5.393818490602415,-5.25227971848225,16.161679990373912
2021-04-18 07:55:00,5.380128169478995,-5.677126926096189,16.006518179160548
2021-04-18 07:56:00,5.3664788355884365,-5.751942383236639,16.26079847000807
2021-04-18 07:57:00,5.352869286491531,-4.615402994207473,16.040145486545125
2021-04-18 07:58:00,5.339298324345539,-5.38043695862129,15.942015519009832
2021-04-18 07:59:00,5.325764756476595,-5.327467887240264,16.203538445124586
2021-04-18 08:00:00,5.312267395878215,-5.8154657316017975,15.154753772455663
2021-04-18 08:01:00,5.298805061658126,-4.868924399467962,16.011249268198238
2021-04-18 08:02:00,5.285376579571173,-5.800942166334984,17.046782660754907
2021-04-18 08:03:00,5.271980782502411,-5.111382227710883,15.580016176739095
2021-04-18 08:04:00,5.258616510940805,-5.713372026585942,15.523369350217916
2021-04-18 08:05:00,5.245282613448889,-5.309293404184857,15.720933748551722
2021-04-18 08:06:00,5.231977947134399,-4.099377310259517,15.85398309862015
2021-04-18 08:07:00,5.218701378163956,-4.706876469244632,15.57414917453054
2021-04-18 08:08:00,5.205451782154272,-5.388344800622554,15.390591910002781
2021-04-18 08:09:00,5.192228044689784,-5.602881291780224,15.56919092022404
2021-04-18 08:10:00,5.179029061746177,-5.370953301921903,15.093650148146473
2021-04-18 08:11:00,5.165853740151921,-5.62820542701392,16.035714932016308
2021-04-18 08:12:00,5.152700998012105,-6.229935931410266,15.936285890980535
2021-04-18 08:13:00,5.139569765160455,-6.0032847733160555,14.733630922447036
2021-04-18 08:14:00,5.126458983595071,-5.274784062769109,14.984924182761494
2021-04-18 08:15:00,5.113367607886571,-5.523529414911025,15.66633639165556
2021-04-18 08:16:00,5.1002946055925635,-5.173703346264159,16.06118624436074
2021-04-18 08:17:00,5.08723895769967,-5.855604800636973,16.299672353779
2021-04-18 08:18:00,5.074199658992246,-5.475582474381706,15.529719786698488
2021-04-18 08:19:00,5.06117571848194,-6.2838669017467526,15.42805035448967
2021-04-18 08:20:00,5.0481661597733085,-4.713964634317813,15.163741934658239
2021-04-18 08:21:00,5.035170021474462,-5.301617892044331,16.04319010635411
2021-04-18 08:22:00,5.022186357553162,-5.14059082963675,15.168974017785944
2021-04-18 08:23:00,5.009214237720187,-4.879593229352155,16.39175288496269
2021-04-18 08:24:00,4.996252747797569,-5.950019324175041,15.715114651276915
2021-04-18 08:25:00,4.983300990062381,-5.8268478048283825,15.98473558675148
2021-04-18 08:26:00,4.97035808360394,-5.501454379996968,15.311310605666835
2021-04-18 08:27:00,4.957423164669433,-5.176738194673109,14.802906101048137
2021-04-18 08:28:00,4.94449538698739,-5.678674192534779,15.094235529587394
2021-04-18 08:29:00,4.9315739221040475,-5.423850237495276,15.589229757584276
2021-04-18 08:30:00,4.918657959698694,-4.727375420077061,14.95375369179833
2021-04-18 08:31:00,4.905746707888002,-5.485674022559403,15.492223263529583
2021-04-18 08:32:00,4.892839393541344,-6.04701151168407,15.763020253581765
2021-04-18 08:33:00,4.879935262563682,-5.847165419220657,14.975402802547721
2021-04-18 08:34:00,4.867033580187008,-5.269821712409705,14.985968836064513
2021-04-18 08:35:00,4.854133631246516,-5.45501469314069,15.64410096117014
2021-04-18 08:36:00,4.841234720449883,-5.601549248554764,15.763729410042188
2021-04-18 08:37:00,4.828336172643356,-5.506358920989386,14.826686044501852
2021-04-18 08:38:00,4.8154373330524125,-6.315919366714292,16.2146171261953
2021-04-18 08:39:00,4.8025375675347135,-5.411846601657745,15.206162241682318
2021-04-18 08:40:00,4.789636262817649,-5.850834771697919,15.158723774494009
2021-04-18 08:41:00,4.77673282670889,-6.359415546856182,15.298605435858674
2021-04-18 08:42:00,4.763826688332383,-5.330581904835282,15.89156822626528
2021-04-18 08:43:00,4.750917298318506,-5.194790224902116,15.349534024370046
2021-04-18 08:44:00,4.738004129021533,-6.255788186528697,15.046378399342043
2021-04-18 08:45:00,4.725086674684997,-5.170916414642187,15.028264635336596
2021-04-18 08:46:00,4.712164451659084,-5.651016541517586,15.525632379512972
2021-04-18 08:47:00,4.699236998531779,-6.734720737184927,15.448456588970133
2021-04-18 08:48:00,4.6863038763183145,-5.624346502274445,15.33922754128445
2021-04-18 08:49:00,4.673364668596125,-5.195139707326484,14.690146616592292
2021-04-18 08:50:00,4.660418981665363,-6.0936298050956585,15.532028401735479
2021-04-18 08:51:00,4.647466444685388,-5.907256185621798,14.142549369406755
2021-04-18 08:52:00,4.6345067097590515,-5.536564626386864,14.917112010544868
2021-04-18 08:53:00,4.621539452105905,-5.918667278384794,15.478901669832359
2021-04-18 08:54:00,4.608564370141741,-6.433598324422879,14.476008886858676
2021-04-18 08:55:00,4.595581185541762,-5.7024512395586475,15.15145134143172
2021-04-18 08:56:00,4.582589643398603,-6.18405196152103,15.633841696359841
2021-04-18 08:57:00,4.56958951222585,-5.660564572787138,15.196208946885578
2021-04-18 08:58:00,4.556580584086308,-5.747960543385727,14.963206209078091
2021-04-18 08:59:00,4.543562674596761,-5.594950243801037,15.648831472705117
2021-04-18 09:00:00,4.530535623018859,-6.167625015914902,14.832525273191058
2021-04-18 09:01:00,4.517499292287266,-6.206348725861199,13.960889890524507
2021-04-18 09:02:00,4.504453569012808,-6.3172654963013395,15.631275876166717
2021-04-18 09:03:00,4.491398363525743,-5.7502264221144035,14.971148052249376
2021-04-18 09:04:00,4.478333609904605,-6.128481542890564,14.89912039178635
2021-04-18 09:05:00,4.465259265903935,-6.132551403432391,15.213319850225904
2021-04-18 09:06:00,4.452175313043479,-5.233528391696025,15.14898686849625
2021-04-18 09:07:00,4.439081756504062,-6.306092869377655,15.32836537890322
2021-04-18 09:08:00,4.425978625149287,-6.245819046614318,14.230844365676749
2021-04-18 09:09:00,4.412865971452262,-6.636046027082556,14.2427333276738
2021-04-18 09:10:00,4.399743871489938,-5.71784442194695,15.186244973565483
2021-04-18 09:11:00,4.386612424855383,-6.527791510671559,14.414600839104645
2021-04-18 09:12:00,4.3734717545690245,-6.265957037412644,14.488139538548719
2021-04-18 09:13:00,4.36032200706906,-5.580703264044236,15.473780541140515
2021-04-18 09:14:00,4.347163352040117,-7.206496316739555,14.765554212338916
2021-04-18 09:15:00,4.333995982418223,-6.433885637862924,14.753624920333488
2021-04-18 09:16:00,4.320820114162689,-5.879807890870438,14.833450092567636
2021-04-18 09:17:00,4.307635986261894,-6.595921486159763,15.031831731150213
2021-04-18 09:18:00,4.294443860557721,-6.71594689892256,15.302966229965893
2021-04-18 09:19:00,4.281244021554829,-6.770234959913394,14.74149814085764
2021-04-18 09:20:00,4.26803677639455,-6.435059382821655,14.900930650467407
2021-04-18 09:21:00,4.254822454630405,-5.975309693490185,14.858915789751476
2021-04-18 09:22:00,4.241601408056355,-5.356458189846276,15.195142491417524
2021-04-18 09:23:00,4.228374010575969,-5.51111980891167,14.987437172776838
2021-04-18 09:24:00,4.215140658005151,-6.557620933260897,14.929062151405418
2021-04-18 09:25:00,4.20190176792812,-6.5395476998636415,14.50997137432635
2021-04-18 09:26:00,4.188657779396289,-5.610935969128176,15.00223802147346
2021-04-18 09:27:00,4.175409152850246,-6.405476302021624,14.888746716976984
2021-04-18 09:28:00,4.162156369791339,-6.366717912981939,14.810752756654662
2021-04-18 09:29:00,4.148899932668141,-6.049163503004407,14.840529656774365
2021-04-18 09:30:00,4.135640364531131,-6.405136653167969,14.947148866575846
2021-04-18 09:31:00,4.122378208907378,-6.005486973666401,14.630527232688948
2021-04-18 09:32:00,4.109114029487232,-6.892586163433051,14.428335081403198
2021-04-18 09:33:00,4.095848409835891,-6.577158522246361,14.099739700320923
2021-04-18 09:34:00,4.082581953229802,-6.397052082653986,14.70898217583475
2021-04-18 09:35:00,4.069315282316115,-6.2770233853381,14.703031856181363
2021-04-18 09:36:00,4.0560490388034856,-6.508929952846802,14.085396881497006
2021-04-18 09:37:00,4.042783883275924,-6.516447341592544,14.676812102722588
2021-04-18 09:38:00,4.029520494765917,-6.157248870176279,13.655596038347044
2021-04-18 09:39:00,4.016259570619954,-6.81803343412565,14.50283903274544
2021-04-18 09:40:00,4.003001825962441,-6.9055865004310135,13.49003345965175
2021-04-18 09:41:00,3.9897479936316613,-6.039961502268222,14.384417336997783
2021-04-18 09:42:00,3.9764988236304295,-6.7850346435074815,14.305624599374992
2021-04-18 09:43:00,3.9632550829434283,-6.8374871819806,14.52323631048401
2021-04-18 09:44:00,3.950017555090511,-5.911355473159289,14.459953398663437
2021-04-18 09:45:00,3.9367870399224043,-6.631638519876217,14.618123628996543
2021-04-18 09:46:00,3.923564353098102,-6.296506577427926,14.330225333723371
2021-04-18 09:47:00,3.910350325803721,-6.377088387233706,14.977488119447822
2021-04-18 09:48:00,3.897145804417546,-7.206523466988297,13.80265534560098
2021-04-18 09:49:00,3.883951650124742,-6.148027566320581,14.418220434138206
2021-04-18 09:50:00,3.870768738428156,-7.309414007250866,13.33416196161083
2021-04-18 09:51:00,3.857597958955222,-7.062436190219078,13.929684250236015
2021-04-18 09:52:00,3.844440214870986,-6.885873292518274,14.357395356939055
2021-04-18 09:53:00,3.83129642264365,-6.438712130536677,14.557995739372712
2021-04-18 09:54:00,3.8181675114920175,-7.072353234881112,14.742105333725126
2021-04-18 09:55:00,3.805054423119767,-6.505790736525508,15.284657617043047
2021-04-18 09:56:00,3.7919581112146425,-6.887460422031994,14.857589922577597
2021-04-18 09:57:00,3.7788795409981972,-6.3335020270391205,14.68446682814889
2021-04-18 09:58:00,3.765819688893356,-7.3012455747268685,13.679501503301607
2021-04-18 09:59:00,3.7527795420599004,-6.556731806105249,14.763723714798155
2021-04-18 10:00:00,3.739760097900795,-7.255141624980748,14.110519731849253
2021-04-18 10:01:00,3.7267623637005824,-6.955909578222655,14.098095771209888
2021-04-18 10:02:00,3.7137873561153545,-6.432733038273185,14.755645883518897
2021-04-18 10:03:00,3.7008361008279236,-7.027833961578498,13.712337165872677
2021-04-18 10:04:00,3.6879096319124756,-6.795209609316845,14.93907621254182
2021-04-18 10:05:00,3.6750089915871955,-7.109769690320773,13.960171849865576
2021-04-18 10:06:00,3.66213522962653,-7.37643991253994,13.270050885378348
2021-04-18 10:07:00,3.6492894028940817,-7.141619300693589,14.400400176609352
2021-04-18 10:08:00,3.6364725749025895,-7.590898804230335,14.316286054801363
2021-04-18 10:09:00,3.6236858153695453,-6.942094742069925,13.83850941447279
2021-04-18 10:10:00,3.6109301997356846,-7.568989358430612,14.634833790700727
2021-04-18 10:11:00,3.5982068085899206,-7.538414118697301,13.811257096032941
2021-04-18 10:12:00,3.5855167273145567,-6.1926655563512725,14.235516687542235
2021-04-18 10:13:00,3.5728610455797485,-7.519204290157427,14.47107213441707
2021-04-18 10:14:00,3.5602408567187114,-7.003913916560542,14.429858429190881
2021-04-18 10:15:00,3.547657257461817,-7.603975253691424,14.175558576016648
2021-04-18 10:16:00,3.535111347260438,-7.266265401760138,14.12002163555587
2021-04-18 10:17:00,3.522604227880682,-6.667948953993987,14.68383301223352
2021-04-18 10:18:00,3.510137002869418,-7.534439971792174,13.807334592804757
2021-04-18 10:19:00,3.497710777119981,-6.715738283553714,13.693995328006348
2021-04-18 10:20:00,3.4853266563119383,-6.943298821861776,14.466425122332723
2021-04-18 10:21:00,3.4729857463957505,-8.07902003023308,14.213591804745404
2021-04-18 10:22:00,3.4606891531548114,-7.882087694443031,13.877896191879042
2021-04-18 10:23:00,3.4484379816510047,-7.098922394802916,14.232899740905385
2021-04-18 10:24:00,3.4362333358102495,-6.912859877214802,14.45666059713812
2021-04-18 10:25:00,3.4240763177285682,-7.020411769911845,13.975712990658753
2021-04-18 10:26:00,3.411968027396203,-6.902624528723443,13.7711339838992
2021-04-18 10:27:00,3.3999095620878634,-7.43645322311504,14.064914190559042
2021-04-18 10:28:00,3.3879020157494204,-7.2719110518168275,13.741778542591778
2021-04-18 10:29:00,3.375946478718885,-7.169633390548104,13.765804455584275
2021-04-18 10:30:00,3.3640440370628735,-7.609471402709891,14.010210683425662
2021-04-18 10:31:00,3.3521957720926583,-7.152966304974775,13.94164130929131
2021-04-18 10:32:00,3.3404027598822066,-7.809271094756019,13.519352109734937
2021-04-18 10:33:00,3.328666070783883,-7.318221432631088,13.771072917877358
2021-04-18 10:34:00,3.3169867689513195,-7.0264848040731405,13.408990538044172
2021-04-18 10:35:00,3.3053659116727294,-7.020450995206657,13.844468257206161
2021-04-18 10:36:00,3.2938045491191392,-8.321962039350383,13.361151094146429
2021-04-18 10:37:00,3.2823037236655415,-7.448580139354167,14.03390542746984
2021-04-18 10:38:00,3.2708644694353923,-7.494346604108629,13.311319426460244
2021-04-18 10:39:00,3.2594878118365784,-6.862398267321439,13.46092440501861
2021-04-18 10:40:00,3.248174767084037,-6.987590833963699,14.375155990162604
2021-04-18 10:41:00,3.236926341653609,-7.48919751420508,13.212678362014247
2021-04-18 10:42:00,3.2257435317930776,-7.643800318645141,13.457644036439001
2021-04-18 10:43:00,3.2146273230897213,-7.402741846004103,13.558738452818133
2021-04-18 10:44:00,3.203578689999949,-6.717115913897183,13.820726783312347
2021-04-18 10:45:00,3.192598595255999,-7.5551200113181585,13.797867236723025
2021-04-18 10:46:00,3.1816879895260786,-6.994462231286221,13.873090815750764
2021-04-18 10:47:00,3.1708478108186133,-7.737238650190722,13.71901354622931
2021-04-18 10:48:00,3.160078984175636,-7.148302370396604,13.776264872198682
2021-04-18 10:49:00,3.149382420960913,-7.302946897922213,13.895468571598412
2021-04-18 10:50:00,3.1387590186732894,-7.397765377882193,13.98473584922307
2021-04-18 10:51:00,3.1282096602972667,-7.63018515659897,14.468880832116538
2021-04-18 10:52:00,3.1177352138850027,-6.66038418757957,14.110349616804978
2021-04-18 10:53:00,3.1073365321645885,-7.691437710472749,14.346009832667145
2021-04-18 10:54:00,3.0970144520530716,-7.8136016833709165,13.903884657192103
2021-04-18 10:55:00,3.0867697942229966,-7.4632449012066955,13.526762884806644
2021-04-18 10:56:00,3.0766033626263054,-7.589066496876757,13.396218986426616
2021-04-18 10:57:00,3.066515944114254,-6.902234500618368,13.804430480618622
2021-04-18 10:58:00,3.0565083080579893,-7.842750281223721,14.247285764027405
2021-04-18 10:59:00,3.046581205725486,-7.404044194089029,13.717930698688669
2021-04-18 11:00:00,3.036735370148724,-6.660896986339364,14.050111211580283
2021-04-18 11:01:00,3.026971515472275,-7.494781750439705,13.176210453262254
2021-04-18 11:02:00,3.0172903366872377,-7.86341031631425,13.898399273290613
2021-04-18 11:03:00,3.0076925091443636,-8.123912966748856,13.722971064839356
2021-04-18 11:04:00,2.99817868827651,-7.638857119431984,13.704612882594525
2021-04-18 11:05:00,2.9887495090851233,-7.125217008076548,13.639163192054248
2021-04-18 11:06:00,2.9794055858157753,-7.978034162836532,14.390986118221889
2021-04-18 11:07:00,2.970147511578272,-7.323213184323894,13.66986188847616
2021-04-18 11:08:00,2.960975858035995,-7.52231692391309,14.460694720172057
2021-04-18 11:09:00,2.9518911749229546,-7.697100434684792,13.128819108774916
2021-04-18 11:10:00,2.94289398978982,-8.755597837889955,12.533938701842297
2021-04-18 11:11:00,2.933984807570214,-7.680865496758257,13.087738961103005
2021-04-18 11:12:00,2.9251641104621244,-7.051902479667957,14.591757056372886
2021-04-18 11:13:00,2.91643235713817,-8.224927327635125,14.199488441357328
2021-04-18 11:14:00,2.9077899830126106,-8.397560568861527,13.083881491738824
2021-04-18 11:15:00,2.8992373993730984,-7.42682767557728,13.610443440293066
2021-04-18 11:16:00,2.8907749934735305,-8.591652295727018,12.735748126527572
2021-04-18 11:17:00,2.8824031279900035,-8.382434378465147,13.845733789007799
2021-04-18 11:18:00,2.8741221408049324,-7.170502758986533,13.913756092189232
2021-04-18 11:19:00,2.8659323448039067,-7.156300899947639,13.328801233611543
2021-04-18 11:20:00,2.857834027363655,-7.998405694976469,13.725831128757793
2021-04-18 11:21:00,2.849827450355857,-8.22320865467523,13.342682670005859
2021-04-18 11:22:00,2.8419128497568753,-7.55568696972279,13.139906181149565
2021-04-18 11:23:00,2.834090435264942,-7.7221584760261255,13.118566234156251
2021-04-18 11:24:00,2.829687512533728,-7.701430543202667,13.57873677173972
2021-04-18 11:25:00,2.8253771160930614,-7.30677834160893,13.414125780746694
2021-04-18 11:26:00,2.821159375822621,-8.342610049905304,14.26413413133266
2021-04-18 11:27:00,2.817034394532648,-7.383754439589152,13.989790070415092
2021-04-18 11:28:00,2.8130022477005174,-7.659519791588084,14.349971040897564
2021-04-18 11:29:00,2.8090629833495897,-8.470582851777921,13.798223166049086
2021-04-18 11:30:00,2.805216621852262,-7.6860102293046495,13.641519109623397
2021-04-18 11:31:00,2.8014631555326988,-7.937995127792348,13.381940303067912
2021-04-18 11:32:00,2.797802548832491,-8.028865716115485,13.654949438791338
2021-04-18 11:33:00,2.7942347379476877,-8.0958338111336,13.375679260182595
2021-04-18 11:34:00,2.7907596305749083,-7.664504054209584,14.009624074276498
2021-04-18 11:35:00,2.787377106039584,-7.680937284515196,12.345211616565203
2021-04-18 11:36:00,2.784087014900542,-7.508209302753528,13.889548810026849
2021-04-18 11:37:00,2.7808891789506855,-8.350948077457016,12.731027883965918
2021-04-18 11:38:00,2.7777833911230525,-7.756692767982847,13.488427723321623
2021-04-18 11:39:00,2.774769415249218,-7.540086626584707,12.899090345183856
2021-04-18 11:40:00,2.771846986086288,-7.832058896570604,13.109095368375131
2021-04-18 11:41:00,2.7690158091820942,-7.187136953786009,13.287301477031285
2021-04-18 11:42:00,2.7662755607427423,-7.841297447070345,13.117192840260552
2021-04-18 11:43:00,2.7636258877196918,-8.01404332044572,12.04187677753105
2021-04-18 11:44:00,2.7610664074868247,-7.9122764675926485,13.486586188990396
2021-04-18 11:45:00,2.758596708057878,-7.376544397371796,13.434705710044838
2021-04-18 11:46:00,2.756216347986985,-7.238956851187716,15.261872645985314
2021-04-18 11:47:00,2.7539248560723064,-7.814474119375624,13.960008645708292
2021-04-18 11:48:00,2.751721731712516,-7.470093650015172,13.737438356517268
2021-04-18 11:49:00,2.7496064447760853,-7.847417697882638,12.84310871494343
2021-04-18 11:50:00,2.747578435317832,-7.35248510957654,13.03546047936998
2021-04-18 11:51:00,2.7456371141189773,-8.291504418509856,13.519185749457526
2021-04-18 11:52:00,2.743781862099051,-8.6561827103297,13.296005419158643
2021-04-18 11:53:00,2.742012030949361,-7.559176723036583,12.268448305576499
2021-04-18 11:54:00,2.740326942727009,-7.896946876042477,13.47256406932141
2021-04-18 11:55:00,2.7387258900446763,-8.124598424540805,13.765535711815977
2021-04-18 11:56:00,2.7372081361864176,-8.339803679695242,12.789570667647007
2021-04-18 11:57:00,2.7357729151803083,-8.8253303543298,13.22314717399687
2021-04-18 11:58:00,2.7344194316963177,-7.434223156306807,13.32567055926689
2021-04-18 11:59:00,2.733146861427672,-7.840928014884847,12.91030859559983
2021-04-18 12:00:00,2.7319543509107924,-8.148483395928025,13.296199456734396
2021-04-18 12:01:00,2.7308410178232476,-7.047081720354316,13.816224968971124
2021-04-18 12:02:00,2.729805951071656,-7.762409153716293,13.719446064884561
2021-04-18 12:03:00,2.728848210795224,-7.988192924234757,13.969599905999837
2021-04-18 12:04:00,2.7279668287015317,-8.673481385420974,13.668370835631308
2021-04-18 12:05:00,2.727160808025426,-8.680441182411194,13.18038725967575
2021-04-18 12:06:00,2.7264291238101737,-8.502291159473534,14.095957862478633
2021-04-18 12:07:00,2.7257707232110353,-7.8509551491251885,13.762747367104557
2021-04-18 12:08:00,2.7251845251575193,-8.163402845815664,14.075769220668834
2021-04-18 12:09:00,2.724669421252495,-7.588949388940761,13.514828940631359
2021-04-18 12:10:00,2.7242242754595916,-8.038199354219428,13.723680983774369
2021-04-18 12:11:00,2.723847924432103,-8.14222932938593,12.825565353448667
2021-04-18 12:12:00,2.7235391778760683,-7.595512573327924,13.247067852023726
2021-04-18 12:13:00,2.723296818560758,-7.911855862737601,13.812681520872404
2021-04-18 12:14:00,2.723119602767913,-7.577398685402051,14.089560237989362
2021-04-18 12:15:00,2.723006260425975,-7.491373679480013,13.0399263721196
2021-04-18 12:16:00,2.722955495298792,-8.140892699340387,13.68091755991753
2021-04-18 12:17:00,2.7229659854357995,-7.44345424300049,12.699058644695368
2021-04-18 12:18:00,2.7230363833362605,-8.006935857138942,13.422124823235986
2021-04-18 12:19:00,2.7231653161624716,-7.738015922992625,13.345870832149863
2021-04-18 12:20:00,2.7233513862391643,-7.414950127672672,13.138134620631195
2021-04-18 12:21:00,2.7235931711150783,-6.929925812888239,12.17903169713045
2021-04-18 12:22:00,2.7238892240524497,-7.386806108604284,12.585528281836622
2021-04-18 12:23:00,2.7242380744409633,-8.441638498849533,13.111360562950152
2021-04-18 12:24:00,2.7246382276355505,-8.337394044185059,12.881834785683443
2021-04-18 12:25:00,2.7250881659806367,-7.259056317327228,13.129018055584424
2021-04-18 12:26:00,2.7255863487156837,-7.7172574523437545,13.116225823074862
2021-04-18 12:27:00,2.726131212234007,-8.644940397612022,13.486398355734037
2021-04-18 12:28:00,2.7267211710204395,-7.553523374941913,13.204040402825614
2021-04-18 12:29:00,2.727354617240182,-7.733032811312873,13.584069689434509
2021-04-18 12:30:00,2.728029921878134,-7.967572297258139,13.562672747315444
2021-04-18 12:31:00,2.728745434644594,-7.209672790416274,12.865854878625234
2021-04-18 12:32:00,2.729499484441674,-6.821800494525034,14.6025038724366
2021-04-18 12:33:00,2.7302903799415437,-7.1801196578978885,13.738209957455133
2021-04-18 12:34:00,2.731116409900359,-7.567773503848021,13.59625587301547
2021-04-18 12:35:00,2.7319758434662846,-8.183107652053824,13.749758612862884
2021-04-18 12:36:00,2.732866930864326,-7.06176852017275,13.208032465204756
2021-04-18 12:37:00,2.7337879035411374,-8.631932303533986,14.147221704850399
2021-04-18 12:38:00,2.7347369748577783,-8.112525425968611,12.986894493120667
2021-04-18 12:39:00,2.735712340444722,-7.601743432781892,13.65388301374611
2021-04-18 12:40:00,2.7367121785381796,-8.718675629065403,13.817474849701846
2021-04-18 12:41:00,2.7377346506271203,-7.792935819273533,12.970285252315476
2021-04-18 12:42:00,2.7387779020075604,-8.29538456984754,13.259758211019117
2021-04-18 12:43:00,2.7398400617425014,-6.916019093929078,12.758583074348955
2021-04-18 12:44:00,2.7409192439512764,-7.648540732545466,13.701797678464258
2021-04-18 12:45:00,2.742013547423591,-8.543389467192286,13.25331989134263
2021-04-18 12:46:00,2.7431210569259776,-7.272508373070671,13.972053730800484
2021-04-18 12:47:00,2.7442398431799253,-6.967517627221436,13.93522485610782
2021-04-18 12:48:00,2.7453679634553163,-7.92229352650448,13.266416312510332
2021-04-18 12:49:00,2.746503462314614,-8.212955045820472,13.473999805576765
2021-04-18 12:50:00,2.747644371811463,-7.627737445241881,14.100085476105521
2021-04-18 12:51:00,2.748788712311764,-8.483905281750875,12.773418658995654
2021-04-18 12:52:00,2.7499344928669243,-7.9885785578749156,13.45544050197782
2021-04-18 12:53:00,2.7510797117029293,-7.993507911441885,14.097338403285242
2021-04-18 12:54:00,2.7522223569193933,-7.315438508886745,13.367157813318762
2021-04-18 12:55:00,2.7533604069522557,-8.131169405735497,13.225672755026018
2021-04-18 12:56:00,2.754491831048536,-7.138132907746834,14.324431259511908
2021-04-18 12:57:00,2.755614590012509,-7.9903162896065325,12.996385972438807
2021-04-18 12:58:00,2.7567266365150553,-7.907521818141783,12.865147770803445
2021-04-18 12:59:00,2.757825915882737,-7.921881266354466,13.552834409945131
2021-04-18 13:00:00,2.7589103667151678,-7.164107954319262,13.695147447931191
2021-04-18 13:01:00,2.7599779209633,-7.416264525641643,13.707186054688075
2021-04-18 13:02:00,2.7610265051989065,-6.986141336206925,13.12424073627047
2021-04-18 13:03:00,2.762054040753295,-8.081768198536123,13.865779249448869
2021-04-18 13:04:00,2.7630584442943613,-8.215964553534638,13.679891840170999
2021-04-18 13:05:00,2.7640376287309394,-7.2916794854423035,13.775730256740568
2021-04-18 13:06:00,2.7649895032815692,-7.783191801082716,13.322518017289207
2021-04-18 13:07:00,2.765911974718392,-7.38137853644543,13.464844016405698
2021-04-18 13:08:00,2.766802947449736,-7.530123212963111,13.437720214798311
2021-04-18 13:09:00,2.767660324217941,-7.931058349160058,13.31917566178914
2021-04-18 13:10:00,2.7684820068989535,-7.539297159739421,13.128873983805306
2021-04-18 13:11:00,2.7692658969282347,-8.001939521234773,13.108847274259029
2021-04-18 13:12:00,2.770009895844284,-7.96614929380714,13.689293011384507
2021-04-18 13:13:00,2.7707119061572234,-8.273167500275802,14.031547956459281
2021-04-18 13:14:00,2.771369831604575,-8.329366635927263,13.293986933440245
2021-04-18 13:15:00,2.7719815780892243,-7.0180285130711235,12.738675000121399
2021-04-18 13:16:00,2.77254505407845,-8.093760567162638,13.206616676517324
2021-04-18 13:17:00,2.773058171235497,-7.657136242144434,13.176487735502702
2021-04-18 13:18:00,2.773518845066218,-7.907287290362235,12.923137578574261
2021-04-18 13:19:00,2.773924995705499,-7.959256596421142,12.851969202305094
2021-04-18 13:20:00,2.774274547983717,-8.148658037563061,13.160427275610123
2021-04-18 13:21:00,2.774565432838002,-7.633922506901917,13.672155670638206
2021-04-18 13:22:00,2.774795587014867,-7.127467131581051,14.18516004379516
2021-04-18 13:23:00,2.7749629545398453,-7.997504383163739,13.979107829890333
2021-04-18 13:24:00,2.7750654868009668,-7.4683832323684305,13.697203268228888
2021-04-18 13:25:00,2.7751011432008337,-7.44111975067271,13.541777091400292
2021-04-18 13:26:00,2.7750678919396825,-7.997622012834013,12.908410251979932
2021-04-18 13:27:00,2.774963710587218,-8.197253510860017,14.104503528879688
2021-04-18 13:28:00,2.774786586483565,-7.977921170602308,13.856798715911756
2021-04-18 13:29:00,2.7745345176781337,-8.083414302095479,13.099391654152752
2021-04-18 13:30:00,2.7742055131685133,-7.87600815350149,13.448180750949598
2021-04-18 13:31:00,2.7737975938370076,-7.4779068637207935,13.595887355140396
2021-04-18 13:32:00,2.773308792838205,-7.277908082177555,13.067897555876563
2021-04-18 13:33:00,2.772737156171411,-8.260881869057906,12.680666785229372
2021-04-18 13:34:00,2.772080743515882,-7.402060920160693,14.19446864119108
2021-04-18 13:35:00,2.771337628500093,-7.431412388383486,12.606265547529379
2021-04-18 13:36:00,2.770505899501803,-7.046675796898965,13.225080170461984
2021-04-18 13:37:00,2.769583660338834,-7.289405402530767,13.338100905453118
2021-04-18 13:38:00,2.7685690303691612,-8.19795357782067,12.951461261464772
2021-04-18 13:39:00,2.767460145720876,-6.9699629435119,14.156434365727447
2021-04-18 13:40:00,2.766255159362153,-7.559536861971876,14.607991208899819
2021-04-18 13:41:00,2.7649522418887624,-8.215284274817346,12.90280280558889
2021-04-18 13:42:00,2.7635495820878546,-8.121307744057495,13.997454513715702
2021-04-18 13:43:00,2.7620453873775825,-7.231678042633029,12.752139634818759
2021-04-18 13:44:00,2.760437884569622,-7.47729002186652,13.159571659941747
2021-04-18 13:45:00,2.758725320312994,-7.3736776369136265,13.099197377812951
2021-04-18 13:46:00,2.7569059615380445,-8.413642531052563,12.584904601033589
2021-04-18 13:47:00,2.754978096173604,-8.716413736697135,12.605957446927585
2021-04-18 13:48:00,2.7529400336877377,-7.3966200520952725,13.270223930397467
2021-04-18 13:49:00,2.7507901054327943,-8.311227625159544,12.464066325753846
2021-04-18 13:50:00,2.7485266653818,-6.941083599136055,13.558444890810001
2021-04-18 13:51:00,2.7461480905619924,-7.313555059186236,12.957806601129942
2021-04-18 13:52:00,2.7436527815356366,-8.108605917617691,12.832244179031322
2021-04-18 13:53:00,2.7410391631255306,-8.099041918864865,13.11995727194766
2021-04-18 13:54:00,2.738305684503471,-8.382219690207792,13.787076208291753
2021-04-18 13:55:00,2.735450820150784,-8.231523135753124,13.323003907649607
2021-04-18 13:56:00,2.7324730701287736,-8.612059535763812,13.610385378925447
2021-04-18 13:57:00,2.7293709604180005,-7.789434178257923,13.698514505570113
2021-04-18 13:58:00,2.7261430438399263,-7.615951540191614,13.246215993405613
2021-04-18 13:59:00,2.7227878999725754,-8.248403312488227,12.345460731183623
2021-04-18 14:00:00,2.7193041361608814,-7.302589898710305,13.79940312362405
2021-04-18 14:01:00,2.715690387562919,-8.531832890901919,13.365279176171528
2021-04-18 14:02:00,2.7119453178314643,-7.131022124255286,12.59225192268426
2021-04-18 14:03:00,2.7080676194634328,-8.291693761603103,12.602033152869783
2021-04-18 14:04:00,2.7040560142638044,-7.691679233880075,13.808247419186486
2021-04-18 14:05:00,2.699909253812316,-7.418409412233323,13.259791206581236
2021-04-18 14:06:00,2.6956261198304508,-8.856442794121016,13.05259199371774
2021-04-18 14:07:00,2.6912054245670833,-7.907541668791303,13.626568686635835
2021-04-18 14:08:00,2.686646011341174,-7.194231858575253,12.696337581941346
2021-04-18 14:09:00,2.68194675485181,-7.806303922324304,12.838945001202681
2021-04-18 14:10:00,2.67710656148748,-7.671400316663296,13.859327349026778
2021-04-18 14:11:00,2.6721243698111796,-7.596658265640205,12.941749045539304
2021-04-18 14:12:00,2.6669991510213356,-7.990754021010043,12.902656111494881
2021-04-18 14:13:00,2.661729909009966,-7.775943032465619,12.548850761752918
2021-04-18 14:14:00,2.656315681119447,-8.320815834179523,13.131159690689097
2021-04-18 14:15:00,2.650755538075483,-7.410096062709024,12.978525817637307
2021-04-18 14:16:00,2.645048584709693,-7.762211055413572,14.008483458612856
2021-04-18 14:17:00,2.6391939599923977,-8.68335578986132,13.48682703655878
2021-04-18 14:18:00,2.6331908374476614,-7.9950147666544416,12.540770977019275
2021-04-18 14:19:00,2.6270384255756674,-8.28013353766238,13.572979284572876
2021-04-18 14:20:00,2.620735967947174,-8.473067921087614,13.52280131920041
2021-04-18 14:21:00,2.6142827436092313,-8.202027830777615,13.639259029988674
2021-04-18 14:22:00,2.6076780674212037,-8.351912634854044,12.725015918775068
2021-04-18 14:23:00,2.6009212901323977,-7.44552147617931,13.22370469779061
2021-04-18 14:24:00,2.5940117988711386,-7.57467543915618,13.790221937314564
2021-04-18 14:25:00,2.5869490171712433,-7.845192248178755,13.57884610486613
2021-04-18 14:26:00,2.579732405410501,-8.06534144471948,13.452702392329819
2021-04-18 14:27:00,2.572361460873898,-7.603402378603241,12.731366822749113
2021-04-18 14:28:00,2.5648357180307775,-8.282490794867332,13.230327745939624
2021-04-18 14:29:00,2.55715474880482,-7.419535875617282,13.889408552472451
2021-04-18 14:30:00,2.5493181627378956,-7.639590792833861,12.895399150918301
2021-04-18 14:31:00,2.541325606992653,-7.735039813589826,13.00293955080471
2021-04-18 14:32:00,2.533176766841615,-8.771314233856861,13.711631852909345
2021-04-18 14:33:00,2.52487136563857,-7.7193808464519735,13.287888710136484
2021-04-18 14:34:00,2.5164091649669564,-7.697598483761704,13.430668280362793
2021-04-18 14:35:00,2.5077899647965594,-8.489029788550917,12.718936674175918
2021-04-18 14:36:00,2.499013603740171,-8.671034978990244,13.3157025458822
2021-04-18 14:37:00,2.4900799589376867,-8.121406878422324,12.816523037380904
2021-04-18 14:38:00,2.4809889464058674,-7.965147671106536,13.091291902851713
2021-04-18 14:39:00,2.471740520928997,-8.562712671401593,12.411962078640656
2021-04-18 14:40:00,2.4623346763283953,-8.789059706195625,13.127787888890989
2021-04-18 14:41:00,2.4527714453661953,-8.283087538640109,14.514193076804547
2021-04-18 14:42:00,2.443050899904558,-8.124116651497872,13.638358051739832
2021-04-18 14:43:00,2.433173150992599,-7.4914082786001295,13.442143393888074
2021-04-18 14:44:00,2.4231383488019413,-8.36482521113027,12.910306280278045
2021-04-18 14:45:00,2.412946682686611,-7.967325613021608,13.00473702562504
2021-04-18 14:46:00,2.4025983812935547,-8.07548664352565,12.970690121158674
2021-04-18 14:47:00,2.3920937124172186,-7.995065978153216,12.461456343698652
2021-04-18 14:48:00,2.3814329831563046,-7.7153018521570464,12.801342140546266
2021-04-18 14:49:00,2.3706165396689487,-7.346267611422409,13.47141522356917
2021-04-18 14:50:00,2.3596447674814343,-8.196008237470883,13.741013877811877
2021-04-18 14:51:00,2.3485180910552765,-8.318360695784385,13.20790009720775
2021-04-18 14:52:00,2.337236974055474,-8.384410848857097,12.82753784774627
2021-04-18 14:53:00,2.3258019191030606,-8.37128707462908,12.911079496603517
2021-04-18 14:54:00,2.314213467798699,-8.17077836675138,12.121231335712356
2021-04-18 14:55:00,2.30247220057053,-8.268781375000772,13.514467378910245
2021-04-18 14:56:00,2.290578736563261,-8.17537973778435,13.061403030112825
2021-04-18 14:57:00,2.278533733635179,-8.13681452197967,12.004129574384564
2021-04-18 14:58:00,2.266337888132741,-8.811471452993281,13.119733693335533
2021-04-18 14:59:00,2.2624362076923794,-8.932598738732842,13.36808063668097
2021-04-18 15:00:00,2.2583851924072587,-8.346321231454317,12.94941757126108
2021-04-18 15:01:00,2.254185653275038,-8.234919499681236,12.802411273403193
2021-04-18 15:02:00,2.2498384393057607,-7.920223590148401,13.10214715858299
2021-04-18 15:03:00,2.2453444372022364,-8.179500973751974,12.85854780392876
2021-04-18 15:04:00,2.2407045712463822,-8.903856241290338,12.903753082082416
2021-04-18 15:05:00,2.2359198030635206,-9.204740367302428,12.114190691058218
2021-04-18 15:06:00,2.2309911313818622,-7.843579256477299,12.96074712802714
2021-04-18 15:07:00,2.2259195918357215,-8.56406932646825,12.728091314395522
2021-04-18 15:08:00,2.220706256823643,-8.23740155779223,13.495861297679985
2021-04-18 15:09:00,2.2153522350820656,-8.13746409511374,12.546688954910735
2021-04-18 15:10:00,2.209858671502136,-8.2899869963185,12.592768144339194
2021-04-18 15:11:00,2.2042267469969077,-7.985027671364138,12.321238041297411
2021-04-18 15:12:00,2.198457677951942,-8.820992981422576,13.080020713518353
2021-04-18 15:13:00,2.192552716237424,-8.710311725869033,12.847384402649999
2021-04-18 15:14:00,2.1865131486395977,-8.716034276321917,12.350907492254589
2021-04-18 15:15:00,2.1803402966785073,-7.4798591552879605,12.371727878706213
2021-04-18 15:16:00,2.1740355163158807,-7.842438058987332,13.128388935996448
2021-04-18 15:17:00,2.167600197555683,-8.698530351006616,11.658339180033085
2021-04-18 15:18:00,2.161035764119508,-8.739754073138615,12.649071156457316
2021-04-18 15:19:00,2.1543436731208656,-8.148705195875877,12.719493557786778
2021-04-18 15:20:00,2.1475254145842833,-9.145909440103463,12.464000563959244
2021-04-18 15:21:00,2.140582511315795,-8.289090815305528,13.331101943376225
2021-04-18 15:22:00,2.1335165182319495,-8.232391268392275,12.21962924448168
2021-04-18 15:23:00,2.126329022096402,-8.539577232174596,12.647143302692875
2021-04-18 15:24:00,2.119021641249228,-8.802111076240118,12.538800870601065
2021-04-18 15:25:00,2.1115960249319863,-8.69733655683017,11.978519450927623
2021-04-18 15:26:00,2.104053852966662,-8.573763657459287,12.129942939974237
2021-04-18 15:27:00,2.0963968355232656,-8.05515727587695,12.420747607497017
2021-04-18 15:28:00,2.088626712268513,-8.189031802654789,12.766066774931906
2021-04-18 15:29:00,2.0807452523989856,-8.350916517357428,11.971285306501175
2021-04-18 15:30:00,2.072754253664292,-8.618732221365711,12.773121843661727
2021-04-18 15:31:00,2.06465554231589,-8.309011894574445,11.814972120503114
2021-04-18 15:32:00,2.0564509724506403,-7.95639325231101,12.501166783946342
2021-04-18 15:33:00,2.048142425530995,-7.950905348673027,12.217796215295731
2021-04-18 15:34:00,2.0397318098247648,-8.573020481032872,12.643417473623025
2021-04-18 15:35:00,2.0312210601251697,-8.842177935354558,11.784683178908887
2021-04-18 15:36:00,2.022612136918407,-8.257927486789125,13.049519100933582
2021-04-18 15:37:00,2.013907026139754,-8.715029605814308,12.867857287979566
2021-04-18 15:38:00,2.005107738493074,-8.552870864388282,12.395258487215996
2021-04-18 15:39:00,1.996216308896824,-8.669237655354248,12.518638855606204
2021-04-18 15:40:00,1.9872347960772003,-7.807839783087773,12.807109732572654
2021-04-18 15:41:00,1.9781652818993862,-8.916762855621817,12.922738697081838
2021-04-18 15:42:00,1.969009870710642,-8.74108349351142,12.68625474565995
2021-04-18 15:43:00,1.959770689159891,-9.476546046902982,12.329719064137503
2021-04-18 15:44:00,1.9504498849952416,-8.012666265703388,12.923213069521102
2021-04-18 15:45:00,1.9410496272452376,-8.249667189715323,12.573598803304485
2021-04-18 15:46:00,1.9315721048613153,-9.01401346415938,11.695461027635808
2021-04-18 15:47:00,1.9220195266599638,-8.66097821244053,12.600590305936326
2021-04-18 15:48:00,1.9123941205475994,-9.093132363419112,11.665536195793903
2021-04-18 15:49:00,1.9026981328174368,-9.059673525454599,11.496358010252283
2021-04-18 15:50:00,1.8929338277764112,-8.334270262563084,12.644418247252995
2021-04-18 15:51:00,1.8831034867660223,-8.314850526202418,12.452816478535471
2021-04-18 15:52:00,1.8732094078452222,-8.34948229661969,11.765036457542557
2021-04-18 15:53:00,1.863253905085525,-8.53368614542589,12.538247599553262
2021-04-18 15:54:00,1.8532393077997305,-9.085422108656283,12.45627604644416
2021-04-18 15:55:00,1.8431679600258077,-8.757469663556583,12.858002873071301
2021-04-18 15:56:00,1.8330422198920506,-8.431897689558973,12.508233897273206
2021-04-18 15:57:00,1.8228644588303742,-8.801089790460749,12.385685615847649
2021-04-18 15:58:00,1.8126370610842675,-8.403656302825391,11.984761210042308
2021-04-18 15:59:00,1.802362422906986,-8.472561900127557,12.026065196783042
2021-04-18 16:00:00,1.792042951914838,-8.787155534391733,11.832997671435828
2021-04-18 16:01:00,1.7816810665456075,-8.646532975334194,12.12371070354603
2021-04-18 16:02:00,1.7712791952386187,-9.392986342493874,11.761458198825448
2021-04-18 16:03:00,1.7608397756768646,-8.981682482912904,12.485939023414016
2021-04-18 16:04:00,1.7503652544983677,-9.001258278138282,13.04862763574532
2021-04-18 16:05:00,1.7398580860083495,-9.471880176375352,11.997218888451412
2021-04-18 16:06:00,1.7293207321660722,-8.617490575291367,11.75525355976221
2021-04-18 16:07:00,1.7187556612495563,-8.343374412900895,12.601154871631834
2021-04-18 16:08:00,1.7081653475524394,-8.815208645160688,11.850141269463176
2021-04-18 16:09:00,1.6975522706819555,-8.945526497245416,11.961710978690064
2021-04-18 16:10:00,1.6869189146354455,-8.45968880586661,12.637054294341768
2021-04-18 16:11:00,1.6762677672519206,-8.947618808582712,12.012338878192743
2021-04-18 16:12:00,1.6656013195509993,-9.286478612046544,12.101857768838524
2021-04-18 16:13:00,1.654922064848998,-8.319656584888495,11.967892171369593
2021-04-18 16:14:00,1.6442324982680763,-9.467431615841045,12.500846416529873
2021-04-18 16:15:00,1.633535115818222,-8.743203548308557,12.312090543480183
2021-04-18 16:16:00,1.622832413798228,-9.975854264814412,11.679498969064197
2021-04-18 16:17:00,1.612126888150432,-8.128442375283115,12.270351248355942
2021-04-18 16:18:00,1.6014210336028776,-8.76181415045363,12.843533770522201
2021-04-18 16:19:00,1.5907173429037638,-8.832010715740262,12.582153254131038
2021-04-18 16:20:00,1.580018306530625,-8.212047749233836,12.668392754469371
2021-04-18 16:21:00,1.5693264113002723,-9.13052006195621,12.507634904626181
2021-04-18 16:22:00,1.5586441403975781,-9.690359089641916,12.06381513134031
2021-04-18 16:23:00,1.5479739719840602,-8.845457195330637,11.86072400201888
2021-04-18 16:24:00,1.5373183789130938,-8.780519154950452,12.28757861561602
2021-04-18 16:25:00,1.526679827962985,-8.76462991673847,12.356151168620263
2021-04-18 16:26:00,1.5160607789714762,-9.56086182551603,12.409964787647278
2021-04-18 16:27:00,1.505463684216797,-8.380807105956992,12.611737159545518
2021-04-18 16:28:00,1.4948909878015109,-10.072211264899124,11.812665488481793
2021-04-18 16:29:00,1.4843451247327242,-9.274788701673431,11.88816870833972
2021-04-18 16:30:00,1.4738285204650123,-8.591206058979266,12.7805683001122
2021-04-18 16:31:00,1.4633435899799998,-9.539162780819403,11.391996005258312
2021-04-18 16:32:00,1.4528927371822369,-9.765549038299232,11.977992490924779
2021-04-18 16:33:00,1.4424783542880024,-8.869074993710585,11.287940624818102
2021-04-18 16:34:00,1.4321028209233666,-9.323811343556605,12.142206073608508
2021-04-18 16:35:00,1.421768503671844,-8.724995162541678,12.05917054578119
2021-04-18 16:36:00,1.411477755201369,-8.965339009187181,12.461514863855783
2021-04-18 16:37:00,1.4012329135246844,-9.441344795177834,11.777968108897557
2021-04-18 16:38:00,1.3910363017014933,-8.601840862284817,11.992288233183778
2021-04-18 16:39:00,1.3808902267188092,-9.012214628347214,11.494106514940727
2021-04-18 16:40:00,1.3707969788982104,-9.192077569307674,11.654276476161563
2021-04-18 16:41:00,1.3607588316148638,-8.915979186798708,12.99480667246131
2021-04-18 16:42:00,1.3507780399826665,-8.658048423423562,11.857803977467134
2021-04-18 16:43:00,1.3408568408960442,-9.873425890147093,11.739600660560772
2021-04-18 16:44:00,1.330997451728224,-9.275873836405445,11.191591505666324
2021-04-18 16:45:00,1.3212020700986853,-9.241380899951361,11.949060321748082
2021-04-18 16:46:00,1.3114728731562342,-8.79592289741148,12.854096177355048
2021-04-18 16:47:00,1.301812016786274,-9.086951062241228,12.324835875118593
2021-04-18 16:48:00,1.2922216350894125,-8.997531369891302,11.418219776030256
2021-04-18 16:49:00,1.2827038398135158,-9.325575535853588,12.015928737251343
2021-04-18 16:50:00,1.2732607195279602,-9.476762190525465,11.736690206048841
2021-04-18 16:51:00,1.2638943392562616,-8.842551150110534,11.547199852254968
2021-04-18 16:52:00,1.2546067396328362,-9.714649453445388,12.51811055997859
2021-04-18 16:53:00,1.2453999364313886,-9.30437541126049,12.51847758617958
2021-04-18 16:54:00,1.2362759199792324,-9.217559876539482,11.876956805955654
2021-04-18 16:55:00,1.2272366545043565,-8.995487718827247,11.602003661467155
2021-04-18 16:56:00,1.2182840774446013,-8.202123711874027,11.236532917093195
2021-04-18 16:57:00,1.2094200992613926,-9.647813042366156,12.097552968205393
2021-04-18 16:58:00,1.2006466022824782,-8.324625282606203,11.486696772746528
2021-04-18 16:59:00,1.191965440796557,-8.698465277649003,11.338753991491602
2021-04-18 17:00:00,1.1833784398830434,-9.167373037345996,11.324670923195075
2021-04-18 17:01:00,1.174887395243304,-9.576244383786506,12.228629219298094
2021-04-18 17:02:00,1.1664940726250155,-8.374626447955983,11.828358483704541
2021-04-18 17:03:00,1.1582002071674997,-9.033210424937705,10.984341887255301
2021-04-18 17:04:00,1.1500075029116545,-9.056249086591226,10.930520015508502
2021-04-18 17:05:00,1.1419176324214224,-9.489537669903632,11.511761696283509
2021-04-18 17:06:00,1.1339322360508652,-9.155220789351933,11.999121847800755
2021-04-18 17:07:00,1.1260529216970037,-9.54533114880633,12.648603275274859
2021-04-18 17:08:00,1.1182812640837942,-10.157098661840747,11.784018172854035
2021-04-18 17:09:00,1.110618804427817,-9.594243110526675,11.68728581369135
2021-04-18 17:10:00,1.1030670499873034,-10.240175907741559,11.437512221071158
2021-04-18 17:11:00,1.095627473486199,-8.318390466214751,12.535744920810082
2021-04-18 17:12:00,1.0883015126478235,-9.608791444487576,11.700224985685866
2021-04-18 17:13:00,1.081090570083619,-9.745123689261838,11.72633073362891
2021-04-18 17:14:00,1.0739960123254488,-8.992242271900844,11.61834379245975
2021-04-18 17:15:00,1.0670191699574936,-9.726030826020539,11.777687166743773
2021-04-18 17:16:00,1.0601613367347202,-10.440971192740161,11.814603594731494
2021-04-18 17:17:00,1.0534237695050688,-8.99086172398536,11.734564577590273
2021-04-18 17:18:00,1.0468076877380275,-9.775809542708108,11.725457459738994
2021-04-18 17:19:00,1.040314273014608,-9.717233765647075,11.964479627778731
2021-04-18 17:20:00,1.0339446689330245,-9.090035216935886,11.350311364814592
2021-04-18 17:21:00,1.027699980425545,-10.838422971663325,11.807310734569935
2021-04-18 17:22:00,1.0215812736306502,-9.237956440466155,11.357040508572085
2021-04-18 17:23:00,1.0155895755607716,-10.151663542692733,11.748730737264475
2021-04-18 17:24:00,1.009725873690477,-9.264558121719224,11.135739613373591
2021-04-18 17:25:00,1.0039911156314807,-9.82929283063615,11.92492168819153
2021-04-18 17:26:00,0.9983862089625559,-8.94251986326275,10.962957951348622
2021-04-18 17:27:00,0.9929120208205616,-9.085404140680154,11.67154058038643
2021-04-18 17:28:00,0.9875693776489867,-9.482999926833028,11.729670853693563
2021-04-18 17:29:00,0.9823590649895191,-10.195734381926204,10.951609071239135
2021-04-18 17:30:00,0.9772818271167926,-9.673017894812515,11.395849386327159
2021-04-18 17:31:00,0.9723383669627983,-8.608079233066361,11.682075978959052
2021-04-18 17:32:00,0.9675293457004764,-9.611335933151086,11.57646596850098
2021-04-18 17:33:00,0.9628553826483219,-9.895326655291953,11.31898172666472
2021-04-18 17:34:00,0.9583170550990477,-9.395524717924225,10.926449547191279
2021-04-18 17:35:00,0.953914897930479,-9.217447819730605,11.404327094893818
2021-04-18 17:36:00,0.949649403700173,-9.275063430130432,11.217979410959929
2021-04-18 17:37:00,0.9455210222013366,-9.578433798155146,11.45769977792474
2021-04-18 17:38:00,0.9415301605392814,-10.090340720649785,11.18574859017457
2021-04-18 17:39:00,0.9376771828122771,-9.309218326310159,12.081049876067794
2021-04-18 17:40:00,0.9339624101028223,-9.804027158953726,12.073461223777409
2021-04-18 17:41:00,0.9303861203132923,-9.792507210639295,10.885731689764487
2021-04-18 17:42:00,0.9269485480011751,-9.352076219825918,11.744451321902321
2021-04-18 17:43:00,0.9236498843954937,-10.12806045778148,11.769059364712582
2021-04-18 17:44:00,0.9204902772686907,-9.538256567691915,10.869527564087571
2021-04-18 17:45:00,0.9174698308153676,-9.385837880741493,11.694622772733881
2021-04-18 17:46:00,0.9145886056446728,-9.797152621119228,11.568402762290498
2021-04-18 17:47:00,0.911846618778554,-9.374492699921262,11.187142730257724
2021-04-18 17:48:00,0.9092438435797172,-9.259513317470475,10.78826123085684
2021-04-18 17:49:00,0.906780209676914,-10.19391135596139,11.03060507562597
2021-04-18 17:50:00,0.9044556030896871,-9.835698497936521,11.7439770185938
2021-04-18 17:51:00,0.9022698661018876,-9.116851279205605,11.82038788506207
2021-04-18 17:52:00,0.9002227974066273,-9.636813343308203,11.739550741784205
2021-04-18 17:53:00,0.8983141520200056,-9.797536061187834,11.305828336911377
2021-04-18 17:54:00,0.8965436414526491,-10.161281998137856,11.77518167870731
2021-04-18 17:55:00,0.8949109336795864,-9.15550235728433,10.80116862344923
2021-04-18 17:56:00,0.8934156532118702,-9.37115952031015,11.797054895503086
2021-04-18 17:57:00,0.8920573812651014,-9.17367938608219,11.453842368161217
2021-04-18 17:58:00,0.8908356557924536,-10.288231077993103,12.37828047733923
2021-04-18 17:59:00,0.8897499715621149,-10.526977712805424,11.189028245117237
2021-04-18 18:00:00,0.888799780397044,-9.600509598963056,11.743877753286167
2021-04-18 18:01:00,0.8879844911683159,-9.260003985259633,11.447182241614254
2021-04-18 18:02:00,0.8873034701181536,-9.576515477201443,10.988428989537148
2021-04-18 18:03:00,0.8867560408033026,-10.54022475914743,11.118785504171928
2021-04-18 18:04:00,0.8863414844982307,-9.73155298129437,11.552211095947525
2021-04-18 18:05:00,0.8860590402413187,-9.829713760811384,11.368548443139204
2021-04-18 18:06:00,0.885907905024613,-8.737154479710306,11.862169496136195
2021-04-18 18:07:00,0.8858872341285895,-9.789961876646915,10.823911298975794
2021-04-18 18:08:00,0.8859961412408511,-9.747259161458311,12.351684710397704
2021-04-18 18:09:00,0.8862336986961102,-9.657252961812294,11.250654686714807
2021-04-18 18:10:00,0.8865989378047875,-9.252244861447691,12.000210319736842
2021-04-18 18:11:00,0.8870908489983707,-10.352956752193547,11.300626297939708
2021-04-18 18:12:00,0.88770838232008,-9.643655970990336,12.22013805390904
2021-04-18 18:13:00,0.8884504473387863,-10.088897333366637,11.748410310132531
2021-04-18 18:14:00,0.8893159139050735,-9.362973906289394,11.096339592429704
2021-04-18 18:15:00,0.8903036120813739,-9.752251551982223,11.573592991699194
2021-04-18 18:16:00,0.891412332689016,-10.075334861914556,11.21733058541197
2021-04-18 18:17:00,0.8926408275120712,-10.130218387365526,11.296432824283272
2021-04-18 18:18:00,0.8939878097820653,-9.166747882031705,11.621257554011928
2021-04-18 18:19:00,0.8954519544126934,-9.662485453076568,11.48001475009184
2021-04-18 18:20:00,0.8970318984017176,-8.560873327734653,11.547661270444669
2021-04-18 18:21:00,0.8987262412405619,-9.190775262138638,10.582963343566874
2021-04-18 18:22:00,0.9005335453431835,-9.641096835387662,11.610339495808246
2021-04-18 18:23:00,0.902452336326507,-10.676615993588118,11.753704037219267
2021-04-18 18:24:00,0.9044811035529859,-9.964061348530588,11.679047328709338
2021-04-18 18:25:00,0.9066183004369724,-10.225672840812747,10.610313614380757
2021-04-18 18:26:00,0.9088623451301522,-10.016489466859438,11.740862297777968
2021-04-18 18:27:00,0.9112116205051409,-9.265803344959526,11.31871727396117
2021-04-18 18:28:00,0.9136644752032953,-9.47245489850994,11.414006122993868
2021-04-18 18:29:00,0.9162192235764912,-8.984391440500385,12.255654137081306
2021-04-18 18:30:00,0.9188741465351026,-9.332281690236279,11.122251980776205
2021-04-18 18:31:00,0.921627491823177,-10.410281408770722,11.409823315020773
2021-04-18 18:32:00,0.9244774746060765,-10.408811395577368,11.319878992260206
2021-04-18 18:33:00,0.9274222691706,-10.167758506401896,11.460588503848106
2021-04-18 18:34:00,0.9304600358919926,-9.763467786020653,11.309723644080071
2021-04-18 18:35:00,0.93358889527318,-9.317231939034034,11.02088984536424
2021-04-18 18:36:00,0.9368069374167769,-9.330554352082833,11.437266878494423
2021-04-18 18:37:00,0.9401122223268232,-8.917572966983458,11.788487626743475
2021-04-18 18:38:00,0.9435027807999526,-9.882825105697668,11.594378865490606
2021-04-18 18:39:00,0.9469766147239175,-9.796006158408137,11.586201323077233
2021-04-18 18:40:00,0.9505316977926619,-9.726169848466254,11.072876216866025
2021-04-18 18:41:00,0.9541659759989406,-9.7511431895881,11.29463131155301
2021-04-18 18:42:00,0.9578773684588375,-9.552298482285936,11.661297568114383
2021-04-18 18:43:00,0.9616637676360168,-10.119199218397183,12.101546662698706
2021-04-18 18:44:00,0.9655230402722775,-10.585918714483423,10.42779565046972
2021-04-18 18:45:00,0.9694530278575663,-8.84542931454132,11.465530616047978
2021-04-18 18:46:00,0.9734515473458529,-10.115646215283881,11.930481453083726
2021-04-18 18:47:00,0.9775163917666971,-9.786414991233555,12.377702308264231
2021-04-18 18:48:00,0.9816453307051898,-10.136691109048293,11.646747427468286
2021-04-18 18:49:00,0.9858361112879543,-9.835101532955601,11.979453111778875
2021-04-18 18:50:00,0.9900864584543164,-9.483692479184485,11.486282075569562
2021-04-18 18:51:00,0.9943940759644614,-9.249045132372261,11.809072405002881
2021-04-18 18:52:00,0.9987566469014449,-10.058040622321911,11.77711300898733
2021-04-18 18:53:00,1.003171834322818,-9.110382996695819,11.267440389849188
2021-04-18 18:54:00,1.0076372820240778,-10.10350885174875,11.105340001382414
2021-04-18 18:55:00,1.012150615205988,-9.496319102919117,12.120044486372834
2021-04-18 18:56:00,1.0167094411442665,-9.602810417876624,10.788277200916779
2021-04-18 18:57:00,1.0213113500244255,-9.573352577479309,11.843450256535016
2021-04-18 18:58:00,1.0259539153732755,-9.35137959029107,11.110529755779348
2021-04-18 18:59:00,1.0306346951016918,-8.242102035531008,11.729641008981067
2021-04-18 19:00:00,1.035351232074975,-9.524939290655661,11.826536553680018
2021-04-18 19:01:00,1.0401010546888212,-9.005737458595283,11.734858958117538
2021-04-18 19:02:00,1.0448816778986643,-9.698689690445459,11.740948362676269
2021-04-18 19:03:00,1.04969060381872,-9.232287776758975,11.5917266834835
2021-04-18 19:04:00,1.0545253222820965,-9.871146626192514,11.592805546671816
2021-04-18 19:05:00,1.0593833119783467,-8.956542877187774,11.769705122229537
2021-04-18 19:06:00,1.0642620407316659,-9.568845591173318,10.81028681099142
2021-04-18 19:07:00,1.0691589667653785,-10.316067015694259,11.608207516580636
2021-04-18 19:08:00,1.074071539019221,-9.862986744521786,11.670578174300486
2021-04-18 19:09:00,1.0789971981221151,-9.753659977566015,11.491315442651642
2021-04-18 19:10:00,1.083933377105824,-10.099690486683155,11.549248901760082
2021-04-18 19:11:00,1.0888775022721897,-9.174908273985247,11.39180641121696
2021-04-18 19:12:00,1.0938269937027485,-8.849398967750485,11.907149323103845
2021-04-18 19:13:00,1.098779266372184,-9.200485471182505,11.018851391283032
2021-04-18 19:14:00,1.1037317306422978,-10.38228255000496,10.978651887938417
2021-04-18 19:15:00,1.1086817931588084,-8.925302507875683,11.672783632445418
2021-04-18 19:16:00,1.1136268576798212,-9.716546553486074,11.849316552990038
2021-04-18 19:17:00,1.1185643257103726,-8.937632343641102,12.66680463993317
2021-04-18 19:18:00,1.123491597373195,-9.129708563510356,11.330696350008386
2021-04-18 19:19:00,1.12840607228528,-9.339339853135742,11.479133083134137
2021-04-18 19:20:00,1.1333051500169329,-8.860342254479908,11.304477988925099
2021-04-18 19:21:00,1.1381862314057822,-9.521927637106536,11.810430651228097
2021-04-18 19:22:00,1.1430467186835012,-8.641948496515521,12.023538403776417
2021-04-18 19:23:00,1.147884016843271,-8.433016113412492,12.447870385695621
2021-04-18 19:24:00,1.1526955341831122,-9.186497130950654,11.976188954385597
2021-04-18 19:25:00,1.1574786829194013,-9.245108360399934,11.922376512141279
2021-04-18 19:26:00,1.1622308803223,-9.207143043279467,11.205394144474985
2021-04-18 19:27:00,1.1669495492796145,-9.31884923519008,11.270624590586197
2021-04-18 19:28:00,1.171632119072534,-9.49646668436224,11.205362486939473
2021-04-18 19:29:00,1.1762760262507368,-9.504463626130482,12.234788922218852
2021-04-18 19:30:00,1.1808787153270879,-9.716249385308062,13.0204579430296
2021-04-18 19:31:00,1.1854376396715445,-10.185286038381982,12.028442327635744
2021-04-18 19:32:00,1.1899502621600355,-9.190412951325076,10.616846241921147
2021-04-18 19:33:00,1.1944140560044023,-9.097600129443675,11.888476044556802
2021-04-18 19:34:00,1.198826505549635,-8.319133159490516,12.145524727641261
2021-04-18 19:35:00,1.2031851069948505,-9.534131580376485,12.019601408196866
2021-04-18 19:36:00,1.2074873691873373,-9.509751440069973,11.002229399555835
2021-04-18 19:37:00,1.2117308144358596,-10.401176846629049,11.00900536287095
2021-04-18 19:38:00,1.2159129791525052,-9.398308296454982,12.042075646050524
2021-04-18 19:39:00,1.2200314146936129,-9.35648009769074,11.899337894122617
2021-04-18 19:40:00,1.2240836881735842,-9.59573507347447,11.723690021314326
2021-04-18 19:41:00,1.2280673830178703,-9.246169759739809,11.899187347714829
2021-04-18 19:42:00,1.2319800999863717,-9.159393669588658,11.79474146684057
2021-04-18 19:43:00,1.2358194575842534,-9.150939739528537,11.454514326007528
2021-04-18 19:44:00,1.2395830931331828,-9.405775837312149,12.469167872110095
2021-04-18 19:45:00,1.2432686633254622,-9.391144478484685,11.680822368294285
2021-04-18 19:46:00,1.2468738448812695,-9.569163928540494,11.618480216535641
2021-04-18 19:47:00,1.2503963354885985,-9.24478153302247,11.194151655182248
2021-04-18 19:48:00,1.253833854345628,-9.0237226017612,12.005507214337221
2021-04-18 19:49:00,1.2571841429277266,-9.862273006116245,11.718699751600854
2021-04-18 19:50:00,1.2604449657202768,-9.298310828502602,11.441280528882247
2021-04-18 19:51:00,1.2636141108615144,-9.081212022993775,12.04264413817033
2021-04-18 19:52:00,1.266689390927295,-10.235091991574164,11.685303243711816
2021-04-18 19:53:00,1.2696686435261109,-9.3819623602895,11.809604095161548
2021-04-18 19:54:00,1.2725497320046921,-9.953957570349292,11.710794356052467
2021-04-18 19:55:00,1.2753305461727775,-8.882643439109732,11.924270366068624
2021-04-18 19:56:00,1.2780090029660158,-9.358919291652237,11.806358012027237
2021-04-18 19:57:00,1.2805830469599733,-9.10243002515453,11.618707981000515
2021-04-18 19:58:00,1.283050651288657,-10.127031821339811,12.025840359328257
2021-04-18 19:59:00,1.2854098179987365,-8.701282336766871,12.003417598861574
2021-04-18 20:00:00,1.2876585789430883,-9.35136898023346,10.663645875856988
2021-04-18 20:01:00,1.2897949962819908,-9.201603466497792,12.339923112983746
2021-04-18 20:02:00,1.2918171630397302,-9.268645224078965,12.382789447837492
2021-04-18 20:03:00,1.293723203907492,-9.475296472017416,12.284969883516744
2021-04-18 20:04:00,1.2955112756868201,-8.51558855323814,12.7765661810983
2021-04-18 20:05:00,1.297179567935761,-8.728671126873879,12.393965224041361
2021-04-18 20:06:00,1.2987263036108778,-8.596671171287324,11.69187974560827
2021-04-18 20:07:00,1.3001497395261352,-10.134591251327947,10.72090752981057
2021-04-18 20:08:00,1.3014481670532638,-9.122193317998883,12.214791112667841
2021-04-18 20:09:00,1.3026199126189755,-9.76442923041127,10.98753726519961
2021-04-18 20:10:00,1.30366333820739,-8.54824760001649,11.680829144214972
2021-04-18 20:11:00,1.304576842010287,-9.469579524064393,11.876160741650125
2021-04-18 20:12:00,1.3053588588711644,-9.157105683461705,12.438985052800094
2021-04-18 20:13:00,1.3060078608337014,-9.180139460400724,11.809910786429054
2021-04-18 20:14:00,1.3065223576625185,-9.122577384655953,12.30300939358489
2021-04-18 20:15:00,1.306900897319705,-9.177794634607455,12.903496172728541
2021-04-18 20:16:00,1.307142066483602,-9.064127774734834,11.35773695383596
2021-04-18 20:17:00,1.307244491020823,-9.394169692911468,11.814206305160766
2021-04-18 20:18:00,1.307206836404256,-9.47860165958254,11.470452957176278
2021-04-18 20:19:00,1.3070278082624065,-9.083862683322502,11.75449256891863
2021-04-18 20:20:00,1.306706152729029,-8.917778070270145,11.83552193147733
2021-04-18 20:21:00,1.306240656956653,-9.348765735045639,12.47969217032815
2021-04-18 20:22:00,1.3056301494965419,-9.284699800385955,11.587114727023431
2021-04-18 20:23:00,1.3048735007145702,-9.516843322079342,12.008355157471664
2021-04-18 20:24:00,1.303969623199912,-8.408723219454895,11.140216379409344
2021-04-18 20:25:00,1.302917472155851,-9.49971704571799,12.684493359869718
2021-04-18 20:26:00,1.3017160457658907,-9.070654549422539,11.415851554042284
2021-04-18 20:27:00,1.300364385563936,-9.115412706573425,11.585270797857413
2021-04-18 20:28:00,1.2988615767889549,-8.988189065775815,12.210773320708011
2021-04-18 20:29:00,1.2972067487197734,-8.56379542433693,12.204695414080044
2021-04-18 20:30:00,1.2953990750051692,-8.936047491214131,12.12211134364346
2021-04-18 20:31:00,1.2934377739834497,-8.446345643364054,11.494806287957513
2021-04-18 20:32:00,1.2913221089792999,-9.840532477641123,11.640594689255936
2021-04-18 20:33:00,1.2890513885830603,-8.85406044825468,11.872971556202232
2021-04-18 20:34:00,1.2866249669702612,-8.87441229039687,11.981269772235143
2021-04-18 20:35:00,1.2840422440993982,-8.828447104802503,12.266972811835974
2021-04-18 20:36:00,1.2813026660406226,-8.720210656067104,12.817080733961703
2021-04-18 20:37:00,1.278405725138083,-9.572753377441616,12.155608386515528
2021-04-18 20:38:00,1.2753509602887578,-9.06143344067831,12.557603103374687
2021-04-18 20:39:00,1.2721379571475908,-9.84946111128545,12.618663562046125
2021-04-18 20:40:00,1.2687663482969318,-9.312120343718048,12.578301461962655
2021-04-18 20:41:00,1.2652358134603394,-9.488610749899465,11.804155653933536
2021-04-18 20:42:00,1.261546079678248,-9.636807749833777,12.067783415058619
2021-04-18 20:43:00,1.2576969214374991,-9.558875195953936,12.042119163568051
2021-04-18 20:44:00,1.2536881608554848,-9.04735432851614,12.063257930668511
2021-04-18 20:45:00,1.249519667782514,-8.904109477720107,11.961641776481061
2021-04-18 20:46:00,1.2451913599139603,-9.782795579477094,11.131708173261778
2021-04-18 20:47:00,1.2407032029444056,-8.912665113456235,11.871339568253788
2021-04-18 20:48:00,1.236055210609723,-10.1395696910313,11.66251986436098
2021-04-18 20:49:00,1.231247444761672,-9.109285593366703,11.65239002241234
2021-04-18 20:50:00,1.2262800154895257,-10.19765957648746,11.931649403967858
2021-04-18 20:51:00,1.2211530810981726,-10.017128582487732,12.148748601801076
2021-04-18 20:52:00,1.215866848206966,-9.55406115913345,11.818881420236691
2021-04-18 20:53:00,1.2104215717451081,-9.634120796785693,12.30349849323521
2021-04-18 20:54:00,1.2048175548626647,-9.133255147600712,11.792266438201583
2021-04-18 20:55:00,1.1990551492140744,-9.802694578004843,11.74191139348598
2021-04-18 20:56:00,1.1931347545514295,-9.689773590628933,11.427227235810864
2021-04-18 20:57:00,1.187056818984262,-9.079748277339293,11.983521790758752
2021-04-18 20:58:00,1.1808218388382912,-8.690114672713133,11.931763364378254
2021-04-18 20:59:00,1.1744303585552713,-10.203077955449249,10.907489917650668
2021-04-18 21:00:00,1.1678829707037406,-9.328716370070515,11.719479957038198
2021-04-18 21:01:00,1.1611803157841771,-9.709187324856874,11.594380304870056
2021-04-18 21:02:00,1.1543230822140882,-10.03439509692242,12.026863508085556
2021-04-18 21:03:00,1.14731200621687,-10.355764171553789,10.971245997449609
2021-04-18 21:04:00,1.1401478715729831,-9.32028556856917,11.585466485981463
2021-04-18 21:05:00,1.132831509684333,-8.980177552985765,11.842986282394834
2021-04-18 21:06:00,1.1253637991849061,-9.513372795325838,11.447637466981146
2021-04-18 21:07:00,1.117745665925569,-10.276517765234832,11.161163711783194
2021-04-18 21:08:00,1.109978082770471,-8.877361695866304,11.602681300350698
2021-04-18 21:09:00,1.1020620693772605,-10.18945157319197,10.898430900417804
2021-04-18 21:10:00,1.0939986918426636,-9.007262127577562,11.640417922763515
2021-04-18 21:11:00,1.0857890628728941,-9.32871621930626,12.139344938454009
2021-04-18 21:12:00,1.0774343410195193,-9.272382546501332,12.287975179747004
2021-04-18 21:13:00,1.0689357309634036,-9.289693455148901,12.044678193599415
2021-04-18 21:14:00,1.0602944827719503,-9.764358590471979,11.705460656959893
2021-04-18 21:15:00,1.0515118918846842,-9.748734415241099,12.04378453590421
2021-04-18 21:16:00,1.0425892988870247,-9.75539123356981,11.901225469571873
2021-04-18 21:17:00,1.0335280889626446,-9.886611163269581,11.073397110451445
2021-04-18 21:18:00,1.0243296917006586,-10.043089294899593,12.103307661161763
2021-04-18 21:19:00,1.0149955809044373,-9.29918880711664,11.489848314384915
2021-04-18 21:20:00,1.0055272739458976,-8.647473452880181,11.58365836252282
2021-04-18 21:21:00,0.9959263316979544,-9.742467607473605,11.538263265008313
2021-04-18 21:22:00,0.9861943579827385,-9.729457815870886,11.512832531857162
2021-04-18 21:23:00,0.97633299925045,-9.891656735374694,11.457050065225408
2021-04-18 21:24:00,0.966343944251617,-9.65511529706998,11.305698715783008
2021-04-18 21:25:00,0.9562289235012552,-10.54015502919852,11.798804809672546
2021-04-18 21:26:00,0.9459897088394763,-10.060254514236448,10.854487971613896
2021-04-18 21:27:00,0.9356281133403318,-8.647633528895483,11.355214452276785
2021-04-18 21:28:00,0.9251459903425806,-10.340365643625237,11.029483871734637
2021-04-18 21:29:00,0.9145452334941945,-9.116102754838764,11.55163062841243
2021-04-18 21:30:00,0.9038277759197716,-10.102866993148417,12.4011436573729
2021-04-18 21:31:00,0.8929955898094201,-9.60746561134943,11.979670376397204
2021-04-18 21:32:00,0.8820506862912741,-9.909355377416055,10.836663006919819
2021-04-18 21:33:00,0.8709951143532554,-9.744234832963349,11.102460601830693
2021-04-18 21:34:00,0.8598309607075625,-9.249356259960866,11.640648285006447
2021-04-18 21:35:00,0.8485603492547068,-9.901712653187193,11.078857431567453
2021-04-18 21:36:00,0.8371854403811032,-9.754318218794293,10.551380629520441
2021-04-18 21:37:00,0.8257084305808606,-8.86789664889389,11.242395896221558
2021-04-18 21:38:00,0.8141315517896551,-9.145795491653502,10.95666983918745
2021-04-18 21:39:00,0.8024570707725047,-9.506021165428656,10.992872924612806
2021-04-18 21:40:00,0.7906872888281014,-9.81611414431017,11.268786829493052
2021-04-18 21:41:00,0.7788245408227676,-10.581792154873465,11.339192574196021
2021-04-18 21:42:00,0.7668711947702824,-9.861879014971063,10.671239897684517
2021-04-18 21:43:00,0.754829651411985,-9.633011885902961,11.142340788554517
2021-04-18 21:44:00,0.7427023431890976,-10.582254016818089,10.974332410679406
2021-04-18 21:45:00,0.7304917340058725,-10.167302421363669,10.89025102061877
2021-04-18 21:46:00,0.7182003183912229,-11.282005880745542,11.404881937094077
2021-04-18 21:47:00,0.7058306207235248,-9.586428901223197,11.475683674703228
2021-04-18 21:48:00,0.6933851951238743,-10.57262532746988,11.847512605066274
2021-04-18 21:49:00,0.6808666239051322,-9.89222445681149,10.473252910006932
2021-04-18 21:50:00,0.6682775179885998,-9.298175455057995,11.706606489631753
2021-04-18 21:51:00,0.6556205151268816,-10.601092812756056,11.332190374635086
2021-04-18 21:52:00,0.6428982799940068,-9.414524812350276,10.604991299423213
2021-04-18 21:53:00,0.6301135032253372,-10.026262310277925,11.93352609926208
2021-04-18 21:54:00,0.6172689006760421,-9.551871141652677,11.769049195088511
2021-04-18 21:55:00,0.6043672126785881,-9.637549616910718,11.281655570190596
2021-04-18 21:56:00,0.5914112035249669,-10.39707729021967,10.724289824631107
2021-04-18 21:57:00,0.5784036604991992,-9.978178204826765,12.056739736963117
2021-04-18 21:58:00,0.5653473933592091,-10.03881057071189,11.799397722697952
2021-04-18 21:59:00,0.5522452333519996,-9.816827680507156,10.99681053692839
2021-04-18 22:00:00,0.5391000326710187,-10.531922532229006,11.183912461079027
2021-04-18 22:01:00,0.5259146636715363,-9.27181961554708,10.694759422673416
2021-04-18 22:02:00,0.512692018074704,-9.021435124400236,11.25042998970702
2021-04-18 22:03:00,0.4994350059147731,-9.48226057741402,10.895035228479605
2021-04-18 22:04:00,0.48614655560092057,-9.311883748433505,10.486045762100273
2021-04-18 22:05:00,0.4728296119605681,-10.759858501020613,11.730114160792763
2021-04-18 22:06:00,0.45948713658377005,-9.905101885188962,10.839039362730572
2021-04-18 22:07:00,0.44612210630191856,-11.262147549035156,10.46317225176961
2021-04-18 22:08:00,0.43273751502210267,-10.13452618757538,10.919833970995604
2021-04-18 22:09:00,0.41933636580737427,-10.385882494968625,11.43717666740813
2021-04-18 22:10:00,0.4059216769930863,-9.80896967215655,11.33994252574335
2021-04-18 22:11:00,0.3924964793380719,-9.769537198806495,10.98107063635421
2021-04-18 22:12:00,0.3790638150946675,-10.45179480957422,11.38612693301594
2021-04-18 22:13:00,0.36562673696267667,-9.743551988718073,11.061825347126927
2021-04-18 22:14:00,0.35218830771852927,-9.025553943712106,12.010361011621232
2021-04-18 22:15:00,0.3387515988885867,-10.651761236354536,10.499626113651372
2021-04-18 22:16:00,0.32531969026515634,-10.607969390077578,10.27121847495665
2021-04-18 22:17:00,0.31189566901393617,-10.741684021540294,10.216689731719605
2021-04-18 22:18:00,0.29848262876537784,-10.685449086409648,10.91289174166706
2021-04-18 22:19:00,0.28508366874156243,-10.581215465544402,11.247471264827071
2021-04-18 22:20:00,0.2717018931352422,-10.91625109931237,10.87945968185651
2021-04-18 22:21:00,0.2583404100218557,-10.72412431028293,11.251759532833848
2021-04-18 22:22:00,0.24500233073702604,-10.454358576208875,10.363509429309133
2021-04-18 22:23:00,0.23169076883156087,-10.027657932693632,9.977382785515873
2021-04-18 22:24:00,0.21840883921346932,-10.907638761036983,9.408555937909806
2021-04-18 22:25:00,0.20515965777015177,-10.191184885441928,10.693495898045402
2021-04-18 22:26:00,0.1919463398037693,-10.392877755335224,10.651516716001568
2021-04-18 22:27:00,0.17877199962599266,-10.582596065476281,11.315674969072436
2021-04-18 22:28:00,0.16563974982424068,-10.657591810743012,10.462815313789974
2021-04-18 22:29:00,0.1525526999586393,-10.371421381488394,11.131894593043619
2021-04-18 22:30:00,0.13951395615898854,-10.502560915546974,10.767656705074437
2021-04-18 22:31:00,0.1265266200101679,-9.970668436188262,11.14865216416392
2021-04-18 22:32:00,0.11359378779197171,-9.839179885244839,10.03251456749038
2021-04-18 22:33:00,0.10071854971666416,-11.033236472510053,10.384165963635324
2021-04-18 22:34:00,0.0879039888212414,-10.906013273874791,10.724958839273325
2021-04-18 22:35:00,0.07515318056144604,-10.243255724826495,10.938692317278754
2021-04-18 22:36:00,0.062469191501513976,-10.67120130372355,10.42425564775942
2021-04-18 22:37:00,0.049855078687406795,-11.609196477517948,10.28789471213641
2021-04-18 22:38:00,0.03731388901746602,-9.877494433972329,10.132422583390449
2021-04-18 22:39:00,0.02484865800555547,-10.887549030361328,10.37238426936079
2021-04-18 22:40:00,0.012462409070462588,-10.720088636036508,10.347538837595323
2021-04-18 22:41:00,0.0001581531049890117,-9.865845362126871,10.378405543075473
2021-04-18 22:42:00,-0.012061113096025644,-10.725433023981244,10.622794409789622
2021-04-18 22:43:00,-0.02419240680862289,-10.767999747016063,10.531671540596275
2021-04-18 22:44:00,-0.036232761063589525,-9.88633295849514,10.733109193773375
2021-04-18 22:45:00,-0.048179224831427225,-10.521869562155391,10.518992637455852
2021-04-18 22:46:00,-0.06002886389513262,-10.496392560641906,9.76169485995467
2021-04-18 22:47:00,-0.07177876207954637,-10.368383474630585,10.73060309756452
2021-04-18 22:48:00,-0.08342602171700642,-10.705234709613885,9.744025888205535
2021-04-18 22:49:00,-0.09496776433307719,-11.02104894406215,9.958875902154256
2021-04-18 22:50:00,-0.10640113186107791,-10.638791809833023,10.275327537513474
2021-04-18 22:51:00,-0.11772328703468238,-10.7420634682278,10.428971261355466
2021-04-18 22:52:00,-0.12893141437941402,-10.039573729813291,10.292827600601344
2021-04-18 22:53:00,-0.14002272102098345,-10.859879017538761,10.6054476503516
2021-04-18 22:54:00,-0.15099443727033235,-11.27195142625909,10.587662692672875
2021-04-18 22:55:00,-0.16184381757552668,-10.805757697216677,10.87180320375956
2021-04-18 22:56:00,-0.17256814121618702,-10.612770815534958,10.455986150411148
2021-04-18 22:57:00,-0.18316471299818682,-10.429133532032905,9.277799520207408
2021-04-18 22:58:00,-0.19363086421466513,-10.730409510223112,9.968970588998493
2021-04-18 22:59:00,-0.2039639530216355,-11.547725941329853,9.985686926112876
2021-04-18 23:00:00,-0.21416136556447096,-11.71879814561412,9.794229302479337
2021-04-18 23:01:00,-0.22422051657916575,-10.076888400843135,10.676588067438422
2021-04-18 23:02:00,-0.23413884981580002,-10.53563488825781,10.48357168798557
2021-04-18 23:03:00,-0.2439138392626391,-11.07349964767998,10.949277465232601
2021-04-18 23:04:00,-0.253542989527864,-10.784267705584396,10.038981248275126
2021-04-18 23:05:00,-0.26302383654212924,-9.567997164022403,10.46315893468597
2021-04-18 23:06:00,-0.2723539483781243,-10.755018232226176,10.641378135216026
2021-04-18 23:07:00,-0.2815309258085732,-10.868473758020517,9.799293483454491
2021-04-18 23:08:00,-0.2905524031375327,-10.652269024754352,10.24100729662974
2021-04-18 23:09:00,-0.29941604869783767,-11.009080028828137,10.809420177589205
2021-04-18 23:10:00,-0.30811956557639486,-11.260885523926005,10.242187668002384
2021-04-18 23:11:00,-0.316660692264504,-10.880724108255082,9.759478937369014
2021-04-18 23:12:00,-0.32503720338019426,-10.980940093043301,10.02008717999833
2021-04-18 23:13:00,-0.33324691003380935,-10.293275185414263,10.712853571328854
2021-04-18 23:14:00,-0.3412876608030415,-10.529318861349468,10.240640264700799
2021-04-18 23:15:00,-0.3491573420474986,-10.725821538883993,10.37113149733333
2021-04-18 23:16:00,-0.35685387863455287,-9.950445953654683,10.40363676303159
2021-04-18 23:17:00,-0.3643752345958795,-11.115882929979836,9.39150659495533
2021-04-18 23:18:00,-0.3717194134909767,-10.863267036316444,10.247797486067489
2021-04-18 23:19:00,-0.3788844592666847,-10.86961275312147,9.754442792415787
2021-04-18 23:20:00,-0.38586845646104084,-11.352032615844863,10.09272447925296
2021-04-18 23:21:00,-0.3926695311068208,-10.617320462463887,9.529159331432707
2021-04-18 23:22:00,-0.39928585108637726,-10.019569389480045,10.26813763483751
2021-04-18 23:23:00,-0.4057156265496512,-11.486285712651762,10.318365059834136
2021-04-18 23:24:00,-0.41195711070001373,-12.113803978845391,10.211250270452183
2021-04-18 23:25:00,-0.41800860006561413,-10.194669789702973,10.624423614941717
2021-04-18 23:26:00,-0.4238684350887343,-11.235826019149291,10.286158850517998
2021-04-18 23:27:00,-0.4295350005907089,-11.1016990645861,10.309278694204512
2021-04-18 23:28:00,-0.43500672621520575,-10.848284535179056,9.810106145696915
2021-04-18 23:29:00,-0.4402820869602525,-10.327351340267118,10.100245224926462
2021-04-18 23:30:00,-0.4453596035056382,-10.95267314846657,10.22338072907395
2021-04-18 23:31:00,-0.45023784270715794,-10.453362686613959,9.496977429385417
2021-04-18 23:32:00,-0.454915418045174,-10.906150735009573,9.458637071729834
2021-04-18 23:33:00,-0.45939098999977734,-11.319483393962695,9.938361425740371
2021-04-18 23:34:00,-0.4636632663751781,-10.552557459762635,10.050037819000863
2021-04-18 23:35:00,-0.4677310027938718,-10.803341687702789,10.76290094442664
2021-04-18 23:36:00,-0.47159300301464446,-10.748653147443878,10.300935607435592
2021-04-18 23:37:00,-0.4752481192500707,-11.451434924921823,9.895336990668833
2021-04-18 23:38:00,-0.4786952526412678,-11.29513792901783,10.229031520250349
2021-04-18 23:39:00,-0.4819333533807669,-11.07475113881249,10.0650408297816
2021-04-18 23:40:00,-0.48496142121917263,-11.059280449979683,11.03598346986872
2021-04-18 23:41:00,-0.4877785056453635,-11.116258569099614,9.69128051955452
2021-04-18 23:42:00,-0.4903837062369525,-11.211249431480294,9.99215758149187
2021-04-18 23:43:00,-0.49277617295294995,-11.001017107437344,9.5915627152292
2021-04-18 23:44:00,-0.49495510628860173,-11.276809644796534,9.74029233187137
2021-04-18 23:45:00,-0.4969197576670893,-10.615600575476856,10.460429562707919
2021-04-18 23:46:00,-0.49866942960362803,-10.851095677809553,10.57998692478841
2021-04-18 23:47:00,-0.5002034758750694,-10.552956046200642,9.921782806963428
2021-04-18 23:48:00,-0.5015213018556495,-10.831719798873745,10.171124837676402
2021-04-18 23:49:00,-0.5026223645823077,-11.942043794509502,9.973487199341665
2021-04-18 23:50:00,-0.5035061730397656,-11.23083100221762,10.390117366436975
2021-04-18 23:51:00,-0.5041722882365316,-10.834782483302169,9.808458047435074
2021-04-18 23:52:00,-0.5046203234355189,-11.261454415292217,9.99049187298061
2021-04-18 23:53:00,-0.5048499442619389,-10.48695204666737,9.309755896916435
2021-04-18 23:54:00,-0.5048608687812356,-10.709893809324019,10.522648971403195
2021-04-18 23:55:00,-0.5046528677153661,-11.78835741736334,9.716984391199922
2021-04-18 23:56:00,-0.504225764415082,-11.192383933617856,10.705116946522532
2021-04-18 23:57:00,-0.5035794350544266,-10.606209213768167,9.462459055708566
2021-04-18 23:58:00,-0.5027138086154657,-11.109954867127405,10.374554181933725
2021-04-18 23:59:00,-0.5016288669918139,-10.83120389254191,10.63468038434984
2021-04-19 00:00:00,-0.5003246450324172,-11.012000378708166,10.018680527171467
2021-04-19 00:01:00,-0.49880123050220704,-11.29069602500092,10.16538737372278
2021-04-19 00:02:00,-0.4970587641664025,-11.304056297366264,9.80339592294407
2021-04-19 00:03:00,-0.49509743978424314,-10.904847961478552,10.221391250587555
2021-04-19 00:04:00,-0.49291750400893997,-10.473404182047922,10.486899052101405
2021-04-19 00:05:00,-0.49051925648916206,-10.845087917899933,11.019535818723112
2021-04-19 00:06:00,-0.4879030496895169,-10.789345364392528,10.225371291158146
2021-04-19 00:07:00,-0.4850692889233361,-10.077238436622793,10.187978472823009
2021-04-19 00:08:00,-0.4820184322547022,-11.174990708145778,10.098756673412819
2021-04-19 00:09:00,-0.47875099041472324,-10.862538435996807,10.397908483823981
2021-04-19 00:10:00,-0.4752675266032286,-10.854106106338635,10.760427006216956
2021-04-19 00:11:00,-0.4715686566104762,-10.632010597617594,10.399308458668731
2021-04-19 00:12:00,-0.46765504841595207,-10.916054479975042,9.455815088067933
2021-04-19 00:13:00,-0.46352742224939814,-11.10927501139228,10.341026934036677
2021-04-19 00:14:00,-0.4591865503097986,-11.030159499644395,10.549133810949135
2021-04-19 00:15:00,-0.4546332565616218,-11.399922382126785,10.470238794549351
2021-04-19 00:16:00,-0.4498684168171123,-11.55521936591005,10.27074589739082
2021-04-19 00:17:00,-0.44489295815754726,-11.339991842350626,9.1004742596636
2021-04-19 00:18:00,-0.43970785896548537,-10.919554749640739,10.148928437854854
2021-04-19 00:19:00,-0.4343141487003156,-11.332441120287642,9.903943702967505
2021-04-19 00:20:00,-0.4287129074971362,-11.342520898428528,10.012344584578022
2021-04-19 00:21:00,-0.42290526611546186,-11.494893879593981,9.220230365935564
2021-04-19 00:22:00,-0.4168924054906832,-11.341601660672232,9.792218102647631
2021-04-19 00:23:00,-0.41067555653954935,-11.09202732784862,10.046031304801074
2021-04-19 00:24:00,-0.4042559999330253,-11.115947574335054,9.614721203199881
2021-04-19 00:25:00,-0.397635065637009,-11.892474382784505,9.258661871972894
2021-04-19 00:26:00,-0.39081413267515475,-10.919768269576853,10.40452447921877
2021-04-19 00:27:00,-0.38379462887211835,-10.099518307991996,10.536860581620694
2021-04-19 00:28:00,-0.3765780303158719,-10.644871640781048,10.449956919570672
2021-04-19 00:29:00,-0.3691658612263743,-10.811410440495504,10.698200006202589
2021-04-19 00:30:00,-0.3615596934117379,-10.781015295262746,10.268067669205553
2021-04-19 00:31:00,-0.3537611458177832,-11.216349425449666,11.245816932215373
2021-04-19 00:32:00,-0.3457718845596849,-10.677282776787898,9.71304306177376
2021-04-19 00:33:00,-0.3375936218990554,-11.107715558871828,11.230083253231006
2021-04-19 00:34:00,-0.32922811625485837,-10.687157148336109,9.655110799296702
2021-04-19 00:35:00,-0.32067717170863363,-11.509991822304148,10.331630617383746
2021-04-19 00:36:00,-0.31194263736956906,-11.041246072777327,10.568343079363308
2021-04-19 00:37:00,-0.3030264071734008,-11.20263996014103,10.211925930734225
2021-04-19 00:38:00,-0.29393041917944285,-10.36467335334294,9.808606372991383
2021-04-19 00:39:00,-0.2846566551983132,-10.434345262131007,10.14571681025914
2021-04-19 00:40:00,-0.2752071403948727,-11.267994201440388,10.108959225841609
2021-04-19 00:41:00,-0.26558394257377715,-11.05668761561479,10.091242940497251
2021-04-19 00:42:00,-0.2557891717823344,-10.858739638518362,9.818989171202299
2021-04-19 00:43:00,-0.2458249798750226,-10.417579258826835,10.379156167176701
2021-04-19 00:44:00,-0.23569355973970385,-10.515972401866655,10.277720968945331
2021-04-19 00:45:00,-0.22539714502513775,-10.595682019834259,10.902416469933858
2021-04-19 00:46:00,-0.21493800938631724,-11.345680920144307,10.9793130517701
2021-04-19 00:47:00,-0.20431846579147073,-10.643994189429083,10.447787696016064
2021-04-19 00:48:00,-0.19354086653527602,-10.048048566470477,10.138763071071374
2021-04-19 00:49:00,-0.18260760175674262,-10.826747091121236,9.901070401126994
2021-04-19 00:50:00,-0.17152109976629165,-11.27065537464618,10.324432069728248
2021-04-19 00:51:00,-0.16028382573736216,-10.993868367017948,10.029571461072596
2021-04-19 00:52:00,-0.14889828122594534,-10.6164236432434,10.257575598085156
2021-04-19 00:53:00,-0.13736700407060848,-11.151341392423358,9.899806920739978
2021-04-19 00:54:00,-0.12569256692759628,-10.860244545073915,10.355603825377154
2021-04-19 00:55:00,-0.11387757718215441,-10.306257722820828,10.025972277617859
2021-04-19 00:56:00,-0.10192467627398638,-10.076410338740489,10.42329799406859
2021-04-19 00:57:00,-0.08983653869690006,-10.855297359924295,10.270456217187748
2021-04-19 00:58:00,-0.07761587172105072,-10.793212537009314,9.986273882472346
2021-04-19 00:59:00,-0.06526541440299494,-10.255704310905287,10.322430164479321
2021-04-19 01:00:00,-0.052787937017858444,-10.807418292607004,10.120788905756632
2021-04-19 01:01:00,-0.040186240488936986,-10.770986713846076,10.423678797055878
2021-04-19 01:02:00,-0.027463155409036766,-11.131140254367926,10.260130595513822
2021-04-19 01:03:00,-0.01462154150387629,-10.345382213952714,10.799067960423018
2021-04-19 01:04:00,-0.0016642870008328758,-11.069783369623822,10.723681740839673
2021-04-19 01:05:00,0.011405692419764024,-10.656540388267503,10.895369318433907
2021-04-19 01:06:00,0.0245854539198177,-10.461228867328458,10.02614435903101
2021-04-19 01:07:00,0.037872028628885335,-10.938445505697128,10.483885952028798
2021-04-19 01:08:00,0.05126242240750123,-9.91431565166428,10.951208301893411
2021-04-19 01:09:00,0.06475361596610468,-10.39858690208336,10.763555804450839
2021-04-19 01:10:00,0.07834256657123884,-10.107742255738195,10.506036798104574
2021-04-19 01:11:00,0.09202620816878004,-10.786008770387435,10.590680914015122
2021-04-19 01:12:00,0.10580145221950521,-10.108137294180935,10.313767136884223
2021-04-19 01:13:00,0.1196651887572599,-11.095419583413005,10.261174796038445
2021-04-19 01:14:00,0.1336142868366878,-10.250021951692045,10.796732281982376
2021-04-19 01:15:00,0.14764559558901558,-10.534248484775137,9.496810788698221
2021-04-19 01:16:00,0.16175594496644075,-9.968699377102386,11.548641133836815
2021-04-19 01:17:00,0.17594214625741927,-9.968160248035028,11.056157471940708
2021-04-19 01:18:00,0.19020099332142276,-9.596370453249925,10.666778360867553
2021-04-19 01:19:00,0.20452926318793146,-10.222977258232943,10.477010900051448
2021-04-19 01:20:00,0.21892371664882135,-11.07876936886673,10.685268528691685
2021-04-19 01:21:00,0.23338109955841335,-11.033222002995199,10.371292091021179
2021-04-19 01:22:00,0.24789814315399142,-10.564407743926582,10.541192455871748
2021-04-19 01:23:00,0.2624715651816085,-10.783599343804076,10.581714168896701
2021-04-19 01:24:00,0.27709807086843846,-10.152043604258562,10.914011840692291
2021-04-19 01:25:00,0.2917743529785808,-9.401209514143714,10.53947288379804
2021-04-19 01:26:00,0.30649709375867973,-10.08455271297347,10.307101807706063
2021-04-19 01:27:00,0.32126296491165796,-10.70843737932797,10.819358314636988
2021-04-19 01:28:00,0.33606862866425036,-10.360372585514272,10.51458653923885
2021-04-19 01:29:00,0.3509107388699345,-10.461312616040479,11.008139143239912
2021-04-19 01:30:00,0.3657859412287728,-10.591870959768167,10.978668221884547
2021-04-19 01:31:00,0.38069087497596865,-10.02419814206461,10.394964972725429
2021-04-19 01:32:00,0.3956221730880875,-10.513824449067787,10.986613978222989
2021-04-19 01:33:00,0.4105764631848161,-9.865229931564535,12.2120320405237
2021-04-19 01:34:00,0.4255503686664796,-11.425888210951976,10.948875897185673
2021-04-19 01:35:00,0.4405405091967626,-10.230364321907391,10.448230430479695
2021-04-19 01:36:00,0.455543501902792,-10.77561844850896,11.77155564760425
2021-04-19 01:37:00,0.47055596197964883,-10.422928454517132,10.50691445927582
2021-04-19 01:38:00,0.48557450349122966,-10.308834944466106,10.559798514801253
2021-04-19 01:39:00,0.5005957404094139,-10.510049422479337,10.159258255798697
2021-04-19 01:40:00,0.5156162874371173,-9.819181253178115,11.077865154462328
2021-04-19 01:41:00,0.5306327605059162,-9.802357210150182,11.289013354491804
2021-04-19 01:42:00,0.5486687865387627,-9.204504209204659,11.437785489755495
2021-04-19 01:43:00,0.5666939786593839,-9.819813244193117,11.059527053566853
2021-04-19 01:44:00,0.5847049624325249,-9.84910676007811,12.752376917717852
2021-04-19 01:45:00,0.602698368473893,-10.27194756580169,11.374067095781134
2021-04-19 01:46:00,0.6206708325965643,-10.449228244358437,11.767396241321778
2021-04-19 01:47:00,0.6386189975775831,-10.132056489101638,10.994118201885815
2021-04-19 01:48:00,0.6565395132974745,-9.926858130785961,10.428795838760314
2021-04-19 01:49:00,0.6744290377076121,-10.325437556677475,11.471071303082445
2021-04-19 01:50:00,0.6922842379658535,-10.501629928433598,11.954550220219385
2021-04-19 01:51:00,0.7101017907096445,-10.265792530228335,11.509287613047654
2021-04-19 01:52:00,0.727878383444859,-8.518884875876099,11.673130993901614
2021-04-19 01:53:00,0.7456107149970171,-10.079593757472411,10.699418761752812
2021-04-19 01:54:00,0.7632954963230215,-9.23536182898168,11.6155965529253
2021-04-19 01:55:00,0.7809294514864471,-9.736201773203613,11.121637841407843
2021-04-19 01:56:00,0.7985093184390004,-9.64686003005029,11.598981242561374
2021-04-19 01:57:00,0.8160318495702299,-10.374501135224666,11.205182931775672
2021-04-19 01:58:00,0.8334938128374632,-9.810558215281432,10.477323376841031
2021-04-19 01:59:00,0.8508919922218914,-9.281382274662214,11.606481645875723
2021-04-19 02:00:00,0.8682231887901988,-9.897190942704093,12.922293428745126
2021-04-19 02:01:00,0.8854842215101452,-10.378906002471435,12.224442150274022
2021-04-19 02:02:00,0.902671927375504,-9.671209853851698,11.550352930394522
2021-04-19 02:03:00,0.9197831631357414,-9.91928685336497,11.239061680250217
2021-04-19 02:04:00,0.9368148054343797,-9.358395036421848,11.254071426765131
2021-04-19 02:05:00,0.9537637514837556,-10.400275010122916,11.986974872634633
2021-04-19 02:06:00,0.9706269203223392,-9.690650186061179,11.787430960043046
2021-04-19 02:07:00,0.9874012530233968,-9.284035303344188,11.692930753336492
2021-04-19 02:08:00,1.0040837137741832,-10.09008535527469,11.605512672103881
2021-04-19 02:09:00,1.0206712904772264,-9.431140199225196,11.778403891238746
2021-04-19 02:10:00,1.0371609953506815,-9.574591358999994,10.462236284631674
2021-04-19 02:11:00,1.0535498659239773,-9.910743209284506,11.31595371735042
2021-04-19 02:12:00,1.0698349654947503,-9.97276164733708,11.500160991198388
2021-04-19 02:13:00,1.0860133838100046,-9.820820980412936,11.490456945308066
2021-04-19 02:14:00,1.1020822380614983,-9.508023304202052,11.590150390645224
2021-04-19 02:15:00,1.118038673050325,-9.397533114494278,11.442800631839654
2021-04-19 02:16:00,1.1338798623619029,-9.127755802116804,12.054474734202678
2021-04-19 02:17:00,1.1496030089265898,-8.98031770943079,11.752130913749697
2021-04-19 02:18:00,1.1652053451842657,-8.776014707726567,10.945075377333382
2021-04-19 02:19:00,1.1806841344295558,-9.736858993501794,11.560156228622809
2021-04-19 02:20:00,1.1960366709363535,-9.797319426041186,11.553912057231626
2021-04-19 02:21:00,1.2112602808771153,-8.83048177243824,11.793331846312173
2021-04-19 02:22:00,1.226352322959868,-9.24839645486087,12.108349146045848
2021-04-19 02:23:00,1.2413101884996727,-9.54148832477868,11.577059960055957
2021-04-19 02:24:00,1.2561313028333116,-8.877377134355948,11.54517935107807
2021-04-19 02:25:00,1.270813125396719,-8.586508422989326,11.203499726376002
2021-04-19 02:26:00,1.2853531502036006,-9.473033272537224,11.746886483775794
2021-04-19 02:27:00,1.299748906890723,-9.173853546594952,11.669562436643833
2021-04-19 02:28:00,1.3139979608033587,-9.286763563224085,12.090772674727074
2021-04-19 02:29:00,1.3280979138080902,-9.666080854450348,11.781538848924965
2021-04-19 02:30:00,1.3420464048361462,-9.504460118434515,11.760275678080728
2021-04-19 02:31:00,1.3558411101919998,-9.821721758727989,11.978084741424343
2021-04-19 02:32:00,1.369479744301267,-9.841633479530016,12.482702731543593
2021-04-19 02:33:00,1.3829600601226053,-9.070170748593185,12.181672882995967
2021-04-19 02:34:00,1.3962798495579047,-8.986061567398213,12.311471404728783
2021-04-19 02:35:00,1.4094369442021997,-9.431005352395784,10.969416277967053
2021-04-19 02:36:00,1.4224292153751592,-8.834865809179599,13.087748609574493
2021-04-19 02:37:00,1.4352545750328958,-8.90992893833848,12.009170075392499
2021-04-19 02:38:00,1.4479109760895783,-9.078935184337606,12.350141621730593
2021-04-19 02:39:00,1.4603964124584974,-8.549948814612076,11.78168462504136
2021-04-19 02:40:00,1.4727089201317258,-8.593467580433577,12.130586575133455
2021-04-19 02:41:00,1.4848465771703634,-8.930800631556421,12.769752561172544
2021-04-19 02:42:00,1.4968075041210256,-9.54777454285091,11.612081944794676
2021-04-19 02:43:00,1.508589864573251,-8.358479361047912,12.257986989835087
2021-04-19 02:44:00,1.5201918653649447,-8.866484252655193,12.133084620323245
2021-04-19 02:45:00,1.531611757152349,-9.632192984145258,12.360798976347567
2021-04-19 02:46:00,1.5428478345638803,-9.563962996204433,11.78275695280983
2021-04-19 02:47:00,1.5538984366065132,-8.832727656491265,12.647778297801842
2021-04-19 02:48:00,1.5647619470202594,-9.225744350496699,11.195680109651555
2021-04-19 02:49:00,1.5754367946784096,-9.384519465490996,11.121766658999565
2021-04-19 02:50:00,1.585921453583041,-8.582641730197984,11.609361085108452
2021-04-19 02:51:00,1.5962144435836234,-8.453202894031552,12.169333852348272
2021-04-19 02:52:00,1.6063143302940697,-9.299739004226916,11.468074303427528
2021-04-19 02:53:00,1.6162197255212407,-8.793771385964313,11.754789812986427
2021-04-19 02:54:00,1.6259292876011227,-9.253512489441457,12.491764154813005
2021-04-19 02:55:00,1.635441721349709,-9.137123420066343,11.650818218746672
2021-04-19 02:56:00,1.6447557786521583,-8.88831920050973,11.78403854345537
2021-04-19 02:57:00,1.6538702584181277,-8.2737825508578,12.464594411421853
2021-04-19 02:58:00,1.662784006726683,-8.284007311821876,11.75853068529096
2021-04-19 02:59:00,1.671495917480406,-8.957667172301221,12.03721318990589
2021-04-19 03:00:00,1.6800049318160963,-9.0517169249797,13.352158429860427
2021-04-19 03:01:00,1.688310039085804,-8.742621427552915,11.647968087706746
2021-04-19 03:02:00,1.696410276400276,-8.388162272663704,12.637205918924762
2021-04-19 03:03:00,1.7043047290212159,-8.88661075220817,12.858348260915754
2021-04-19 03:04:00,1.7119925304540868,-9.24358259565827,12.690855929764846
2021-04-19 03:05:00,1.7194728625091336,-8.928741224131826,11.71428280386838
2021-04-19 03:06:00,1.7267449555085737,-8.376672528622496,12.068791132288384
2021-04-19 03:07:00,1.7338080882193863,-8.479172842799352,12.616742674375356
2021-04-19 03:08:00,1.7406615879933356,-9.245288214257553,12.47410866549647
2021-04-19 03:09:00,1.7473048308950236,-8.878305524973253,11.740757829606906
2021-04-19 03:10:00,1.753737241603202,-8.444657220398136,12.420625984458551
2021-04-19 03:11:00,1.759958293537316,-8.934950453211123,12.123302797925893
2021-04-19 03:12:00,1.7659675088427125,-8.526606155000254,13.185066114166942
2021-04-19 03:13:00,1.77176445840663,-9.392545245117986,11.835728434851031
2021-04-19 03:14:00,1.7773487617951045,-8.24034518527557,12.49700303419595
2021-04-19 03:15:00,1.782720087411175,-9.302431848917113,12.774958769076964
2021-04-19 03:16:00,1.7878781521454732,-8.298910238370793,12.192347990871372
2021-04-19 03:17:00,1.792822721638923,-8.6689003732207,12.555972222006018
2021-04-19 03:18:00,1.7975536100161233,-8.123956779384379,12.111311850418991
2021-04-19 03:19:00,1.802070679895651,-8.583386754042458,12.907573110099694
2021-04-19 03:20:00,1.8063738423479725,-8.624565148673373,11.561040458566776
2021-04-19 03:21:00,1.8104630566168676,-8.714686871685918,13.482120082840447
2021-04-19 03:22:00,1.8143383302285208,-8.41142766624731,11.74755732063195
2021-04-19 03:23:00,1.817999718757593,-8.489977979049895,12.958858118257664
2021-04-19 03:24:00,1.8214473255981725,-8.614761711110406,12.144298506961217
2021-04-19 03:25:00,1.8246813020207924,-9.468718824947713,12.14946960188474
2021-04-19 03:26:00,1.8277018468124036,-9.516042222541245,11.743959093767177
2021-04-19 03:27:00,1.8305092062313835,-9.007325380990908,12.202674750608546
2021-04-19 03:28:00,1.833103673727385,-9.15035211571215,12.223060589906444
2021-04-19 03:29:00,1.8354855898057785,-9.045043804126124,12.334564933645728
2021-04-19 03:30:00,1.8376553418061223,-9.050030259615903,11.56107175344626
2021-04-19 03:31:00,1.8396133636248009,-8.214645290627155,12.641557543667172
2021-04-19 03:32:00,1.8413601355294749,-8.386810208518392,11.790099607428646
2021-04-19 03:33:00,1.8428961838731812,-8.404425727187748,12.463189208473477
2021-04-19 03:34:00,1.8442220808983532,-8.913171122196477,12.701009220573994
2021-04-19 03:35:00,1.8453384443415644,-8.54706477661661,12.539145440837475
2021-04-19 03:36:00,1.8462459372865538,-9.117355558504233,13.0655091252172
2021-04-19 03:37:00,1.8469452677886533,-9.113852769430185,11.941397367918013
2021-04-19 03:38:00,1.8474371885433212,-8.49568352358618,12.588828497786062
2021-04-19 03:39:00,1.8477224966450096,-8.960864420735817,13.057821994171164
2021-04-19 03:40:00,1.8478020332164933,-8.82238777811522,12.38969931907206
2021-04-19 03:41:00,1.8476766830305174,-8.211900315466108,12.773979559584994
2021-04-19 03:42:00,1.8473473741877926,-8.221595748402528,12.668743669350482
2021-04-19 03:43:00,1.846815077794354,-8.56320228831782,13.423579894365579
2021-04-19 03:44:00,1.8460808075322588,-9.2284892655448,13.209263613840134
2021-04-19 03:45:00,1.8451456192599365,-8.731521787099812,12.720309540812758
2021-04-19 03:46:00,1.8440106106750664,-8.688183514470824,12.419344980462986
2021-04-19 03:47:00,1.8426769208721283,-8.667256253218595,12.711097567206188
2021-04-19 03:48:00,1.8411457299080458,-9.395843896182665,12.284629883404248
2021-04-19 03:49:00,1.8394182584099563,-8.48349734171712,12.295030809822743
2021-04-19 03:50:00,1.837495767153635,-8.50603892607309,11.897921757847614
2021-04-19 03:51:00,1.8353795565464717,-8.269745798362944,12.847165976720506
2021-04-19 03:52:00,1.8330709661696618,-8.88258372483302,12.848745432448943
2021-04-19 03:53:00,1.830571374479391,-8.46922738618186,12.71740504793677
2021-04-19 03:54:00,1.8278821981004048,-8.577981903690258,12.268014508637007
2021-04-19 03:55:00,1.825004891449168,-8.873343857572033,12.094134543621335
2021-04-19 03:56:00,1.8219409463087866,-8.008768370259078,11.825033315494064
2021-04-19 03:57:00,1.8186918911564356,-9.152141095387009,11.95866854366544
2021-04-19 03:58:00,1.8152592908451681,-8.249144149197777,12.696661626009934
2021-04-19 03:59:00,1.8116447459020364,-8.418757197968223,12.591529005452172
2021-04-19 04:00:00,1.8078498921119808,-8.428113842128191,12.662010801811137
2021-04-19 04:01:00,1.803876399997957,-8.921216441642207,12.659591788093072
2021-04-19 04:02:00,1.7997259741534064,-9.34612492218782,12.33897701508967
2021-04-19 04:03:00,1.7954003527911704,-9.12909518502853,12.558411081233594
2021-04-19 04:04:00,1.790901307208551,-8.814556150995536,12.048884393130873
2021-04-19 04:05:00,1.786230641067998,-9.142480398391402,12.080094113494141
2021-04-19 04:06:00,1.7813901900286768,-8.707354803531496,11.940375260912491
2021-04-19 04:07:00,1.7763818209851032,-8.936439660454687,12.728728395623957
2021-04-19 04:08:00,1.7712074314921564,-8.675229186597996,11.716240013315327
2021-04-19 04:09:00,1.7658689494013493,-9.071871601110347,11.462161703693981
2021-04-19 04:10:00,1.7603683318958603,-9.250343671135857,11.787427122084525
2021-04-19 04:11:00,1.7547075651176158,-9.379126051555284,11.950756314221879
2021-04-19 04:12:00,1.7488886635696015,-8.234895815700117,12.007649092742355
2021-04-19 04:13:00,1.74291366927172,-9.59918016607088,12.197786404035714
2021-04-19 04:14:00,1.7367846515137582,-8.688561196436428,11.652094505835503
2021-04-19 04:15:00,1.7305037057345207,-9.202238267133405,12.960422319041566
2021-04-19 04:16:00,1.724072953238073,-8.855292226048174,12.450110945068081
2021-04-19 04:17:00,1.7174945405097817,-8.828143640746248,11.951647481423114
2021-04-19 04:18:00,1.7107706384243828,-8.919928056959701,13.050815816932207
2021-04-19 04:19:00,1.7039034416554597,-8.94039670906107,12.507161356083508
2021-04-19 04:20:00,1.6968951681290059,-9.468140687808491,12.071043026523554
2021-04-19 04:21:00,1.6897480581349875,-8.547803922604585,11.585738949950159
2021-04-19 04:22:00,1.6824643739113971,-8.983857965926322,12.242187027470836
2021-04-19 04:23:00,1.6750463987478725,-9.02146396847493,12.629279893066872
2021-04-19 04:24:00,1.6674964364131082,-9.28364556522153,11.828706374872821
2021-04-19 04:25:00,1.6598168105584283,-9.428938514962894,12.557087539306922
2021-04-19 04:26:00,1.6520098638818097,-9.259637272846543,12.734549309984994
2021-04-19 04:27:00,1.6440779573762787,-8.813481903518108,12.319799945945924
2021-04-19 04:28:00,1.6360234700914873,-9.326501524780648,12.800519319161124
2021-04-19 04:29:00,1.6278487977262266,-9.01470387075877,11.934010562233574
2021-04-19 04:30:00,1.6195563527185315,-9.325168893342923,12.318858556904315
2021-04-19 04:31:00,1.6111485628250928,-9.123188452203205,11.207212199481534
2021-04-19 04:32:00,1.6026278708802457,-8.810775822267015,12.76904442108449
2021-04-19 04:33:00,1.5939967340361445,-9.005503558734267,12.982960550302556
2021-04-19 04:34:00,1.5852576228480522,-8.579795142877305,11.811799641010394
2021-04-19 04:35:00,1.5764130208466516,-8.387593448610685,11.526909382586224
2021-04-19 04:36:00,1.567465423591313,-9.445380747277028,11.440307484752068
2021-04-19 04:37:00,1.5584173380640571,-8.758391554105971,11.965120723981983
2021-04-19 04:38:00,1.5492712820662553,-9.666708864902013,12.56982136785014
2021-04-19 04:39:00,1.5400297832939192,-9.571530173845051,12.293641605571064
2021-04-19 04:40:00,1.5306953787456221,-9.078298995107767,11.674370447282802
2021-04-19 04:41:00,1.5212706141087158,-8.762400953682587,11.540629733085995
2021-04-19 04:42:00,1.511758042792449,-9.137503326483388,11.873961012587609
2021-04-19 04:43:00,1.5021602255349564,-8.898370058705856,11.869675584804511
2021-04-19 04:44:00,1.492479729436115,-9.489053843010325,11.54054470246133
2021-04-19 04:45:00,1.4827191272001063,-8.8377148908744,11.822128340774666
2021-04-19 04:46:00,1.472880996941492,-8.879866258021586,11.934638027619496
2021-04-19 04:47:00,1.4629679207292,-9.979896297030603,11.949793954219945
2021-04-19 04:48:00,1.4529824843948402,-9.226868084269716,12.454314618151471
2021-04-19 04:49:00,1.4429272767667944,-8.993831815677817,12.166951029644592
2021-04-19 04:50:00,1.4328048887428801,-8.189149067750188,12.279171466491151
2021-04-19 04:51:00,1.4226179128690135,-10.131274553642157,10.7169343817605
2021-04-19 04:52:00,1.4123689424060553,-9.129630649895226,12.48682313956336
2021-04-19 04:53:00,1.4020605706978437,-9.135101381884494,12.330348761155172
2021-04-19 04:54:00,1.3916953906613423,-9.61667989409422,11.933968200987705
2021-04-19 04:55:00,1.3812759937895858,-9.772939122407347,12.150744438636151
2021-04-19 04:56:00,1.3708049696076268,-9.00911135961943,12.15815320739191
2021-04-19 04:57:00,1.360284905141918,-9.82997784927816,12.393651568822062
2021-04-19 04:58:00,1.3497183838852629,-9.687338121236472,11.489233933196378
2021-04-19 04:59:00,1.339107985484028,-9.64215580421022,11.419065007268836
2021-04-19 05:00:00,1.3284562848233539,-9.409748403908816,12.03377634501318
2021-04-19 05:01:00,1.317765851246255,-9.68683307867422,12.411694943625868
2021-04-19 05:02:00,1.3070392484325213,-9.062197754372633,12.372113180372095
2021-04-19 05:03:00,1.2962790330966003,-9.129718310937312,12.00025703348885
2021-04-19 05:04:00,1.285487754488266,-9.453718654782637,12.094244368089276
2021-04-19 05:05:00,1.2746679542376627,-9.700334044013493,12.234202813640273
2021-04-19 05:06:00,1.263822164815367,-9.968978975974602,11.759641108475002
2021-04-19 05:07:00,1.25295290986341,-9.362767289204069,10.96214777312435
2021-04-19 05:08:00,1.2420627026644615,-8.204075824773533,12.07769841278954
2021-04-19 05:09:00,1.2311540460478407,-9.500477001854378,11.926265899994421
2021-04-19 05:10:00,1.2202294317053524,-8.260729009186377,12.923810679201008
2021-04-19 05:11:00,1.2092913393798286,-9.144824901992642,11.261286494986397
2021-04-19 05:12:00,1.1983422363028398,-9.30048993711306,12.037742609349419
2021-04-19 05:13:00,1.187384576755486,-9.380740080765255,11.938647132825434
2021-04-19 05:14:00,1.1764208011846855,-8.788793637483108,11.706681188824604
2021-04-19 05:15:00,1.1654533358694037,-8.897685998527704,11.676457390911512
2021-04-19 05:16:00,1.1544845921187368,-9.417816605291877,11.843874914119612
2021-04-19 05:17:00,1.1435169657055289,-9.428782541293554,11.172893956550059
2021-04-19 05:18:00,1.132552836540128,-9.300799834740218,11.237191791367522
2021-04-19 05:19:00,1.1215945676704737,-9.911874803291234,11.645737550955726
2021-04-19 05:20:00,1.1106445051259772,-9.867073927387613,11.373910908141536
2021-04-19 05:21:00,1.0997049771136376,-9.58638593753664,11.3892214906104
2021-04-19 05:22:00,1.0887782933588745,-9.04589808268113,11.313729117079882
2021-04-19 05:23:00,1.0778667450906183,-9.640603972531814,11.136161236215248
2021-04-19 05:24:00,1.0669726037765865,-10.244487498842812,11.363583582280013
2021-04-19 05:25:00,1.0560981211267686,-10.317126407173564,12.513595559545847
2021-04-19 05:26:00,1.045245528460696,-10.001450302865894,11.135101732675
2021-04-19 05:27:00,1.0344170359497624,-9.191598790850135,11.759631380567154
2021-04-19 05:28:00,1.0236148325346617,-9.400631298132957,11.475038288406818
2021-04-19 05:29:00,1.0128410849819511,-9.296296166689627,11.79310427408617
2021-04-19 05:30:00,1.0020979376764638,-9.917891696790145,11.260631976198104
2021-04-19 05:31:00,0.9913875121349239,-9.698783031958177,11.46139586592908
2021-04-19 05:32:00,0.9807119064050269,-10.017823634952814,11.581855639872591
2021-04-19 05:33:00,0.9700731946123857,-9.382936110916406,12.50318922321389
2021-04-19 05:34:00,0.9594734266991064,-9.978303792072957,11.51844577684195
2021-04-19 05:35:00,0.9489146277176718,-9.67213638928324,11.415441801099162
2021-04-19 05:36:00,0.9383987976468016,-9.669344733695459,11.2671149449131
2021-04-19 05:37:00,0.9279279107480045,-10.015367746618521,11.39874791430889
2021-04-19 05:38:00,0.917503915120365,-10.239465767809687,12.337299710523606
2021-04-19 05:39:00,0.9071287327897831,-9.788691393031936,11.272099741315582
2021-04-19 05:40:00,0.8968042585648227,-9.815567852191059,10.982275603312075
2021-04-19 05:41:00,0.8865323600778211,-9.296614432131925,10.973717682519725
2021-04-19 05:42:00,0.8763148777046024,-9.869857039323529,11.597978049852202
2021-04-19 05:43:00,0.8661536232881282,-9.252529093524975,11.868102104202183
2021-04-19 05:44:00,0.8560503808752645,-9.42896239259831,10.930106748931978
2021-04-19 05:45:00,0.846006905426813,-10.178352359318477,11.140393791308748
2021-04-19 05:46:00,0.8360249230658758,-9.474912846170728,11.251691134834687
2021-04-19 05:47:00,0.8261061306157472,-9.617879848091833,11.501706885841857
2021-04-19 05:48:00,0.8162521951046268,-10.540005243678465,10.847220717413396
2021-04-19 05:49:00,0.8064647536602921,-9.41110341401631,11.503798398557677
2021-04-19 05:50:00,0.7967454132127201,-9.999998505297235,10.801335961928743
2021-04-19 05:51:00,0.7870957499681631,-9.669589046157428,11.61068011200688
2021-04-19 05:52:00,0.7775173095521795,-10.079551986686425,10.500200016247565
2021-04-19 05:53:00,0.7680116062827168,-9.735886238778475,11.08956272562971
2021-04-19 05:54:00,0.7585801232301408,-9.29558351867388,11.992076866895667
2021-04-19 05:55:00,0.7492243119191953,-9.814146148279189,10.472970612321822
2021-04-19 05:56:00,0.7399455920671548,-10.19532233573801,11.487266464924256
2021-04-19 05:57:00,0.730745351118996,-9.094763630362682,10.783076667735019
2021-04-19 05:58:00,0.7216249446967509,-10.225131280179061,11.61424465926906
2021-04-19 05:59:00,0.7125856955455261,-10.465970020935368,10.730253229213211
2021-04-19 06:00:00,0.7036288941861564,-9.468880291481856,11.247575088191638
2021-04-19 06:01:00,0.6947557980097798,-9.327755956001122,11.8679264685085
2021-04-19 06:02:00,0.6859676315046463,-9.80356248712539,10.462066533122954
2021-04-19 06:03:00,0.6772655862073619,-10.546633568775235,11.207911096101927
2021-04-19 06:04:00,0.6686508201455539,-9.708778924960898,10.839075288314678
2021-04-19 06:05:00,0.6601244581026446,-9.953700507971636,10.764268547558286
2021-04-19 06:06:00,0.6516875912863778,-10.391337700375598,11.18388252846974
2021-04-19 06:07:00,0.6433412771935672,-9.87649452779848,11.53197580994543
2021-04-19 06:08:00,0.6350865397012664,-10.098261904900669,10.209285774668945
2021-04-19 06:09:00,0.6269243687904351,-9.75271122809994,11.212858533283415
2021-04-19 06:10:00,0.618855720539516,-9.247375218036112,11.368987478378733
2021-04-19 06:11:00,0.6108815171228217,-9.687127614936209,11.343018018811193
2021-04-19 06:12:00,0.6030026465341853,-10.421566567928426,11.668428028468446
2021-04-19 06:13:00,0.5952199629265316,-10.629479458997348,11.077117520077959
2021-04-19 06:14:00,0.5875342861716615,-9.70333622777886,10.460653307667885
2021-04-19 06:15:00,0.5799464019689905,-9.454410747487511,11.365830896295035
2021-04-19 06:16:00,0.5724570621532755,-9.957841686940498,11.27504469591444
2021-04-19 06:17:00,0.5650669841522866,-9.853302220020211,11.234328380901639
2021-04-19 06:18:00,0.557776851341615,-9.644733869945817,11.425973302304433
2021-04-19 06:19:00,0.5505873130645402,-9.772435623185736,11.171414718548327
2021-04-19 06:20:00,0.5434989844899238,-9.318314667860054,11.11325147376293
2021-04-19 06:21:00,0.536512446967402,-10.415576295711011,11.206610558716584
2021-04-19 06:22:00,0.5296282475526906,-10.239465919031218,11.5253942730042
2021-04-19 06:23:00,0.5228468996136755,-10.653045930644419,10.941924525272587
2021-04-19 06:24:00,0.516168882650681,-10.134246464981866,11.017611648187932
2021-04-19 06:25:00,0.5095946424165794,-9.721318418373839,11.20847740700938
2021-04-19 06:26:00,0.5031245909127127,-9.887721720930635,11.321802674298926
2021-04-19 06:27:00,0.4967591068025531,-10.861952175734178,10.76179600869981
2021-04-19 06:28:00,0.49049853511386254,-9.642623025411737,10.656350620745009
2021-04-19 06:29:00,0.4843431877110533,-9.303934547626081,10.9286178549945
2021-04-19 06:30:00,0.4782933432799696,-9.848732211106618,11.18028704101629
2021-04-19 06:31:00,0.4723492474218554,-10.145261803118975,11.33975088320272
2021-04-19 06:32:00,0.46651111298432524,-10.54518802347321,11.295984828692623
2021-04-19 06:33:00,0.46077912012189065,-10.36295824136699,10.633176258805346
2021-04-19 06:34:00,0.45515341636556067,-10.067340312085996,10.849381931286638
2021-04-19 06:35:00,0.4496341171917211,-11.121249232083162,11.381588814243724
2021-04-19 06:36:00,0.4442213055962342,-9.637564938475911,10.91772612000408
2021-04-19 06:37:00,0.4389150331121706,-9.748778570333425,10.692094103467333
2021-04-19 06:38:00,0.43371531918301465,-10.761672420435575,11.085299487440555
2021-04-19 06:39:00,0.42862215201911,-10.018289097941793,11.1733038328305
2021-04-19 06:40:00,0.42363548856473887,-10.41001996599518,10.8887030280187
2021-04-19 06:41:00,0.4187552548065113,-8.874882087199525,11.185247739292357
2021-04-19 06:42:00,0.41398134593824254,-9.768878652192349,11.43270350745589
2021-04-19 06:43:00,0.4093136267856382,-9.873482464047594,11.320767155921699
2021-04-19 06:44:00,0.4047519319623011,-9.83399930130925,11.432150545903275
2021-04-19 06:45:00,0.4002960662202214,-9.91369021641019,11.600235981173032
2021-04-19 06:46:00,0.39594580462735374,-9.698526179986395,10.82342172900805
2021-04-19 06:47:00,0.3917008930273026,-10.21365085996697,11.06171485746443
2021-04-19 06:48:00,0.38756104824794035,-10.981133396320855,11.13537024282901
2021-04-19 06:49:00,0.38352595843955406,-10.038898332281873,10.817178602083224
2021-04-19 06:50:00,0.3795952834050572,-10.059200194467355,11.435173363779178
2021-04-19 06:51:00,0.3757686549811393,-10.287250486727343,11.053204042585966
2021-04-19 06:52:00,0.3720456771606703,-10.37471049483755,10.599802916858117
2021-04-19 06:53:00,0.3684259268573893,-10.623217136863955,11.815234819857018
2021-04-19 06:54:00,0.3649089538282647,-9.6213402256215,11.006680662219987
2021-04-19 06:55:00,0.36149428132881056,-9.87892696468221,10.366096546753498
2021-04-19 06:56:00,0.3581814063848907,-10.659358807071177,10.775913452475914
2021-04-19 06:57:00,0.35496980008582213,-10.336535387264863,10.543373510482107
2021-04-19 06:58:00,0.3518589082266843,-10.943251716218365,11.163538604725028
2021-04-19 06:59:00,0.3488481513994215,-11.023197917951038,11.01590640984102
2021-04-19 07:00:00,0.3459369255368726,-10.248100802614603,10.908952240278301
2021-04-19 07:01:00,0.3431246024547917,-11.449826928104356,10.935405004841101
2021-04-19 07:02:00,0.3404105299717465,-9.461148472976811,10.80921321359227
2021-04-19 07:03:00,0.33779403258670027,-10.558055849208772,11.71169367781903
2021-04-19 07:04:00,0.33527441177646267,-10.9963242061425,10.981266963797342
2021-04-19 07:05:00,0.33285094647728475,-10.44118888402976,10.767287911876446
2021-04-19 07:06:00,0.3305228935196045,-10.786199526567582,10.314312328706903
2021-04-19 07:07:00,0.3282894880072451,-9.983114154502259,10.75207763961112
2021-04-19 07:08:00,0.3261499438971053,-10.18206411517251,10.533050490996873
2021-04-19 07:09:00,0.32410345437217436,-10.541235600376057,10.75543075468155
2021-04-19 07:10:00,0.32214919228023464,-10.918307143574214,10.763602565858484
2021-04-19 07:11:00,0.32028631063695046,-10.512722423823332,10.76851509283608
2021-04-19 07:12:00,0.3185139431847317,-11.006398862840513,10.890110027256377
2021-04-19 07:13:00,0.31683120466714954,-10.355935082702219,11.170841335222264
2021-04-19 07:14:00,0.3152371915432315,-10.25803501409186,11.106756548944064
2021-04-19 07:15:00,0.31373098227987006,-9.820086739787664,10.820145378172079
2021-04-19 07:16:00,0.31231163792403316,-10.11824649163822,10.346555412941784
2021-04-19 07:17:00,0.3109782026264295,-9.711220287399529,11.43440680304435
2021-04-19 07:18:00,0.3097297041043994,-10.42299327215525,11.995635676782749
2021-04-19 07:19:00,0.30856515414955943,-10.045301459084047,10.802931779806045
2021-04-19 07:20:00,0.30748354913545717,-9.98138130133957,10.84113470153503
2021-04-19 07:21:00,0.30648387046753534,-9.403691787606265,11.046050357823907
2021-04-19 07:22:00,0.305565085270904,-9.612412205970376,10.783856019027915
2021-04-19 07:23:00,0.3047261466847375,-10.446290888529475,10.816159144734899
2021-04-19 07:24:00,0.3039659944864562,-10.137358072253072,10.67714921735213
2021-04-19 07:25:00,0.3032835557089518,-9.716737702766844,10.835876404817883
2021-04-19 07:26:00,0.3026777449606375,-9.780575837823031,11.528949469520304
2021-04-19 07:27:00,0.30214746508661705,-10.071423632636938,10.543766690363697
2021-04-19 07:28:00,0.30169160771234627,-10.008853099154098,11.390666084602941
2021-04-19 07:29:00,0.3013090536604398,-9.909472618499716,10.960449649592453
2021-04-19 07:30:00,0.3009986736343718,-10.18765753013224,11.18133940496144
2021-04-19 07:31:00,0.3007593285541197,-9.869303147119114,12.277302617897766
2021-04-19 07:32:00,0.3005898703059575,-10.535862247813448,10.86514677808753
2021-04-19 07:33:00,0.3004891421260293,-10.294840065902196,10.856787264515363
2021-04-19 07:34:00,0.3004559792177868,-9.539118129567349,11.37759830394285
2021-04-19 07:35:00,0.3004892092317808,-9.76125894220908,11.670033666049385
2021-04-19 07:36:00,0.3005876528718162,-10.596148631216801,10.634610085660492
2021-04-19 07:37:00,0.3007501243449274,-9.504840684616333,10.716750801474213
2021-04-19 07:38:00,0.30097543197943843,-11.267075258427468,11.807396839642177
2021-04-19 07:39:00,0.3012623787566996,-10.186414668171329,11.3008941602752
2021-04-19 07:40:00,0.3016097627811467,-10.298155467003724,10.405949584482961
2021-04-19 07:41:00,0.3020163778933068,-9.841933125465989,11.655705486984305
2021-04-19 07:42:00,0.3024810141953851,-10.438707867560408,9.831383713048876
2021-04-19 07:43:00,0.30300245854607255,-10.509511517477907,10.168045559576749
2021-04-19 07:44:00,0.30357949517086935,-9.78997247378024,11.149994185226191
2021-04-19 07:45:00,0.3042109060666607,-11.033432981015121,10.753912595973086
2021-04-19 07:46:00,0.3048954717465049,-9.86856687415337,11.204179822954499
2021-04-19 07:47:00,0.3056319715489101,-10.276883478682947,11.00423251626693
2021-04-19 07:48:00,0.30641918430869175,-10.547990363294511,10.557484169120091
2021-04-19 07:49:00,0.3072558888578485,-9.808322578961596,11.015390162061527
2021-04-19 07:50:00,0.30814086453563594,-9.603286352433479,11.032259231724165
2021-04-19 07:51:00,0.30907289170400454,-9.930363287343527,11.156261680331838
2021-04-19 07:52:00,0.31005075230944046,-10.086374396666615,11.275009566124117
2021-04-19 07:53:00,0.3110732303944149,-9.900023671340511,11.049107616030012
2021-04-19 07:54:00,0.3121391125912718,-10.675704152973234,11.2792816856633
2021-04-19 07:55:00,0.31324718863790246,-10.55231044607832,10.767265827578322
2021-04-19 07:56:00,0.3143962519400607,-10.724936916317878,10.84624885487682
2021-04-19 07:57:00,0.31558510001381657,-10.19810363936088,10.880532196958148
2021-04-19 07:58:00,0.3168125350495212,-10.421724755180628,11.170416943163307
2021-04-19 07:59:00,0.3180773643622671,-10.485620100585194,11.161567720668911
2021-04-19 08:00:00,0.3193784009455778,-10.4965201043666,11.495864895545823
2021-04-19 08:01:00,0.32071446390717584,-10.1282894475549,11.004850964960648
2021-04-19 08:02:00,0.32208437900191744,-10.314187988145795,10.98751558917824
2021-04-19 08:03:00,0.32348697911793667,-10.046142889376943,10.649960383150153
2021-04-19 08:04:00,0.3249211047434448,-10.284204114989594,10.134927519756348
2021-04-19 08:05:00,0.3263856044274215,-9.746593811012463,10.84258142410229
2021-04-19 08:06:00,0.32787933529977076,-10.816562950066041,10.793566538091119
2021-04-19 08:07:00,0.32940116350551707,-9.816395068631865,11.7883391486589
2021-04-19 08:08:00,0.33094996468235516,-9.228970484831919,10.565368278290102
2021-04-19 08:09:00,0.3325246243943676,-9.708677359580191,11.440670631644563
2021-04-19 08:10:00,0.33412403863698437,-9.825870390815007,11.141575197276449
2021-04-19 08:11:00,0.3357471142178299,-10.165679670915493,11.705675712229354
2021-04-19 08:12:00,0.3373927692596924,-10.11942390430223,11.272005194513236
2021-04-19 08:13:00,0.339059933589722,-10.547794352970943,10.828160557804448
2021-04-19 08:14:00,0.3407475492072878,-10.134233960723812,10.598809376640094
2021-04-19 08:15:00,0.3424545706792015,-10.431418209815252,10.993584284672094
2021-04-19 08:16:00,0.3441799655668706,-10.532676095159262,10.565683752822356
2021-04-19 08:17:00,0.3459227148556526,-9.680702771133049,10.938203800391305
2021-04-19 08:18:00,0.3476818133338294,-10.682381130877074,10.951465899421372
2021-04-19 08:19:00,0.3494562700012783,-9.905515790103449,10.86877420692326
2021-04-19 08:20:00,0.3512451084775694,-9.906225057069708,11.283815927762515
2021-04-19 08:21:00,0.3530473673574501,-10.43015021027259,10.138418088412118
2021-04-19 08:22:00,0.35486210061752554,-11.20267292169288,11.012239759341403
2021-04-19 08:23:00,0.35668837796627917,-10.681266481912639,10.774981025474453
2021-04-19 08:24:00,0.3585252852252149,-10.145587093219113,10.836592837526396
2021-04-19 08:25:00,0.36037192467174917,-9.285760485285412,11.336937562779315
2021-04-19 08:26:00,0.3622274153947015,-9.338302981002132,11.17337274217017
2021-04-19 08:27:00,0.36409089364214653,-10.566009298151975,11.303247326433434
2021-04-19 08:28:00,0.36596151314127146,-10.577592963890009,10.668964550023231
2021-04-19 08:29:00,0.3678384454400945,-9.677251190630596,10.777117614818062
2021-04-19 08:30:00,0.3697208802157079,-9.803124479637606,11.308223493900874
2021-04-19 08:31:00,0.3716080255873867,-10.385495870077488,10.50783473096996
2021-04-19 08:32:00,0.3734991084215793,-10.611376309386953,10.809138306446972
2021-04-19 08:33:00,0.37539337462638633,-9.295427773509044,10.73707680883836
2021-04-19 08:34:00,0.37729008942989783,-9.881371846463994,10.379880406484158
2021-04-19 08:35:00,0.3791885376707317,-9.958220297572415,11.890449259875227
2021-04-19 08:36:00,0.38108802405758035,-9.903580003281949,11.143730967009775
2021-04-19 08:37:00,0.3829878734327139,-10.861236401872295,10.015359790286256
2021-04-19 08:38:00,0.3848874310234359,-10.068071383722685,10.862645553808212
2021-04-19 08:39:00,0.3867860626873981,-9.863659224264966,10.197269299569708
2021-04-19 08:40:00,0.3886831551504024,-10.238335750681408,10.690189695449671
2021-04-19 08:41:00,0.39057811622488914,-10.52827820434386,11.268163284954426
2021-04-19 08:42:00,0.39247037502830606,-10.201677246199106,10.769780907177868
2021-04-19 08:43:00,0.39435938219782474,-9.90815045879363,10.71594206230849
2021-04-19 08:44:00,0.39624461008062706,-10.616178703604694,9.925003312985451
2021-04-19 08:45:00,0.39812555292762397,-10.498946353965414,11.185908920272592
2021-04-19 08:46:00,0.4000017270813583,-10.774616924083901,11.455860757102604
2021-04-19 08:47:00,0.4018726711377212,-9.913453127037856,11.221320342286491
2021-04-19 08:48:00,0.4037379460997259,-9.708726995522833,10.637833112857324
2021-04-19 08:49:00,0.4055971355588581,-9.688087531043072,11.431084025435261
2021-04-19 08:50:00,0.4074498458162682,-10.441018651799205,10.392275025627129
2021-04-19 08:51:00,0.4092957060107767,-10.246317284320961,10.907402181873481
2021-04-19 08:52:00,0.4111343682732508,-10.12114733269693,10.784169736127325
2021-04-19 08:53:00,0.4129655078017539,-10.692947992087214,11.30977361610142
2021-04-19 08:54:00,0.41478882301923825,-10.347021184359384,11.16123073854066
2021-04-19 08:55:00,0.41660403560091397,-10.427983133166961,10.634267635058414
2021-04-19 08:56:00,0.41841089063681147,-10.282653426759413,10.640973941481455
2021-04-19 08:57:00,0.42020915664829617,-9.977201854727419,10.186886462342555
2021-04-19 08:58:00,0.4219986256877013,-9.332527416425723,11.842025670488844
2021-04-19 08:59:00,0.4237791133727832,-9.860689882610405,10.769950181092073
2021-04-19 09:00:00,0.4255504589834621,-9.807384927792205,10.746004605742556
2021-04-19 09:01:00,0.4273125254362955,-9.62320930382781,11.42566627338974
2021-04-19 09:02:00,0.42906519934059906,-10.504670087307279,10.24570569561947
2021-04-19 09:03:00,0.4308083910351397,-10.21157897188262,10.764531305748957
2021-04-19 09:04:00,0.43254203459857166,-10.049214416327752,11.438454182820287
2021-04-19 09:05:00,0.43426608777652786,-10.593070863225426,10.923103338249504
2021-04-19 09:06:00,0.43598053210072896,-10.161987323881094,10.962762419185895
2021-04-19 09:07:00,0.43768537273985963,-10.454312203050538,10.825915948013272
2021-04-19 09:08:00,0.43938063856982723,-11.075483864540683,10.830034559285302
2021-04-19 09:09:00,0.44106638205444215,-10.698006977429456,11.263265929900212
2021-04-19 09:10:00,0.44274267927375854,-9.781458696307133,11.315189184412128
2021-04-19 09:11:00,0.4444096298208491,-10.417880942711088,11.001515216430818
2021-04-19 09:12:00,0.44606735671613096,-10.59443293145738,10.870447440980314
2021-04-19 09:13:00,0.4477160063838619,-9.386887370782446,11.043752856186078
2021-04-19 09:14:00,0.44935574855049476,-10.419624716888011,11.336515876986184
2021-04-19 09:15:00,0.4509867760957471,-10.040540979211087,11.206822370044614
2021-04-19 09:16:00,0.4526093050363481,-9.775325108496979,10.882418519889201
2021-04-19 09:17:00,0.4542235743136691,-10.100209554216331,11.130936672628776
2021-04-19 09:18:00,0.45582984579465335,-9.705200739502388,11.00749251081431
2021-04-19 09:19:00,0.45742840396979767,-10.96064137639336,10.845265512537376
2021-04-19 09:20:00,0.45901955599476263,-9.993647399655458,11.38459288169824
2021-04-19 09:21:00,0.4606036314085601,-8.979135034421661,11.265743809372646
2021-04-19 09:22:00,0.4621809820198385,-10.062716897046808,11.513937626416142
2021-04-19 09:23:00,0.46375198171731236,-9.947371105172657,11.072675913335296
2021-04-19 09:24:00,0.46531702633191163,-10.27208500855716,11.253011915661617
2021-04-19 09:25:00,0.46687653343651503,-10.767623566604263,10.818382086224325
2021-04-19 09:26:00,0.468430942086311,-9.874294470650796,11.44126036046017
2021-04-19 09:27:00,0.4699807127042338,-9.443427306821768,11.055583471568593
2021-04-19 09:28:00,0.47152632684463647,-10.958556845495286,10.271649625043924
2021-04-19 09:29:00,0.47306828688489855,-9.631332322266418,10.647840686816988
2021-04-19 09:30:00,0.47460711594769456,-10.119927829972076,10.762683938993655
2021-04-19 09:31:00,0.47614335750558,-10.336552183225573,11.110389716836183
2021-04-19 09:32:00,0.4776775752670681,-9.820228838819798,11.530626971043482
2021-04-19 09:33:00,0.4792103527930841,-10.999840002148277,11.589395053126658
2021-04-19 09:34:00,0.4807422933729031,-9.624954132466232,11.140276785038242
2021-04-19 09:35:00,0.4822740196364673,-10.241506558673766,10.959798518796081
2021-04-19 09:36:00,0.4838061733098574,-10.200276900340285,10.774207017867008
2021-04-19 09:37:00,0.48533941495942434,-9.858559591215055,11.331366073556865
2021-04-19 09:38:00,0.486874423635545,-9.780323159617692,11.495272395103997
2021-04-19 09:39:00,0.48841189666659945,-9.908505353575597,11.058389743253317
2021-04-19 09:40:00,0.4899525491953447,-10.87508252051686,11.299440291193324
2021-04-19 09:41:00,0.4914971140253528,-10.211030826660258,10.60070497442394
2021-04-19 09:42:00,0.49304634122176627,-10.340953726473868,10.702021819163315
2021-04-19 09:43:00,0.494600997699991,-9.398573340147083,11.370144569596004
2021-04-19 09:44:00,0.4961618670449781,-10.188435947865896,10.517966259902988
2021-04-19 09:45:00,0.49772974906346135,-10.026054887504719,11.64530880411145
2021-04-19 09:46:00,0.4993054594207891,-9.639973664772088,10.977438357857995
2021-04-19 09:47:00,0.5008898293080453,-10.336207012152354,10.915503144790254
2021-04-19 09:48:00,0.5024837051035003,-10.634599237765274,11.334144970096194
2021-04-19 09:49:00,0.5040879479923271,-10.288047240750174,10.739980160429363
2021-04-19 09:50:00,0.5057034334773698,-9.905185104583252,12.133937817940524
2021-04-19 09:51:00,0.5073310511805703,-10.256135730485404,10.334973946386562
2021-04-19 09:52:00,0.5089717042834669,-10.697847294893462,10.744239784615266
2021-04-19 09:53:00,0.5106263092147648,-9.746853514200907,11.245389635046083
2021-04-19 09:54:00,0.5122957952619855,-9.662018711067855,11.220656912559392
2021-04-19 09:55:00,0.5139811040771416,-9.990937888815544,11.247595176631386
2021-04-19 09:56:00,0.515683189347691,-9.925096480142825,11.702773058844311
2021-04-19 09:57:00,0.5174030163188258,-9.925007787258878,10.652922153771335
2021-04-19 09:58:00,0.5191415613894681,-10.34599984155247,10.407583135768952
2021-04-19 09:59:00,0.5208998117437937,-10.326022336691164,10.657481102923176
2021-04-19 10:00:00,0.5226787647599674,-9.448492528552803,10.836116434515553
2021-04-19 10:01:00,0.5244794277477356,-10.146970103316102,11.04118276692536
2021-04-19 10:02:00,0.5263028173441368,-9.693698505282896,11.673751230777816
2021-04-19 10:03:00,0.5281499592383275,-10.680791293537428,11.5893702256938
2021-04-19 10:04:00,0.530021887504523,-9.668597482224667,10.27000079113319
2021-04-19 10:05:00,0.5319196443608721,-10.08381235401925,11.482109741952907
2021-04-19 10:06:00,0.5338442795818282,-9.855558225870192,10.764236338250416
2021-04-19 10:07:00,0.5357968500062309,-10.666085554386282,10.700809182720025
2021-04-19 10:08:00,0.5377784191962784,-10.757867104845085,10.85777617851153
2021-04-19 10:09:00,0.5397900568697392,-10.7269738162471,10.252411821509089
2021-04-19 10:10:00,0.541832838409991,-9.591027979737737,10.762751132620819
2021-04-19 10:11:00,0.5439078444533725,-10.182121079981348,10.757132216836146
2021-04-19 10:12:00,0.5460161603518655,-9.619558600497959,11.53733829436532
2021-04-19 10:13:00,0.5481588758064654,-9.970984520339012,11.001772153950096
2021-04-19 10:14:00,0.5503370841190052,-10.011239237571585,11.114849891555188
2021-04-19 10:15:00,0.5525518820517924,-10.350482391775095,10.57156609677572
2021-04-19 10:16:00,0.5548043690237119,-10.276268237139085,10.426226298185602
2021-04-19 10:17:00,0.5570956468339223,-10.711872995208019,11.395860270248084
2021-04-19 10:18:00,0.5594268190042815,-10.117800532665509,10.908523945312178
2021-04-19 10:19:00,0.5617989904364719,-8.898665414030281,10.753514504951207
2021-04-19 10:20:00,0.5642132668100727,-9.653556424908292,11.537620224160847
2021-04-19 10:21:00,0.5666707540664174,-10.112911028889945,10.770604045168515
2021-04-19 10:22:00,0.5691725579904214,-9.288936504421356,11.436201338926386
2021-04-19 10:23:00,0.5717197836940195,-9.323900113799363,11.245920900282604
2021-04-19 10:24:00,0.5743135350090653,-10.193884814019334,10.77514586093433
2021-04-19 10:25:00,0.5769549141348489,-10.10573859202739,11.35123953475972
2021-04-19 10:26:00,0.5796450209742025,-9.735591519104036,11.365178271352327
2021-04-19 10:27:00,0.5823849528574015,-9.75018006524579,11.397826190598622
2021-04-19 10:28:00,0.58517580369034,-9.751272042252435,11.392887581514701
2021-04-19 10:29:00,0.588018663851688,-10.275963443094572,10.958966557663501
2021-04-19 10:30:00,0.590914619377305,-9.989445127503442,10.809531043157405
2021-04-19 10:31:00,0.5938647515779206,-10.409198124169105,10.966780844156062
2021-04-19 10:32:00,0.5968701365340093,-8.882359197968967,11.012695680527267
2021-04-19 10:33:00,0.5999318446320395,-10.459164181782262,11.321134063267811
2021-04-19 10:34:00,0.603050939966404,-9.938324816196605,11.229114176266348
2021-04-19 10:35:00,0.606228479883763,-10.785255398762917,11.167368175644679
2021-04-19 10:36:00,0.609465514497535,-10.941638508714357,11.31796053538822
2021-04-19 10:37:00,0.6127630862394485,-9.795944598037883,11.273020243656948
2021-04-19 10:38:00,0.6161222291771118,-9.879244369900515,11.141882039713668
2021-04-19 10:39:00,0.6195439687856734,-9.869484496140783,11.4281402644917
2021-04-19 10:40:00,0.6230293212147674,-10.346883440651489,11.049748325676104
2021-04-19 10:41:00,0.6265792929659677,-10.401615541062206,11.820953061257365
2021-04-19 10:42:00,0.630194880287065,-10.866817122073046,10.974594907177604
2021-04-19 10:43:00,0.6338770687653286,-10.324494621496958,11.245454584402172
2021-04-19 10:44:00,0.6376268328571978,-10.344301062430459,10.806879906598823
2021-04-19 10:45:00,0.641445135294876,-10.178727626462724,10.314842569462575
2021-04-19 10:46:00,0.6453329267212662,-9.007914289387237,11.402862608703828
2021-04-19 10:47:00,0.6492911452067224,-10.636577894488777,10.972500259071358
2021-04-19 10:48:00,0.6533207157342366,-9.936230675582088,11.217289143066747
2021-04-19 10:49:00,0.6574225497118418,-9.844287179505184,10.690512834139803
2021-04-19 10:50:00,0.6615975446203002,-9.972602557901013,10.986608875356643
2021-04-19 10:51:00,0.6658465834109986,-9.58303506377769,11.031378634062728
2021-04-19 10:52:00,0.6701705341704726,-9.989700963894919,11.433960342845436
2021-04-19 10:53:00,0.6745702496411241,-9.973920557686856,11.302667906975111
2021-04-19 10:54:00,0.6790465667265937,-9.98639969795282,11.292863376868537
2021-04-19 10:55:00,0.6836003060781447,-9.633570146000848,11.528570810329207
2021-04-19 10:56:00,0.6882322716630843,-9.639181354213015,11.072177620516609
2021-04-19 10:57:00,0.6929432503326605,-10.195084152667484,11.6181273555075
2021-04-19 10:58:00,0.6977340114580124,-10.035466041607009,11.24222515525575
2021-04-19 10:59:00,0.7026053063071341,-10.38876389938371,10.048046700992495
2021-04-19 11:00:00,0.7075578678881266,-10.334726820591758,10.610268869463898
2021-04-19 11:01:00,0.7125924104171759,-9.580917029960013,11.754445609604034
2021-04-19 11:02:00,0.7177096287901525,-8.8040262804227,11.091482429487096
2021-04-19 11:03:00,0.7229101984347729,-10.369698111663723,10.81625183135399
2021-04-19 11:04:00,0.7281947747662866,-9.593824712652822,11.468964702021806
2021-04-19 11:05:00,0.7335639927382948,-9.886992824291921,11.850817303896632
2021-04-19 11:06:00,0.7390184666687971,-9.620508636437243,11.570745775359539
2021-04-19 11:07:00,0.7445587895941914,-9.285039301642959,11.849732619781538
2021-04-19 11:08:00,0.7501855332332936,-9.589933585190112,11.26534089007374
2021-04-19 11:09:00,0.7558992473208461,-9.972948271791946,10.999121231275694
2021-04-19 11:10:00,0.7617004593498604,-9.582459545345555,11.370120335097774
2021-04-19 11:11:00,0.767589674331338,-9.696179649467329,10.79145001556921
2021-04-19 11:12:00,0.7735673743848933,-10.125900123448675,11.471617630433363
2021-04-19 11:13:00,0.7796340182625386,-9.488750869775004,11.566166549394831
2021-04-19 11:14:00,0.7857900412981171,-9.422444761420458,11.208642296424394
2021-04-19 11:15:00,0.7920358548607025,-9.288664913638016,10.95296595630842
2021-04-19 11:16:00,0.7983718461214782,-9.866973563575435,10.524445433931506
2021-04-19 11:17:00,0.8047983778197717,-9.671342884994267,11.533659677284193
2021-04-19 11:18:00,0.8113157878373926,-9.744577289220913,11.207870960107115
2021-04-19 11:19:00,0.8179243889973071,-9.805621924763614,11.20840860035401
2021-04-19 11:20:00,0.8246244687593443,-9.044574480472233,11.73282446231812
2021-04-19 11:21:00,0.8314162889331677,-9.208119911496391,11.131239966930604
2021-04-19 11:22:00,0.8383000855158005,-9.52197173895141,10.69755638096891
2021-04-19 11:23:00,0.8452760682054655,-10.162661331618372,11.576004244355012
2021-04-19 11:24:00,0.8523444204275614,-9.725078430840021,11.544292452604694
2021-04-19 11:25:00,0.859505298986251,-9.640876963352898,12.7354215186196
2021-04-19 11:26:00,0.8667588336686207,-8.961019631710766,11.099369760371093
2021-04-19 11:27:00,0.8741051273595686,-9.487141280322401,11.524823736131081
2021-04-19 11:28:00,0.8815442554986678,-10.011230217559362,11.447968290278384
2021-04-19 11:29:00,0.8890762661481005,-9.770171789671195,11.108529605425698
2021-04-19 11:30:00,0.8967011796025772,-10.145670024045662,11.55328745309511
2021-04-19 11:31:00,0.9044189882658805,-9.71452570227199,12.162464749222323
2021-04-19 11:32:00,0.9122296565599802,-10.023668008224073,11.516967296252435
2021-04-19 11:33:00,0.9201331206340234,-9.67725758221855,11.563166731258997
2021-04-19 11:34:00,0.9281292882550553,-9.12086025738048,11.635377823172847
2021-04-19 11:35:00,0.9362180386960495,-9.194875771935605,12.786003314318648
2021-04-19 11:36:00,0.94439922253333,-9.676439933143552,11.663297791282169
2021-04-19 11:37:00,0.9526726615598037,-9.397983283535714,11.824807121409744
2021-04-19 11:38:00,0.9610381487084859,-9.553309370485954,11.039999214138465
2021-04-19 11:39:00,0.969495447810973,-9.698270022802442,11.673699076734996
2021-04-19 11:40:00,0.9780442935973968,-9.589224713461885,11.7575292655822
2021-04-19 11:41:00,0.9866843916811019,-9.542095256312217,11.623245770919942
2021-04-19 11:42:00,0.9954154182060184,-9.509643749316202,11.768376374723791
2021-04-19 11:43:00,1.0042370201718798,-9.357591979537009,11.470151965062644
2021-04-19 11:44:00,1.0131488149022707,-9.28844642466565,11.244339351440516
2021-04-19 11:45:00,1.0221503904632638,-8.897457210094188,12.033040396406824
2021-04-19 11:46:00,1.0312413053546061,-9.196906087910927,11.611801929849019
2021-04-19 11:47:00,1.040421088416015,-9.26215330909501,11.69516094229973
2021-04-19 11:48:00,1.0496892390611134,-9.374377384886042,11.744061998431976
2021-04-19 11:49:00,1.0590452270719743,-9.40592012893002,10.855344928386696
2021-04-19 11:50:00,1.0684884926190499,-9.129907519248784,10.856024770656772
2021-04-19 11:51:00,1.0780184463670541,-9.913026938509676,11.92599850678098
2021-04-19 11:52:00,1.087634469352877,-9.097982471839984,12.273811092917127
2021-04-19 11:53:00,1.0973359131794984,-9.201680468686606,11.910153427285216
2021-04-19 11:54:00,1.1071220999334528,-9.171562138091929,12.284583690290313
2021-04-19 11:55:00,1.116992322216086,-9.989461303847042,11.012876776663962
2021-04-19 11:56:00,1.1269458433149826,-9.555537529308008,11.117529460630266
2021-04-19 11:57:00,1.1369818973049346,-8.99208135663979,12.060322364887224
2021-04-19 11:58:00,1.1470996888079674,-9.829441480194493,11.616047764952617
2021-04-19 11:59:00,1.1572983935156205,-9.348689694441092,11.436097699210508
2021-04-19 12:00:00,1.1675771579750303,-9.433708696403295,12.453998079378227
2021-04-19 12:01:00,1.1779350998323588,-9.980978952166287,12.21035623926355
2021-04-19 12:02:00,1.188371308088492,-9.568639264959906,12.341259011376817
2021-04-19 12:03:00,1.19888484275656,-9.387862233063716,11.671404578517226
2021-04-19 12:04:00,1.2094747356709457,-9.458675660387158,11.454946463625065
2021-04-19 12:05:00,1.2201399899390082,-9.027433044160828,13.284655566514282
2021-04-19 12:06:00,1.230879580732175,-9.635434683707583,11.521558389968312
2021-04-19 12:07:00,1.2416924550768613,-9.904239913867084,11.754190844112944
2021-04-19 12:08:00,1.2525775320320878,-9.140923899520606,11.68192453305697
2021-04-19 12:09:00,1.2635337030964533,-9.509709456959653,11.612525024800188
2021-04-19 12:10:00,1.274559832286729,-9.06576124376582,12.35891293351091
2021-04-19 12:11:00,1.2856547562292755,-8.523855944450117,11.45717014253575
2021-04-19 12:12:00,1.2968172846498516,-8.719822231580382,12.555142552391771
2021-04-19 12:13:00,1.3080462003167423,-10.109622505443973,11.483588446944754
2021-04-19 12:14:00,1.3193402595001706,-8.244890467556639,12.11436372228758
2021-04-19 12:15:00,1.3306981921345078,-9.107510151873282,12.12737561197785
2021-04-19 12:16:00,1.3421187019836003,-8.93647150087841,12.167635948263227
2021-04-19 12:17:00,1.3536004670630366,-10.275850825929577,11.55843316583487
2021-04-19 12:18:00,1.3651421399736128,-9.138214094917775,11.379451968096314
2021-04-19 12:19:00,1.376742347742029,-9.06386647336707,11.91765857703324
2021-04-19 12:20:00,1.3883996928290567,-8.910092445832241,11.769123182745567
2021-04-19 12:21:00,1.4001127526469608,-9.076104158419396,11.28162400801967
2021-04-19 12:22:00,1.4118800805948737,-9.981705716141722,12.027953322550681
2021-04-19 12:23:00,1.4237002059251993,-8.769945810030935,12.263884043704309
2021-04-19 12:24:00,1.4355716341304936,-9.047346418307965,11.57010022676104
2021-04-19 12:25:00,1.4474928474502806,-7.934619585939013,12.543633643189777
2021-04-19 12:26:00,1.459462305128465,-8.824056885238988,12.736510341422894
2021-04-19 12:27:00,1.4714784436577355,-8.558052549150684,12.100704025130266
2021-04-19 12:28:00,1.4835396773855958,-9.572423439063462,12.370229061453397
2021-04-19 12:29:00,1.4956443986164136,-8.81636489208998,11.948916473381708
2021-04-19 12:30:00,1.507790978230626,-9.521778775940653,12.379700938420699
2021-04-19 12:31:00,1.5199777659733291,-8.602208078159416,12.05597486830038
2021-04-19 12:32:00,1.5322030907466584,-9.196041317170817,11.875806064049522
2021-04-19 12:33:00,1.5444652611877236,-8.778526256954619,12.356399790305565
2021-04-19 12:34:00,1.5567625661578435,-8.54363523977694,11.749945181070183
2021-04-19 12:35:00,1.5690932746649013,-10.000331713830796,12.304098505028305
2021-04-19 12:36:00,1.5814556370764585,-8.556618553205965,12.345250246090941
2021-04-19 12:37:00,1.5938478847273436,-9.37186929584835,12.150345501030833
2021-04-19 12:38:00,1.6062682309850815,-9.483499963793346,12.595465835965769
2021-04-19 12:39:00,1.6187148715834068,-8.33407980612032,12.106774578554594
2021-04-19 12:40:00,1.631185984617963,-8.568335776705075,12.357204099637435
2021-04-19 12:41:00,1.6436797317182754,-9.073627361877325,12.671752380995786
2021-04-19 12:42:00,1.6561942580398397,-9.38367381007087,13.292356933688716
2021-04-19 12:43:00,1.6687276927861214,-9.130662766802999,12.15474020055337
2021-04-19 12:44:00,1.6812781499360692,-8.472401607585198,11.914090770779042
2021-04-19 12:45:00,1.693843728419661,-7.985595527913333,12.115860906379831
2021-04-19 12:46:00,1.706422512898281,-8.653043477794895,11.763613647007372
2021-04-19 12:47:00,1.7190125741284537,-8.961987701423103,12.497560330838441
2021-04-19 12:48:00,1.7316119693800662,-9.311860037519315,12.73447394325471
2021-04-19 12:49:00,1.7442187432155787,-8.85625829630407,12.309313116158606
2021-04-19 12:50:00,1.7568309276954872,-8.97789480891014,12.231254150086668
2021-04-19 12:51:00,1.7694465431651742,-8.449535673482746,11.755961638069932
2021-04-19 12:52:00,1.782063598704029,-9.463697850716816,12.38337482440929
2021-04-19 12:53:00,1.7946800925087627,-8.559728600302282,12.387035327606783
2021-04-19 12:54:00,1.8072940126670307,-8.382842407343762,12.60814824041682
2021-04-19 12:55:00,1.8199033377105192,-8.684642605924775,11.507814585656115
2021-04-19 12:56:00,1.8325060367487924,-8.330517857330552,12.826902209434833
2021-04-19 12:57:00,1.8451000707231828,-8.672455669787627,11.465914904568512
2021-04-19 12:58:00,1.8576833921679627,-8.319880004838488,13.054080421797176
2021-04-19 12:59:00,1.8702539465458228,-8.951144755341478,12.44335598346047
2021-04-19 13:00:00,1.8828096723207333,-9.227291544145272,12.8954138177677
2021-04-19 13:01:00,1.8953485015787899,-7.707693032641988,12.61524404064264
2021-04-19 13:02:00,1.9078683607906028,-8.018826116578357,12.7393947300036
2021-04-19 13:03:00,1.9203671713211836,-8.983246854391261,12.73958913004859
2021-04-19 13:04:00,1.9328428498497205,-8.81748915320261,12.223939492610137
2021-04-19 13:05:00,1.9452933092182487,-8.313144392516971,11.934682028367622
2021-04-19 13:06:00,1.957716458789923,-7.498226980219853,12.880300643705967
2021-04-19 13:07:00,1.9701102051910582,-9.41276389922367,11.96638574860259
2021-04-19 13:08:00,1.982472452898592,-8.306144632189003,11.948984688092086
2021-04-19 13:09:00,1.994801104642986,-9.452332535013035,11.254455701750373
2021-04-19 13:10:00,2.0070940622681297,-8.118494084379511,12.851898927131641
2021-04-19 13:11:00,2.019349227305654,-8.94591430461289,12.974629244646565
2021-04-19 13:12:00,2.0315645011662427,-7.986687216092578,13.306640440577992
2021-04-19 13:13:00,2.0437377864870028,-7.405289093131605,12.05371746497983
2021-04-19 13:14:00,2.0558669868793347,-9.498254109878271,12.428005813912595
2021-04-19 13:15:00,2.067950008340394,-8.901805966983254,13.408556293498568
2021-04-19 13:16:00,2.0799847593515595,-9.20736315198766,12.90596268464239
2021-04-19 13:17:00,2.09196915143949,-8.617009290454485,13.074582380106675
2021-04-19 13:18:00,2.103901100292231,-9.394443004438978,12.691426228666316
2021-04-19 13:19:00,2.1157785258623485,-8.018719460150352,13.035013523855403
2021-04-19 13:20:00,2.127599353162613,-8.72125498934893,12.286311110964789
2021-04-19 13:21:00,2.1393615129477137,-8.313287432446245,12.720860833435
2021-04-19 13:22:00,2.1510629421302347,-8.459369096727587,12.711910273071844
2021-04-19 13:23:00,2.162701584631382,-7.415817197138636,13.238810650339346
2021-04-19 13:24:00,2.174275391868665,-8.00528222644889,12.262131316225112
2021-04-19 13:25:00,2.185782323244697,-8.209868619684661,13.033516245370219
2021-04-19 13:26:00,2.197220346959718,-8.763667461361608,13.135798771548915
2021-04-19 13:27:00,2.2085874405834116,-7.37708341534405,12.334915691572053
2021-04-19 13:28:00,2.2198815914738503,-9.337811424611363,13.126466614900728
2021-04-19 13:29:00,2.2311007976266506,-8.160394799271948,13.288181763351863
2021-04-19 13:30:00,2.242243068111603,-8.554166982182911,12.697407783516677
2021-04-19 13:31:00,2.2533064237113583,-8.31095464746239,12.65185611494624
2021-04-19 13:32:00,2.2642888977151987,-8.344654738780752,12.854361110673604
2021-04-19 13:33:00,2.275188535998744,-8.461857191330877,12.581068526542238
2021-04-19 13:34:00,2.2860033983451813,-8.704480558334307,12.219309192180841
2021-04-19 13:35:00,2.2967315582804284,-9.180631996505168,12.636216797927943
2021-04-19 13:36:00,2.3073711042834186,-8.866805023623376,12.606864143481832
2021-04-19 13:37:00,2.3179201400721885,-8.371413289856196,12.662223495403207
2021-04-19 13:38:00,2.3283767851030737,-8.056678016645108,12.525291741096208
2021-04-19 13:39:00,2.338739175430946,-8.545242923523146,12.947287663140823
2021-04-19 13:40:00,2.349005464048373,-8.351384880179891,12.375256367858505
2021-04-19 13:41:00,2.359173821551124,-7.9883044133559284,13.26685493856379
2021-04-19 13:42:00,2.3692424367263647,-7.021776916008444,13.04700756571952
2021-04-19 13:43:00,2.3792095169922467,-8.502588094812952,13.481453756239542
2021-04-19 13:44:00,2.389073289181858,-7.568399492409519,12.601918810676505
2021-04-19 13:45:00,2.398831999901556,-8.707474725982191,12.540558190116633
2021-04-19 13:46:00,2.4084839160811384,-8.433518523232483,13.107330040813425
2021-04-19 13:47:00,2.4180273256723117,-8.24626832353792,13.208595827632228
2021-04-19 13:48:00,2.4274605381831265,-8.468752967661652,12.454092990709265
2021-04-19 13:49:00,2.4367818848846157,-8.56721952049052,13.492836304652652
2021-04-19 13:50:00,2.4459897198294662,-7.727695055055887,12.936103925130611
2021-04-19 13:51:00,2.455082419966955,-7.916787715293624,12.96896287931726
2021-04-19 13:52:00,2.4640583859355845,-9.47303865441209,13.313183880996686
2021-04-19 13:53:00,2.472916042501619,-8.72186980461893,12.999839151716179
2021-04-19 13:54:00,2.4816538388381577,-7.1971717572560125,13.584681732595678
2021-04-19 13:55:00,2.490270249479157,-7.5115302048131865,12.82365283262284
2021-04-19 13:56:00,2.498763774416633,-7.47863991744523,12.79612609857343
2021-04-19 13:57:00,2.5071329396986446,-8.371770063301566,12.805165299790687
2021-04-19 13:58:00,2.5153762980809704,-8.18503439915519,12.639402945809145
2021-04-19 13:59:00,2.5234924292293486,-8.707956681423985,13.103241282870021
2021-04-19 14:00:00,2.531479940369938,-7.759029321475085,13.748685983999307
2021-04-19 14:01:00,2.539337466772223,-7.702902812832589,13.226823998043802
2021-04-19 14:02:00,2.5470636719927873,-8.164378071871539,13.28082459179685
2021-04-19 14:03:00,2.5546572486008987,-7.7500094069622225,13.421451345009253
2021-04-19 14:04:00,2.5621169183774066,-7.796649247340982,12.628916166938453
2021-04-19 14:05:00,2.569441432902053,-7.850531722525218,12.643197735953832
2021-04-19 14:06:00,2.5766295738963176,-8.160864118441367,12.891518342017063
2021-04-19 14:07:00,2.583680153609092,-7.9418000425883575,13.322110053585451
2021-04-19 14:08:00,2.5905920153483337,-8.378670673656677,12.851045682132028
2021-04-19 14:09:00,2.5973640338710595,-8.05008941352327,13.622691048168573
2021-04-19 14:10:00,2.603995115447889,-7.7759848628201755,13.515773113114811
2021-04-19 14:11:00,2.6104841987577307,-7.840659161471692,13.057043605330245
2021-04-19 14:12:00,2.6168302549350186,-7.563781247116952,12.368655318258066
2021-04-19 14:13:00,2.6230322879340786,-7.788332335699315,12.226517535966286
2021-04-19 14:14:00,2.629089334986398,-7.822554509178718,13.620965065533095
2021-04-19 14:15:00,2.635000466952011,-7.842791198726698,13.189056059776549
2021-04-19 14:16:00,2.6407647885369254,-7.746994895543145,13.222311511843374
2021-04-19 14:17:00,2.6463814387957605,-8.41738777149109,13.235802535576385
2021-04-19 14:18:00,2.65184959122716,-7.367154453081558,13.033985744240624
2021-04-19 14:19:00,2.6571684543313108,-7.780685722251965,13.562215170775575
2021-04-19 14:20:00,2.6623372716789486,-7.347579563765142,13.689280427302792
2021-04-19 14:21:00,2.6673553223171442,-7.346504040491248,13.686921455255323
2021-04-19 14:22:00,2.6722219211052547,-7.656044561356755,12.911222434665158
2021-04-19 14:23:00,2.6769364188184026,-8.181498049157458,13.66466938183788
2021-04-19 14:24:00,2.6814982025045833,-7.842751364062537,12.997034345182689
2021-04-19 14:25:00,2.6859066958095723,-7.660979543454933,12.350715554873883
2021-04-19 14:26:00,2.690161358997262,-8.479004703874319,13.107737233884576
2021-04-19 14:27:00,2.6942616894386506,-7.9090362789825495,12.483685372032935
2021-04-19 14:28:00,2.698207221570861,-8.4878412919256,13.294467683898292
2021-04-19 14:29:00,2.7019975273477606,-7.555126850472894,12.317861659141673
2021-04-19 14:30:00,2.7056322162313036,-7.876779742194999,12.744065271358396
2021-04-19 14:31:00,2.709110935462724,-7.752028895770837,13.876585914933262
2021-04-19 14:32:00,2.7124333702870858,-7.5537819987398755,13.497341097542046
2021-04-19 14:33:00,2.715599244061972,-8.298190378865225,12.76822270113864
2021-04-19 14:34:00,2.7186083183647125,-7.539767778677123,13.670906837930842
2021-04-19 14:35:00,2.7214603931732926,-8.174553424573933,13.139233667580438
2021-04-19 14:36:00,2.7241553070902293,-8.189324707127968,13.06786573912556
2021-04-19 14:37:00,2.726692937289679,-7.758774963165413,13.636464116056631
2021-04-19 14:38:00,2.7290731997082203,-7.781187027907889,13.781075457113154
2021-04-19 14:39:00,2.73129604923321,-8.080791536211008,14.672561271776116
2021-04-19 14:40:00,2.7333614795884635,-7.955197195855505,13.552348366293138
2021-04-19 14:41:00,2.735269523597007,-7.844992355034582,13.646253843916373
2021-04-19 14:42:00,2.737020253111524,-8.134689267957649,13.129896665312145
2021-04-19 14:43:00,2.738613779175722,-8.498624556305984,12.321637661591325
2021-04-19 14:44:00,2.7400502519612293,-8.223737024321204,13.216976084424422
2021-04-19 14:45:00,2.7413298608300045,-8.123367985418781,13.508761008122713
2021-04-19 14:46:00,2.742452834405155,-8.113586721476693,13.303582145265933
2021-04-19 14:47:00,2.7434194405139403,-8.365636740650732,12.223644002988737
2021-04-19 14:48:00,2.7442299862202306,-7.667716509694142,13.990005994802557
2021-04-19 14:49:00,2.744884817718996,-7.369407040021628,14.220268042865401
2021-04-19 14:50:00,2.74538432049769,-7.828350865061327,12.943854384573747
2021-04-19 14:51:00,2.7457289190586467,-7.119229458185405,12.791645769188252
2021-04-19 14:52:00,2.7459190770240656,-8.255671100237052,13.783816509028895
2021-04-19 14:53:00,2.7459552970725234,-7.426751959951494,13.525243380164543
2021-04-19 14:54:00,2.74583812074423,-7.680538235955213,13.84645043638144
2021-04-19 14:55:00,2.745568128467632,-7.564619460220902,12.815262799210275
2021-04-19 14:56:00,2.7451459394365454,-7.656595633705016,13.300120486993285
2021-04-19 14:57:00,2.744572211484642,-7.798469454161222,12.878421688785883
2021-04-19 14:58:00,2.743847640958387,-7.468405428261645,13.372453338632871
2021-04-19 14:59:00,2.7429729625366077,-7.708890512551354,12.628010224867493
2021-04-19 15:00:00,2.7419489492700753,-7.839240554760267,13.31949186559907
2021-04-19 15:01:00,2.740776412172151,-7.428756663958131,13.38514956243442
2021-04-19 15:02:00,2.739456200205755,-7.3716410494067395,14.004867883559681
2021-04-19 15:03:00,2.7379892001374397,-7.1380872933294475,13.223000905844028
2021-04-19 15:04:00,2.736376336206887,-7.425684394783878,13.292078713334991
2021-04-19 15:05:00,2.7346185700368086,-8.156554623148347,13.753864500000173
2021-04-19 15:06:00,2.7327169003562375,-8.108471456201707,13.689385590588774
2021-04-19 15:07:00,2.7306723628470815,-8.797221888197953,13.02806501111975
2021-04-19 15:08:00,2.7284860298579208,-7.778665893983956,12.99930691666854
2021-04-19 15:09:00,2.7261590101122484,-7.448505984609058,14.061917249656743
2021-04-19 15:10:00,2.7236924485705876,-7.384444398680049,13.712490400870537
2021-04-19 15:11:00,2.721087526064304,-7.459453664877763,13.795853224441252
2021-04-19 15:12:00,2.718345459058439,-7.530243527843645,13.147803808583863
2021-04-19 15:13:00,2.7154674993420436,-8.888540350373338,13.411046265217115
2021-04-19 15:14:00,2.7124549337628325,-7.771899221088708,13.042447883649178
2021-04-19 15:15:00,2.709309083820358,-7.952761668815654,13.747614674569236
2021-04-19 15:16:00,2.706031305476352,-7.664452537685283,13.46359577533263
2021-04-19 15:17:00,2.702622988757243,-8.14489969521136,13.152686347254784
2021-04-19 15:18:00,2.6990855573381043,-8.076017499669762,13.595042782583976
2021-04-19 15:19:00,2.6954204683604264,-7.601117723872938,13.361135031488548
2021-04-19 15:20:00,2.691629211839727,-8.162581362052245,13.096329372412443
2021-04-19 15:21:00,2.6877133105694,-7.902216758958515,13.32717027577588
2021-04-19 15:22:00,2.683674319528487,-7.706444589769973,13.409412830666245
2021-04-19 15:23:00,2.6795138253872754,-7.47271751773213,14.229534167357915
2021-04-19 15:24:00,2.6752334465837313,-8.12103057895401,13.887383281473292
2021-04-19 15:25:00,2.6708348322601414,-7.514938908070596,12.542265271586736
2021-04-19 15:26:00,2.666319662339114,-8.42526548114566,13.203694357908315
2021-04-19 15:27:00,2.6616896468887097,-8.33223344999229,12.898576700439452
2021-04-19 15:28:00,2.656946525678898,-8.369662031788787,13.228082345851034
2021-04-19 15:29:00,2.652092067801731,-7.468434559122028,13.223903363857993
2021-04-19 15:30:00,2.647128071085689,-8.953606163065222,13.121829525315492
2021-04-19 15:31:00,2.642056361755944,-7.639964380794852,13.169827328375312
2021-04-19 15:32:00,2.636878793927087,-7.390797213186906,12.940281344497453
2021-04-19 15:33:00,2.6315972490083706,-7.926601877572875,13.127007440311074
2021-04-19 15:34:00,2.626213635338037,-8.001889874338458,12.886240437180348
2021-04-19 15:35:00,2.620729887639876,-8.3923159520794,13.739964676203625
2021-04-19 15:36:00,2.6151479664517825,-6.863465092770184,13.140626720172005
2021-04-19 15:37:00,2.609469857691801,-7.133309094756488,13.209527035887708
2021-04-19 15:38:00,2.6036975720928655,-7.980680242618695,12.598350144475454
2021-04-19 15:39:00,2.5978331444862235,-8.585483916411459,13.596705092059443
2021-04-19 15:40:00,2.591878633714817,-8.349192560936523,13.690484948716861
2021-04-19 15:41:00,2.5858361215261505,-7.833378066903611,13.750039458142187
2021-04-19 15:42:00,2.5797077123860648,-7.689500753830872,13.347069154623988
2021-04-19 15:43:00,2.5734955328240288,-8.304043751517392,13.7157388920276
2021-04-19 15:44:00,2.56720173070845,-8.330713573506664,12.230409215138296
2021-04-19 15:45:00,2.560828474946762,-8.376325042361925,13.836766090562072
2021-04-19 15:46:00,2.554377954595533,-8.256068528211278,12.91164457434032
2021-04-19 15:47:00,2.5478523783988845,-7.882392161673357,13.51198638707231
2021-04-19 15:48:00,2.541253974318642,-7.924398255893915,13.069401600561443
2021-04-19 15:49:00,2.534584988625019,-7.968757431615988,13.217933557161782
2021-04-19 15:50:00,2.527847685571447,-7.60651283418838,13.300232738821974
2021-04-19 15:51:00,2.52104434657977,-7.504645630207173,13.203570213866078
2021-04-19 15:52:00,2.514177269677681,-8.798276595084838,12.84124375323912
2021-04-19 15:53:00,2.507248768936704,-8.701755860544822,12.858689837051099
2021-04-19 15:54:00,2.5002611737015514,-7.924089514805855,13.053157527099406
2021-04-19 15:55:00,2.4932168279144276,-8.421020569599555,13.8070197578869
2021-04-19 15:56:00,2.4861180898315274,-7.735960294445767,13.668016784443479
2021-04-19 15:57:00,2.478967330756446,-8.302145649633763,13.398055880010837
2021-04-19 15:58:00,2.471766935061382,-8.689823078295007,12.727292481080394
2021-04-19 15:59:00,2.4645192989029066,-8.264941589996802,12.082031043498862
2021-04-19 16:00:00,2.457226829897109,-7.940264249155173,12.698342355359983
2021-04-19 16:01:00,2.4498919465791316,-7.59345174689787,13.420263893375992
2021-04-19 16:02:00,2.44251707726753,-7.740483097242052,13.144654061342107
2021-04-19 16:03:00,2.4351046597479655,-7.891499955931377,13.314231530596834
2021-04-19 16:04:00,2.4276571405556124,-8.449092557281471,12.924940835536926
2021-04-19 16:05:00,2.420176974117006,-8.284599158422438,12.75869885261876
2021-04-19 16:06:00,2.4126666222608217,-8.13763813585527,13.381458369738159
2021-04-19 16:07:00,2.4051285533630598,-7.525927111457749,13.561973049673254
2021-04-19 16:08:00,2.3975652416847013,-7.288324287629737,13.91211689481217
2021-04-19 16:09:00,2.389979166832979,-7.834304079962808,12.930521623518402
2021-04-19 16:10:00,2.3823728128118082,-8.715815906053553,12.697846461567702
2021-04-19 16:11:00,2.3747486674404747,-7.829007878411652,12.332705384454387
2021-04-19 16:12:00,2.3671092217642387,-8.318030749215776,13.802382776964194
2021-04-19 16:13:00,2.35945696908068,-8.153452600144567,12.581855770059551
2021-04-19 16:14:00,2.3517944045129475,-8.583291921036171,13.41049393836243
2021-04-19 16:15:00,2.3441240241143064,-8.299545735959608,12.514305350765412
2021-04-19 16:16:00,2.336448324080656,-7.710829303173017,12.509698113812977
2021-04-19 16:17:00,2.328769800483932,-8.640323664361212,12.725447889823391
2021-04-19 16:18:00,2.321090947922875,-8.202245244191413,14.036485947773286
2021-04-19 16:19:00,2.3134142592746554,-8.085960512522954,13.445186373849292
2021-04-19 16:20:00,2.305742224888201,-8.411125809596799,12.156654819083881
2021-04-19 16:21:00,2.298077331708533,-8.203152596954522,12.710225026411285
2021-04-19 16:22:00,2.2904220627927443,-9.491794198177969,12.909920648983203
2021-04-19 16:23:00,2.2827788963980233,-8.487599720984445,13.013410304157714
2021-04-19 16:24:00,2.275150305345859,-7.850274665495632,13.119458355335759
2021-04-19 16:25:00,2.267538756414553,-7.519068032507174,12.396530608703147
2021-04-19 16:26:00,2.2599467094430734,-8.440801403949234,12.667981072051013
2021-04-19 16:27:00,2.2523766167068624,-7.5778383425984845,13.074529857222009
2021-04-19 16:28:00,2.244830922309505,-8.229008442424519,13.046133872544543
2021-04-19 16:29:00,2.237312061259736,-8.978033286385877,13.594774370242536
2021-04-19 16:30:00,2.2298224590106366,-8.696503849573455,12.345412195334301
2021-04-19 16:31:00,2.2223645305747537,-7.401976866103219,12.752814906154732
2021-04-19 16:32:00,2.2149406797654994,-7.178776684103957,13.544258763470074
2021-04-19 16:33:00,2.207553298919987,-8.63530636309905,12.634219575347267
2021-04-19 16:34:00,2.200204767544276,-7.994494319668329,13.244033279523347
2021-04-19 16:35:00,2.192897452341037,-8.76049292260041,13.518317056521415
2021-04-19 16:36:00,2.1856337058599347,-7.708944710636427,12.126846849787928
2021-04-19 16:37:00,2.178415866231062,-8.392244653550467,13.361697367022026
2021-04-19 16:38:00,2.171246256426457,-7.435393777836665,13.267815447761535
2021-04-19 16:39:00,2.1641271834338776,-8.42566689812892,13.100453041852688
2021-04-19 16:40:00,2.157060937660327,-9.115700535319691,12.074184895902405
2021-04-19 16:41:00,2.15004979236376,-8.3623899221696,12.41198976056734
2021-04-19 16:42:00,2.143096002781917,-8.176214557050622,13.5077900038576
2021-04-19 16:43:00,2.1362018056819587,-8.16610695018483,13.704897500204755
2021-04-19 16:44:00,2.129369418537502,-8.325248955128,12.519567471208656
2021-04-19 16:45:00,2.1226010389268133,-8.133010688145122,13.460641014400359
2021-04-19 16:46:00,2.1158988440032127,-9.170228343552969,12.046901756676595
2021-04-19 16:47:00,2.1092649896521034,-8.656399838752659,13.293890912298972
2021-04-19 16:48:00,2.102701609974096,-8.60973945513442,12.429011716112432
2021-04-19 16:49:00,2.096210816717054,-8.878751764089682,12.274815066655622
2021-04-19 16:50:00,2.089794698450358,-8.142542728031996,12.920874953327424
2021-04-19 16:51:00,2.0834553201903567,-8.67065695857728,12.441434095243482
2021-04-19 16:52:00,2.0771947226174405,-8.445343256462447,12.516916602154836
2021-04-19 16:53:00,2.0710149214025573,-8.710487265030856,12.186317917675773
2021-04-19 16:54:00,2.06491790700085,-8.642156462105428,12.497664243861447
2021-04-19 16:55:00,2.0589056435126123,-8.89598782491707,12.089288797078487
2021-04-19 16:56:00,2.0529800685032136,-8.375108802038783,13.106953112340264
2021-04-19 16:57:00,2.0471430923067446,-8.06650163025933,13.046288201338488
2021-04-19 16:58:00,2.041396597378067,-8.287119944410971,12.81415838073333
2021-04-19 16:59:00,2.0357424378887448,-8.953842943806444,12.962593237630395
2021-04-19 17:00:00,2.030182438994102,-8.752827542984845,13.073383387783196
2021-04-19 17:01:00,2.024718396373238,-8.278861403970895,12.687129555605576
2021-04-19 17:02:00,2.0193520757738255,-8.958585000550416,12.781663544337498
2021-04-19 17:03:00,2.0140852123351864,-9.727730251194126,12.82332166293265
2021-04-19 17:04:00,2.008919510098218,-9.049979338833822,12.66035067406589
2021-04-19 17:05:00,2.003856641615288,-7.775813829241339,12.268019849508883
2021-04-19 17:06:00,1.9988982472751902,-8.959515712381839,12.075011077065112
2021-04-19 17:07:00,1.9940459349280275,-8.661583886217983,13.196942653736357
2021-04-19 17:08:00,1.9893012793640172,-8.107830355626035,13.008945420866256
2021-04-19 17:09:00,1.984665821708788,-9.042633908718239,13.129360715792773
2021-04-19 17:10:00,1.9801410693044088,-9.524255705404327,12.80896351819326
2021-04-19 17:11:00,1.9757284947915783,-8.882593695134537,12.329428204526604
2021-04-19 17:12:00,1.971429536001797,-8.508300061579,12.038968267636674
2021-04-19 17:13:00,1.9672455954401307,-7.93196969511774,13.19132762636303
2021-04-19 17:14:00,1.9631780397162772,-8.283257294721258,13.836987271215603
2021-04-19 17:15:00,1.9592281993517813,-9.016918917135534,13.128418497742397
2021-04-19 17:16:00,1.955397368147897,-8.445563952683095,12.359952551959967
2021-04-19 17:17:00,1.9516868029511558,-8.151158224737484,12.261325380170645
2021-04-19 17:18:00,1.948097723188984,-8.26526658404388,12.779458172702308
2021-04-19 17:19:00,1.944631310497521,-8.467900697976745,13.065806434211432
2021-04-19 17:20:00,1.9412887084217607,-9.32425232531611,12.98555176657694
2021-04-19 17:21:00,1.9380710219170298,-7.943353712874632,12.119299403068243
2021-04-19 17:22:00,1.934979317140763,-8.400404098692396,12.38201274300419
2021-04-19 17:23:00,1.9320146211061837,-8.339236220653753,12.312392897292238
2021-04-19 17:24:00,1.9291779212654085,-8.893498315144216,12.63334268417545
2021-04-19 17:25:00,1.9264701652146765,-9.248724100455009,13.174001203714635
2021-04-19 17:26:00,1.9238922605646431,-8.81946214814671,11.882245377633215
2021-04-19 17:27:00,1.9214450744415434,-8.154807811651775,12.672736995990043
2021-04-19 17:28:00,1.9191294332888595,-9.28616695981198,12.88229142894196
2021-04-19 17:29:00,1.9169461226564146,-8.370553681252636,13.114812737115862
2021-04-19 17:30:00,1.9148958867944497,-8.369463808339145,12.502564134646194
2021-04-19 17:31:00,1.9129794286664672,-9.00072171391176,12.147259095807811
2021-04-19 17:32:00,1.9111974094159192,-8.372846412964302,11.921398204967494
2021-04-19 17:33:00,1.9095504483887569,-8.534350937072956,11.673701781888287
2021-04-19 17:34:00,1.9080391228522733,-9.1360608059527,12.652757217281028
2021-04-19 17:35:00,1.9066639677076773,-9.442455752320814,11.890210501471397
2021-04-19 17:36:00,1.9054254754713964,-9.94730753657734,12.881732786602091
2021-04-19 17:37:00,1.904324096011234,-8.774092009126015,12.130405547033359
2021-04-19 17:38:00,1.903360236347854,-8.842943038955333,12.19414031291456
2021-04-19 17:39:00,1.9025342606599556,-8.548762397193375,12.48529210178899
2021-04-19 17:40:00,1.9018464899693908,-9.262924681088872,12.32800305975874
2021-04-19 17:41:00,1.9012972021987466,-8.69334941618314,13.190349212629355
2021-04-19 17:42:00,1.9008866319055189,-8.785134016488742,12.510926259847887
2021-04-19 17:43:00,1.9006149703187245,-8.27798374843493,12.487963999896202
2021-04-19 17:44:00,1.9004823652108067,-8.87261819202815,12.717147973007185
2021-04-19 17:45:00,1.9004889207763245,-8.715562117941257,12.393066975631427
2021-04-19 17:46:00,1.900634697602759,-8.550482445700686,12.440651965124118
2021-04-19 17:47:00,1.900919712776261,-8.685374375472787,12.392915006983527
2021-04-19 17:48:00,1.9013439395973681,-8.793718124152313,12.011729609076346
2021-04-19 17:49:00,1.9019073077113668,-9.30632305902887,12.528414918367147
2021-04-19 17:50:00,1.902609703122599,-8.93091300638335,12.071761628780642
2021-04-19 17:51:00,1.9034509681730918,-9.17772936620078,12.82273544711315
2021-04-19 17:52:00,1.9044309014769678,-8.194326726954106,13.252596080079856
2021-04-19 17:53:00,1.905549258132053,-8.985112173821538,12.870524936697372
2021-04-19 17:54:00,1.9068057495789792,-8.917623400031786,12.360645941162197
2021-04-19 17:55:00,1.9082000438293836,-8.31128231983961,12.07741779409914
2021-04-19 17:56:00,1.90973176538054,-9.016118128368365,12.225149415752194
2021-04-19 17:57:00,1.9114004954526411,-8.531705477546971,13.0652010723182
2021-04-19 17:58:00,1.9132057719988644,-9.20544680128826,12.073344038489378
2021-04-19 17:59:00,1.9151470897873943,-8.331259344039728,12.693003228521563
2021-04-19 18:00:00,1.9172239006172056,-8.696299983078562,11.995152434127782
2021-04-19 18:01:00,1.9194356134233117,-8.95449337797482,12.363854720593494
2021-04-19 18:02:00,1.9217815943757959,-9.12740739943895,12.727588673871908
2021-04-19 18:03:00,1.9242611670950738,-8.347482781627086,12.477693448720549
2021-04-19 18:04:00,1.9268736128178272,-8.011270152007707,12.558325672618981
2021-04-19 18:05:00,1.9296181705797717,-8.840956746426096,11.99421520002244
2021-04-19 18:06:00,1.9324940373715576,-8.616109658765287,12.00464770879037
2021-04-19 18:07:00,1.9355003685047543,-8.660369861335122,12.173198234390586
2021-04-19 18:08:00,1.938636277624588,-9.151907443626468,12.380281322527082
2021-04-19 18:09:00,1.9419008371099769,-8.581427484496881,13.427842228588034
2021-04-19 18:10:00,1.945293078225326,-7.972050087133995,12.761930011462313
2021-04-19 18:11:00,1.948811991449933,-8.792934039517478,12.50015224605266
2021-04-19 18:12:00,1.9524565267774308,-9.376072653796218,12.479894603357259
2021-04-19 18:13:00,1.9562255938280337,-9.52437827618013,12.408412962899739
2021-04-19 18:14:00,1.960118062387792,-9.415478544989403,12.86564335717557
2021-04-19 18:15:00,1.9641327626082978,-9.080804669025689,12.555199259318522
2021-04-19 18:16:00,1.9682684852092802,-9.064256944067724,12.167553613611268
2021-04-19 18:17:00,1.9725239820766625,-8.821420690209026,12.257989001197647
2021-04-19 18:18:00,1.9768979663654866,-8.439904849522481,12.663085828603396
2021-04-19 18:19:00,1.981389113014944,-9.169625864169948,11.689764694080077
2021-04-19 18:20:00,1.9859960590227939,-9.038504188240355,12.801098918574345
2021-04-19 18:21:00,1.9907174038804603,-8.637056199957462,12.885247142561028
2021-04-19 18:22:00,1.9955517099847622,-9.421116252919187,11.56921526650995
2021-04-19 18:23:00,2.0004975030040435,-8.949001769267745,11.979671932639146
2021-04-19 18:24:00,2.005553272231452,-7.9066603160158575,12.871848573608624
2021-04-19 18:25:00,2.0107174711521374,-8.048256954223032,12.518567088475672
2021-04-19 18:26:00,2.015988517845516,-8.52617188134544,12.66835117351838
2021-04-19 18:27:00,2.021364795257923,-9.137131970236,13.085059928412084
2021-04-19 18:28:00,2.0268446519555745,-8.385350325010489,12.987455226960382
2021-04-19 18:29:00,2.03242640236688,-8.61315026438393,12.826837734836248
2021-04-19 18:30:00,2.038108327318384,-8.182825861296203,12.769658515153566
2021-04-19 18:31:00,2.0438886746252596,-8.865628284624524,12.374728601700475
2021-04-19 18:32:00,2.049765659452845,-8.25994104295798,13.240291182323801
2021-04-19 18:33:00,2.055737464896958,-8.55845980454707,12.178610633947828
2021-04-19 18:34:00,2.061802242497937,-8.988552488872777,12.116013555549072
2021-04-19 18:35:00,2.0679581127587094,-8.576009196516635,12.717631215627899
2021-04-19 18:36:00,2.074203165781888,-8.747372098355054,12.664015624905618
2021-04-19 18:37:00,2.080535461571513,-8.687780319504459,12.424631292771105
2021-04-19 18:38:00,2.0869530309018502,-7.731261233854987,12.551034566826353
2021-04-19 18:39:00,2.0934538757277545,-9.219880194802995,12.431058698540323
2021-04-19 18:40:00,2.1000359696531796,-8.517136891604018,12.04016555401951
2021-04-19 18:41:00,2.1066972587619106,-9.068032536048632,12.585094116775187
2021-04-19 18:42:00,2.1134356620779937,-8.522590230227816,12.7946876061277
2021-04-19 18:43:00,2.1202490721345,-8.184197191875977,13.299331512061977
2021-04-19 18:44:00,2.1271353556739276,-8.857986271415905,12.597326275248548
2021-04-19 18:45:00,2.1340923541147196,-8.510747729773232,12.600455615651493
2021-04-19 18:46:00,2.1411178845066043,-8.355923848803116,12.297055483691452
2021-04-19 18:47:00,2.1482097397825397,-8.082075891182471,12.81067558222668
2021-04-19 18:48:00,2.155365689625033,-8.006093584062715,12.097553816755076
2021-04-19 18:49:00,2.1625834810625086,-8.45053048744155,13.008874465684704
2021-04-19 18:50:00,2.169860839133235,-7.220962887323812,13.200636341426751
2021-04-19 18:51:00,2.177195467522913,-8.013729707627123,13.098592168303288
2021-04-19 18:52:00,2.1845850493394265,-7.768760628455483,12.45927902747831
2021-04-19 18:53:00,2.1920272476403255,-8.714735973629013,13.7662497892562
2021-04-19 18:54:00,2.1995197061965124,-7.958561107395486,12.64492409603822
2021-04-19 18:55:00,2.207060050258052,-8.276656139962572,12.229260810947643
2021-04-19 18:56:00,2.2146458871003336,-9.275447092252715,12.153152412552748
2021-04-19 18:57:00,2.222274806835749,-8.387234455191336,12.378240037143081
2021-04-19 18:58:00,2.2299443830883643,-7.545481160249948,13.179502917954052
2021-04-19 18:59:00,2.237652173670132,-7.761699050406493,12.231095847172645
2021-04-19 19:00:00,2.2453957215490736,-7.949839876824411,13.582757353254472
2021-04-19 19:01:00,2.253172555016106,-7.809690578773802,12.780796499530721
2021-04-19 19:02:00,2.260980189131756,-8.049182580737678,13.483583426168789
2021-04-19 19:03:00,2.268816125904874,-8.649229622101629,13.344519480645907
2021-04-19 19:04:00,2.2766778552741704,-8.455871820810898,12.759086653117373
2021-04-19 19:05:00,2.2845628558233924,-7.779344101070625,13.135958068252336
2021-04-19 19:06:00,2.292468595482706,-8.599260490799223,12.060002900598102
2021-04-19 19:07:00,2.3003925323958967,-8.017024132982243,12.313187417453738
2021-04-19 19:08:00,2.308332115529215,-8.172140798907163,12.974156238916828
2021-04-19 19:09:00,2.3162847854890427,-8.406521800414657,12.905126570154101
2021-04-19 19:10:00,2.324247975374756,-7.9926697855303015,13.44469344002026
2021-04-19 19:11:00,2.3322191113983917,-8.431799742792332,12.5918465442046
2021-04-19 19:12:00,2.340195613730605,-7.586993975702662,13.661541127165151
2021-04-19 19:13:00,2.348174897279498,-8.372918715741212,13.131711606141328
2021-04-19 19:14:00,2.356154372429065,-7.986596251406562,12.600029601167954
2021-04-19 19:15:00,2.3641314457986757,-7.620630371952336,13.27377119478224
2021-04-19 19:16:00,2.3721035212254855,-8.077407413490487,12.535916833522002
2021-04-19 19:17:00,2.3800680001092784,-8.235450858404718,12.309164118956602
2021-04-19 19:18:00,2.388022282677742,-8.398397401527884,12.951553795251863
2021-04-19 19:19:00,2.3959637684432473,-7.322747928111534,12.869118848521413
2021-04-19 19:20:00,2.40388985708035,-8.536044123383832,12.7715333081563
2021-04-19 19:21:00,2.4117979493228363,-7.714443785586692,13.528573345787416
2021-04-19 19:22:00,2.419685447480106,-8.278302976367971,13.147711616746442
2021-04-19 19:23:00,2.4275497565251345,-8.577027742396151,12.869157455415769
2021-04-19 19:24:00,2.435388284738842,-8.750573333869044,13.425808313445945
2021-04-19 19:25:00,2.4431984443605432,-8.341213946549697,13.104017589501629
2021-04-19 19:26:00,2.450977652662242,-8.459339086645327,13.027693700225884
2021-04-19 19:27:00,2.4587233324989652,-9.082856440876899,13.575023235610104
2021-04-19 19:28:00,2.4664329131712903,-7.674839610503988,12.739943605816531
2021-04-19 19:29:00,2.474103831228896,-8.272538435767874,13.646889963960911
2021-04-19 19:30:00,2.4817335311846462,-7.558068757661566,12.852396651859495
2021-04-19 19:31:00,2.489319466384393,-8.424417026368625,12.920265062626601
2021-04-19 19:32:00,2.4968590997763824,-9.134977961695263,12.168998169747947
2021-04-19 19:33:00,2.5043499044826536,-7.7707784330892045,13.00768905958526
2021-04-19 19:34:00,2.5117893649247574,-8.50248121550134,13.49612325408915
2021-04-19 19:35:00,2.5191749772323755,-8.721931801796224,13.250460016836872
2021-04-19 19:36:00,2.526504250298309,-7.763661765334961,13.156837750174354
2021-04-19 19:37:00,2.5337747064491216,-7.636905496944403,13.5611707275645
2021-04-19 19:38:00,2.5409838820227657,-8.629092032904133,12.772849919001354
2021-04-19 19:39:00,2.548129328449686,-7.687151358045784,12.3261688345636
2021-04-19 19:40:00,2.555208612803159,-8.035480710290308,13.72302453151341
2021-04-19 19:41:00,2.5622193185486073,-8.207414059858742,13.263701513775
2021-04-19 19:42:00,2.56915904637528,-7.850976355540793,13.579726213437192
2021-04-19 19:43:00,2.576025414873709,-8.381477471523645,12.602196908141362
2021-04-19 19:44:00,2.5828160613019935,-7.76465877264347,13.235350030195631
2021-04-19 19:45:00,2.5895286423736272,-8.474037491920257,13.130886256266784
2021-04-19 19:46:00,2.5961608348087832,-7.896250565302901,12.884619851966496
2021-04-19 19:47:00,2.6027103362817487,-7.985876444240106,12.994129910561732
2021-04-19 19:48:00,2.6091748660318315,-7.9097434584419295,13.569294158885839
2021-04-19 19:49:00,2.615552165480142,-8.014172170287534,13.425734193972085
2021-04-19 19:50:00,2.621839999152324,-7.9702984142256215,13.334385013104715
2021-04-19 19:51:00,2.628036155185732,-8.216154052747006,13.040916677334389
2021-04-19 19:52:00,2.6341384461132074,-7.108789872796513,13.65489246473951
2021-04-19 19:53:00,2.6401447096089927,-8.626248670448588,12.64087294625054
2021-04-19 19:54:00,2.6460528089500674,-7.873753113955301,13.461295982395747
2021-04-19 19:55:00,2.6518606340143105,-8.231613391962613,13.07691728682221
2021-04-19 19:56:00,2.6575661016708736,-8.333871206236827,13.2829270699193
2021-04-19 19:57:00,2.6631671565601507,-8.235608184615819,13.908100052339998
2021-04-19 19:58:00,2.6686617717530177,-8.558400907712247,13.316638172113048
2021-04-19 19:59:00,2.674047949357546,-8.157173692127454,13.375952508875944
2021-04-19 20:00:00,2.6793237211812118,-8.056577878339832,12.485530911990246
2021-04-19 20:01:00,2.684487149385639,-7.633437912503432,13.094416498797148
2021-04-19 20:02:00,2.6895363270364707,-7.422951774328067,12.81187176318929
2021-04-19 20:03:00,2.6944693787746994,-7.553027755106491,13.50278475798169
2021-04-19 20:04:00,2.69928446143365,-8.102208590616618,13.927731587655387
2021-04-19 20:05:00,2.7039797645704153,-7.2336168776902126,13.232376564938958
2021-04-19 20:06:00,2.7085535111169534,-7.739243535454472,13.010559672177791
2021-04-19 20:07:00,2.713003957919386,-7.615701725145593,13.452740765723574
2021-04-19 20:08:00,2.7173293963154013,-8.134618089411887,13.450477827850163
2021-04-19 20:09:00,2.7215281527708166,-7.90547036199922,13.205452052712792
2021-04-19 20:10:00,2.7255985892385213,-7.687640777786129,13.521422154652083
2021-04-19 20:11:00,2.7295391039118373,-7.966480821715179,13.120895235023108
2021-04-19 20:12:00,2.733348131660874,-8.06558206440104,13.12428572914652
2021-04-19 20:13:00,2.7370241444948786,-8.777667561268016,13.49501849439588
2021-04-19 20:14:00,2.7405656522055457,-7.398969292409984,13.018534999835383
2021-04-19 20:15:00,2.7439712027405214,-7.8077095007716455,14.414722388554583
2021-04-19 20:16:00,2.7472393827904473,-7.924680143851765,13.623326272821254
2021-04-19 20:17:00,2.7503688182012946,-8.42755299974938,12.633121099610399
2021-04-19 20:18:00,2.753358174465741,-8.402616410808188,12.765782946835913
2021-04-19 20:19:00,2.7562061572025436,-8.003833490227953,14.07974098413678
2021-04-19 20:20:00,2.758911512549738,-8.00994169513135,13.453645816539739
2021-04-19 20:21:00,2.761473027659885,-7.66811999986362,13.375992269162532
2021-04-19 20:22:00,2.7638895310790463,-7.8839273434712736,13.770112947729807
2021-04-19 20:23:00,2.766159893176346,-7.429683797703988,13.785498738989114
2021-04-19 20:24:00,2.7682830265409586,-7.797191848381397,12.85692830463328
2021-04-19 20:25:00,2.7702578863761684,-8.05331227178867,13.455767843247923
2021-04-19 20:26:00,2.772083470865476,-7.503011891350254,13.546623526433564
2021-04-19 20:27:00,2.773758821542789,-6.962014284366113,12.507539163625022
2021-04-19 20:28:00,2.7752830236465282,-7.48740461886357,12.563979682066659
2021-04-19 20:29:00,2.7766552064584005,-7.3319244233929854,13.882929090234494
2021-04-19 20:30:00,2.777874543621954,-7.892513884169663,13.406556909305797
2021-04-19 20:31:00,2.7789402534817995,-7.751741272155465,13.74973966321453
2021-04-19 20:32:00,2.77985159935529,-7.538343501012614,14.017873395657695
2021-04-19 20:33:00,2.780607889841141,-8.06830380025959,13.913782970909173
2021-04-19 20:34:00,2.781208479105456,-7.451770412315311,12.685491866236251
2021-04-19 20:35:00,2.7816527671172135,-8.22265664976424,13.623634141895458
2021-04-19 20:36:00,2.7819401999328495,-8.480483755357353,14.2091696598618
2021-04-19 20:37:00,2.782070269909572,-7.585647328423939,13.782985710884171
2021-04-19 20:38:00,2.782042515939508,-7.182873855151916,14.0824305197095
2021-04-19 20:39:00,2.7818565236776007,-6.877770809201136,13.979176224185869
2021-04-19 20:40:00,2.7815119257062024,-7.659270759249634,13.856146392134299
2021-04-19 20:41:00,2.7810084017488697,-7.743446573216959,13.446625372335985
2021-04-19 20:42:00,2.780345678850225,-8.70569837374223,13.394482530676001
2021-04-19 20:43:00,2.77952353148455,-7.64970401295511,13.134660728536513
2021-04-19 20:44:00,2.778541781786649,-7.98353613473501,13.11318051606199
2021-04-19 20:45:00,2.7774002995990683,-7.776696704986529,13.190094062681137
2021-04-19 20:46:00,2.776099002598792,-7.639920531734728,13.203370405612054
2021-04-19 20:47:00,2.7746378565207137,-7.804742162235601,13.21704640783363
2021-04-19 20:48:00,2.773016875065905,-7.67284039543308,13.364118113347969
2021-04-19 20:49:00,2.7712361200842865,-8.205219777612148,12.910465698264286
2021-04-19 20:50:00,2.7692957017054622,-8.043646981167534,13.222279515811234
2021-04-19 20:51:00,2.7671957781793117,-8.306327876008668,13.621989429468474
2021-04-19 20:52:00,2.764936556182652,-7.856927350158332,12.855269604830726
2021-04-19 20:53:00,2.762518290584773,-8.2703913397676,12.56024726259213
2021-04-19 20:54:00,2.7599412845980997,-7.845038773893605,13.729734348234812
2021-04-19 20:55:00,2.7572058898122678,-7.471898221062106,13.965800679916258
2021-04-19 20:56:00,2.754312506037661,-7.832236460481282,13.035978062268875
2021-04-19 20:57:00,2.7512615813409873,-8.151493472719268,13.041500486846566
2021-04-19 20:58:00,2.748053612083693,-8.183596733319574,12.985981387359084
2021-04-19 20:59:00,2.7446891426802553,-7.763589209728617,13.831412890752945
2021-04-19 21:00:00,2.74116876569827,-8.551739856515908,12.70467822222399
2021-04-19 21:01:00,2.7374931216579768,-7.558763368996327,14.122196036515792
2021-04-19 21:02:00,2.7336628989671605,-7.732532914196374,12.94802862496665
2021-04-19 21:03:00,2.7296788338492135,-7.459836025944874,12.418199727946547
2021-04-19 21:04:00,2.725541710084601,-8.798252258389432,13.2779653293677
2021-04-19 21:05:00,2.7212523590752253,-8.648484824538318,12.728153282248662
2021-04-19 21:06:00,2.7168116594787226,-7.915372614739615,13.328378403203374
2021-04-19 21:07:00,2.712220537075017,-7.745506847498204,13.423649006630605
2021-04-19 21:08:00,2.70747996482399,-8.012614524766757,13.204722100832736
2021-04-19 21:09:00,2.7025909622852686,-8.337002241843821,12.921529050015378
2021-04-19 21:10:00,2.697554595655877,-6.81525051671902,12.95176355368359
2021-04-19 21:11:00,2.6923719775394703,-8.583016597594778,13.411092489087197
2021-04-19 21:12:00,2.687044266592415,-7.57115886980481,13.417701829581079
2021-04-19 21:13:00,2.6815726674024907,-8.67516456360606,12.971815250824779
2021-04-19 21:14:00,2.6759584300763906,-9.093877327902781,13.810111539925817
2021-04-19 21:15:00,2.6702028500829202,-7.8672741830915704,13.081464319758448
2021-04-19 21:16:00,2.664307267950049,-8.364835985006861,13.636397294352507
2021-04-19 21:17:00,2.6582730689049656,-7.8939968463492045,12.850712361073548
2021-04-19 21:18:00,2.6521016825222774,-7.78257956215518,12.779483133296521
2021-04-19 21:19:00,2.6457945826053564,-8.272197662337476,13.51350607428386
2021-04-19 21:20:00,2.639353286526118,-8.266064181993237,12.521705096765348
2021-04-19 21:21:00,2.63277935515748,-7.429767133106782,13.073934851775544
2021-04-19 21:22:00,2.6260743923538645,-7.76281381810662,13.298811704649596
2021-04-19 21:23:00,2.6192400444852577,-8.401437238328912,13.7830640673552
2021-04-19 21:24:00,2.6122780003823434,-8.693573940007472,12.013687198477545
2021-04-19 21:25:00,2.6051899904780202,-7.850439429270734,13.02457151751628
2021-04-19 21:26:00,2.5979777867297895,-8.547747803187452,13.211991698241352
2021-04-19 21:27:00,2.5906432021104306,-8.03036236210023,12.496804303200188
2021-04-19 21:28:00,2.5831880899573036,-8.533067872942748,12.850080461673171
2021-04-19 21:29:00,2.575614344023852,-8.478705759393366,12.7762857239353
2021-04-19 21:30:00,2.5679238972931446,-8.479791708629872,12.19857172163801
2021-04-19 21:31:00,2.560118722098619,-7.948190677243767,13.194447864550732
2021-04-19 21:32:00,2.5522008294233096,-7.433039260973599,13.420026565929238
2021-04-19 21:33:00,2.544172268364625,-8.506163371677534,12.931657989045078
2021-04-19 21:34:00,2.5360351255982714,-8.109553879865864,11.605649503852913
2021-04-19 21:35:00,2.527791525024757,-7.420325120523664,12.706158657828231
2021-04-19 21:36:00,2.519443627030496,-8.850631597165341,12.310286262708127
2021-04-19 21:37:00,2.510993628129603,-8.474498585996907,12.82608661985013
2021-04-19 21:38:00,2.5024437601977465,-8.260947200906987,13.64412635478063
2021-04-19 21:39:00,2.493796290080376,-8.147506677110025,12.840700678650435
2021-04-19 21:40:00,2.4850535189949015,-8.795168561238405,12.829320910271399
2021-04-19 21:41:00,2.4762177819093707,-8.546088723473893,13.603604680093813
2021-04-19 21:42:00,2.467291446695807,-8.29361683857855,14.157416004240764
2021-04-19 21:43:00,2.4582769142580037,-8.547723232952656,13.056749568026328
2021-04-19 21:44:00,2.4491766168733555,-8.122894916843054,12.86484278644172
2021-04-19 21:45:00,2.439993018611285,-8.567933416331302,12.353256909346038
2021-04-19 21:46:00,2.43072861383423,-7.926845552161611,12.700413115504377
2021-04-19 21:47:00,2.4213859270883065,-8.736057012858556,13.31799949763243
2021-04-19 21:48:00,2.411967512325645,-8.047954097200524,13.377047262550398
2021-04-19 21:49:00,2.4024759520292576,-8.606257829216803,13.493599625449633
2021-04-19 21:50:00,2.3929138569491464,-8.065723741103287,12.896633492618937
2021-04-19 21:51:00,2.3832838649894894,-8.15153848692067,12.50038417588927
2021-04-19 21:52:00,2.3735886407133453,-8.315184393899504,13.51836921897327
2021-04-19 21:53:00,2.3638308748470633,-8.581785108850697,13.417865692260802
2021-04-19 21:54:00,2.3540132831541865,-7.6529116590542765,13.730689576377124
2021-04-19 21:55:00,2.3441386060361413,-7.913699886017093,12.93182450962341
2021-04-19 21:56:00,2.3342096077619297,-8.336879789927265,12.86679162153143
2021-04-19 21:57:00,2.3242290756155786,-8.386299162842205,12.818443987691476
2021-04-19 21:58:00,2.3141998193550095,-8.319139104527254,13.266972643790513
2021-04-19 21:59:00,2.3041246702724756,-8.056295258301704,13.415933787806935
2021-04-19 22:00:00,2.294006480425669,-8.910590311185727,11.83821032012535
2021-04-19 22:01:00,2.283848122351202,-8.415903827485947,12.937699690825887
2021-04-19 22:02:00,2.2736524875882203,-9.026629292658164,12.461787141928543
2021-04-19 22:03:00,2.2634224863536025,-8.003746724442621,12.977654410701621
2021-04-19 22:04:00,2.253161046873319,-8.5443907389221,11.972788028234218
2021-04-19 22:05:00,2.2428711141585325,-8.098785960233066,12.839364043614964
2021-04-19 22:06:00,2.232555649661291,-8.720686171310302,12.714074606659304
2021-04-19 22:07:00,2.2222176302374526,-7.911093086226648,13.408856496575911
2021-04-19 22:08:00,2.211860047342254,-8.067593083296439,11.668504536641553
2021-04-19 22:09:00,2.2014859064441135,-8.174748081884788,12.425280038820313
2021-04-19 22:10:00,2.191098225992825,-9.010216136412517,13.77363763338883
2021-04-19 22:11:00,2.1807000367008142,-8.533878392849799,13.472151700992523
2021-04-19 22:12:00,2.1702943808204167,-8.503068124874806,12.970577104211253
2021-04-19 22:13:00,2.1598843110514347,-8.58977136779287,12.39711911396041
2021-04-19 22:14:00,2.149472890170305,-7.3733384304547105,13.315748110736486
2021-04-19 22:15:00,2.139063189750064,-8.497580323438225,12.497689244046082
2021-04-19 22:16:00,2.128658289442974,-9.083408190398453,12.380887157453897
2021-04-19 22:17:00,2.1182612765803337,-8.22970550990191,11.47762707734408
2021-04-19 22:18:00,2.107875244715886,-8.650262145703456,12.501192507697072
2021-04-19 22:19:00,2.097503293008475,-9.348810129095938,13.133162067353517
2021-04-19 22:20:00,2.087148525811734,-8.41256521216189,12.285238120525507
2021-04-19 22:21:00,2.0768140510148516,-8.740170205654827,12.520022256272215
2021-04-19 22:22:00,2.066502980139473,-7.73318613418225,13.140355229635627
2021-04-19 22:23:00,2.0562184265506587,-8.354108073878926,12.412546135867276
2021-04-19 22:24:00,2.0459635053418426,-8.711233019639018,12.550326219039164
2021-04-19 22:25:00,2.0357413322153652,-9.00102148592408,12.793653762662393
2021-04-19 22:26:00,2.0255550226120476,-8.352339890535404,12.760982723671441
2021-04-19 22:27:00,2.0154076907973417,-8.727125227045425,12.359515893126442
2021-04-19 22:28:00,2.0053024493586618,-8.700985989437562,12.148937676837745
2021-04-19 22:29:00,1.9952424078561384,-9.15173103198293,12.491572370748697
2021-04-19 22:30:00,1.9852306724195683,-8.750445502842824,12.096877344945657
2021-04-19 22:31:00,1.975270344659735,-8.620786367290867,12.424511396566507
2021-04-19 22:32:00,1.9653645208046204,-8.75008040621051,13.288530061137498
2021-04-19 22:33:00,1.955516291066513,-8.01498655549349,12.954071072026098
2021-04-19 22:34:00,1.9457287385600526,-8.42999373567559,12.49936452532217
2021-04-19 22:35:00,1.9360049386374976,-8.940872681809457,12.744012829186877
2021-04-19 22:36:00,1.9263479579848306,-8.592891860406981,12.461774305554409
2021-04-19 22:37:00,1.9167608534896736,-8.26145183403199,11.506690849565917
2021-04-19 22:38:00,1.9072466722265053,-8.620081369284454,12.557893599636815
2021-04-19 22:39:00,1.8978084495340575,-9.840267706593208,11.589756139705024
2021-04-19 22:40:00,1.8884492090051967,-8.624498310481846,11.682279483783272
2021-04-19 22:41:00,1.8791719613597397,-8.562731925787915,13.041019179273398
2021-04-19 22:42:00,1.8699797035643726,-8.446263783626948,12.202617126782057
2021-04-19 22:43:00,1.8608754181723957,-9.243077748199989,11.421897591518993
2021-04-19 22:44:00,1.8518620722805665,-8.729629499284439,12.499603055103318
2021-04-19 22:45:00,1.8429426169174175,-9.22481223209686,12.710441136688818
2021-04-19 22:46:00,1.8341199862006219,-9.226812434111269,12.60387089254009
2021-04-19 22:47:00,1.825397096354052,-9.26007719489487,12.727889804534767
2021-04-19 22:48:00,1.816776845104903,-7.8115923075491525,12.347936379335541
2021-04-19 22:49:00,1.808262110826834,-9.64817772668093,12.280664807898683
2021-04-19 22:50:00,1.799855751661994,-9.46560161237321,10.949717530139061
2021-04-19 22:51:00,1.7915606048515569,-8.541572978865085,12.513142447601183
2021-04-19 22:52:00,1.7833794859089012,-8.63890162247949,12.692901216209972
2021-04-19 22:53:00,1.7753151875915991,-8.682658905136776,11.994972631277752
2021-04-19 22:54:00,1.767370479743485,-9.411164127276415,11.764091042803459
2021-04-19 22:55:00,1.759548107801034,-8.279503639796387,12.62077721518094
2021-04-19 22:56:00,1.7518507925103162,-8.941104910865498,12.733867122166298
2021-04-19 22:57:00,1.7442812291038368,-9.114149382499232,13.324674506467726
2021-04-19 22:58:00,1.736842086237981,-8.701255226731742,12.739152202907782
2021-04-19 22:59:00,1.7295360058058278,-8.767471902130806,12.110476178982559
2021-04-19 23:00:00,1.7223656016143174,-8.982307236074492,13.258054423781093
2021-04-19 23:01:00,1.7153334589737144,-9.646743627483358,12.290801301252579
2021-04-19 23:02:00,1.7084421340891274,-9.023629423358173,12.701651234307926
2021-04-19 23:03:00,1.7016941529818874,-9.45995364622817,12.27044077932003
2021-04-19 23:04:00,1.6950920110798775,-9.11220473680731,12.087752554150777
2021-04-19 23:05:00,1.6886381724288295,-7.989628351091151,12.567670760108632
2021-04-19 23:06:00,1.6823350689560534,-9.342153804165724,11.99180360067818
2021-04-19 23:07:00,1.67618509988883,-8.847068259155833,11.638862022980279
2021-04-19 23:08:00,1.670190630923098,-8.33096465499091,12.172425563119416
2021-04-19 23:09:00,1.6643539937260234,-8.712593924580164,12.46185927819903
2021-04-19 23:10:00,1.6586774852330661,-9.023833342203181,12.30969530398183
2021-04-19 23:11:00,1.653163366915107,-8.400007694859037,12.357247362900099
2021-04-19 23:12:00,1.647813864155395,-8.736937421017856,12.888378169844193
2021-04-19 23:13:00,1.6426311658710833,-9.116824676987445,12.369423270223626
2021-04-19 23:14:00,1.6376174234370189,-9.986326809561588,12.791836456128136
2021-04-19 23:15:00,1.632774750582655,-9.314432669248218,11.420796802791166
2021-04-19 23:16:00,1.628105222353283,-8.543306269909719,11.78745648723549
2021-04-19 23:17:00,1.6236108747595148,-8.872472139425486,11.918300353385352
2021-04-19 23:18:00,1.6192937042020983,-8.823467180504046,11.999731587261556
2021-04-19 23:19:00,1.6151556668139329,-8.47735760224569,12.52131256598397
2021-04-19 23:20:00,1.6111986779585599,-8.744731980846586,12.937090605120083
2021-04-19 23:21:00,1.6074246116760447,-9.219318152621026,12.033753960185349
2021-04-19 23:22:00,1.6038353000597576,-9.810042476166176,11.988226675388312
2021-04-19 23:23:00,1.6004325329597537,-9.191028374875682,12.902568618753774
2021-04-19 23:24:00,1.5972180571922776,-8.87949387965749,12.733783564945892
2021-04-19 23:25:00,1.5941935761703425,-8.828811239669976,12.849937912797632
2021-04-19 23:26:00,1.591360749529662,-8.767390096976465,11.897536064733087
2021-04-19 23:27:00,1.5887211923907376,-9.130584936326594,12.696547149810709
2021-04-19 23:28:00,1.5862764751105949,-8.857103949580152,12.918859243980487
2021-04-19 23:29:00,1.584028122746232,-8.65040729849374,12.148873590446946
2021-04-19 23:30:00,1.5819776145467344,-9.036135349400828,12.730233222575409
2021-04-19 23:31:00,1.580126383724455,-9.253875716400408,12.80866598275025
2021-04-19 23:32:00,1.578475816733783,-8.829049802344203,12.288307047285134
2021-04-19 23:33:00,1.5770272531424738,-8.581544972774084,11.879472501643454
2021-04-19 23:34:00,1.575781985144103,-9.516481671028375,11.731325583337375
2021-04-19 23:35:00,1.5747412570749746,-9.444708527155642,11.973892843383934
2021-04-19 23:36:00,1.5739062652297364,-8.490895073951403,11.00325831034439
2021-04-19 23:37:00,1.5732781573453785,-8.585958199211824,11.980552276212205
2021-04-19 23:38:00,1.5728580323282002,-9.117919026476057,11.802959099123953
2021-04-19 23:39:00,1.5726469399412917,-9.33626245902218,11.969493100562811
2021-04-19 23:40:00,1.5726458804818564,-9.373865772665978,11.789700653362898
2021-04-19 23:41:00,1.5728558044187009,-9.178059269436005,11.891269124075414
2021-04-19 23:42:00,1.5732776121750307,-9.249898420878733,12.54728596947796
2021-04-19 23:43:00,1.5739121538371859,-8.853264383090513,11.680584080528911
2021-04-19 23:44:00,1.574760228850008,-8.58153945677732,11.75788117522598
2021-04-19 23:45:00,1.5758225858348334,-8.522470147228033,12.13918533838747
2021-04-19 23:46:00,1.577099922261611,-9.325405529482447,11.913834022208707
2021-04-19 23:47:00,1.578592884353486,-8.804908871302096,12.093921432697485
2021-04-19 23:48:00,1.580302066739133,-9.713716222670875,12.27135721340167
2021-04-19 23:49:00,1.5822280123728862,-9.248807101303731,11.694487689593956
2021-04-19 23:50:00,1.5843712122800604,-9.478390849440233,12.564434221036032
2021-04-19 23:51:00,1.5867321054578418,-8.340831802257147,12.635589389399629
2021-04-19 23:52:00,1.5893110786093478,-8.692534733199375,12.13121288246434
2021-04-19 23:53:00,1.5921084661465412,-8.621898806930654,12.457262004156096
2021-04-19 23:54:00,1.5951245499886666,-8.531338766536244,11.805319834241455
2021-04-19 23:55:00,1.5983595594310982,-9.195403724334316,11.405685122693864
2021-04-19 23:56:00,1.6018136710833715,-9.17019615060196,11.968545493884712
2021-04-19 23:57:00,1.6054870088180764,-8.795059426112314,11.796586009465845
2021-04-19 23:58:00,1.609379643609638,-8.26743857018999,11.949020369579914
2021-04-19 23:59:00,1.6134915935966165,-8.45902826775956,11.772900621541368
2021-04-20 00:00:00,1.6178228239193417,-8.583237222505486,12.187753979282531
2021-04-20 00:01:00,1.622373246812877,-8.882117896270408,12.368043224600957
2021-04-20 00:02:00,1.6271427215120096,-9.428502085767445,12.663182916743107
2021-04-20 00:03:00,1.6321310542574965,-8.969277581437353,11.985304018768577
2021-04-20 00:04:00,1.6373379983961271,-9.406351078543896,11.838990781601199
2021-04-20 00:05:00,1.6427632542874329,-8.568329534046212,12.24478931617135
2021-04-20 00:06:00,1.6484064694306046,-8.02262820754897,12.484259174947319
2021-04-20 00:07:00,1.6542672385792685,-9.014488036022595,11.884803513657028
2021-04-20 00:08:00,1.6603451035904666,-8.049878334873618,12.301047461856273
2021-04-20 00:09:00,1.6666395538138852,-8.621394850617486,12.321701404313446
2021-04-20 00:10:00,1.67315002596699,-8.672905542082447,13.100481927220363
2021-04-20 00:11:00,1.6798759043222673,-8.42599864325275,12.604985239487247
2021-04-20 00:12:00,1.6868165208957338,-8.973942515720749,12.980151683467243
2021-04-20 00:13:00,1.693971155408405,-8.530700183247687,12.24235559525351
2021-04-20 00:14:00,1.7013390357285365,-8.890505220714372,11.986401376424036
2021-04-20 00:15:00,1.7089193378212508,-9.589589707169976,12.833206605130927
2021-04-20 00:16:00,1.7167111859478732,-9.760034703670435,12.448959406401595
2021-04-20 00:17:00,1.7247136529707614,-9.271944129877866,12.709156858667273
2021-04-20 00:18:00,1.7329257605261446,-9.153824760079358,12.935825262619405
2021-04-20 00:19:00,1.7413464791582205,-8.846243067896896,12.508209640051417
2021-04-20 00:20:00,1.749974728721135,-8.846489527684925,12.340008159580778
2021-04-20 00:21:00,1.758809378469041,-9.008284483228238,12.81179607551172
2021-04-20 00:22:00,1.7678492474542256,-9.153995311024822,12.03011188346553
2021-04-20 00:23:00,1.7770931047686782,-8.413277589789297,12.731872828118743
2021-04-20 00:24:00,1.78653966973852,-9.414619198176153,11.787711524062644
2021-04-20 00:25:00,1.7961876123713427,-8.544840276800773,12.48388762048983
2021-04-20 00:26:00,1.8060355537230177,-9.29478719280873,12.120502058035461
2021-04-20 00:27:00,1.8160820658613646,-9.021154265175886,11.920131392501052
2021-04-20 00:28:00,1.8263256728089234,-8.55701089913176,12.36355979127873
2021-04-20 00:29:00,1.8367648502322538,-8.352342695879782,11.808954799997588
2021-04-20 00:30:00,1.8473980264396737,-9.210013158506008,12.308694706426401
2021-04-20 00:31:00,1.8582235823660085,-9.216786766748632,12.402535425938392
2021-04-20 00:32:00,1.8692398520183393,-9.238608506831627,12.27523172671025
