Date,Volume
4/20/2021 0:02,2.406733604
4/20/2021 0:01,0.5734577
4/20/2021 0:00,3.309903747
4/19/2021 23:59,0.68493443
4/19/2021 23:58,0.477224563
4/19/2021 23:57,5.46171654
4/19/2021 23:56,0.696310659
4/19/2021 23:55,0.47016148
4/19/2021 23:54,0.45672227
4/19/2021 23:53,0.28641922
4/19/2021 23:52,0.52427084
4/19/2021 23:51,0.76722776
4/19/2021 23:50,3.533437971
4/19/2021 23:49,0.58663111
4/19/2021 23:48,6.05982841
4/19/2021 23:47,0.137560993
4/19/2021 23:46,0.21195796
4/19/2021 23:45,0.15740777
4/19/2021 23:44,1.81944885
4/19/2021 23:43,0.76952579
4/19/2021 23:42,1.926222234
4/19/2021 23:41,0.67901809
4/19/2021 23:40,2.04317603
4/19/2021 23:39,2.18454263
4/19/2021 23:38,1.15783506
4/19/2021 23:37,2.30551045
4/19/2021 23:36,1.94531415
4/19/2021 23:35,3.56937825
4/19/2021 23:34,3.721432334
4/19/2021 23:33,6.09178245
4/19/2021 23:32,2.15372352
4/19/2021 23:31,1.866298072
4/19/2021 23:30,2.11922981
4/19/2021 23:29,5.04483106
4/19/2021 23:28,2.162904595
4/19/2021 23:27,4.746355558
4/19/2021 23:26,1.968116816
4/19/2021 23:25,0.35369932
4/19/2021 23:24,0.32991896
4/19/2021 23:23,0.90869082
4/19/2021 23:22,0.54277539
4/19/2021 23:21,0.30071598
4/19/2021 23:20,1.16764762
4/19/2021 23:19,0.427220839
4/19/2021 23:18,1.43667475
4/19/2021 23:17,0.155485262
4/19/2021 23:16,0.71699
4/19/2021 23:15,0.48495928
4/19/2021 23:14,1.64786636
4/19/2021 23:13,0.596992605
4/19/2021 23:12,5.179757195
4/19/2021 23:11,1.30698776
4/19/2021 23:10,3.1325546
4/19/2021 23:09,0.44687963
4/19/2021 23:08,1.59421489
4/19/2021 23:07,1.38068588
4/19/2021 23:06,1.37832533
4/19/2021 23:05,3.018756487
4/19/2021 23:04,1.05005962
4/19/2021 23:03,0.789594282
4/19/2021 23:02,0.530566404
4/19/2021 23:01,0.58174778
4/19/2021 23:00,1.06858581
4/19/2021 22:59,1.3321508
4/19/2021 22:58,0.96311846
4/19/2021 22:57,4.13483863
4/19/2021 22:56,3.173766803
4/19/2021 22:55,5.848762681
4/19/2021 22:54,5.30151997
4/19/2021 22:53,3.32980979
4/19/2021 22:52,2.965963226
4/19/2021 22:51,0.10811086
4/19/2021 22:50,0.556505574
4/19/2021 22:49,1.120701666
4/19/2021 22:48,0.5074874
4/19/2021 22:47,1.40522628
4/19/2021 22:46,3.344072881
4/19/2021 22:45,0.986347494
4/19/2021 22:44,0.25869789
4/19/2021 22:43,0.79102462
4/19/2021 22:42,0.55298603
4/19/2021 22:41,0.089861855
4/19/2021 22:40,0.94441133
4/19/2021 22:39,1.85655475
4/19/2021 22:38,1.865081875
4/19/2021 22:37,0.801397098
4/19/2021 22:36,1.899450209
4/19/2021 22:35,2.73696214
4/19/2021 22:34,0.55805983
4/19/2021 22:33,3.21307743
4/19/2021 22:32,2.665199068
4/19/2021 22:31,3.29430163
4/19/2021 22:30,2.85233738
4/19/2021 22:29,2.09200766
4/19/2021 22:28,3.92907546
4/19/2021 22:27,0.681159
4/19/2021 22:26,0.92956785
4/19/2021 22:25,1.83821401
4/19/2021 22:24,0.73476055
4/19/2021 22:23,1.180309263
4/19/2021 22:22,0.87725967
4/19/2021 22:21,1.13849033
4/19/2021 22:20,1.83760121
4/19/2021 22:19,1.41562109
4/19/2021 22:18,2.40549474
4/19/2021 22:17,2.40790417
4/19/2021 22:16,2.90560661
4/19/2021 22:15,1.79684589
4/19/2021 22:14,0.2773772
4/19/2021 22:13,1.428106685
4/19/2021 22:12,0.48180107
4/19/2021 22:11,1.91274908
4/19/2021 22:10,2.27943407
4/19/2021 22:09,9.008079266
4/19/2021 22:08,1.40440524
4/19/2021 22:07,0.64931053
4/19/2021 22:06,1.46559434
4/19/2021 22:05,1.97208773
4/19/2021 22:04,1.15753829
4/19/2021 22:03,1.51563471
4/19/2021 22:02,2.637459808
4/19/2021 22:01,1.45194796
4/19/2021 22:00,4.018467964
4/19/2021 21:59,1.98387785
4/19/2021 21:58,0.982608784
4/19/2021 21:57,0.15138802
4/19/2021 21:56,1.27114641
4/19/2021 21:55,1.19768575
4/19/2021 21:54,0.96289646
4/19/2021 21:53,2.832622216
4/19/2021 21:52,3.046840567
4/19/2021 21:51,1.16360187
4/19/2021 21:50,3.97010793
4/19/2021 21:49,2.55389235
4/19/2021 21:48,1.514627149
4/19/2021 21:47,1.04726402
4/19/2021 21:46,2.57752732
4/19/2021 21:45,3.69262613
4/19/2021 21:44,0.503289229
4/19/2021 21:43,0.115947432
4/19/2021 21:42,1.925344345
4/19/2021 21:41,2.88172256
4/19/2021 21:40,1.9212137
4/19/2021 21:39,0.95751508
4/19/2021 21:38,0.61020145
4/19/2021 21:37,0.133891443
4/19/2021 21:36,0.34038274
4/19/2021 21:35,1.25760481
4/19/2021 21:34,0.657727072
4/19/2021 21:33,0.4113301
4/19/2021 21:32,0.932241493
4/19/2021 21:31,0.32746263
4/19/2021 21:30,0.25149372
4/19/2021 21:29,1.09165207
4/19/2021 21:28,1.728312299
4/19/2021 21:27,5.54556342
4/19/2021 21:26,2.73511098
4/19/2021 21:25,3.55027882
4/19/2021 21:24,1.43628124
4/19/2021 21:23,3.82458423
4/19/2021 21:22,4.56568193
4/19/2021 21:21,2.680644954
4/19/2021 21:20,15.11388326
4/19/2021 21:19,1.176685534
4/19/2021 21:18,0.53948497
4/19/2021 21:17,5.055652522
4/19/2021 21:16,3.6665814
4/19/2021 21:15,1.43624253
4/19/2021 21:14,2.60056763
4/19/2021 21:13,0.13244684
4/19/2021 21:12,1.03063141
4/19/2021 21:11,3.23409924
4/19/2021 21:10,1.83259814
4/19/2021 21:09,5.91821154
4/19/2021 21:08,1.0711876
4/19/2021 21:07,0.83940048
4/19/2021 21:06,2.67284677
4/19/2021 21:05,21.63234179
4/19/2021 21:04,28.28288857
4/19/2021 21:03,26.49200909
4/19/2021 21:02,1.534077464
4/19/2021 21:01,1.97818831
4/19/2021 21:00,1.99156247
4/19/2021 20:59,0.499329215
4/19/2021 20:58,0.28963569
4/19/2021 20:57,0.5284879
4/19/2021 20:56,2.766855092
4/19/2021 20:55,0.461478363
4/19/2021 20:54,0.38638334
4/19/2021 20:53,0.04058409
4/19/2021 20:52,2.273453936
4/19/2021 20:51,2.01229563
4/19/2021 20:50,0.541123186
4/19/2021 20:49,0.13854086
4/19/2021 20:48,0.81352356
4/19/2021 20:47,0.70855727
4/19/2021 20:46,1.47667042
4/19/2021 20:45,0.52252492
4/19/2021 20:44,1.57247327
4/19/2021 20:43,2.831640558
4/19/2021 20:42,0.84664993
4/19/2021 20:41,15.5509507
4/19/2021 20:40,4.27385721
4/19/2021 20:39,6.44707123
4/19/2021 20:38,6.79249738
4/19/2021 20:37,15.73414791
4/19/2021 20:36,3.013817802
4/19/2021 20:35,1.20260983
4/19/2021 20:34,1.683387968
4/19/2021 20:33,2.2795422
4/19/2021 20:32,0.27880491
4/19/2021 20:31,13.20180925
4/19/2021 20:30,1.249296364
4/19/2021 20:29,1.34670823
4/19/2021 20:28,1.15352756
4/19/2021 20:27,1.44625112
4/19/2021 20:26,6.303227939
4/19/2021 20:25,5.432085794
4/19/2021 20:24,0.759902476
4/19/2021 20:23,0.12889599
4/19/2021 20:22,0.983140714
4/19/2021 20:21,7.66028621
4/19/2021 20:20,0.1317817
4/19/2021 20:19,0.348068921
4/19/2021 20:18,1.701593456
4/19/2021 20:17,0.85368751
4/19/2021 20:16,2.869012133
4/19/2021 20:15,6.73903488
4/19/2021 20:14,26.07834532
4/19/2021 20:13,24.66190286
4/19/2021 20:12,1.08835745
4/19/2021 20:11,0.8059723
4/19/2021 20:10,7.366536584
4/19/2021 20:09,1.352217304
4/19/2021 20:08,2.11304548
4/19/2021 20:07,6.31728052
4/19/2021 20:06,1.69114763
4/19/2021 20:05,1.22480315
4/19/2021 20:04,2.92813043
4/19/2021 20:03,8.51787515
4/19/2021 20:02,10.16615156
4/19/2021 20:01,1.420593786
4/19/2021 20:00,12.71537369
4/19/2021 19:59,7.23944812
4/19/2021 19:58,1.793287642
4/19/2021 19:57,9.822068417
4/19/2021 19:56,9.61536583
4/19/2021 19:55,7.15653467
4/19/2021 19:54,2.05953749
4/19/2021 19:53,0.2274525
4/19/2021 19:52,1.49434575
4/19/2021 19:51,0.569050065
4/19/2021 19:50,2.78905893
4/19/2021 19:49,6.752316617
4/19/2021 19:48,24.85871953
4/19/2021 19:47,5.16487071
4/19/2021 19:46,3.42616046
4/19/2021 19:45,2.08158316
4/19/2021 19:44,0.40957855
4/19/2021 19:43,0.58864864
4/19/2021 19:42,0.63247596
4/19/2021 19:41,1.95958004
4/19/2021 19:40,0.576348278
4/19/2021 19:39,0.147568957
4/19/2021 19:38,5.41887091
4/19/2021 19:37,1.32016464
4/19/2021 19:36,5.10045648
4/19/2021 19:35,1.442959957
4/19/2021 19:34,5.71243515
4/19/2021 19:33,0.120663761
4/19/2021 19:32,2.94715656
4/19/2021 19:31,0.938116609
4/19/2021 19:30,0.833450232
4/19/2021 19:29,2.81559168
4/19/2021 19:28,2.41830444
4/19/2021 19:27,0.34349324
4/19/2021 19:26,2.21112221
4/19/2021 19:25,0.52144225
4/19/2021 19:24,0.91535208
4/19/2021 19:23,0.05458774
4/19/2021 19:22,12.34470289
4/19/2021 19:21,0.28800716
4/19/2021 19:20,0.643852666
4/19/2021 19:19,0.47501016
4/19/2021 19:18,0.103392086
4/19/2021 19:17,4.19777369
4/19/2021 19:16,0.65872535
4/19/2021 19:15,0.406618968
4/19/2021 19:14,0.892785664
4/19/2021 19:13,0.23365652
4/19/2021 19:12,1.22969085
4/19/2021 19:11,0.76430165
4/19/2021 19:10,0.250852941
4/19/2021 19:09,0.87452501
4/19/2021 19:08,0.12696873
4/19/2021 19:07,1.56683487
4/19/2021 19:06,0.70542496
4/19/2021 19:05,0.709339836
4/19/2021 19:04,1.730357637
4/19/2021 19:03,0.475966212
4/19/2021 19:02,1.06147343
4/19/2021 19:01,0.229637215
4/19/2021 19:00,0.812949966
4/19/2021 18:59,1.02106162
4/19/2021 18:58,0.11816563
4/19/2021 18:57,0.27362758
4/19/2021 18:56,0.228684023
4/19/2021 18:55,3.021752932
4/19/2021 18:54,2.78855356
4/19/2021 18:53,0.26180964
4/19/2021 18:52,0.58880104
4/19/2021 18:51,1.671648897
4/19/2021 18:50,0.131842177
4/19/2021 18:49,0.06036977
4/19/2021 18:48,0.47711211
4/19/2021 18:47,0.32533901
4/19/2021 18:46,0.35443822
4/19/2021 18:45,0.276519708
4/19/2021 18:44,0.575895744
4/19/2021 18:43,0.84670429
4/19/2021 18:42,0.573505132
4/19/2021 18:41,0.61266576
4/19/2021 18:40,0.49331427
4/19/2021 18:39,0.66927989
4/19/2021 18:38,1.43811347
4/19/2021 18:37,0.45413149
4/19/2021 18:36,0.96542938
4/19/2021 18:35,0.45372477
4/19/2021 18:34,0.16902718
4/19/2021 18:33,1.790518639
4/19/2021 18:32,1.59815344
4/19/2021 18:31,3.171250659
4/19/2021 18:30,0.98893174
4/19/2021 18:29,0.51394678
4/19/2021 18:28,0.803004304
4/19/2021 18:27,1.227343981
4/19/2021 18:26,0.39339474
4/19/2021 18:25,0.151963559
4/19/2021 18:24,1.32940334
4/19/2021 18:23,0.390577447
4/19/2021 18:22,1.24199639
4/19/2021 18:21,0.15523477
4/19/2021 18:20,0.47623715
4/19/2021 18:19,0.159115453
4/19/2021 18:18,2.024738799
4/19/2021 18:17,0.42579199
4/19/2021 18:16,1.33276406
4/19/2021 18:15,2.332205268
4/19/2021 18:14,2.11274416
4/19/2021 18:13,0.24693649
4/19/2021 18:12,0.534490039
4/19/2021 18:11,0.91650014
4/19/2021 18:10,2.081731047
4/19/2021 18:09,1.63302703
4/19/2021 18:08,4.74653216
4/19/2021 18:07,3.28899401
4/19/2021 18:06,1.897622772
4/19/2021 18:05,4.06465189
4/19/2021 18:04,2.01625787
4/19/2021 18:03,5.813104766
4/19/2021 18:02,3.07333544
4/19/2021 18:01,2.373909266
4/19/2021 18:00,2.481419551
4/19/2021 17:59,2.816197023
4/19/2021 17:58,1.806441965
4/19/2021 17:57,0.241483029
4/19/2021 17:56,1.5021655
4/19/2021 17:55,0.648216952
4/19/2021 17:54,5.0415761
4/19/2021 17:53,1.66052467
4/19/2021 17:52,1.386413365
4/19/2021 17:51,2.19258821
4/19/2021 17:50,3.374137122
4/19/2021 17:49,0.367668253
4/19/2021 17:48,0.69274306
4/19/2021 17:47,1.71942149
4/19/2021 17:46,0.13223975
4/19/2021 17:45,0.82458855
4/19/2021 17:44,0.10411562
4/19/2021 17:43,1.16581129
4/19/2021 17:42,0.96674028
4/19/2021 17:41,1.33591374
4/19/2021 17:40,1.71229322
4/19/2021 17:39,0.124816731
4/19/2021 17:38,1.09127238
4/19/2021 17:37,1.47860859
4/19/2021 17:36,1.94378942
4/19/2021 17:35,3.08663741
4/19/2021 17:34,1.33995616
4/19/2021 17:33,0.63833986
4/19/2021 17:32,0.39988027
4/19/2021 17:31,1.87716704
4/19/2021 17:30,1.628167994
4/19/2021 17:29,7.8064551
4/19/2021 17:28,0.97907604
4/19/2021 17:27,0.01970274
4/19/2021 17:26,0.683287241
4/19/2021 17:25,4.50414009
4/19/2021 17:24,3.5825148
4/19/2021 17:23,1.829785402
4/19/2021 17:22,1.24007529
4/19/2021 17:21,4.26244733
4/19/2021 17:20,2.62270325
4/19/2021 17:19,0.246705517
4/19/2021 17:18,0.440661924
4/19/2021 17:17,0.31708917
4/19/2021 17:16,0.455918813
4/19/2021 17:15,0.09428063
4/19/2021 17:14,1.09959275
4/19/2021 17:13,1.591180058
4/19/2021 17:12,0.759157011
4/19/2021 17:11,1.023625481
4/19/2021 17:10,1.94046036
4/19/2021 17:09,0.123318173
4/19/2021 17:08,0.39361073
4/19/2021 17:07,2.47450243
4/19/2021 17:06,0.90053519
4/19/2021 17:05,1.10679345
4/19/2021 17:04,0.37238606
4/19/2021 17:03,1.68115856
4/19/2021 17:02,1.26876436
4/19/2021 17:01,5.0321894
4/19/2021 17:00,3.064191055
4/19/2021 16:59,3.966676206
4/19/2021 16:58,0.139656864
4/19/2021 16:57,0.9244672
4/19/2021 16:56,1.7422436
4/19/2021 16:55,1.68590645
4/19/2021 16:54,2.423396131
4/19/2021 16:53,0.684668171
4/19/2021 16:52,0.40055037
4/19/2021 16:51,0.82618367
4/19/2021 16:50,1.811590399
4/19/2021 16:49,0.627830085
4/19/2021 16:48,0.50646864
4/19/2021 16:47,0.667840969
4/19/2021 16:46,0.46788517
4/19/2021 16:45,2.37440965
4/19/2021 16:44,0.605897273
4/19/2021 16:43,0.50102559
4/19/2021 16:42,1.13279907
4/19/2021 16:41,0.593898582
4/19/2021 16:40,5.390823619
4/19/2021 16:39,3.073112961
4/19/2021 16:38,6.673335948
4/19/2021 16:37,2.77992576
4/19/2021 16:36,3.673429691
4/19/2021 16:35,3.493265886
4/19/2021 16:34,0.726202991
4/19/2021 16:33,0.834287757
4/19/2021 16:32,2.635766084
4/19/2021 16:31,8.626917202
4/19/2021 16:30,4.085207486
4/19/2021 16:29,3.60550177
4/19/2021 16:28,1.28915524
4/19/2021 16:27,0.418963792
4/19/2021 16:26,1.498973987
4/19/2021 16:25,0.69174816
4/19/2021 16:24,3.166689835
4/19/2021 16:23,1.99998593
4/19/2021 16:22,0.97389853
4/19/2021 16:21,2.99793964
4/19/2021 16:20,14.37307127
4/19/2021 16:19,2.06802819
4/19/2021 16:18,0.47935012
4/19/2021 16:17,4.10007966
4/19/2021 16:16,2.568786697
4/19/2021 16:15,26.25591794
4/19/2021 16:14,12.3997309
4/19/2021 16:13,0.812645493
4/19/2021 16:12,0.880161802
4/19/2021 16:11,2.03118032
4/19/2021 16:10,0.18083271
4/19/2021 16:09,0.28598044
4/19/2021 16:08,1.6730998
4/19/2021 16:07,3.6417141
4/19/2021 16:06,11.12244542
4/19/2021 16:05,10.33054923
4/19/2021 16:04,3.29211828
4/19/2021 16:03,1.408267532
4/19/2021 16:02,3.127128636
4/19/2021 16:01,2.66425004
4/19/2021 16:00,1.653530034
4/19/2021 15:59,1.770754348
4/19/2021 15:58,0.655419426
4/19/2021 15:57,1.34505564
4/19/2021 15:56,1.319700592
4/19/2021 15:55,3.27633817
4/19/2021 15:54,3.704577748
4/19/2021 15:53,3.621751347
4/19/2021 15:52,0.562313996
4/19/2021 15:51,1.962111015
4/19/2021 15:50,1.91632558
4/19/2021 15:49,1.929129507
4/19/2021 15:48,0.92793187
4/19/2021 15:47,7.92891449
4/19/2021 15:46,12.49342045
4/19/2021 15:45,6.265838086
4/19/2021 15:44,5.29625978
4/19/2021 15:43,0.965649639
4/19/2021 15:42,0.50622706
4/19/2021 15:41,3.014612456
4/19/2021 15:40,2.80343455
4/19/2021 15:39,1.344632895
4/19/2021 15:38,2.98621076
4/19/2021 15:37,0.94966337
4/19/2021 15:36,0.74790805
4/19/2021 15:35,2.375318215
4/19/2021 15:34,1.25741927
4/19/2021 15:33,1.78145872
4/19/2021 15:32,1.645998328
4/19/2021 15:31,3.876105616
4/19/2021 15:30,3.370998364
4/19/2021 15:29,0.340946419
4/19/2021 15:28,0.7160445
4/19/2021 15:27,6.388438791
4/19/2021 15:26,4.400149496
4/19/2021 15:25,0.931736584
4/19/2021 15:24,4.185226532
4/19/2021 15:23,3.91959579
4/19/2021 15:22,1.51664204
4/19/2021 15:21,0.789739623
4/19/2021 15:20,1.55210779
4/19/2021 15:19,0.77158678
4/19/2021 15:18,1.20055059
4/19/2021 15:17,2.317661663
4/19/2021 15:16,2.89189858
4/19/2021 15:15,2.071407292
4/19/2021 15:14,1.19151502
4/19/2021 15:13,3.739084481
4/19/2021 15:12,3.02904588
4/19/2021 15:11,1.95778343
4/19/2021 15:10,1.50556982
4/19/2021 15:09,0.895967917
4/19/2021 15:08,2.611065728
4/19/2021 15:07,0.669501883
4/19/2021 15:06,3.186921196
4/19/2021 15:05,5.160560537
4/19/2021 15:04,5.157437609
4/19/2021 15:03,30.46008392
4/19/2021 15:02,0.947282398
4/19/2021 15:01,1.874366328
4/19/2021 15:00,1.822567979
4/19/2021 14:59,5.331122132
4/19/2021 14:58,1.696557295
4/19/2021 14:57,0.945754506
4/19/2021 14:56,7.972139087
4/19/2021 14:55,13.03210352
4/19/2021 14:54,8.916711786
4/19/2021 14:53,2.059312233
4/19/2021 14:52,1.44723085
4/19/2021 14:51,3.511948115
4/19/2021 14:50,2.715937451
4/19/2021 14:49,1.32363555
4/19/2021 14:48,1.563096491
4/19/2021 14:47,0.61006793
4/19/2021 14:46,3.05397757
4/19/2021 14:45,2.189658922
4/19/2021 14:44,6.55470117
4/19/2021 14:43,8.41213671
4/19/2021 14:42,2.592473085
4/19/2021 14:41,0.571545902
4/19/2021 14:40,2.48339013
4/19/2021 14:39,3.208183339
4/19/2021 14:38,0.691707237
4/19/2021 14:37,3.247953796
4/19/2021 14:36,0.98457362
4/19/2021 14:35,3.065470442
4/19/2021 14:34,0.785511859
4/19/2021 14:33,2.077874231
4/19/2021 14:32,1.22063086
4/19/2021 14:31,1.09387325
4/19/2021 14:30,2.943222726
4/19/2021 14:29,4.6556722
4/19/2021 14:28,2.403349601
4/19/2021 14:27,5.33159288
4/19/2021 14:26,2.87957872
4/19/2021 14:25,0.563756463
4/19/2021 14:24,0.25596306
4/19/2021 14:23,0.292201632
4/19/2021 14:22,4.74282321
4/19/2021 14:21,2.333596183
4/19/2021 14:20,0.34498462
4/19/2021 14:19,0.31247424
4/19/2021 14:18,0.098847278
4/19/2021 14:17,0.720020892
4/19/2021 14:16,0.282846842
4/19/2021 14:15,0.054025823
4/19/2021 14:14,0.32249644
4/19/2021 14:13,0.42494785
4/19/2021 14:12,0.73023876
4/19/2021 14:11,3.225892407
4/19/2021 14:10,6.632589979
4/19/2021 14:09,5.139930692
4/19/2021 14:08,0.113672495
4/19/2021 14:07,0.39362831
4/19/2021 14:06,0.63712727
4/19/2021 14:05,0.81399495
4/19/2021 14:04,5.14690783
4/19/2021 14:03,0.34245336
4/19/2021 14:02,2.667225542
4/19/2021 14:01,1.79566803
4/19/2021 14:00,0.917498085
4/19/2021 13:59,0.57980528
4/19/2021 13:58,0.181463492
4/19/2021 13:57,0.755610419
4/19/2021 13:56,1.760184733
4/19/2021 13:55,0.364328656
4/19/2021 13:54,0.231265777
4/19/2021 13:53,1.93711776
4/19/2021 13:52,3.019316403
4/19/2021 13:51,1.82516001
4/19/2021 13:50,0.33443676
4/19/2021 13:49,0.47451228
4/19/2021 13:48,0.6222712
4/19/2021 13:47,0.45565014
4/19/2021 13:46,0.2562109
4/19/2021 13:45,0.38549327
4/19/2021 13:44,2.81557669
4/19/2021 13:43,1.20086053
4/19/2021 13:42,2.20308661
4/19/2021 13:41,6.82373434
4/19/2021 13:40,4.07591804
4/19/2021 13:39,0.912721702
4/19/2021 13:38,0.495238439
4/19/2021 13:37,2.050761195
4/19/2021 13:36,1.326652756
4/19/2021 13:35,0.2791211
4/19/2021 13:34,0.62029876
4/19/2021 13:33,0.695061565
4/19/2021 13:32,0.31862878
4/19/2021 13:31,0.13609715
4/19/2021 13:30,0.148150357
4/19/2021 13:29,0.39568693
4/19/2021 13:28,0.75645158
4/19/2021 13:27,1.49474393
4/19/2021 13:26,0.15188244
4/19/2021 13:25,31.99211114
4/19/2021 13:24,0.893807497
4/19/2021 13:23,0.405821639
4/19/2021 13:22,0.21042988
4/19/2021 13:21,1.34953109
4/19/2021 13:20,6.044417879
4/19/2021 13:19,0.2597029
4/19/2021 13:18,0.245358021
4/19/2021 13:17,1.06550947
4/19/2021 13:16,0.195902204
4/19/2021 13:15,3.090946516
4/19/2021 13:14,0.03102353
4/19/2021 13:13,0.315323779
4/19/2021 13:12,0.107730988
4/19/2021 13:11,0.663578876
4/19/2021 13:10,0.458998602
4/19/2021 13:09,0.817644586
4/19/2021 13:08,0.06955284
4/19/2021 13:07,3.465176815
4/19/2021 13:06,0.788978323
4/19/2021 13:05,0.270798
4/19/2021 13:04,0.15548714
4/19/2021 13:03,0.11670948
4/19/2021 13:02,0.580849503
4/19/2021 13:01,0.21377118
4/19/2021 13:00,0.318140137
4/19/2021 12:59,0.134519377
4/19/2021 12:58,0.073501738
4/19/2021 12:57,0.068142474
4/19/2021 12:56,0.21508989
4/19/2021 12:55,0.079118933
4/19/2021 12:54,0.968583189
4/19/2021 12:53,0.505351066
4/19/2021 12:52,0.076595007
4/19/2021 12:51,0.13503167
4/19/2021 12:50,0.17023591
4/19/2021 12:49,0.67560643
4/19/2021 12:48,0.42743734
4/19/2021 12:47,0.06646852
4/19/2021 12:46,0.183323925
4/19/2021 12:45,0.037497728
4/19/2021 12:44,0.096538022
4/19/2021 12:43,0.02585569
4/19/2021 12:42,0.431557245
4/19/2021 12:41,0.441913054
4/19/2021 12:40,0.132651873
4/19/2021 12:39,0.261994706
4/19/2021 12:38,0.593532559
4/19/2021 12:37,0.41088058
4/19/2021 12:36,0.38762013
4/19/2021 12:35,0.02861604
4/19/2021 12:34,0.30285378
4/19/2021 12:33,0.12252546
4/19/2021 12:32,0.01336787
4/19/2021 12:31,1.92567922
4/19/2021 12:30,1.32334179
4/19/2021 12:29,0.117228384
4/19/2021 12:28,0.052329529
4/19/2021 12:27,0.14204273
4/19/2021 12:26,0.05439043
4/19/2021 12:25,0.01649894
4/19/2021 12:24,0.00491192
4/19/2021 12:23,0.31852437
4/19/2021 12:22,0.433960928
4/19/2021 12:21,1.82879005
4/19/2021 12:20,0.036477871
4/19/2021 12:19,0.70087021
4/19/2021 12:18,0.04368929
4/19/2021 12:17,0.410191587
4/19/2021 12:16,0.10229706
4/19/2021 12:15,0.13135878
4/19/2021 12:14,0.342241136
4/19/2021 12:13,0.07512411
4/19/2021 12:12,0.17484549
4/19/2021 12:11,0.18116952
4/19/2021 12:10,0.14475353
4/19/2021 12:09,0.04677347
4/19/2021 12:08,0.03342795
4/19/2021 12:07,0.12928009
4/19/2021 12:06,0.48800236
4/19/2021 12:05,0.051345909
4/19/2021 12:04,0.215037978
4/19/2021 12:03,0.44054231
4/19/2021 12:02,0.025527999
4/19/2021 12:01,0.41571801
4/19/2021 12:00,0.07945919
4/19/2021 11:59,0.053754937
4/19/2021 11:58,0.11362532
4/19/2021 11:57,0.021295424
4/19/2021 11:56,0.13078521
4/19/2021 11:55,0.1758687
4/19/2021 11:54,0.12248582
4/19/2021 11:53,0.123709031
4/19/2021 11:52,1.31089126
4/19/2021 11:51,0.562713678
4/19/2021 11:50,0.132263474
4/19/2021 11:49,0.03232696
4/19/2021 11:48,0.412335538
4/19/2021 11:47,0.90311521
4/19/2021 11:46,0.16321013
4/19/2021 11:45,0.04920432
4/19/2021 11:44,0.04616807
4/19/2021 11:43,0.06054578
4/19/2021 11:42,0.00359216
4/19/2021 11:41,0.31141971
4/19/2021 11:40,0.00503018
4/19/2021 11:39,0.034167771
4/19/2021 11:38,0.18054327
4/19/2021 11:37,0.85077128
4/19/2021 11:36,1.2324587
4/19/2021 11:35,0.280244518
4/19/2021 11:34,0.027907
4/19/2021 11:33,0.01466283
4/19/2021 11:32,0.398806782
4/19/2021 11:31,0.015166279
4/19/2021 11:30,0.14276989
4/19/2021 11:29,0.02578978
4/19/2021 11:28,0.01088651
4/19/2021 11:27,0.12276502
4/19/2021 11:26,0.01125757
4/19/2021 11:25,0.21597435
4/19/2021 11:24,0.04630045
4/19/2021 11:23,0.067384776
4/19/2021 11:22,0.03164768
4/19/2021 11:21,0.0505721
4/19/2021 11:20,0.75944845
4/19/2021 11:19,0.23629647
4/19/2021 11:18,0.01393327
4/19/2021 11:17,0.42476388
4/19/2021 11:16,0.46836398
4/19/2021 11:15,0.15976975
4/19/2021 11:14,0.43888534
4/19/2021 11:13,1.95261976
4/19/2021 11:12,0.35718543
4/19/2021 11:11,0.62862876
4/19/2021 11:10,0.7002184
4/19/2021 11:09,0.0719521
4/19/2021 11:08,0.08751262
4/19/2021 11:07,0.182536606
4/19/2021 11:06,0.03098155
4/19/2021 11:05,0.24769344
4/19/2021 11:04,0.00390226
4/19/2021 11:03,0.00344319
4/19/2021 11:02,0.38960857
4/19/2021 11:01,12.62315189
4/19/2021 11:00,2.86762592
4/19/2021 10:59,0.036303
4/19/2021 10:58,0.03715278
4/19/2021 10:57,1.32231829
4/19/2021 10:56,2.47236464
4/19/2021 10:55,0.02655802
4/19/2021 10:54,0.372751543
4/19/2021 10:53,5.024314995
4/19/2021 10:52,0.61134215
4/19/2021 10:51,0.039604
4/19/2021 10:50,0.02028733
4/19/2021 10:49,0.21033017
4/19/2021 10:48,0.07982945
4/19/2021 10:47,0.22642092
4/19/2021 10:46,4.627335211
4/19/2021 10:45,0.53367846
4/19/2021 10:44,1.01243995
4/19/2021 10:43,0.39486296
4/19/2021 10:42,0.05359134
4/19/2021 10:41,0.11419883
4/19/2021 10:40,1.688990973
4/19/2021 10:39,3.91953465
4/19/2021 10:38,2.24503199
4/19/2021 10:37,0.013975173
4/19/2021 10:36,0.06895398
4/19/2021 10:35,0.02005941
4/19/2021 10:34,0.02687775
4/19/2021 10:33,0.10220145
4/19/2021 10:32,0.12777007
4/19/2021 10:31,0.195859955
4/19/2021 10:30,0.01040105
4/19/2021 10:29,0.01765815
4/19/2021 10:28,0.06427832
4/19/2021 10:27,0.20466188
4/19/2021 10:26,0.303301699
4/19/2021 10:25,0.00118062
4/19/2021 10:24,0.09825511
4/19/2021 10:23,0.22827581
4/19/2021 10:22,1.989920092
4/19/2021 10:21,0.02858455
4/19/2021 10:20,0.09319784
4/19/2021 10:19,1.12136864
4/19/2021 10:18,0.21994291
4/19/2021 10:17,0.0434951
4/19/2021 10:16,0.01828902
4/19/2021 10:15,0.08738654
4/19/2021 10:14,2.00854711
4/19/2021 10:13,7.32575274
4/19/2021 10:12,0.13269564
4/19/2021 10:11,0.02606107
4/19/2021 10:10,0.05328517
4/19/2021 10:09,0.33458788
4/19/2021 10:08,1.1173053
4/19/2021 10:07,1.27053503
4/19/2021 10:06,0.00138676
4/19/2021 10:05,1.22068589
4/19/2021 10:04,2.56439142
4/19/2021 10:03,0.43176162
4/19/2021 10:02,0.05747178
4/19/2021 10:01,0.01056
4/19/2021 10:00,0.01019104
4/19/2021 9:59,0.08886712
4/19/2021 9:58,0.00257628
4/19/2021 9:57,3.1245138
4/19/2021 9:56,1.07089693
4/19/2021 9:55,0.00622
4/19/2021 9:54,0.50009745
4/19/2021 9:53,0.02870383
4/19/2021 9:52,0.08633632
4/19/2021 9:51,0.49965283
4/19/2021 9:50,0.08969042
4/19/2021 9:49,0.0172177
4/19/2021 9:48,0.20222301
4/19/2021 9:47,0.03607648
4/19/2021 9:46,0
4/19/2021 9:45,1.17495138
4/19/2021 9:44,0
4/19/2021 9:43,0.01916546
4/19/2021 9:42,0.08579459
4/19/2021 9:41,0.006
4/19/2021 9:40,0
4/19/2021 9:39,0.14004037
4/19/2021 9:38,0.26609658
4/19/2021 9:37,0.11206518
4/19/2021 9:36,0.03793682
4/19/2021 9:35,0.050211091
4/19/2021 9:34,0.02188787
4/19/2021 9:33,0.00083715
4/19/2021 9:32,0.02155206
4/19/2021 9:31,5.00E-05
4/19/2021 9:30,1.82566651
4/19/2021 9:29,1.2431566
4/19/2021 9:28,0.15775343
4/19/2021 9:27,1.15731603
4/19/2021 9:26,1.11275057
4/19/2021 9:25,1.06348902
4/19/2021 9:24,0.92745891
4/19/2021 9:23,0.08419388
4/19/2021 9:22,0.22395951
4/19/2021 9:21,1.04779377
4/19/2021 9:20,0.00576252
4/19/2021 9:19,0.04070252
4/19/2021 9:18,0.01861938
4/19/2021 9:17,0.27037008
4/19/2021 9:16,0.02563007
4/19/2021 9:15,0.815451033
4/19/2021 9:14,0.13236642
4/19/2021 9:13,0.2601
4/19/2021 9:12,0.06151117
4/19/2021 9:11,3.40847505
4/19/2021 9:10,0.34906378
4/19/2021 9:09,0.01431302
4/19/2021 9:08,0.133546233
4/19/2021 9:07,1.91776622
4/19/2021 9:06,0.02607626
4/19/2021 9:05,0.01721063
4/19/2021 9:04,0.8829622
4/19/2021 9:03,0.04541905
4/19/2021 9:02,0.07324049
4/19/2021 9:01,0.12126297
4/19/2021 9:00,0.00608117
4/19/2021 8:59,1.731915626
4/19/2021 8:58,0.158321326
4/19/2021 8:57,0.315414314
4/19/2021 8:56,0.809511073
4/19/2021 8:55,0.05743517
4/19/2021 8:54,2.12015756
4/19/2021 8:53,0.052288
4/19/2021 8:52,0.1423874
4/19/2021 8:51,0.02193551
4/19/2021 8:50,0.10609331
4/19/2021 8:49,0.0025042
4/19/2021 8:48,1.4625133
4/19/2021 8:47,0.00262692
4/19/2021 8:46,0.00374086
4/19/2021 8:45,2.00099676
4/19/2021 8:44,6.00E-05
4/19/2021 8:43,0.08954151
4/19/2021 8:42,0.000161
4/19/2021 8:41,0.14564584
4/19/2021 8:40,0.1452726
4/19/2021 8:39,1.24863708
4/19/2021 8:38,0.29477485
4/19/2021 8:37,1.0150949
4/19/2021 8:36,0.30353354
4/19/2021 8:35,0.00888434
4/19/2021 8:34,3.78512814
4/19/2021 8:33,0.04567011
4/19/2021 8:32,1.09397452
4/19/2021 8:31,1.28309271
4/19/2021 8:30,0.21928153
4/19/2021 8:29,2.21079557
4/19/2021 8:28,0.89911133
4/19/2021 8:27,0.20582127
4/19/2021 8:26,0.07259849
4/19/2021 8:25,0.00599266
4/19/2021 8:24,0.04932205
4/19/2021 8:23,0.01882223
4/19/2021 8:22,0.06265544
4/19/2021 8:21,0.04463025
4/19/2021 8:20,0.00351935
4/19/2021 8:19,0.01055128
4/19/2021 8:18,0.05055143
4/19/2021 8:17,0.010699855
4/19/2021 8:16,0.01283817
4/19/2021 8:15,0.0036567
4/19/2021 8:14,0.06969732
4/19/2021 8:13,0.01634763
4/19/2021 8:12,0.10010542
4/19/2021 8:11,1.92807411
4/19/2021 8:10,0.279032917
4/19/2021 8:09,1.512138593
4/19/2021 8:08,2.747265819
4/19/2021 8:07,0.01727523
4/19/2021 8:06,0.24575991
4/19/2021 8:05,1.65033882
4/19/2021 8:04,1.235630016
4/19/2021 8:03,0.02657782
4/19/2021 8:02,0.12470477
4/19/2021 8:01,0.06083444
4/19/2021 8:00,0.07908387
4/19/2021 7:59,0.4517376
4/19/2021 7:58,0.00040225
4/19/2021 7:57,1.69668968
4/19/2021 7:56,0.01220324
4/19/2021 7:55,0.34672465
4/19/2021 7:54,0.24384042
4/19/2021 7:53,2.00002453
4/19/2021 7:52,1.08813917
4/19/2021 7:51,0.06045356
4/19/2021 7:50,0.01307031
4/19/2021 7:49,0.02692243
4/19/2021 7:48,0.003648002
4/19/2021 7:47,0.00345257
4/19/2021 7:46,0.74267541
4/19/2021 7:45,0.01286831
4/19/2021 7:44,0.506770744
4/19/2021 7:43,0.02471917
4/19/2021 7:42,0.005162477
4/19/2021 7:41,0.00019999
4/19/2021 7:40,0.06799296
4/19/2021 7:39,0.00983278
4/19/2021 7:38,4.895617292
4/19/2021 7:37,0.06792987
4/19/2021 7:36,0.21001931
4/19/2021 7:35,1.62741706
4/19/2021 7:34,0.88893961
4/19/2021 7:33,0.02948449
4/19/2021 7:32,0.03703735
4/19/2021 7:31,0.24502276
4/19/2021 7:30,0.31325496
4/19/2021 7:29,0.38448917
4/19/2021 7:28,5.36753528
4/19/2021 7:27,1.3654855
4/19/2021 7:26,0.285524
4/19/2021 7:25,0.00151802
4/19/2021 7:24,0.41294641
4/19/2021 7:23,1.05411583
4/19/2021 7:22,0.04825336
4/19/2021 7:21,0.27106449
4/19/2021 7:20,1.69408891
4/19/2021 7:19,0.0338344
4/19/2021 7:18,0.01269242
4/19/2021 7:17,0.043203798
4/19/2021 7:16,0.07217299
4/19/2021 7:15,0.0072812
4/19/2021 7:14,5.68568722
4/19/2021 7:13,6.29096668
4/19/2021 7:12,2.44962425
4/19/2021 7:11,0.03079246
4/19/2021 7:10,0.01819831
4/19/2021 7:09,0.16927629
4/19/2021 7:08,0.19407709
4/19/2021 7:07,0.14546303
4/19/2021 7:06,0.23799725
4/19/2021 7:05,1.73142853
4/19/2021 7:04,0.10795607
4/19/2021 7:03,0.56530323
4/19/2021 7:02,4.27766271
4/19/2021 7:01,3.1615139
4/19/2021 7:00,0.19845465
4/19/2021 6:59,0.00941051
4/19/2021 6:58,1.896260498
4/19/2021 6:57,2.23566901
4/19/2021 6:56,0.28312194
4/19/2021 6:55,0.07570759
4/19/2021 6:54,0.02720001
4/19/2021 6:53,0.02728909
4/19/2021 6:52,0.02465357
4/19/2021 6:51,0.15212936
4/19/2021 6:50,0.00682132
4/19/2021 6:49,0.02534759
4/19/2021 6:48,0.00226761
4/19/2021 6:47,0.01087474
4/19/2021 6:46,0.087422742
4/19/2021 6:45,0.028900311
4/19/2021 6:44,0.03039055
4/19/2021 6:43,0.130676261
4/19/2021 6:42,0.03418031
4/19/2021 6:41,0.594479251
4/19/2021 6:40,0.001696431
4/19/2021 6:39,0.00544
4/19/2021 6:38,0.01282728
4/19/2021 6:37,2.51258632
4/19/2021 6:36,0.09160716
4/19/2021 6:35,0.11608808
4/19/2021 6:34,0.03650894
4/19/2021 6:33,0.01582366
4/19/2021 6:32,0.02537602
4/19/2021 6:31,0.02716109
4/19/2021 6:30,0.01404188
4/19/2021 6:29,0.01174867
4/19/2021 6:28,0.01039444
4/19/2021 6:27,0.01170031
4/19/2021 6:26,1.627943281
4/19/2021 6:25,0.00554298
4/19/2021 6:24,0.03971967
4/19/2021 6:23,0.612459291
4/19/2021 6:22,0.01037514
4/19/2021 6:21,0.725664709
4/19/2021 6:20,0.00594304
4/19/2021 6:19,0.04088327
4/19/2021 6:18,0.01951778
4/19/2021 6:17,0.22813947
4/19/2021 6:16,1.41718321
4/19/2021 6:15,0.056676762
4/19/2021 6:14,3.046217511
4/19/2021 6:13,0.00210291
4/19/2021 6:12,0.339951917
4/19/2021 6:11,0.00868779
4/19/2021 6:10,0.00449817
4/19/2021 6:09,0.22628224
4/19/2021 6:08,0.145590091
4/19/2021 6:07,0.0003
4/19/2021 6:06,0.16684999
4/19/2021 6:05,0.00181424
4/19/2021 6:04,0.01406872
4/19/2021 6:03,0.01725734
4/19/2021 6:02,0.00346523
4/19/2021 6:01,0.02508937
4/19/2021 6:00,0.04085953
4/19/2021 5:59,0.02530964
4/19/2021 5:58,0.02957359
4/19/2021 5:57,0.01382671
4/19/2021 5:56,0.005691746
4/19/2021 5:55,0.54538373
4/19/2021 5:54,0.24954973
4/19/2021 5:53,0.01659813
4/19/2021 5:52,0.05261933
4/19/2021 5:51,0.03617323
4/19/2021 5:50,0.05572953
4/19/2021 5:49,0.41672641
4/19/2021 5:48,0.00437349
4/19/2021 5:47,0.256653109
4/19/2021 5:46,0.693649
4/19/2021 5:45,0.57559606
4/19/2021 5:44,1.047361178
4/19/2021 5:43,0.00480075
4/19/2021 5:42,0.07498577
4/19/2021 5:41,0.31989668
4/19/2021 5:40,1.55001905
4/19/2021 5:39,0.04315184
4/19/2021 5:38,0.07498985
4/19/2021 5:37,0.32821156
4/19/2021 5:36,0.01919551
4/19/2021 5:35,0.071276569
4/19/2021 5:34,0.03434953
4/19/2021 5:33,0.0206671
4/19/2021 5:32,0.024452
4/19/2021 5:31,0.244628967
4/19/2021 5:30,0.11091375
4/19/2021 5:29,0.06582431
4/19/2021 5:28,0.02166426
4/19/2021 5:27,0.03248541
4/19/2021 5:26,0.43912153
4/19/2021 5:25,0.10744603
4/19/2021 5:24,1.21408398
4/19/2021 5:23,0.8252313
4/19/2021 5:22,0.93929063
4/19/2021 5:21,0.397502851
4/19/2021 5:20,0.786893044
4/19/2021 5:19,0.3481878
4/19/2021 5:18,0.53146888
4/19/2021 5:17,0.01105366
4/19/2021 5:16,0.05457448
4/19/2021 5:15,0.24040724
4/19/2021 5:14,0.11185342
4/19/2021 5:13,0.079158925
4/19/2021 5:12,0.329783619
4/19/2021 5:11,0.548045185
4/19/2021 5:10,3.12769492
4/19/2021 5:09,2.23900852
4/19/2021 5:08,0.01517582
4/19/2021 5:07,0.452386938
4/19/2021 5:06,1.541052086
4/19/2021 5:05,1.48941977
4/19/2021 5:04,1.1732443
4/19/2021 5:03,0.19055325
4/19/2021 5:02,0.06178805
4/19/2021 5:01,0.04508497
4/19/2021 5:00,1.764283416
4/19/2021 4:59,0.02110648
4/19/2021 4:58,0.03434081
4/19/2021 4:57,0.07472927
4/19/2021 4:56,0.05036514
4/19/2021 4:55,0.535690067
4/19/2021 4:54,0.06884106
4/19/2021 4:53,5.50E-05
4/19/2021 4:52,0.06111767
4/19/2021 4:51,0.13132386
4/19/2021 4:50,2.01384546
4/19/2021 4:49,0.10881524
4/19/2021 4:48,1.085380306
4/19/2021 4:47,0.125091185
4/19/2021 4:46,0.648663808
4/19/2021 4:45,0.2573505
4/19/2021 4:44,0.17314055
4/19/2021 4:43,0.03631534
4/19/2021 4:42,0.012367327
4/19/2021 4:41,0.44273301
4/19/2021 4:40,0.02489602
4/19/2021 4:39,1.13218167
4/19/2021 4:38,0.53508421
4/19/2021 4:37,0.04264558
4/19/2021 4:36,0.00170616
4/19/2021 4:35,0.13782317
4/19/2021 4:34,0.615286673
4/19/2021 4:33,1.10763845
4/19/2021 4:32,0.11819183
4/19/2021 4:31,0.08638865
4/19/2021 4:30,0.038808956
4/19/2021 4:29,0.072119235
4/19/2021 4:28,0.06010718
4/19/2021 4:27,0.158346986
4/19/2021 4:26,0.11627706
4/19/2021 4:25,0.027242518
4/19/2021 4:24,0.03662338
4/19/2021 4:23,0.024428893
4/19/2021 4:22,0.03226637
4/19/2021 4:21,0.02572854
4/19/2021 4:20,0.314858271
4/19/2021 4:19,0.140157034
4/19/2021 4:18,0.107169761
4/19/2021 4:17,0.06610874
4/19/2021 4:16,0.18501995
4/19/2021 4:15,1.04034459
4/19/2021 4:14,0.06324336
4/19/2021 4:13,0.08840498
4/19/2021 4:12,2.95524796
4/19/2021 4:11,0.01754865
4/19/2021 4:10,0.04200697
4/19/2021 4:09,0.14242333
4/19/2021 4:08,0.282216009
4/19/2021 4:07,0.12876175
4/19/2021 4:06,0.030865847
4/19/2021 4:05,0.1963254
4/19/2021 4:04,0.55743775
4/19/2021 4:03,0.06794171
4/19/2021 4:02,0.0669593
4/19/2021 4:01,5.002805059
4/19/2021 4:00,0.122940611
4/19/2021 3:59,0.05638739
4/19/2021 3:58,0.14632092
4/19/2021 3:57,0.067274631
4/19/2021 3:56,0.0327842
4/19/2021 3:55,0.16192451
4/19/2021 3:54,0.123387746
4/19/2021 3:53,0.70446095
4/19/2021 3:52,0.634255988
4/19/2021 3:51,0.28507696
4/19/2021 3:50,0.1408113
4/19/2021 3:49,0.993042442
4/19/2021 3:48,0.61435304
4/19/2021 3:47,0.19417756
4/19/2021 3:46,0.152435028
4/19/2021 3:45,0.0432182
4/19/2021 3:44,1.82719845
4/19/2021 3:43,2.719833699
4/19/2021 3:42,0.41615973
4/19/2021 3:41,0.40507488
4/19/2021 3:40,0.043247406
4/19/2021 3:39,0.03571303
4/19/2021 3:38,0.4494442
4/19/2021 3:37,0.56326718
4/19/2021 3:36,0.49287683
4/19/2021 3:35,0.160805968
4/19/2021 3:34,0.1257133
4/19/2021 3:33,1.13186101
4/19/2021 3:32,0.17292822
4/19/2021 3:31,0.20407812
4/19/2021 3:30,0.215051335
4/19/2021 3:29,0.164904677
4/19/2021 3:28,0.04389615
4/19/2021 3:27,0.10172801
4/19/2021 3:26,0.02497297
4/19/2021 3:25,0.22710244
4/19/2021 3:24,0.268661728
4/19/2021 3:23,0.01462897
4/19/2021 3:22,0.047495638
4/19/2021 3:21,0.39273818
4/19/2021 3:20,1.70602447
4/19/2021 3:19,0.12110976
4/19/2021 3:18,0.07197511
4/19/2021 3:17,0.41800896
4/19/2021 3:16,0.65292213
4/19/2021 3:15,0.629973157
4/19/2021 3:14,0.041822932
4/19/2021 3:13,0.282960733
4/19/2021 3:12,0.0894664
4/19/2021 3:11,0.07780441
4/19/2021 3:10,0.93919919
4/19/2021 3:09,0.61451465
4/19/2021 3:08,0.471091614
4/19/2021 3:07,0.62250875
4/19/2021 3:06,0.70277524
4/19/2021 3:05,0.124516193
4/19/2021 3:04,0.07132587
4/19/2021 3:03,0.09866232
4/19/2021 3:02,0.26467177
4/19/2021 3:01,1.15107592
4/19/2021 3:00,0.110168318
4/19/2021 2:59,0.407071998
4/19/2021 2:58,0.047389601
4/19/2021 2:57,0.18974136
4/19/2021 2:56,0.12831501
4/19/2021 2:55,0.08496621
4/19/2021 2:54,0.66124924
4/19/2021 2:53,0.043013257
4/19/2021 2:52,0.17467424
4/19/2021 2:51,0.04673897
4/19/2021 2:50,0.10409305
4/19/2021 2:49,2.804748164
4/19/2021 2:48,0.03154729
4/19/2021 2:47,1.234693332
4/19/2021 2:46,0.50711929
4/19/2021 2:45,0.05213287
4/19/2021 2:44,0.14857146
4/19/2021 2:43,0.13315526
4/19/2021 2:42,0.20029012
4/19/2021 2:41,0.414708124
4/19/2021 2:40,0.15354928
4/19/2021 2:39,0.400037073
4/19/2021 2:38,0.151363883
4/19/2021 2:37,0.01722868
4/19/2021 2:36,0.10325829
4/19/2021 2:35,1.446027995
4/19/2021 2:34,0.941068011
4/19/2021 2:33,0.48216202
4/19/2021 2:32,1.248399391
4/19/2021 2:31,1.772057991
4/19/2021 2:30,0.134808134
4/19/2021 2:29,0.405603339
4/19/2021 2:28,0.03057503
4/19/2021 2:27,0.92761247
4/19/2021 2:26,0.03456495
4/19/2021 2:25,0.0546891
4/19/2021 2:24,0.155884487
4/19/2021 2:23,0.051299357
4/19/2021 2:22,0.01206555
4/19/2021 2:21,1.06790635
4/19/2021 2:20,0.38566274
4/19/2021 2:19,0.12790234
4/19/2021 2:18,0.0492807
4/19/2021 2:17,0.1169351
4/19/2021 2:16,0.08901743
4/19/2021 2:15,0.46624183
4/19/2021 2:14,1.19917326
4/19/2021 2:13,0.10059349
4/19/2021 2:12,0.14771954
4/19/2021 2:11,0.56932607
4/19/2021 2:10,0.18793541
4/19/2021 2:09,0.232466229
4/19/2021 2:08,0.04427876
4/19/2021 2:07,0.2664284
4/19/2021 2:06,0.091049363
4/19/2021 2:05,0.648386
4/19/2021 2:04,0.05685108
4/19/2021 2:03,0.08172559
4/19/2021 2:02,1.093666959
4/19/2021 2:01,0.10024098
4/19/2021 2:00,0.58044822
4/19/2021 1:59,0.179168229
4/19/2021 1:58,0.12346688
4/19/2021 1:57,2.08146626
4/19/2021 1:56,0.08386799
4/19/2021 1:55,0.03833709
4/19/2021 1:54,0.11884726
4/19/2021 1:53,0.4677093
4/19/2021 1:52,0.03937747
4/19/2021 1:51,1.187747569
4/19/2021 1:50,0.066227611
4/19/2021 1:49,0.31358341
4/19/2021 1:48,0.20240612
4/19/2021 1:47,0.203736689
4/19/2021 1:46,1.609645974
4/19/2021 1:45,0.13052229
4/19/2021 1:44,1.17096353
4/19/2021 1:43,0.04882766
4/19/2021 1:42,0.21854928
4/19/2021 1:41,0.07873989
4/19/2021 1:40,0.22131041
4/19/2021 1:39,10.08772295
4/19/2021 1:38,0.686332893
4/19/2021 1:37,0.119246016
4/19/2021 1:36,0.268528625
4/19/2021 1:35,1.625996534
4/19/2021 1:34,1.02369294
4/19/2021 1:33,1.476225904
4/19/2021 1:32,0.16554532
4/19/2021 1:31,2.194549929
4/19/2021 1:30,1.883171199
4/19/2021 1:29,0.144846203
4/19/2021 1:28,0.23269345
4/19/2021 1:27,3.548899155
4/19/2021 1:26,0.203720631
4/19/2021 1:25,0.18335005
4/19/2021 1:24,0.13170265
4/19/2021 1:23,0.16146043
4/19/2021 1:22,4.54733758
4/19/2021 1:21,1.27852565
4/19/2021 1:20,0.577067611
4/19/2021 1:19,0.61830388
4/19/2021 1:18,0.213976075
4/19/2021 1:17,1.10180142
4/19/2021 1:16,0.81828014
4/19/2021 1:15,1.638482714
4/19/2021 1:14,22.14205646
4/19/2021 1:13,12.02460556
4/19/2021 1:12,0.44274652
4/19/2021 1:11,0.881418704
4/19/2021 1:10,0.04213502
4/19/2021 1:09,0.19770725
4/19/2021 1:08,0.04463075
4/19/2021 1:07,1.900054306
4/19/2021 1:06,0.53771879
4/19/2021 1:05,1.41866438
4/19/2021 1:04,2.103184094
4/19/2021 1:03,0.44397648
4/19/2021 1:02,0.193004042
4/19/2021 1:01,1.27579618
4/19/2021 1:00,0.61266582
4/19/2021 0:59,0.4625879
4/19/2021 0:58,0.305465499
4/19/2021 0:57,0.25780559
4/19/2021 0:56,0.17604683
4/19/2021 0:55,1.49904206
4/19/2021 0:54,0.34057997
4/19/2021 0:53,0.168920996
4/19/2021 0:52,0.119687891
4/19/2021 0:51,0.37958263
4/19/2021 0:50,0.48699387
4/19/2021 0:49,0.50198645
4/19/2021 0:48,0.30538471
4/19/2021 0:47,0.198903572
4/19/2021 0:46,0.08588846
4/19/2021 0:45,0.74680235
4/19/2021 0:44,0.102383542
4/19/2021 0:43,0.00619422
4/19/2021 0:42,0.049724016
4/19/2021 0:41,0.36507729
4/19/2021 0:40,0.36651689
4/19/2021 0:39,2.02017068
4/19/2021 0:38,0.0608663
4/19/2021 0:37,0.34231641
4/19/2021 0:36,0.08286564
4/19/2021 0:35,0.38937033
4/19/2021 0:34,0.12307335
4/19/2021 0:33,0.43304983
4/19/2021 0:32,0.306221735
4/19/2021 0:31,1.21345533
4/19/2021 0:30,0.150746253
4/19/2021 0:29,0.30726984
4/19/2021 0:28,0.04862638
4/19/2021 0:27,0.184893615
4/19/2021 0:26,0.115849022
4/19/2021 0:25,0.37590924
4/19/2021 0:24,0.16768318
4/19/2021 0:23,0.02723509
4/19/2021 0:22,2.002762047
4/19/2021 0:21,0.185534669
4/19/2021 0:20,1.253995813
4/19/2021 0:19,0.10136116
4/19/2021 0:18,0.13171225
4/19/2021 0:17,1.119574589
4/19/2021 0:16,0.53055856
4/19/2021 0:15,1.12172783
4/19/2021 0:14,0.168403843
4/19/2021 0:13,0.6616248
4/19/2021 0:12,0.76726772
4/19/2021 0:11,1.216522666
4/19/2021 0:10,1.02743019
4/19/2021 0:09,0.11596251
4/19/2021 0:08,0.085372417
4/19/2021 0:07,0.491025851
4/19/2021 0:06,7.82418669
4/19/2021 0:05,0.25225437
4/19/2021 0:04,0.139390006
4/19/2021 0:03,0.18614667
4/19/2021 0:02,0.305248389
4/19/2021 0:01,0.16547875
4/19/2021 0:00,1.00254036
4/18/2021 23:59,0.08045628
4/18/2021 23:58,0.10931242
4/18/2021 23:57,0.50198276
4/18/2021 23:56,0.085050652
4/18/2021 23:55,1.048141015
4/18/2021 23:54,0.033450605
4/18/2021 23:53,0.12149099
4/18/2021 23:52,0.26002414
4/18/2021 23:51,0.16949655
4/18/2021 23:50,1.53077122
4/18/2021 23:49,0.275756776
4/18/2021 23:48,2.76971241
4/18/2021 23:47,0.00904554
4/18/2021 23:46,0.00843318
4/18/2021 23:45,0.548314966
4/18/2021 23:44,0.11761048
4/18/2021 23:43,0.463359145
4/18/2021 23:42,0.19881643
4/18/2021 23:41,1.805569653
4/18/2021 23:40,0.08159765
4/18/2021 23:39,0.10513568
4/18/2021 23:38,3.89403389
4/18/2021 23:37,3.57851454
4/18/2021 23:36,0.75222116
4/18/2021 23:35,0.560488027
4/18/2021 23:34,0.08993524
4/18/2021 23:33,0.03090289
4/18/2021 23:32,0.10735482
4/18/2021 23:31,0.0317104
4/18/2021 23:30,0.06186919
4/18/2021 23:29,0.08108026
4/18/2021 23:28,0.7428063
4/18/2021 23:27,0.543259716
4/18/2021 23:26,0.64473412
4/18/2021 23:25,0.24892024
4/18/2021 23:24,0.206403465
4/18/2021 23:23,0.122778681
4/18/2021 23:22,0.29557845
4/18/2021 23:21,0.10340733
4/18/2021 23:20,11.16885042
4/18/2021 23:19,0.12893417
4/18/2021 23:18,0.071501145
4/18/2021 23:17,0.03009439
4/18/2021 23:16,0.04039856
4/18/2021 23:15,0.128478135
4/18/2021 23:14,11.162091
4/18/2021 23:13,0.05954502
4/18/2021 23:12,0.6363914
4/18/2021 23:11,0.14023496
4/18/2021 23:10,0.06776139
4/18/2021 23:09,0.03090852
4/18/2021 23:08,2.06731466
4/18/2021 23:07,0.28183101
4/18/2021 23:06,0.13810879
4/18/2021 23:05,1.05493423
4/18/2021 23:04,1.58718056
4/18/2021 23:03,1.40392914
4/18/2021 23:02,0.14172148
4/18/2021 23:01,0.098983293
4/18/2021 23:00,0.177283317
4/18/2021 22:59,1.26273855
4/18/2021 22:58,1.45968944
4/18/2021 22:57,0.866950928
4/18/2021 22:56,1.46036817
4/18/2021 22:55,2.20142863
4/18/2021 22:54,0.75017795
4/18/2021 22:53,3.185455281
4/18/2021 22:52,0.17641803
4/18/2021 22:51,0.137194064
4/18/2021 22:50,0.90271334
4/18/2021 22:49,0.520244062
4/18/2021 22:48,0.05674234
4/18/2021 22:47,0.057587027
4/18/2021 22:46,0.325698
4/18/2021 22:45,0.424395366
4/18/2021 22:44,2.77589444
4/18/2021 22:43,0.10442993
4/18/2021 22:42,0.547674898
4/18/2021 22:41,1.8861248
4/18/2021 22:40,0.1023772
4/18/2021 22:39,0.183956839
4/18/2021 22:38,0.35868878
4/18/2021 22:37,0.162621359
4/18/2021 22:36,0.33504748
4/18/2021 22:35,0.11981529
4/18/2021 22:34,0.233142723
4/18/2021 22:33,1.324975489
4/18/2021 22:32,0.82983562
4/18/2021 22:31,0.71711332
4/18/2021 22:30,0.22200966
4/18/2021 22:29,0.32539275
4/18/2021 22:28,0.19320166
4/18/2021 22:27,0.12997852
4/18/2021 22:26,3.86791923
4/18/2021 22:25,0.240059597
4/18/2021 22:24,3.32502769
4/18/2021 22:23,1.15665036
4/18/2021 22:22,0.26024715
4/18/2021 22:21,0.245582129
4/18/2021 22:20,0.247657437
4/18/2021 22:19,0.084804995
4/18/2021 22:18,1.08342305
4/18/2021 22:17,1.22217305
4/18/2021 22:16,0.06933903
4/18/2021 22:15,0.28989346
4/18/2021 22:14,0.66979215
4/18/2021 22:13,4.077463168
4/18/2021 22:12,0.915104271
4/18/2021 22:11,0.52438429
4/18/2021 22:10,0.040455203
4/18/2021 22:09,0.16515694
4/18/2021 22:08,0.764527972
4/18/2021 22:07,0.37932462
4/18/2021 22:06,0.46910802
4/18/2021 22:05,0.162045729
4/18/2021 22:04,0.23463307
4/18/2021 22:03,0.18676391
4/18/2021 22:02,0.5382319
4/18/2021 22:01,0.3375802
4/18/2021 22:00,0.301607369
4/18/2021 21:59,0.55975321
4/18/2021 21:58,0.186326684
4/18/2021 21:57,0.71972712
4/18/2021 21:56,0.57557042
4/18/2021 21:55,1.888685819
4/18/2021 21:54,0.19053002
4/18/2021 21:53,0.08800177
4/18/2021 21:52,1.03771253
4/18/2021 21:51,0.81600256
4/18/2021 21:50,0.05278089
4/18/2021 21:49,11.67426454
4/18/2021 21:48,0.539042717
4/18/2021 21:47,0.1586886
4/18/2021 21:46,1.47036279
4/18/2021 21:45,1.63513041
4/18/2021 21:44,3.189819338
4/18/2021 21:43,0.183103387
4/18/2021 21:42,0.10548122
4/18/2021 21:41,7.297557
4/18/2021 21:40,0.086995004
4/18/2021 21:39,0.079384182
4/18/2021 21:38,0.04166386
4/18/2021 21:37,0.18898712
4/18/2021 21:36,1.29962981
4/18/2021 21:35,0.263019511
4/18/2021 21:34,0.04970299
4/18/2021 21:33,0.9608858
4/18/2021 21:32,3.70096576
4/18/2021 21:31,16.17001503
4/18/2021 21:30,3.0380876
4/18/2021 21:29,3.79293272
4/18/2021 21:28,2.14511163
4/18/2021 21:27,0.5756351
4/18/2021 21:26,5.2629797
4/18/2021 21:25,4.09220048
4/18/2021 21:24,2.13742097
4/18/2021 21:23,0.539960834
4/18/2021 21:22,0.48626986
4/18/2021 21:21,0.50238174
4/18/2021 21:20,0.920807302
4/18/2021 21:19,0.07483396
4/18/2021 21:18,0.170190268
4/18/2021 21:17,1.16377069
4/18/2021 21:16,0.35227544
4/18/2021 21:15,1.24810811
4/18/2021 21:14,1.09835236
4/18/2021 21:13,0.169020215
4/18/2021 21:12,0.0739076
4/18/2021 21:11,0.229846704
4/18/2021 21:10,0.229836607
4/18/2021 21:09,0.226922745
4/18/2021 21:08,10.26897077
4/18/2021 21:07,0.114350121
4/18/2021 21:06,0.543713054
4/18/2021 21:05,0.58392729
4/18/2021 21:04,0.10548376
4/18/2021 21:03,0.1387245
4/18/2021 21:02,11.03368771
4/18/2021 21:01,0.06024848
4/18/2021 21:00,0.152168894
4/18/2021 20:59,2.38505085
4/18/2021 20:58,0.39803197
4/18/2021 20:57,1.2239031
4/18/2021 20:56,0.13571276
4/18/2021 20:55,0.622141938
4/18/2021 20:54,1.61480574
4/18/2021 20:53,0.4133145
4/18/2021 20:52,2.41352215
4/18/2021 20:51,1.121887482
4/18/2021 20:50,1.170631036
4/18/2021 20:49,0.69762634
4/18/2021 20:48,0.13579683
4/18/2021 20:47,0.245120876
4/18/2021 20:46,0.14708535
4/18/2021 20:45,0.820420564
4/18/2021 20:44,0.130643638
4/18/2021 20:43,0.81992153
4/18/2021 20:42,2.039256458
4/18/2021 20:41,0.465627486
4/18/2021 20:40,0.908997925
4/18/2021 20:39,4.72909232
4/18/2021 20:38,0.21237685
4/18/2021 20:37,3.892800144
4/18/2021 20:36,1.49952955
4/18/2021 20:35,0.21823862
4/18/2021 20:34,0.160127286
4/18/2021 20:33,0.123633104
4/18/2021 20:32,0.21413853
4/18/2021 20:31,1.794991203
4/18/2021 20:30,0.05349619
4/18/2021 20:29,0.764032461
4/18/2021 20:28,1.079919538
4/18/2021 20:27,4.87865689
4/18/2021 20:26,0.444212236
4/18/2021 20:25,0.037427259
4/18/2021 20:24,0.097036433
4/18/2021 20:23,1.26427217
4/18/2021 20:22,0.66360359
4/18/2021 20:21,0.096992
4/18/2021 20:20,0.74746322
4/18/2021 20:19,1.22777844
4/18/2021 20:18,1.07645937
4/18/2021 20:17,3.56234104
4/18/2021 20:16,4.1246877
4/18/2021 20:15,2.008198407
4/18/2021 20:14,2.17073056
4/18/2021 20:13,0.648045801
4/18/2021 20:12,0.665613781
4/18/2021 20:11,0.12010507
4/18/2021 20:10,0.28855116
4/18/2021 20:09,0.073068487
4/18/2021 20:08,3.666289432
4/18/2021 20:07,2.14983295
4/18/2021 20:06,0.249412698
4/18/2021 20:05,0.07619569
4/18/2021 20:04,0.297289286
4/18/2021 20:03,1.999654679
4/18/2021 20:02,2.450019007
4/18/2021 20:01,5.117694431
4/18/2021 20:00,2.018759949
4/18/2021 19:59,0.90642458
4/18/2021 19:58,0.75920026
4/18/2021 19:57,0.38407905
4/18/2021 19:56,0.536073701
4/18/2021 19:55,5.69069196
4/18/2021 19:54,0.08477264
4/18/2021 19:53,0.24100769
4/18/2021 19:52,2.307804802
4/18/2021 19:51,0.16724901
4/18/2021 19:50,0.17577815
4/18/2021 19:49,0.050519988
4/18/2021 19:48,0.0642153
4/18/2021 19:47,0.31315442
4/18/2021 19:46,0.952411954
4/18/2021 19:45,0.106595275
4/18/2021 19:44,0.244756081
4/18/2021 19:43,0.087422446
4/18/2021 19:42,0.588506291
4/18/2021 19:41,0.0376876
4/18/2021 19:40,0.505243548
4/18/2021 19:39,0.77930553
4/18/2021 19:38,1.69554245
4/18/2021 19:37,0.100279363
4/18/2021 19:36,0.141452658
4/18/2021 19:35,0.20771828
4/18/2021 19:34,1.21783359
4/18/2021 19:33,0.67904906
4/18/2021 19:32,0.529863764
4/18/2021 19:31,0.641874294
4/18/2021 19:30,0.635698585
4/18/2021 19:29,1.336209114
4/18/2021 19:28,2.05340575
4/18/2021 19:27,0.425816147
4/18/2021 19:26,0.21106692
4/18/2021 19:25,0.05418617
4/18/2021 19:24,0.16647011
4/18/2021 19:23,0.136706838
4/18/2021 19:22,2.520146716
4/18/2021 19:21,0.1145715
4/18/2021 19:20,0.18561374
4/18/2021 19:19,0.40254778
4/18/2021 19:18,2.232902548
4/18/2021 19:17,0.233270442
4/18/2021 19:16,2.20341023
4/18/2021 19:15,0.63467253
4/18/2021 19:14,1.668972485
4/18/2021 19:13,2.49373803
4/18/2021 19:12,1.69260202
4/18/2021 19:11,0.467957364
4/18/2021 19:10,0.34018561
4/18/2021 19:09,0.61926161
4/18/2021 19:08,0.42958622
4/18/2021 19:07,0.6104277
4/18/2021 19:06,1.612883006
4/18/2021 19:05,3.01761074
4/18/2021 19:04,0.299063785
4/18/2021 19:03,0.990114108
4/18/2021 19:02,0.385301123
4/18/2021 19:01,0.693643784
4/18/2021 19:00,0.63754909
4/18/2021 18:59,0.991287261
4/18/2021 18:58,0.206909649
4/18/2021 18:57,7.006555581
4/18/2021 18:56,0.31323634
4/18/2021 18:55,1.003090213
4/18/2021 18:54,0.110503983
4/18/2021 18:53,1.09447064
4/18/2021 18:52,0.166803282
4/18/2021 18:51,3.247654415
4/18/2021 18:50,4.871055232
4/18/2021 18:49,2.61158499
4/18/2021 18:48,0.87394606
4/18/2021 18:47,0.21848216
4/18/2021 18:46,1.30649463
4/18/2021 18:45,0.665639336
4/18/2021 18:44,0.846708703
4/18/2021 18:43,0.674587646
4/18/2021 18:42,1.07755563
4/18/2021 18:41,0.61827747
4/18/2021 18:40,0.269150712
4/18/2021 18:39,0.39236839
4/18/2021 18:38,1.858489316
4/18/2021 18:37,0.251472607
4/18/2021 18:36,0.12023599
4/18/2021 18:35,0.43274298
4/18/2021 18:34,1.33041004
4/18/2021 18:33,0.591393972
4/18/2021 18:32,0.556403862
4/18/2021 18:31,0.256080628
4/18/2021 18:30,1.52906877
4/18/2021 18:29,0.85967209
4/18/2021 18:28,0.62026903
4/18/2021 18:27,0.37030611
4/18/2021 18:26,0.7113273
4/18/2021 18:25,0.26303773
4/18/2021 18:24,0.158092266
4/18/2021 18:23,0.120761645
4/18/2021 18:22,1.33292948
4/18/2021 18:21,1.19110135
4/18/2021 18:20,0.16226725
4/18/2021 18:19,0.11912694
4/18/2021 18:18,0.320184858
4/18/2021 18:17,1.752135735
4/18/2021 18:16,0.22920428
4/18/2021 18:15,0.55076366
4/18/2021 18:14,0.210131191
4/18/2021 18:13,0.6303351
4/18/2021 18:12,0.13448085
4/18/2021 18:11,0.02775646
4/18/2021 18:10,0.949194875
4/18/2021 18:09,0.58019002
4/18/2021 18:08,0.1058327
4/18/2021 18:07,0.642576551
4/18/2021 18:06,0.91344493
4/18/2021 18:05,0.730782065
4/18/2021 18:04,0.69989242
4/18/2021 18:03,0.169802923
4/18/2021 18:02,2.635315149
4/18/2021 18:01,0.239700781
4/18/2021 18:00,0.597187375
4/18/2021 17:59,0.11604075
4/18/2021 17:58,0.82908609
4/18/2021 17:57,0.17691822
4/18/2021 17:56,0.40290639
4/18/2021 17:55,0.58189797
4/18/2021 17:54,0.93602406
4/18/2021 17:53,0.7048315
4/18/2021 17:52,0.34179254
4/18/2021 17:51,13.42536734
4/18/2021 17:50,1.58056871
4/18/2021 17:49,2.5313103
4/18/2021 17:48,4.447293802
4/18/2021 17:47,0.313628987
4/18/2021 17:46,0.371658866
4/18/2021 17:45,2.06836834
4/18/2021 17:44,3.24162486
4/18/2021 17:43,2.43739422
4/18/2021 17:42,2.0809957
4/18/2021 17:41,1.03826696
4/18/2021 17:40,0.12115277
4/18/2021 17:39,0.51857565
4/18/2021 17:38,1.840776583
4/18/2021 17:37,0.71387306
4/18/2021 17:36,1.074537185
4/18/2021 17:35,0.26010376
4/18/2021 17:34,0.693723255
4/18/2021 17:33,0.652068179
4/18/2021 17:32,0.60243567
4/18/2021 17:31,0.531776893
4/18/2021 17:30,0.33082062
4/18/2021 17:29,1.34305078
4/18/2021 17:28,0.11336776
4/18/2021 17:27,1.13766924
4/18/2021 17:26,0.49612762
4/18/2021 17:25,0.306278464
4/18/2021 17:24,0.603632129
4/18/2021 17:23,0.44098415
4/18/2021 17:22,2.66861176
4/18/2021 17:21,1.65461433
4/18/2021 17:20,0.480599221
4/18/2021 17:19,0.72863236
4/18/2021 17:18,1.59789733
4/18/2021 17:17,5.36491319
4/18/2021 17:16,0.2289654
4/18/2021 17:15,0.30423296
4/18/2021 17:14,2.25839095
4/18/2021 17:13,0.38535755
4/18/2021 17:12,20.59423337
4/18/2021 17:11,0.315069656
4/18/2021 17:10,0.137500432
4/18/2021 17:09,0.22557219
4/18/2021 17:08,0.14867945
4/18/2021 17:07,0.523068143
4/18/2021 17:06,0.03728065
4/18/2021 17:05,0.23432682
4/18/2021 17:04,0.135496536
4/18/2021 17:03,0.14003957
4/18/2021 17:02,0.26167453
4/18/2021 17:01,0.083422535
4/18/2021 17:00,1.112310232
4/18/2021 16:59,1.3336836
4/18/2021 16:58,2.9834242
4/18/2021 16:57,6.2411057
4/18/2021 16:56,1.17670491
4/18/2021 16:55,0.248858182
4/18/2021 16:54,0.71984547
4/18/2021 16:53,0.293335551
4/18/2021 16:52,0.234358518
4/18/2021 16:51,0.432398962
4/18/2021 16:50,0.374154806
4/18/2021 16:49,0.282533258
4/18/2021 16:48,0.389797899
4/18/2021 16:47,0.25264765
4/18/2021 16:46,0.087273003
4/18/2021 16:45,0.459956896
4/18/2021 16:44,0.085817398
4/18/2021 16:43,0.191816354
4/18/2021 16:42,1.23676874
4/18/2021 16:41,0.269914823
4/18/2021 16:40,2.000304942
4/18/2021 16:39,1.128086096
4/18/2021 16:38,1.627704298
4/18/2021 16:37,0.32789406
4/18/2021 16:36,0.24724629
4/18/2021 16:35,0.32124773
4/18/2021 16:34,2.645102184
4/18/2021 16:33,3.396455314
4/18/2021 16:32,1.46853554
4/18/2021 16:31,0.90250862
4/18/2021 16:30,0.41040801
4/18/2021 16:29,0.400457645
4/18/2021 16:28,0.49791656
4/18/2021 16:27,2.191411299
4/18/2021 16:26,0.75649977
4/18/2021 16:25,2.935273845
4/18/2021 16:24,0.278378125
4/18/2021 16:23,0.06853716
4/18/2021 16:22,0.553078027
4/18/2021 16:21,0.201650364
4/18/2021 16:20,0.362442287
4/18/2021 16:19,1.40593829
4/18/2021 16:18,0.75387556
4/18/2021 16:17,0.883648124
4/18/2021 16:16,2.353767989
4/18/2021 16:15,1.34888236
4/18/2021 16:14,3.44613208
4/18/2021 16:13,0.508355364
4/18/2021 16:12,0.958414032
4/18/2021 16:11,0.30113891
4/18/2021 16:10,1.005798548
4/18/2021 16:09,0.91250821
4/18/2021 16:08,1.20341931
4/18/2021 16:07,1.36710151
4/18/2021 16:06,0.465137585
4/18/2021 16:05,2.09551641
4/18/2021 16:04,13.68720221
4/18/2021 16:03,1.238154045
4/18/2021 16:02,1.51116862
4/18/2021 16:01,4.666778804
4/18/2021 16:00,2.740264356
4/18/2021 15:59,0.616989484
4/18/2021 15:58,1.267760172
4/18/2021 15:57,1.405170553
4/18/2021 15:56,1.6748658
4/18/2021 15:55,1.70362071
4/18/2021 15:54,0.1374629
4/18/2021 15:53,0.23568147
4/18/2021 15:52,0.721099063
4/18/2021 15:51,0.642994193
4/18/2021 15:50,0.131149326
4/18/2021 15:49,0.07189342
4/18/2021 15:48,0.303185058
4/18/2021 15:47,0.285952173
4/18/2021 15:46,1.210344443
4/18/2021 15:45,0.52533315
4/18/2021 15:44,1.946579289
4/18/2021 15:43,0.10338422
4/18/2021 15:42,0.33727003
4/18/2021 15:41,0.512454693
4/18/2021 15:40,1.220456048
4/18/2021 15:39,3.27735804
4/18/2021 15:38,0.4125097
4/18/2021 15:37,1.028113092
4/18/2021 15:36,1.670367601
4/18/2021 15:35,0.84061168
4/18/2021 15:34,1.01929992
4/18/2021 15:33,2.32893807
4/18/2021 15:32,1.304830815
4/18/2021 15:31,0.85836658
4/18/2021 15:30,0.108673087
4/18/2021 15:29,0.14086929
4/18/2021 15:28,0.57646428
4/18/2021 15:27,0.453767259
4/18/2021 15:26,0.15160134
4/18/2021 15:25,3.60600753
4/18/2021 15:24,0.215575354
4/18/2021 15:23,0.171749526
4/18/2021 15:22,1.557859797
4/18/2021 15:21,1.23324763
4/18/2021 15:20,1.012356181
4/18/2021 15:19,5.951421135
4/18/2021 15:18,0.3144481
4/18/2021 15:17,0.16078395
4/18/2021 15:16,1.33882325
4/18/2021 15:15,0.515988887
4/18/2021 15:14,3.427215685
4/18/2021 15:13,0.31728671
4/18/2021 15:12,0.977408645
4/18/2021 15:11,0.566332268
4/18/2021 15:10,3.53062
4/18/2021 15:09,1.86865578
4/18/2021 15:08,1.186336571
4/18/2021 15:07,2.899522685
4/18/2021 15:06,0.197148713
4/18/2021 15:05,0.721630312
4/18/2021 15:04,3.318579585
4/18/2021 15:03,0.942102727
4/18/2021 15:02,1.0266589
4/18/2021 15:01,0.47082067
4/18/2021 15:00,0.32257976
4/18/2021 14:59,0.279519404
4/18/2021 14:58,0.323403582
4/18/2021 14:57,2.409247901
4/18/2021 14:56,2.25177253
4/18/2021 14:55,2.82034525
4/18/2021 14:54,0.75776234
4/18/2021 14:53,0.29708015
4/18/2021 14:52,3.11593112
4/18/2021 14:51,3.84761582
4/18/2021 14:50,4.590442345
4/18/2021 14:49,2.22949147
4/18/2021 14:48,0.581010268
4/18/2021 14:47,2.643588114
4/18/2021 14:46,0.90527735
4/18/2021 14:45,10.65565954
4/18/2021 14:44,0.613802095
4/18/2021 14:43,0.657664869
4/18/2021 14:42,0.23726935
4/18/2021 14:41,0.578883099
4/18/2021 14:40,1.43221218
4/18/2021 14:39,0.652492671
4/18/2021 14:38,1.94282874
4/18/2021 14:37,0.806670985
4/18/2021 14:36,0.885529235
4/18/2021 14:35,2.629241163
4/18/2021 14:34,14.06032458
4/18/2021 14:33,1.965129071
4/18/2021 14:32,2.09724962
4/18/2021 14:31,1.732191731
4/18/2021 14:30,2.47604958
4/18/2021 14:29,4.258417415
4/18/2021 14:28,1.260917602
4/18/2021 14:27,0.628274288
4/18/2021 14:26,4.453882141
4/18/2021 14:25,1.483076073
4/18/2021 14:24,0.16561907
4/18/2021 14:23,0.421062114
4/18/2021 14:22,1.121034466
4/18/2021 14:21,1.046300463
4/18/2021 14:20,1.69244587
4/18/2021 14:19,0.686375177
4/18/2021 14:18,5.100934727
4/18/2021 14:17,1.156045616
4/18/2021 14:16,1.46338941
4/18/2021 14:15,6.666561078
4/18/2021 14:14,0.181138394
4/18/2021 14:13,0.5977434
4/18/2021 14:12,0.0904095
4/18/2021 14:11,0.459577575
4/18/2021 14:10,0.75630789
4/18/2021 14:09,0.86458633
4/18/2021 14:08,0.70910687
4/18/2021 14:07,1.744216786
4/18/2021 14:06,2.909913395
4/18/2021 14:05,0.80365418
4/18/2021 14:04,0.590044056
4/18/2021 14:03,0.308006951
4/18/2021 14:02,0.523261698
4/18/2021 14:01,4.39454767
4/18/2021 14:00,0.092328976
4/18/2021 13:59,0.336937941
4/18/2021 13:58,1.105474123
4/18/2021 13:57,1.685345929
4/18/2021 13:56,2.20963318
4/18/2021 13:55,5.64382313
4/18/2021 13:54,0.481446563
4/18/2021 13:53,2.15961259
4/18/2021 13:52,4.209706031
4/18/2021 13:51,6.181326963
4/18/2021 13:50,6.078265481
4/18/2021 13:49,4.424572179
4/18/2021 13:48,22.7663019
4/18/2021 13:47,6.26099739
4/18/2021 13:46,0.937472937
4/18/2021 13:45,3.171976577
4/18/2021 13:44,1.76527108
4/18/2021 13:43,0.47799295
4/18/2021 13:42,0.447199657
4/18/2021 13:41,0.23730012
4/18/2021 13:40,2.787211001
4/18/2021 13:39,2.56373181
4/18/2021 13:38,4.377718693
4/18/2021 13:37,1.836128082
4/18/2021 13:36,0.720058079
4/18/2021 13:35,2.872449514
4/18/2021 13:34,0.379684881
4/18/2021 13:33,0.310202261
4/18/2021 13:32,1.02540276
4/18/2021 13:31,0.992196219
4/18/2021 13:30,1.0100421
4/18/2021 13:29,0.054410067
4/18/2021 13:28,0.281433201
4/18/2021 13:27,2.055882119
4/18/2021 13:26,0.536054551
4/18/2021 13:25,0.24153236
4/18/2021 13:24,0.79287106
4/18/2021 13:23,1.65006178
4/18/2021 13:22,0.779194668
4/18/2021 13:21,3.141312413
4/18/2021 13:20,1.635847821
4/18/2021 13:19,0.648772131
4/18/2021 13:18,1.876673102
4/18/2021 13:17,3.21936022
4/18/2021 13:16,1.73394953
4/18/2021 13:15,0.73050826
4/18/2021 13:14,0.815223087
4/18/2021 13:13,1.476257442
4/18/2021 13:12,0.321670587
4/18/2021 13:11,0.540846954
4/18/2021 13:10,0.886937132
4/18/2021 13:09,0.29681969
4/18/2021 13:08,0.651451636
4/18/2021 13:07,0.659823174
4/18/2021 13:06,0.655523827
4/18/2021 13:05,2.653351863
4/18/2021 13:04,1.967702396
4/18/2021 13:03,10.66845585
4/18/2021 13:02,1.42470344
4/18/2021 13:01,0.635804182
4/18/2021 13:00,3.493052672
4/18/2021 12:59,4.029064768
4/18/2021 12:58,0.681258731
4/18/2021 12:57,10.10634609
4/18/2021 12:56,0.448821488
4/18/2021 12:55,1.527793136
4/18/2021 12:54,1.47764648
4/18/2021 12:53,4.05614419
4/18/2021 12:52,3.118099917
4/18/2021 12:51,5.555967044
4/18/2021 12:50,3.96983467
4/18/2021 12:49,3.05951686
4/18/2021 12:48,1.638269945
4/18/2021 12:47,8.20506881
4/18/2021 12:46,1.355148555
4/18/2021 12:45,2.470003237
4/18/2021 12:44,0.684764259
4/18/2021 12:43,2.21299933
4/18/2021 12:42,3.088531094
4/18/2021 12:41,7.996110771
4/18/2021 12:40,7.150047589
4/18/2021 12:39,3.15249099
4/18/2021 12:38,10.51976775
4/18/2021 12:37,22.38690696
4/18/2021 12:36,2.611778331
4/18/2021 12:35,5.180216296
4/18/2021 12:34,9.213451445
4/18/2021 12:33,3.966371842
4/18/2021 12:32,7.61875233
4/18/2021 12:31,3.580146775
4/18/2021 12:30,1.926024458
4/18/2021 12:29,2.254523489
4/18/2021 12:28,1.45428605
4/18/2021 12:27,1.595540339
4/18/2021 12:26,1.503404842
4/18/2021 12:25,2.845770174
4/18/2021 12:24,3.123065878
4/18/2021 12:23,2.363183135
4/18/2021 12:22,4.545122379
4/18/2021 12:21,4.05992741
4/18/2021 12:20,23.82040885
4/18/2021 12:19,3.483233431
4/18/2021 12:18,0.84042037
4/18/2021 12:17,0.333020418
4/18/2021 12:16,0.676246988
4/18/2021 12:15,2.480140648
4/18/2021 12:14,0.45779116
4/18/2021 12:13,0.798583574
4/18/2021 12:12,3.80640288
4/18/2021 12:11,8.149660696
4/18/2021 12:10,1.549504429
4/18/2021 12:09,2.242806844
4/18/2021 12:08,4.109985887
4/18/2021 12:07,0.881302711
4/18/2021 12:06,0.398274756
4/18/2021 12:05,1.1934484
4/18/2021 12:04,5.258124695
4/18/2021 12:03,2.263945911
4/18/2021 12:02,2.003988157
4/18/2021 12:01,5.318697747
4/18/2021 12:00,4.658243388
4/18/2021 11:59,1.894982542
4/18/2021 11:58,1.669187098
4/18/2021 11:57,2.531332859
4/18/2021 11:56,5.493123326
4/18/2021 11:55,1.96406939
4/18/2021 11:54,3.590694485
4/18/2021 11:53,5.54973461
4/18/2021 11:52,0.556359786
4/18/2021 11:51,0.762675343
4/18/2021 11:50,0.568733462
4/18/2021 11:49,0.839127884
4/18/2021 11:48,1.382605778
4/18/2021 11:47,2.092205977
4/18/2021 11:46,3.621950281
4/18/2021 11:45,6.350489369
4/18/2021 11:44,17.88317667
4/18/2021 11:43,7.745100218
4/18/2021 11:42,4.43841459
4/18/2021 11:41,1.029257991
4/18/2021 11:40,5.722531672
4/18/2021 11:39,7.368325489
4/18/2021 11:38,7.493170954
4/18/2021 11:37,4.77445251
4/18/2021 11:36,4.75831945
4/18/2021 11:35,4.150548241
4/18/2021 11:34,3.21999945
4/18/2021 11:33,1.88862323
4/18/2021 11:32,0.40301528
4/18/2021 11:31,0.39418304
4/18/2021 11:30,0.454281542
4/18/2021 11:29,0.263607106
4/18/2021 11:28,1.827636986
4/18/2021 11:27,9.525347918
4/18/2021 11:26,0.839512706
4/18/2021 11:25,2.6852915
4/18/2021 11:24,2.39800995
4/18/2021 11:23,0.36408958
4/18/2021 11:22,0.47501551
4/18/2021 11:21,2.18613304
4/18/2021 11:20,0.299725705
4/18/2021 11:19,3.42788624
4/18/2021 11:18,0.49006747
4/18/2021 11:17,0.783445132
4/18/2021 11:16,1.47989206
4/18/2021 11:15,0.623773865
4/18/2021 11:14,0.71336161
4/18/2021 11:13,0.47885761
4/18/2021 11:12,0.14180962
4/18/2021 11:11,0.207151531
4/18/2021 11:10,1.48000904
4/18/2021 11:09,0.67422019
4/18/2021 11:08,1.50527599
4/18/2021 11:07,1.150410308
4/18/2021 11:06,0.76694306
4/18/2021 11:05,1.582811853
4/18/2021 11:04,1.38031567
4/18/2021 11:03,0.626755516
4/18/2021 11:02,0.751575683
4/18/2021 11:01,4.793130999
4/18/2021 11:00,0.04165606
4/18/2021 10:59,0.093917581
4/18/2021 10:58,0.322057749
4/18/2021 10:57,0.177460585
4/18/2021 10:56,0.426775421
4/18/2021 10:55,0.475652893
4/18/2021 10:54,1.265955129
4/18/2021 10:53,0.69112021
4/18/2021 10:52,4.22425713
4/18/2021 10:51,0.85384785
4/18/2021 10:50,0.04199103
4/18/2021 10:49,0.761583421
4/18/2021 10:48,0.26958239
4/18/2021 10:47,0.38737995
4/18/2021 10:46,2.17943221
4/18/2021 10:45,3.5563001
4/18/2021 10:44,1.612323
4/18/2021 10:43,0.65903196
4/18/2021 10:42,0.13248646
4/18/2021 10:41,0.050249461
4/18/2021 10:40,0.97412524
4/18/2021 10:39,0.88298946
4/18/2021 10:38,0.37692738
4/18/2021 10:37,0.18992745
4/18/2021 10:36,4.55738852
4/18/2021 10:35,2.06158038
4/18/2021 10:34,0.52988588
4/18/2021 10:33,1.38328959
4/18/2021 10:32,2.18535769
4/18/2021 10:31,0.403833183
4/18/2021 10:30,3.905783111
4/18/2021 10:29,1.448836948
4/18/2021 10:28,1.992670369
4/18/2021 10:27,5.263550387
4/18/2021 10:26,1.60493628
4/18/2021 10:25,0.379054944
4/18/2021 10:24,1.36931095
4/18/2021 10:23,2.05765423
4/18/2021 10:22,1.455422666
4/18/2021 10:21,5.75263362
4/18/2021 10:20,7.157672339
4/18/2021 10:19,2.39328787
4/18/2021 10:18,0.756511115
4/18/2021 10:17,0.17909532
4/18/2021 10:16,0.04731862
4/18/2021 10:15,1.93515543
4/18/2021 10:14,1.54926281
4/18/2021 10:13,1.27053263
4/18/2021 10:12,0.441093166
4/18/2021 10:11,0.1871782
4/18/2021 10:10,0.39432499
4/18/2021 10:09,1.53420394
4/18/2021 10:08,0.25605087
4/18/2021 10:07,1.177762297
4/18/2021 10:06,0.90307763
4/18/2021 10:05,0.284483264
4/18/2021 10:04,3.615108776
4/18/2021 10:03,2.87795868
4/18/2021 10:02,0.62572356
4/18/2021 10:01,0.136712526
4/18/2021 10:00,0.49517937
4/18/2021 9:59,0.276487006
4/18/2021 9:58,0.537640449
4/18/2021 9:57,0.16248382
4/18/2021 9:56,1.950221413
4/18/2021 9:55,4.598462584
4/18/2021 9:54,0.709837017
4/18/2021 9:53,0.767804217
4/18/2021 9:52,9.987022377
4/18/2021 9:51,4.68369356
4/18/2021 9:50,0.96008715
4/18/2021 9:49,11.92645424
4/18/2021 9:48,2.14287569
4/18/2021 9:47,10.75749103
4/18/2021 9:46,2.26303358
4/18/2021 9:45,0.71344005
4/18/2021 9:44,3.10642985
4/18/2021 9:43,6.90665571
4/18/2021 9:42,6.30307004
4/18/2021 9:41,1.0916582
4/18/2021 9:40,3.91474998
4/18/2021 9:39,4.231271621
4/18/2021 9:38,1.85007619
4/18/2021 9:37,5.620413119
4/18/2021 9:36,11.36038603
4/18/2021 9:35,3.57298746
4/18/2021 9:34,1.43479931
4/18/2021 9:33,2.116551181
4/18/2021 9:32,3.84169255
4/18/2021 9:31,11.61979783
4/18/2021 9:30,5.33036266
4/18/2021 9:29,2.9664578
4/18/2021 9:28,3.34140167
4/18/2021 9:27,2.13587179
4/18/2021 9:26,0.83981566
4/18/2021 9:25,6.520016304
4/18/2021 9:24,6.0633377
4/18/2021 9:23,0.13982703
4/18/2021 9:22,1.078017975
4/18/2021 9:21,0.211666632
4/18/2021 9:20,1.52785048
4/18/2021 9:19,0.10958818
4/18/2021 9:18,5.98309091
4/18/2021 9:17,1.38579511
4/18/2021 9:16,0.664866277
4/18/2021 9:15,3.33195705
4/18/2021 9:14,9.02458083
4/18/2021 9:13,2.990860765
4/18/2021 9:12,1.04938604
4/18/2021 9:11,4.01999296
4/18/2021 9:10,1.19652521
4/18/2021 9:09,3.87863244
4/18/2021 9:08,0.73700423
4/18/2021 9:07,1.49679008
4/18/2021 9:06,9.15894513
4/18/2021 9:05,1.72805307
4/18/2021 9:04,5.3815069
4/18/2021 9:03,2.83182652
4/18/2021 9:02,4.58711481
4/18/2021 9:01,0.28984322
4/18/2021 9:00,1.00869123
4/18/2021 8:59,5.095990549
4/18/2021 8:58,5.150238197
4/18/2021 8:57,5.48347815
4/18/2021 8:56,35.18798587
4/18/2021 8:55,12.90857276
4/18/2021 8:54,1.987748569
4/18/2021 8:53,6.589947822
4/18/2021 8:52,0.62814187
4/18/2021 8:51,22.18168345
4/18/2021 8:50,4.70551573
4/18/2021 8:49,5.71166354
4/18/2021 8:48,3.307970413
4/18/2021 8:47,4.428561035
4/18/2021 8:46,0.037256935
4/18/2021 8:45,0.84561692
4/18/2021 8:44,0.22435808
4/18/2021 8:43,0.07380881
4/18/2021 8:42,0.16556046
4/18/2021 8:41,0.390558525
4/18/2021 8:40,0.089776163
4/18/2021 8:39,0.6486948
4/18/2021 8:38,0.030174509
4/18/2021 8:37,0.13974933
4/18/2021 8:36,0.406726075
4/18/2021 8:35,0.07630333
4/18/2021 8:34,2.65248863
4/18/2021 8:33,0.040044848
4/18/2021 8:32,1.01303836
4/18/2021 8:31,0.507294269
4/18/2021 8:30,0.32988903
4/18/2021 8:29,1.16965353
4/18/2021 8:28,2.08801991
4/18/2021 8:27,1.171663838
4/18/2021 8:26,0.40454301
4/18/2021 8:25,2.57601345
4/18/2021 8:24,0.0930479
4/18/2021 8:23,0.18677485
4/18/2021 8:22,1.61699917
4/18/2021 8:21,0.7197383
4/18/2021 8:20,1.06587205
4/18/2021 8:19,0.03184889
4/18/2021 8:18,0.917768003
4/18/2021 8:17,2.10983263
4/18/2021 8:16,1.83539232
4/18/2021 8:15,0.10611987
4/18/2021 8:14,0.00532685
4/18/2021 8:13,0.052133403
4/18/2021 8:12,2.47367974
4/18/2021 8:11,3.27262556
4/18/2021 8:10,2.02806552
4/18/2021 8:09,0.468494655
4/18/2021 8:08,3.04833622
4/18/2021 8:07,0.24371242
4/18/2021 8:06,0.76959167
4/18/2021 8:05,2.99067144
4/18/2021 8:04,0.1209689
4/18/2021 8:03,0.67958575
4/18/2021 8:02,1.38566228
4/18/2021 8:01,1.35758656
4/18/2021 8:00,2.26912992
4/18/2021 7:59,0.812598128
4/18/2021 7:58,0.38744897
4/18/2021 7:57,0.143777904
4/18/2021 7:56,0.23253008
4/18/2021 7:55,4.564403229
4/18/2021 7:54,0.10804914
4/18/2021 7:53,0.747897875
4/18/2021 7:52,1.45058096
4/18/2021 7:51,2.559721232
4/18/2021 7:50,1.901325163
4/18/2021 7:49,4.20201766
4/18/2021 7:48,2.6413225
4/18/2021 7:47,305.9245512
4/18/2021 7:46,0.09259246
4/18/2021 7:45,0.696830778
4/18/2021 7:44,0.68461314
4/18/2021 7:43,0.22125429
4/18/2021 7:42,0.115228959
4/18/2021 7:41,0.071308721
4/18/2021 7:40,0.049078795
4/18/2021 7:39,0.637983488
4/18/2021 7:38,0.077995052
4/18/2021 7:37,0.49403124
4/18/2021 7:36,0.410208083
4/18/2021 7:35,1.782757412
4/18/2021 7:34,0.76569533
4/18/2021 7:33,0.896434368
4/18/2021 7:32,2.570815441
4/18/2021 7:31,0.789385865
4/18/2021 7:30,0.974788033
4/18/2021 7:29,1.724407182
4/18/2021 7:28,1.25040911
4/18/2021 7:27,1.796665203
4/18/2021 7:26,0.04553482
4/18/2021 7:25,0.48262899
4/18/2021 7:24,0.791807017
4/18/2021 7:23,0.06873343
4/18/2021 7:22,2.593677474
4/18/2021 7:21,1.579603467
4/18/2021 7:20,2.80930573
4/18/2021 7:19,13.47343267
4/18/2021 7:18,4.52078301
4/18/2021 7:17,0.09986476
4/18/2021 7:16,0.615400564
4/18/2021 7:15,4.592261205
4/18/2021 7:14,5.72417415
4/18/2021 7:13,4.295553858
4/18/2021 7:12,0.55954494
4/18/2021 7:11,3.518604261
4/18/2021 7:10,3.998426129
4/18/2021 7:09,2.131360665
4/18/2021 7:08,4.04080022
4/18/2021 7:07,5.904714628
4/18/2021 7:06,4.245168256
4/18/2021 7:05,0.20819784
4/18/2021 7:04,3.93362424
4/18/2021 7:03,0.89209205
4/18/2021 7:02,2.173209587
4/18/2021 7:01,2.70428871
4/18/2021 7:00,2.05215198
4/18/2021 6:59,1.21677108
4/18/2021 6:58,0.28844446
4/18/2021 6:57,2.33665499
4/18/2021 6:56,3.50000839
4/18/2021 6:55,8.550660776
4/18/2021 6:54,0.49877476
4/18/2021 6:53,1.153888887
4/18/2021 6:52,6.811525146
4/18/2021 6:51,0.9578391
4/18/2021 6:50,3.293975397
4/18/2021 6:49,0.368565852
4/18/2021 6:48,0.785844257
4/18/2021 6:47,3.459536237
4/18/2021 6:46,2.47552639
4/18/2021 6:45,7.662101024
4/18/2021 6:44,19.85332542
4/18/2021 6:43,48.90294733
4/18/2021 6:42,482.0539404
4/18/2021 6:41,5.40381327
4/18/2021 6:40,13.8375143
4/18/2021 6:39,1.846640439
4/18/2021 6:38,2.97258751
4/18/2021 6:37,0.772239061
4/18/2021 6:36,1.653121268
4/18/2021 6:35,3.968451341
4/18/2021 6:34,2.54340631
4/18/2021 6:33,0.547651582
4/18/2021 6:32,4.18420686
4/18/2021 6:31,2.79028818
4/18/2021 6:30,7.074310443
4/18/2021 6:29,4.092195056
4/18/2021 6:28,2.855601671
4/18/2021 6:27,3.83622501
4/18/2021 6:26,3.44774177
4/18/2021 6:25,5.801278679
4/18/2021 6:24,1.300831031
4/18/2021 6:23,2.15292198
4/18/2021 6:22,1.849062812
4/18/2021 6:21,0.61071373
4/18/2021 6:20,1.559654424
4/18/2021 6:19,9.161781156
4/18/2021 6:18,3.572145634
4/18/2021 6:17,0.397959004
4/18/2021 6:16,1.648743676
4/18/2021 6:15,0.531951653
4/18/2021 6:14,1.13992095
4/18/2021 6:13,1.768119267
4/18/2021 6:12,1.369572125
4/18/2021 6:11,0.60649641
4/18/2021 6:10,2.568938107
4/18/2021 6:09,2.49715432
4/18/2021 6:08,0.605957262
4/18/2021 6:07,1.262927956
4/18/2021 6:06,3.252032675
4/18/2021 6:05,3.883407546
4/18/2021 6:04,3.119451949
4/18/2021 6:03,13.77287542
4/18/2021 6:02,2.629544659
4/18/2021 6:01,5.373426912
4/18/2021 6:00,5.18065763
4/18/2021 5:59,0.272022857
4/18/2021 5:58,3.51872791
4/18/2021 5:57,0.120892746
4/18/2021 5:56,0.306980007
4/18/2021 5:55,0.797923619
4/18/2021 5:54,1.786495054
4/18/2021 5:53,0.776934247
4/18/2021 5:52,0.419085704
4/18/2021 5:51,1.518602991
4/18/2021 5:50,1.134872463
4/18/2021 5:49,1.712740615
4/18/2021 5:48,2.807891383
4/18/2021 5:47,2.17999195
4/18/2021 5:46,2.640363399
4/18/2021 5:45,3.55310724
4/18/2021 5:44,2.18871637
4/18/2021 5:43,3.097781148
4/18/2021 5:42,2.943011192
4/18/2021 5:41,1.803492593
4/18/2021 5:40,2.74499462
4/18/2021 5:39,1.087835234
4/18/2021 5:38,0.35531799
4/18/2021 5:37,8.428140955
4/18/2021 5:36,1.547370484
4/18/2021 5:35,0.494356348
4/18/2021 5:34,0.652661431
4/18/2021 5:33,3.07584558
4/18/2021 5:32,4.568605131
4/18/2021 5:31,2.090773207
4/18/2021 5:30,12.67963125
4/18/2021 5:29,0.962791491
4/18/2021 5:28,1.711209312
4/18/2021 5:27,2.13687781
4/18/2021 5:26,1.888986735
4/18/2021 5:25,1.04513395
4/18/2021 5:24,1.147817343
4/18/2021 5:23,2.9504758
4/18/2021 5:22,4.914014021
4/18/2021 5:21,5.121848395
4/18/2021 5:20,1.937656394
4/18/2021 5:19,0.792784415
4/18/2021 5:18,6.01746606
4/18/2021 5:17,2.147914092
4/18/2021 5:16,5.401981818
4/18/2021 5:15,4.196398176
4/18/2021 5:14,1.664574462
4/18/2021 5:13,2.130038635
4/18/2021 5:12,1.246905122
4/18/2021 5:11,2.181011103
4/18/2021 5:10,3.398763693
4/18/2021 5:09,1.589127179
4/18/2021 5:08,1.624206029
4/18/2021 5:07,1.097531334
4/18/2021 5:06,2.816752401
4/18/2021 5:05,1.9208625
4/18/2021 5:04,1.490835894
4/18/2021 5:03,4.169243299
4/18/2021 5:02,4.075925261
4/18/2021 5:01,2.269065873
4/18/2021 5:00,8.243511323
4/18/2021 4:59,4.260098616
4/18/2021 4:58,9.872706916
4/18/2021 4:57,6.675963727
4/18/2021 4:56,2.95601933
4/18/2021 4:55,1.247388323
4/18/2021 4:54,6.933672726
4/18/2021 4:53,6.405147309
4/18/2021 4:52,6.62115074
4/18/2021 4:51,7.574359562
4/18/2021 4:50,4.565526838
4/18/2021 4:49,1.846845347
4/18/2021 4:48,1.493639546
4/18/2021 4:47,3.923050228
4/18/2021 4:46,4.732612299
4/18/2021 4:45,10.33557382
4/18/2021 4:44,8.347596583
4/18/2021 4:43,3.716755211
4/18/2021 4:42,14.71503977
4/18/2021 4:41,1.570945706
4/18/2021 4:40,4.43595166
4/18/2021 4:39,1.017007142
4/18/2021 4:38,3.710228509
4/18/2021 4:37,5.545897818
4/18/2021 4:36,25.15171018
4/18/2021 4:35,10.47130054
4/18/2021 4:34,6.51749927
4/18/2021 4:33,6.489984831
4/18/2021 4:32,10.39255063
4/18/2021 4:31,9.565806107
4/18/2021 4:30,5.155897465
4/18/2021 4:29,4.714559407
4/18/2021 4:28,2.208801031
4/18/2021 4:27,1.460378677
4/18/2021 4:26,6.836395605
4/18/2021 4:25,13.15060675
4/18/2021 4:24,19.58659599
4/18/2021 4:23,8.626408928
4/18/2021 4:22,26.846055
4/18/2021 4:21,5.407130409
4/18/2021 4:20,4.334208713
4/18/2021 4:19,10.78450844
4/18/2021 4:18,17.45442758
4/18/2021 4:17,7.934640011
4/18/2021 4:16,8.479981927
4/18/2021 4:15,4.984793087
4/18/2021 4:14,7.6819804
4/18/2021 4:13,1.831298974
4/18/2021 4:12,7.369860673
4/18/2021 4:11,9.965990299
4/18/2021 4:10,4.738492497
4/18/2021 4:09,10.61375269
4/18/2021 4:08,10.24771968
4/18/2021 4:07,5.291989546
4/18/2021 4:06,4.70349838
4/18/2021 4:05,16.04080265
4/18/2021 4:04,18.28221936
4/18/2021 4:03,5.385556044
4/18/2021 4:02,7.968388157
4/18/2021 4:01,17.00332161
4/18/2021 4:00,51.63621069
4/18/2021 3:59,49.51384283
4/18/2021 3:58,21.12363927
4/18/2021 3:57,13.63921444
4/18/2021 3:56,10.84193253
4/18/2021 3:55,17.97271397
4/18/2021 3:54,5.374420672
4/18/2021 3:53,7.18890937
4/18/2021 3:52,4.794292068
4/18/2021 3:51,14.32480775
4/18/2021 3:50,10.39722393
4/18/2021 3:49,14.52478028
4/18/2021 3:48,23.51769311
4/18/2021 3:47,22.98267434
4/18/2021 3:46,13.63877924
4/18/2021 3:45,7.211978033
4/18/2021 3:44,24.7024947
4/18/2021 3:43,21.84052487
4/18/2021 3:42,28.89561208
4/18/2021 3:41,28.96345383
4/18/2021 3:40,22.63755231
4/18/2021 3:39,34.25281909
4/18/2021 3:38,39.1901673
4/18/2021 3:37,24.63101509
4/18/2021 3:36,57.35284908
4/18/2021 3:35,116.5280179
4/18/2021 3:34,81.14616794
4/18/2021 3:33,24.23338055
4/18/2021 3:32,15.67613453
4/18/2021 3:31,19.73442625
4/18/2021 3:30,31.72759946
4/18/2021 3:29,4.449121981
4/18/2021 3:28,24.35850615
4/18/2021 3:27,19.5888276
4/18/2021 3:26,17.54316838
4/18/2021 3:25,38.53054268
4/18/2021 3:24,23.70550961
4/18/2021 3:23,35.15416403
4/18/2021 3:22,73.73961916
4/18/2021 3:21,151.8371106
4/18/2021 3:20,134.3909336
4/18/2021 3:19,65.32387135
4/18/2021 3:18,7.830990509
4/18/2021 3:17,4.005037122
4/18/2021 3:16,12.66004232
4/18/2021 3:15,2.198555982
4/18/2021 3:14,2.573032083
4/18/2021 3:13,16.90690299
4/18/2021 3:12,1.088560573
4/18/2021 3:11,9.803497973
4/18/2021 3:10,11.48482116
4/18/2021 3:09,3.369528109
4/18/2021 3:08,5.01745702
4/18/2021 3:07,2.35884826
4/18/2021 3:06,8.587573967
4/18/2021 3:05,1.366580924
4/18/2021 3:04,0.56533808
4/18/2021 3:03,0.688295543
4/18/2021 3:02,1.8228818
4/18/2021 3:01,0.691675493
4/18/2021 3:00,1.590108429
4/18/2021 2:59,1.45171863
4/18/2021 2:58,3.564851633
4/18/2021 2:57,7.42031056
4/18/2021 2:56,2.052557694
4/18/2021 2:55,3.53956293
4/18/2021 2:54,4.087770504
4/18/2021 2:53,2.038679034
4/18/2021 2:52,8.60006783
4/18/2021 2:51,10.73920573
4/18/2021 2:50,3.43086654
4/18/2021 2:49,1.119043053
4/18/2021 2:48,0.461096331
4/18/2021 2:47,0.562194621
4/18/2021 2:46,0.89296489
4/18/2021 2:45,3.089332139
4/18/2021 2:44,3.047359532
4/18/2021 2:43,0.362524275
4/18/2021 2:42,0.614582727
4/18/2021 2:41,2.016662573
4/18/2021 2:40,1.101234216
4/18/2021 2:39,0.100911267
4/18/2021 2:38,1.453391636
4/18/2021 2:37,1.184554008
4/18/2021 2:36,0.45051642
4/18/2021 2:35,7.863635412
4/18/2021 2:34,1.89107079
4/18/2021 2:33,0.24025509
4/18/2021 2:32,0.28804134
4/18/2021 2:31,0.09554009
4/18/2021 2:30,1.135338171
4/18/2021 2:29,0.21210304
4/18/2021 2:28,0.85506236
4/18/2021 2:27,0.477808207
4/18/2021 2:26,0.29990855
4/18/2021 2:25,0.610425479
4/18/2021 2:24,2.93205171
4/18/2021 2:23,3.485948236
4/18/2021 2:22,1.580799436
4/18/2021 2:21,0.644661771
4/18/2021 2:20,1.400423348
4/18/2021 2:19,9.99564531
4/18/2021 2:18,29.99551179
4/18/2021 2:17,3.59643195
4/18/2021 2:16,2.236170598
4/18/2021 2:15,1.50359885
4/18/2021 2:14,0.20001045
4/18/2021 2:13,0.25762685
4/18/2021 2:12,1.06239959
4/18/2021 2:11,0.51222228
4/18/2021 2:10,0.916104062
4/18/2021 2:09,1.040222692
4/18/2021 2:08,0.12227245
4/18/2021 2:07,0.588339706
4/18/2021 2:06,0.07886058
4/18/2021 2:05,0.24339819
4/18/2021 2:04,2.08251324
4/18/2021 2:03,0.35393739
4/18/2021 2:02,1.84042976
4/18/2021 2:01,1.359849865
4/18/2021 2:00,0.50381163
4/18/2021 1:59,0.18705139
4/18/2021 1:58,0.279222197
4/18/2021 1:57,2.45033477
4/18/2021 1:56,1.05283455
4/18/2021 1:55,2.545518058
4/18/2021 1:54,20.14975553
4/18/2021 1:53,0.847036049
4/18/2021 1:52,0.427277007
4/18/2021 1:51,0.086764913
4/18/2021 1:50,0.062201772
4/18/2021 1:49,0.942516815
4/18/2021 1:48,2.100641731
4/18/2021 1:47,0.910465133
4/18/2021 1:46,0.47640442
4/18/2021 1:45,0.226918297
4/18/2021 1:44,0.09481944
4/18/2021 1:43,1.541181809
4/18/2021 1:42,0.285127562
4/18/2021 1:41,0.571544836
4/18/2021 1:40,0.572825847
4/18/2021 1:39,0.286070085
4/18/2021 1:38,0.157563721
4/18/2021 1:37,0.35242007
4/18/2021 1:36,1.195198336
4/18/2021 1:35,1.63140391
4/18/2021 1:34,0.978800926
4/18/2021 1:33,1.438370684
4/18/2021 1:32,0.155178428
4/18/2021 1:31,1.57573863
4/18/2021 1:30,0.399470838
4/18/2021 1:29,2.35682153
4/18/2021 1:28,1.610290692
4/18/2021 1:27,2.514687527
4/18/2021 1:26,0.356593132
4/18/2021 1:25,0.30117803
4/18/2021 1:24,0.68868459
4/18/2021 1:23,1.120831744
4/18/2021 1:22,1.923483977
4/18/2021 1:21,1.305819712
4/18/2021 1:20,2.136300787
4/18/2021 1:19,1.890682708
4/18/2021 1:18,1.470536304
4/18/2021 1:17,2.543082763
4/18/2021 1:16,2.006068113
4/18/2021 1:15,10.45133551
4/18/2021 1:14,9.019378467
4/18/2021 1:13,1.03974804
4/18/2021 1:12,0.054733829
4/18/2021 1:11,0.502237284
4/18/2021 1:10,0.3637166
4/18/2021 1:09,0.11158913
4/18/2021 1:08,0.687880114
4/18/2021 1:07,0.229138876
4/18/2021 1:06,0.07701898
4/18/2021 1:05,0.22935404
4/18/2021 1:04,0.37037496
4/18/2021 1:03,0.262856951
4/18/2021 1:02,0.25276006
4/18/2021 1:01,1.15817772
4/18/2021 1:00,0.31985141
4/18/2021 0:59,1.87139496
4/18/2021 0:58,0.559400596
4/18/2021 0:57,0.099164561
4/18/2021 0:56,0.041778595
4/18/2021 0:55,1.063313537
4/18/2021 0:54,0.61036654
4/18/2021 0:53,0.185133868
4/18/2021 0:52,0.635279616
4/18/2021 0:51,1.061665763
4/18/2021 0:50,0.42243999
4/18/2021 0:49,1.15748831
4/18/2021 0:48,0.32565865
4/18/2021 0:47,1.2936783
4/18/2021 0:46,0.477525262
4/18/2021 0:45,1.14624815
4/18/2021 0:44,0.13508778
4/18/2021 0:43,0.20484544
4/18/2021 0:42,1.11449024
4/18/2021 0:41,0.417281784
4/18/2021 0:40,0.715039021
4/18/2021 0:39,1.94962205
4/18/2021 0:38,1.288016492
4/18/2021 0:37,1.53403188
4/18/2021 0:36,2.19031489
4/18/2021 0:35,2.692668277
4/18/2021 0:34,2.166326225
4/18/2021 0:33,1.19508742
4/18/2021 0:32,2.636588659
4/18/2021 0:31,9.822974909
4/18/2021 0:30,37.09953789
4/18/2021 0:29,9.656848358
4/18/2021 0:28,4.51948262
4/18/2021 0:27,1.566918857
4/18/2021 0:26,1.381108017
4/18/2021 0:25,0.980632629
4/18/2021 0:24,3.2294279
4/18/2021 0:23,2.83607815
4/18/2021 0:22,1.601849546
4/18/2021 0:21,0.33808185
4/18/2021 0:20,0.39956801
4/18/2021 0:19,0.13217544
4/18/2021 0:18,0.20840515
4/18/2021 0:17,0.070051336
4/18/2021 0:16,0.609987338
4/18/2021 0:15,0.360629343
4/18/2021 0:14,0.5633894
4/18/2021 0:13,0.260244462
4/18/2021 0:12,0.48222182
4/18/2021 0:11,0.07470195
4/18/2021 0:10,0.27358939
4/18/2021 0:09,0.2583488
4/18/2021 0:08,0.78695095
4/18/2021 0:07,0.50518209
4/18/2021 0:06,3.5915119
4/18/2021 0:05,0.16838544
4/18/2021 0:02,0.00800027
4/18/2021 0:01,0.17228412
4/18/2021 0:00,1.184288424
4/17/2021 23:59,0.078519351
4/17/2021 23:58,0.672458083
4/17/2021 23:57,1.57797171
4/17/2021 23:56,0.827379389
4/17/2021 23:55,0.209381247
4/17/2021 23:54,0.290700858
4/17/2021 23:53,1.73347657
4/17/2021 23:52,0.04896535
4/17/2021 23:51,0.12107933
4/17/2021 23:50,0.072193943
4/17/2021 23:49,0.12410985
4/17/2021 23:48,0.16865913
4/17/2021 23:47,0.00322693
4/17/2021 23:46,0.03047495
4/17/2021 23:45,0.12714938
4/17/2021 23:44,0.125582523
4/17/2021 23:43,0.01916538
4/17/2021 23:42,0.13270533
4/17/2021 23:41,0.091458448
4/17/2021 23:40,0.055787191
4/17/2021 23:39,0.37376644
4/17/2021 23:38,0.137448335
4/17/2021 23:37,0.08313179
4/17/2021 23:36,0.2332069
4/17/2021 23:35,0.37687724
4/17/2021 23:34,0.04349539
4/17/2021 23:33,0.055286558
4/17/2021 23:32,0.42118126
4/17/2021 23:31,0.214609196
4/17/2021 23:30,0.00892326
4/17/2021 23:29,0.04253455
4/17/2021 23:28,1.21269108
4/17/2021 23:27,0.24106396
4/17/2021 23:26,0.00670474
4/17/2021 23:25,0.28211253
4/17/2021 23:24,0.02767599
4/17/2021 23:23,1.18873098
4/17/2021 23:22,0.82276672
4/17/2021 23:21,0.06200353
4/17/2021 23:20,0.74794794
4/17/2021 23:19,0.20508443
4/17/2021 23:18,0.13220789
4/17/2021 23:17,0.0652462
4/17/2021 23:16,0.02689714
4/17/2021 23:15,0.0721008
4/17/2021 23:14,0.260555853
4/17/2021 23:13,0.06749164
4/17/2021 23:12,0.453019845
4/17/2021 23:11,0.02845275
4/17/2021 23:10,0.170212047
4/17/2021 23:09,0.11387483
4/17/2021 23:08,0.1094054
4/17/2021 23:07,0.0105193
4/17/2021 23:06,0.135783562
4/17/2021 23:05,0.01897546
4/17/2021 23:04,0.03369809
4/17/2021 23:03,2.056283427
4/17/2021 23:02,0.448007907
4/17/2021 23:01,0.065763243
4/17/2021 23:00,0.00826618
4/17/2021 22:59,0.054673925
4/17/2021 22:58,0.05106046
4/17/2021 22:57,0.01542194
4/17/2021 22:56,0.00426732
4/17/2021 22:55,0.14090846
4/17/2021 22:54,0.0300639
4/17/2021 22:53,0.0937749
4/17/2021 22:52,0.01331
4/17/2021 22:51,0.01626135
4/17/2021 22:50,0.02025735
4/17/2021 22:49,0.0860443
4/17/2021 22:48,0.00844478
4/17/2021 22:47,0.29702037
4/17/2021 22:46,0.07310164
4/17/2021 22:45,0.46867959
4/17/2021 22:44,0.18012795
4/17/2021 22:43,0.008253179
4/17/2021 22:42,0.0247129
4/17/2021 22:41,2.38804456
4/17/2021 22:40,0.06108907
4/17/2021 22:39,0.34332696
4/17/2021 22:38,4.76866568
4/17/2021 22:37,0.11073075
4/17/2021 22:36,0.053182676
4/17/2021 22:35,0.10161175
4/17/2021 22:34,0.1041603
4/17/2021 22:33,0.01909372
4/17/2021 22:32,1.051439169
4/17/2021 22:31,0.10668436
4/17/2021 22:30,0.20997952
4/17/2021 22:29,0.02769107
4/17/2021 22:28,0.00889516
4/17/2021 22:27,0.037798381
4/17/2021 22:26,0.0256967
4/17/2021 22:25,0.04800044
4/17/2021 22:24,0.268251901
4/17/2021 22:23,0.20922187
4/17/2021 22:22,0.02999359
4/17/2021 22:21,0.01346792
4/17/2021 22:20,0.617958399
4/17/2021 22:19,0.21689764
4/17/2021 22:18,0.02588378
4/17/2021 22:17,0.11657189
4/17/2021 22:16,0.02817936
4/17/2021 22:15,0.181326202
4/17/2021 22:14,0.181452786
4/17/2021 22:13,0.13066838
4/17/2021 22:12,0.17225965
4/17/2021 22:11,0.00358833
4/17/2021 22:10,0.05453553
4/17/2021 22:09,0.04003423
4/17/2021 22:08,0.02504069
4/17/2021 22:07,0.29707611
4/17/2021 22:06,0.11753343
4/17/2021 22:05,0.04613165
4/17/2021 22:04,0.14688879
4/17/2021 22:03,0.04225862
4/17/2021 22:02,0.1026898
4/17/2021 22:01,0.04967071
4/17/2021 22:00,0.0373418
4/17/2021 21:59,0.09272125
4/17/2021 21:58,0.036598979
4/17/2021 21:57,0.03995016
4/17/2021 21:56,0.11747569
4/17/2021 21:55,0.02391462
4/17/2021 21:54,0.04267613
4/17/2021 21:53,0.119579845
4/17/2021 21:52,0.0248148
4/17/2021 21:51,0.10587697
4/17/2021 21:50,0.65071089
4/17/2021 21:49,0.253899415
4/17/2021 21:48,0.06037291
4/17/2021 21:47,0.18870356
4/17/2021 21:46,0.01595785
4/17/2021 21:45,0.04087807
4/17/2021 21:44,0.11407954
4/17/2021 21:43,0.09677646
4/17/2021 21:42,0.07751067
4/17/2021 21:41,0.14986903
4/17/2021 21:40,0.55485272
4/17/2021 21:39,0.001333733
4/17/2021 21:38,0.0781685
4/17/2021 21:37,0.02783734
4/17/2021 21:36,0.224938788
4/17/2021 21:35,0.017350324
4/17/2021 21:34,0.229475801
4/17/2021 21:33,0.53801879
4/17/2021 21:32,0.027993146
4/17/2021 21:31,0.057631678
4/17/2021 21:30,2.795525839
4/17/2021 21:29,0.18219686
4/17/2021 21:28,1.23199603
4/17/2021 21:27,0.14021002
4/17/2021 21:26,0.03267248
4/17/2021 21:25,0.17356526
4/17/2021 21:24,1.113449672
4/17/2021 21:23,0.4355333
4/17/2021 21:22,0.13040059
4/17/2021 21:21,0.0527233
4/17/2021 21:20,0.4012526
4/17/2021 21:19,0.03506469
4/17/2021 21:18,0.09403169
4/17/2021 21:17,0.04173118
4/17/2021 21:16,0.0276569
4/17/2021 21:15,1.27971428
4/17/2021 21:14,0.01194834
4/17/2021 21:13,0.0360676
4/17/2021 21:12,0.19838187
4/17/2021 21:11,0.08661009
4/17/2021 21:10,0.031671078
4/17/2021 21:09,0.32072485
4/17/2021 21:08,0.00135933
4/17/2021 21:07,0.007891482
4/17/2021 21:06,0.16985224
4/17/2021 21:05,1.17333333
4/17/2021 21:04,0.09389346
4/17/2021 21:03,0.038091687
4/17/2021 21:02,0.361121826
4/17/2021 21:01,1.1437727
4/17/2021 21:00,0.04051757
4/17/2021 20:59,0.546285018
4/17/2021 20:58,0.0754507
4/17/2021 20:57,0.06394604
4/17/2021 20:56,0.023832239
4/17/2021 20:55,0.04708257
4/17/2021 20:54,0.00131887
4/17/2021 20:53,0.09777799
4/17/2021 20:52,0.170061891
4/17/2021 20:51,0.02034871
4/17/2021 20:50,0.36484379
4/17/2021 20:49,0.15674522
4/17/2021 20:48,0.51249913
4/17/2021 20:47,0.06326545
4/17/2021 20:46,0.615333927
4/17/2021 20:45,0.177285181
4/17/2021 20:44,0.603211897
4/17/2021 20:43,0.055459839
4/17/2021 20:42,0.048315144
4/17/2021 20:41,0.39143233
4/17/2021 20:40,0.08030347
4/17/2021 20:39,0.037542077
4/17/2021 20:38,0.96121259
4/17/2021 20:37,0.4264495
4/17/2021 20:36,0.12284018
4/17/2021 20:35,0.3404896
4/17/2021 20:34,0.08454728
4/17/2021 20:33,0.04758014
4/17/2021 20:32,1.22270393
4/17/2021 20:31,0.37815656
4/17/2021 20:30,0.200843573
4/17/2021 20:29,1.02902585
4/17/2021 20:28,0.28433943
4/17/2021 20:27,0.037815246
4/17/2021 20:26,1.541873254
4/17/2021 20:25,0.019331544
4/17/2021 20:24,0.01752897
4/17/2021 20:23,0.0785878
4/17/2021 20:22,0.19609398
4/17/2021 20:21,0.23923874
4/17/2021 20:20,0.59030817
4/17/2021 20:19,0.110249437
4/17/2021 20:18,2.6966427
4/17/2021 20:17,0.02653928
4/17/2021 20:16,0.02492564
4/17/2021 20:15,0.57909746
4/17/2021 20:14,0.36867162
4/17/2021 20:13,0.16577837
4/17/2021 20:12,0.4842765
4/17/2021 20:11,0.57304059
4/17/2021 20:10,1.41517097
4/17/2021 20:09,0.05396717
4/17/2021 20:08,0.07163385
4/17/2021 20:07,0.09857584
4/17/2021 20:06,0.05751441
4/17/2021 20:05,0.083148778
4/17/2021 20:04,0.03580391
4/17/2021 20:03,1.60805165
4/17/2021 20:02,0.239235112
4/17/2021 20:01,0.01541896
4/17/2021 20:00,0.04170505
4/17/2021 19:59,0.11887479
4/17/2021 19:58,0.01817371
4/17/2021 19:57,0.611939739
4/17/2021 19:56,0.51674792
4/17/2021 19:55,0.218200311
4/17/2021 19:54,0.05082115
4/17/2021 19:53,0.16409159
4/17/2021 19:52,0.823706968
4/17/2021 19:51,0.258330631
4/17/2021 19:50,0.06879155
4/17/2021 19:49,0.68719695
4/17/2021 19:48,0.03409062
4/17/2021 19:47,0.079500224
4/17/2021 19:46,0.07812468
4/17/2021 19:45,2.4689098
4/17/2021 19:44,0.13024917
4/17/2021 19:43,0.09363235
4/17/2021 19:42,0.03056604
4/17/2021 19:41,0.11820502
4/17/2021 19:40,0.03786419
4/17/2021 19:39,0.06796339
4/17/2021 19:38,0.05940997
4/17/2021 19:37,0.00497553
4/17/2021 19:36,0.15218447
4/17/2021 19:35,0.08164965
4/17/2021 19:34,0.18415643
4/17/2021 19:33,0.90601403
4/17/2021 19:32,0.25014363
4/17/2021 19:31,2.979742705
4/17/2021 19:30,2.70177848
4/17/2021 19:29,1.51332808
4/17/2021 19:28,3.84459679
4/17/2021 19:27,0.21080001
4/17/2021 19:26,0.11074955
4/17/2021 19:25,0.77991902
4/17/2021 19:24,1.61826014
4/17/2021 19:23,0.11051649
4/17/2021 19:22,0.331104361
4/17/2021 19:21,0.11933013
4/17/2021 19:20,0.365200978
4/17/2021 19:19,0.19491365
4/17/2021 19:18,0.703153608
4/17/2021 19:17,0.49438598
4/17/2021 19:16,0.339460983
4/17/2021 19:15,0.170381328
4/17/2021 19:14,0.04186739
4/17/2021 19:13,0.37045259
4/17/2021 19:12,0.09714587
4/17/2021 19:11,1.597582272
4/17/2021 19:10,0.15242773
4/17/2021 19:09,0.20273654
4/17/2021 19:08,0.40291931
4/17/2021 19:07,0.14677404
4/17/2021 19:06,0.16159329
4/17/2021 19:05,0.40430115
4/17/2021 19:04,0.03724273
4/17/2021 19:03,0.26285347
4/17/2021 19:02,2.187909238
4/17/2021 19:01,0.14720997
4/17/2021 19:00,0.50818538
4/17/2021 18:59,0.334829729
4/17/2021 18:58,0.846790942
4/17/2021 18:57,0.120202412
4/17/2021 18:56,0.278368629
4/17/2021 18:55,0.31253122
4/17/2021 18:54,0.25566488
4/17/2021 18:53,0.020070688
4/17/2021 18:52,0.09968159
4/17/2021 18:51,0.04009684
4/17/2021 18:50,0.68161062
4/17/2021 18:49,0.61561702
4/17/2021 18:48,0.04254681
4/17/2021 18:47,0.29089421
4/17/2021 18:46,0.048005698
4/17/2021 18:45,0.27671754
4/17/2021 18:44,0.456489354
4/17/2021 18:43,0.13104396
4/17/2021 18:42,0.10343836
4/17/2021 18:41,0.39826598
4/17/2021 18:40,0.366896988
4/17/2021 18:39,0.235340313
4/17/2021 18:38,0.09189122
4/17/2021 18:37,0.04938796
4/17/2021 18:36,0.23167849
4/17/2021 18:35,0.25626466
4/17/2021 18:34,1.12851599
4/17/2021 18:33,0.198127557
4/17/2021 18:32,0.270618417
4/17/2021 18:31,0.586460729
4/17/2021 18:30,0.49040158
4/17/2021 18:29,0.612413909
4/17/2021 18:28,0.69128779
4/17/2021 18:27,0.852139398
4/17/2021 18:26,1.06249098
4/17/2021 18:25,0.18444495
4/17/2021 18:24,1.309497198
4/17/2021 18:23,0.845879014
4/17/2021 18:22,0.08973453
4/17/2021 18:21,0.15798743
4/17/2021 18:20,4.73487116
4/17/2021 18:19,3.635318256
4/17/2021 18:18,1.170670339
4/17/2021 18:17,0.207290212
4/17/2021 18:16,2.121471794
4/17/2021 18:15,0.453891807
4/17/2021 18:14,0.160248354
4/17/2021 18:13,0.3714223
4/17/2021 18:12,0.06821318
4/17/2021 18:11,1.13670267
4/17/2021 18:10,0.55930567
4/17/2021 18:09,1.629748874
4/17/2021 18:08,0.06839119
4/17/2021 18:07,0.327437404
4/17/2021 18:06,6.232264091
4/17/2021 18:05,4.641681005
4/17/2021 18:04,0.458395361
4/17/2021 18:03,0.78680376
4/17/2021 18:02,2.382711893
4/17/2021 18:01,5.341784114
4/17/2021 18:00,5.951827849
4/17/2021 17:59,2.934378762
4/17/2021 17:58,3.9300655
4/17/2021 17:57,1.527218067
4/17/2021 17:56,5.646994778
4/17/2021 17:55,39.61952596
4/17/2021 17:54,0.413969498
4/17/2021 17:53,4.03554812
4/17/2021 17:52,0.339715884
4/17/2021 17:51,0.48423019
4/17/2021 17:50,0.59153892
4/17/2021 17:49,0.3131152
4/17/2021 17:48,0.48995092
4/17/2021 17:47,0.36423392
4/17/2021 17:46,0.1042524
4/17/2021 17:45,0.08252476
4/17/2021 17:44,0.56939663
4/17/2021 17:43,1.34682935
4/17/2021 17:42,0.23523852
4/17/2021 17:41,0.073223018
4/17/2021 17:40,0.12553994
4/17/2021 17:39,0.185058183
4/17/2021 17:38,2.052229513
4/17/2021 17:37,0.105617276
4/17/2021 17:36,0.26991343
4/17/2021 17:35,0.297093708
4/17/2021 17:34,0.195859035
4/17/2021 17:33,0.02163671
4/17/2021 17:32,0.177900014
4/17/2021 17:31,1.238611496
4/17/2021 17:30,0.12604125
4/17/2021 17:29,0.7367017
4/17/2021 17:28,0.04422731
4/17/2021 17:27,0.09986841
4/17/2021 17:26,0.27348337
4/17/2021 17:25,0.051215317
4/17/2021 17:24,0.136702066
4/17/2021 17:23,0.29245179
4/17/2021 17:22,0.506390689
4/17/2021 17:21,0.301283733
4/17/2021 17:20,0.556469576
4/17/2021 17:19,0.692051726
4/17/2021 17:18,2.215600519
4/17/2021 17:17,0.229716569
4/17/2021 17:16,0.344626075
4/17/2021 17:15,1.040748735
4/17/2021 17:14,0.383367641
4/17/2021 17:13,0.049014076
4/17/2021 17:12,0.634444333
4/17/2021 17:11,0.087103251
4/17/2021 17:10,0.273092469
4/17/2021 17:09,0.390056132
4/17/2021 17:08,0.598996017
4/17/2021 17:07,0.463146858
4/17/2021 17:06,0.637749454
4/17/2021 17:05,0.22363934
4/17/2021 17:04,0.10021331
4/17/2021 17:03,0.235134477
4/17/2021 17:02,0.23301208
4/17/2021 17:01,0.07301654
4/17/2021 17:00,0.73988985
4/17/2021 16:59,0.026283724
4/17/2021 16:58,0.57352431
4/17/2021 16:57,0.66216583
4/17/2021 16:56,2.759902946
4/17/2021 16:55,0.407203825
4/17/2021 16:54,0.663880191
4/17/2021 16:53,0.35099527
4/17/2021 16:52,1.12244256
4/17/2021 16:51,0.61256377
4/17/2021 16:50,0.14664342
4/17/2021 16:49,1.43263005
4/17/2021 16:48,1.39914759
4/17/2021 16:47,0.47826707
4/17/2021 16:46,2.38440663
4/17/2021 16:45,0.51731311
4/17/2021 16:44,2.882077735
4/17/2021 16:43,0.296367598
4/17/2021 16:42,1.587297234
4/17/2021 16:41,0.11850484
4/17/2021 16:40,3.223739497
4/17/2021 16:39,1.351874843
4/17/2021 16:38,0.439581183
4/17/2021 16:37,0.12504301
4/17/2021 16:36,0.550703501
4/17/2021 16:35,0.161853652
4/17/2021 16:34,0.20613167
4/17/2021 16:33,0.76283721
4/17/2021 16:32,0.444340089
4/17/2021 16:31,0.25847962
4/17/2021 16:30,0.04408376
4/17/2021 16:29,0.19823209
4/17/2021 16:28,6.19298515
4/17/2021 16:27,0.289316413
4/17/2021 16:26,1.14710817
4/17/2021 16:25,0.150232394
4/17/2021 16:24,0.25725593
4/17/2021 16:23,0.34111048
4/17/2021 16:22,0.11432256
4/17/2021 16:21,0.074529126
4/17/2021 16:20,0.47566519
4/17/2021 16:19,0.444004076
4/17/2021 16:18,3.02233416
4/17/2021 16:17,0.15246806
4/17/2021 16:16,0.238831253
4/17/2021 16:15,0.38992489
4/17/2021 16:14,0.707292383
4/17/2021 16:13,2.599567243
4/17/2021 16:12,0.311206969
4/17/2021 16:11,0.9237293
4/17/2021 16:10,1.305366037
4/17/2021 16:09,0.085101657
4/17/2021 16:08,3.785898653
4/17/2021 16:07,0.47786209
4/17/2021 16:06,0.70547322
4/17/2021 16:05,1.146377353
4/17/2021 16:04,1.358689105
4/17/2021 16:03,3.59447365
4/17/2021 16:02,19.40053236
4/17/2021 16:01,3.939804312
4/17/2021 16:00,2.297011061
4/17/2021 15:59,0.522827804
4/17/2021 15:58,0.2683281
4/17/2021 15:57,0.167369801
4/17/2021 15:56,0.790084369
4/17/2021 15:55,1.557133053
4/17/2021 15:54,0.158631878
4/17/2021 15:53,6.13447667
4/17/2021 15:52,0.13721623
4/17/2021 15:51,1.710099703
4/17/2021 15:50,0.464496387
4/17/2021 15:49,0.854315836
4/17/2021 15:48,0.268376823
4/17/2021 15:47,0.428449456
4/17/2021 15:46,0.74866072
4/17/2021 15:45,1.171094255
4/17/2021 15:44,2.609962968
4/17/2021 15:43,0.373435535
4/17/2021 15:42,4.68167155
4/17/2021 15:41,4.411385788
4/17/2021 15:40,0.349712861
4/17/2021 15:39,0.241050174
4/17/2021 15:38,0.30474804
4/17/2021 15:37,0.841504544
4/17/2021 15:36,0.697675684
4/17/2021 15:35,2.711066137
4/17/2021 15:34,1.570834
4/17/2021 15:33,0.96458174
4/17/2021 15:32,2.976478789
4/17/2021 15:31,0.09871286
4/17/2021 15:30,0.02738164
4/17/2021 15:29,0.45494905
4/17/2021 15:28,0.474108057
4/17/2021 15:27,0.2265019
4/17/2021 15:26,0.646519225
4/17/2021 15:25,1.24371876
4/17/2021 15:24,1.10668845
4/17/2021 15:23,0.533144445
4/17/2021 15:22,0.84859115
4/17/2021 15:21,1.54997015
4/17/2021 15:20,0.720418948
4/17/2021 15:19,1.15060055
4/17/2021 15:18,1.37751405
4/17/2021 15:17,0.3061962
4/17/2021 15:16,1.42547573
4/17/2021 15:15,0.892456875
4/17/2021 15:14,0.48079871
4/17/2021 15:13,0.07334837
4/17/2021 15:12,0.50719558
4/17/2021 15:11,0.157431655
4/17/2021 15:10,0.0300766
4/17/2021 15:09,2.73173626
4/17/2021 15:08,0.07708707
4/17/2021 15:07,0.31535147
4/17/2021 15:06,0.26260469
4/17/2021 15:05,0.36831883
4/17/2021 15:04,2.192749894
4/17/2021 15:03,1.437909843
4/17/2021 15:02,4.05597099
4/17/2021 15:01,0.22993586
4/17/2021 15:00,0.5602778
4/17/2021 14:59,1.997567699
4/17/2021 14:58,1.29203636
4/17/2021 14:57,0.086584171
4/17/2021 14:56,3.217194789
4/17/2021 14:55,0.372029692
4/17/2021 14:54,1.116527328
4/17/2021 14:53,0.14513226
4/17/2021 14:52,0.397654337
4/17/2021 14:51,0.488440264
4/17/2021 14:50,0.468022233
4/17/2021 14:49,0.0757807
4/17/2021 14:48,1.30977114
4/17/2021 14:47,1.32982746
4/17/2021 14:46,0.51662256
4/17/2021 14:45,0.235334138
4/17/2021 14:44,0.091175103
4/17/2021 14:43,0.11208682
4/17/2021 14:42,0.303684701
4/17/2021 14:41,0.17426592
4/17/2021 14:40,0.92855486
4/17/2021 14:39,0.715872415
4/17/2021 14:38,0.20191892
4/17/2021 14:37,0.41638477
4/17/2021 14:36,0.010481781
4/17/2021 14:35,0.09964141
4/17/2021 14:34,0.493279731
4/17/2021 14:33,4.57610657
4/17/2021 14:32,1.4849918
4/17/2021 14:31,5.37982019
4/17/2021 14:30,0.07189656
4/17/2021 14:29,0.26566424
4/17/2021 14:28,0.60647109
4/17/2021 14:27,3.162548596
4/17/2021 14:26,3.84491642
4/17/2021 14:25,1.98357319
4/17/2021 14:24,0.04610757
4/17/2021 14:23,0.12964636
4/17/2021 14:22,0.96959952
4/17/2021 14:21,0.55353112
4/17/2021 14:20,0.93278214
4/17/2021 14:19,1.25563356
4/17/2021 14:18,4.58105637
4/17/2021 14:17,0.073518943
4/17/2021 14:16,0.271703807
4/17/2021 14:15,0.252032304
4/17/2021 14:14,2.89580621
4/17/2021 14:13,2.746298113
4/17/2021 14:12,2.37031101
4/17/2021 14:11,0.01586954
4/17/2021 14:10,0.13318811
4/17/2021 14:09,0.73994428
4/17/2021 14:08,0.092413805
4/17/2021 14:07,0.06837285
4/17/2021 14:06,9.55690074
4/17/2021 14:05,0.04011535
4/17/2021 14:04,0.66031932
4/17/2021 14:03,11.09685587
4/17/2021 14:02,2.57042699
4/17/2021 14:01,1.96562459
4/17/2021 14:00,0.830149784
4/17/2021 13:59,0.22470192
4/17/2021 13:58,0.27987327
4/17/2021 13:57,0.19177521
4/17/2021 13:56,0.10753358
4/17/2021 13:55,1.50802872
4/17/2021 13:54,1.09347065
4/17/2021 13:53,3.21901446
4/17/2021 13:52,6.55719928
4/17/2021 13:51,1.53747993
4/17/2021 13:50,2.448451199
4/17/2021 13:49,0.929260436
4/17/2021 13:48,0.30068498
4/17/2021 13:47,0.2447912
4/17/2021 13:46,2.03189478
4/17/2021 13:45,1.48824231
4/17/2021 13:44,0.093978357
4/17/2021 13:43,0.01405359
4/17/2021 13:42,1.7561658
4/17/2021 13:41,0.121559213
4/17/2021 13:40,0.534499409
4/17/2021 13:39,1.702997462
4/17/2021 13:38,0.06224502
4/17/2021 13:37,0.69182687
4/17/2021 13:36,0.10724094
4/17/2021 13:35,0.51358333
4/17/2021 13:34,0.06784971
4/17/2021 13:33,0.015884938
4/17/2021 13:32,0.04817241
4/17/2021 13:31,0.02911416
4/17/2021 13:30,0.61703535
4/17/2021 13:29,0.31414701
4/17/2021 13:28,0.39653388
4/17/2021 13:27,0.01310024
4/17/2021 13:26,0.32340327
4/17/2021 13:25,0.23847222
4/17/2021 13:24,0.125445119
4/17/2021 13:23,0.369331
4/17/2021 13:22,0.297100131
4/17/2021 13:21,0.70371102
4/17/2021 13:20,4.492515905
4/17/2021 13:19,0.21357734
4/17/2021 13:18,1.5965573
4/17/2021 13:17,0.596813317
4/17/2021 13:16,2.37863573
4/17/2021 13:15,2.895566635
4/17/2021 13:14,0.022946074
4/17/2021 13:13,0.18717449
4/17/2021 13:12,0.078451634
4/17/2021 13:11,1.269260286
4/17/2021 13:10,0.20536101
4/17/2021 13:09,0.12738964
4/17/2021 13:08,0.02997618
4/17/2021 13:07,0.07972429
4/17/2021 13:06,0.06031986
4/17/2021 13:05,0.304784736
4/17/2021 13:04,0.04920126
4/17/2021 13:03,0.04680453
4/17/2021 13:02,0.27779491
4/17/2021 13:01,0.10094788
4/17/2021 13:00,0.02175741
4/17/2021 12:59,0.2023715
4/17/2021 12:58,0.53927
4/17/2021 12:57,0.29513106
4/17/2021 12:56,0.00250662
4/17/2021 12:55,0.50318922
4/17/2021 12:54,0.008763191
4/17/2021 12:53,0.15538054
4/17/2021 12:52,0.0016322
4/17/2021 12:51,0.02389648
4/17/2021 12:50,0.34821148
4/17/2021 12:49,0.16449924
4/17/2021 12:48,0.05143337
4/17/2021 12:47,1.007740642
4/17/2021 12:46,0.19391123
4/17/2021 12:45,0.350330259
4/17/2021 12:44,0.330319903
4/17/2021 12:43,0.04128016
4/17/2021 12:42,0.25385782
4/17/2021 12:41,0.19607812
4/17/2021 12:40,0.39176613
4/17/2021 12:39,0.09868692
4/17/2021 12:38,0.140003166
4/17/2021 12:37,0.234345001
4/17/2021 12:36,0.03566131
4/17/2021 12:35,0.06249292
4/17/2021 12:34,0.12143048
4/17/2021 12:33,0.01979695
4/17/2021 12:32,1.07272983
4/17/2021 12:31,3.93126416
4/17/2021 12:30,0.24676371
4/17/2021 12:29,5.83509898
4/17/2021 12:28,2.28534064
4/17/2021 12:27,0.14868487
4/17/2021 12:26,0.14825412
4/17/2021 12:25,0.15549084
4/17/2021 12:24,3.609421094
4/17/2021 12:23,0.26699894
4/17/2021 12:22,0.42991822
4/17/2021 12:21,0.41131118
4/17/2021 12:20,0.03262049
4/17/2021 12:19,0.14131793
4/17/2021 12:18,0.43405699
4/17/2021 12:17,0.09797959
4/17/2021 12:16,0.206601081
4/17/2021 12:15,0.07211211
4/17/2021 12:14,0.18398016
4/17/2021 12:13,2.15334941
4/17/2021 12:12,0.0250633
4/17/2021 12:11,0.171236466
4/17/2021 12:10,0.042946298
4/17/2021 12:09,2.27983894
4/17/2021 12:08,2.23247262
4/17/2021 12:07,0.777012452
4/17/2021 12:06,0.48745494
4/17/2021 12:05,0.069888852
4/17/2021 12:04,0.62144341
4/17/2021 12:03,1.49045995
4/17/2021 12:02,9.006414898
4/17/2021 12:01,14.61745015
4/17/2021 12:00,0.35535371
4/17/2021 11:59,0.29422915
4/17/2021 11:58,0.02322231
4/17/2021 11:57,0.92104461
4/17/2021 11:56,0.01503558
4/17/2021 11:55,0.459535506
4/17/2021 11:54,0.01834974
4/17/2021 11:53,0.14106524
4/17/2021 11:52,1.72585056
4/17/2021 11:51,1.906039018
4/17/2021 11:50,0.03723765
4/17/2021 11:49,0.02323393
4/17/2021 11:48,0.33164147
4/17/2021 11:47,1.24870198
4/17/2021 11:46,0.24124603
4/17/2021 11:45,1.64056808
4/17/2021 11:44,0.436479049
4/17/2021 11:43,0.725379861
4/17/2021 11:42,0.58397551
4/17/2021 11:41,2.65122217
4/17/2021 11:40,3.91227397
4/17/2021 11:39,2.217795993
4/17/2021 11:38,2.30221709
4/17/2021 11:37,0.44574984
4/17/2021 11:36,0.77585394
4/17/2021 11:35,0.35970201
4/17/2021 11:34,3.48682009
4/17/2021 11:33,0.05535272
4/17/2021 11:32,0.217916349
4/17/2021 11:31,0.235348914
4/17/2021 11:30,1.348363466
4/17/2021 11:29,0.82348031
4/17/2021 11:28,0.34249238
4/17/2021 11:27,0.54802077
4/17/2021 11:26,0.43427988
4/17/2021 11:25,0.03520313
4/17/2021 11:24,1.65898265
4/17/2021 11:23,0.19024579
4/17/2021 11:22,0.002841869
4/17/2021 11:21,0.053039
4/17/2021 11:20,0.15875719
4/17/2021 11:19,0.34775897
4/17/2021 11:18,0.633279836
4/17/2021 11:17,0.02872624
4/17/2021 11:16,0.14703138
4/17/2021 11:15,0.04539771
4/17/2021 11:14,0.104858099
4/17/2021 11:13,0.003551
4/17/2021 11:12,0.00865225
4/17/2021 11:11,0.04053205
4/17/2021 11:10,0.15971648
4/17/2021 11:09,7.39470238
4/17/2021 11:08,4.73834572
4/17/2021 11:07,0.06677376
4/17/2021 11:06,0.00308134
4/17/2021 11:05,1.7528286
4/17/2021 11:04,0.729475121
4/17/2021 11:03,0.359452079
4/17/2021 11:02,0.32964872
4/17/2021 11:01,1.30265628
4/17/2021 11:00,0.60935307
4/17/2021 10:59,0.02055236
4/17/2021 10:58,0.16824855
4/17/2021 10:57,0.74013321
4/17/2021 10:56,0.253347657
4/17/2021 10:55,0.07928836
4/17/2021 10:54,0.00191438
4/17/2021 10:53,0.02404876
4/17/2021 10:52,0.00854003
4/17/2021 10:51,0.035535224
4/17/2021 10:50,0.002645966
4/17/2021 10:49,0.00162159
4/17/2021 10:48,0.00575723
4/17/2021 10:47,0.00160737
4/17/2021 10:46,0.017471356
4/17/2021 10:45,0.00028202
4/17/2021 10:44,0.00319065
4/17/2021 10:43,0.01590484
4/17/2021 10:42,0.08829793
4/17/2021 10:41,0.00553781
4/17/2021 10:40,2.00E-05
4/17/2021 10:39,0.57618058
4/17/2021 10:38,7.00E-05
4/17/2021 10:37,0.00450583
4/17/2021 10:36,0.015889894
4/17/2021 10:35,0.035673854
4/17/2021 10:34,0
4/17/2021 10:33,0.00709733
4/17/2021 10:32,0.01706
4/17/2021 10:31,0.00703187
4/17/2021 10:30,0.01595585
4/17/2021 10:29,0.00181587
4/17/2021 10:28,0.255461959
4/17/2021 10:27,0.2001568
4/17/2021 10:26,0.00650659
4/17/2021 10:25,0.123765297
4/17/2021 10:24,2.24293128
4/17/2021 10:23,0.01882882
4/17/2021 10:22,0.16312135
4/17/2021 10:21,0.00186094
4/17/2021 10:20,0.08458315
4/17/2021 10:19,0.12602208
4/17/2021 10:18,0.07954304
4/17/2021 10:17,0.010609801
4/17/2021 10:16,0.02191939
4/17/2021 10:15,3.019235
4/17/2021 10:14,5.95E-05
4/17/2021 10:13,0.36107
4/17/2021 10:12,0.013372131
4/17/2021 10:11,2.24685444
4/17/2021 10:10,1.63314
4/17/2021 10:09,0.08080895
4/17/2021 10:08,0.141300146
4/17/2021 10:07,0.79141718
4/17/2021 10:06,0.01062279
4/17/2021 10:05,0.119219099
4/17/2021 10:04,0.01064849
4/17/2021 10:03,0.00317656
4/17/2021 10:02,0.00643363
4/17/2021 10:01,0.00810906
4/17/2021 10:00,0.04123898
4/17/2021 9:59,0.005574344
4/17/2021 9:58,0.113634928
4/17/2021 9:57,0.017908118
4/17/2021 9:56,0.01596721
4/17/2021 9:55,0.00112308
4/17/2021 9:54,0.00947428
4/17/2021 9:53,0.011698897
4/17/2021 9:52,0.01987864
4/17/2021 9:51,0
4/17/2021 9:50,0.006884556
4/17/2021 9:49,0.51277283
4/17/2021 9:48,0.14842303
4/17/2021 9:47,0.03538341
4/17/2021 9:46,0.35118413
4/17/2021 9:45,0.00133032
4/17/2021 9:44,0.01009793
4/17/2021 9:43,0.01992031
4/17/2021 9:42,0.51057257
4/17/2021 9:41,0.00249332
4/17/2021 9:40,0.08519123
4/17/2021 9:39,0.01020968
4/17/2021 9:38,0.14159278
4/17/2021 9:37,0.10058326
4/17/2021 9:36,0
4/17/2021 9:35,0.00803707
4/17/2021 9:34,0.12302649
4/17/2021 9:33,0.02722813
4/17/2021 9:32,2.46710223
4/17/2021 9:31,1.67366808
4/17/2021 9:30,0.00118871
4/17/2021 9:29,0.09759318
4/17/2021 9:28,0.14230964
4/17/2021 9:27,0.15761462
4/17/2021 9:26,0.93385144
4/17/2021 9:25,0.01088218
4/17/2021 9:24,0.05933807
4/17/2021 9:23,2.55711129
4/17/2021 9:22,0.30476353
4/17/2021 9:21,0.58095246
4/17/2021 9:20,0.39674627
4/17/2021 9:19,0.06635283
4/17/2021 9:18,0.03811683
4/17/2021 9:17,0.03924756
4/17/2021 9:16,0.12388513
4/17/2021 9:15,0.75130818
4/17/2021 9:14,0.03169529
4/17/2021 9:13,0.01267424
4/17/2021 9:12,0.01620821
4/17/2021 9:11,0
4/17/2021 9:10,0.013550034
4/17/2021 9:09,0.0296216
4/17/2021 9:08,4.00E-05
4/17/2021 9:07,0.03586859
4/17/2021 9:06,0.0556
4/17/2021 9:05,1.06292296
4/17/2021 9:04,0.04482613
4/17/2021 9:03,0.00182772
4/17/2021 9:02,0.00090498
4/17/2021 9:01,0.00054
4/17/2021 9:00,1.26888703
4/17/2021 8:59,0.15256901
4/17/2021 8:58,1.00E-05
4/17/2021 8:57,0.00029534
4/17/2021 8:56,0.04999997
4/17/2021 8:55,0.01571039
4/17/2021 8:54,0.01725115
4/17/2021 8:53,0.21001003
4/17/2021 8:52,0.00017468
4/17/2021 8:51,0.001597519
4/17/2021 8:50,0.00488
4/17/2021 8:49,0.00037788
4/17/2021 8:48,1.00E-05
4/17/2021 8:47,0.00025
4/17/2021 8:46,0.00019
4/17/2021 8:45,0
4/17/2021 8:44,0.00227815
4/17/2021 8:43,0.003605794
4/17/2021 8:42,0
4/17/2021 8:41,0.00486997
4/17/2021 8:40,0.01207044
4/17/2021 8:39,0.05146143
4/17/2021 8:38,0.00789945
4/17/2021 8:37,8.00E-05
4/17/2021 8:36,0.00536523
4/17/2021 8:35,9.00E-05
4/17/2021 8:34,0
4/17/2021 8:33,0.00030579
4/17/2021 8:32,0.00397733
4/17/2021 8:31,0.01394964
4/17/2021 8:30,0.00180971
4/17/2021 8:29,0.0118856
4/17/2021 8:28,0.13032848
4/17/2021 8:27,0.02213404
4/17/2021 8:26,0.04489876
4/17/2021 8:25,0.077319252
4/17/2021 8:24,0.00621318
4/17/2021 8:23,0.02895525
4/17/2021 8:22,0.03143849
4/17/2021 8:21,0.03706762
4/17/2021 8:20,0.02023159
4/17/2021 8:19,0.00508095
4/17/2021 8:18,0.00722715
4/17/2021 8:17,0
4/17/2021 8:16,0.00321581
4/17/2021 8:15,0.01006198
4/17/2021 8:14,0.05020898
4/17/2021 8:13,0.00314598
4/17/2021 8:12,0.06786557
4/17/2021 8:11,0.008
4/17/2021 8:10,0.00129883
4/17/2021 8:09,0.07280859
4/17/2021 8:08,0.00642933
4/17/2021 8:07,0.05304945
4/17/2021 8:06,0
4/17/2021 8:05,0.00342868
4/17/2021 8:04,0.00010238
4/17/2021 8:03,0.00766
4/17/2021 8:02,7.62508184
4/17/2021 8:01,0.786871864
4/17/2021 8:00,0.00086366
4/17/2021 7:59,0.10196747
4/17/2021 7:58,0.00765397
4/17/2021 7:57,0.11054178
4/17/2021 7:56,0.00031993
4/17/2021 7:55,1.056050125
4/17/2021 7:54,0.00165816
4/17/2021 7:53,0.045400826
4/17/2021 7:52,5.00E-05
4/17/2021 7:51,1.00E-05
4/17/2021 7:50,0.024548226
4/17/2021 7:49,0
4/17/2021 7:48,0.00372987
4/17/2021 7:47,0.05298826
4/17/2021 7:46,3.10E-05
4/17/2021 7:45,0.00021371
4/17/2021 7:44,0.68931915
4/17/2021 7:43,0.003019
4/17/2021 7:42,0.00386173
4/17/2021 7:41,0.004392203
4/17/2021 7:40,0.00236647
4/17/2021 7:39,0.18017045
4/17/2021 7:38,0.00415968
4/17/2021 7:37,0.04473768
4/17/2021 7:36,0.01987416
4/17/2021 7:35,0.00014636
4/17/2021 7:34,0.00343965
4/17/2021 7:33,0.03592686
4/17/2021 7:32,0.004991081
4/17/2021 7:31,0.000818876
4/17/2021 7:30,0.02967137
4/17/2021 7:29,0.01178092
4/17/2021 7:28,0.00071278
4/17/2021 7:27,0.00205255
4/17/2021 7:26,0.02199904
4/17/2021 7:25,0.01120593
4/17/2021 7:24,0.00883665
4/17/2021 7:23,0.029189998
4/17/2021 7:22,0.04257767
4/17/2021 7:21,0.71421688
4/17/2021 7:20,0.136282729
4/17/2021 7:19,0.30577951
4/17/2021 7:18,0.05114771
4/17/2021 7:17,0.01835783
4/17/2021 7:16,0.020315208
4/17/2021 7:15,0.08134814
4/17/2021 7:14,0.00946906
4/17/2021 7:13,0.02988303
4/17/2021 7:12,0.13709786
4/17/2021 7:11,1.01644555
4/17/2021 7:10,0.97902619
4/17/2021 7:09,0.07166417
4/17/2021 7:08,0.02704641
4/17/2021 7:07,1.00E-05
4/17/2021 7:06,0.0239579
4/17/2021 7:05,0.028287463
4/17/2021 7:04,0.18833425
4/17/2021 7:03,0.71927637
4/17/2021 7:02,0.02490581
4/17/2021 7:01,0.01106767
4/17/2021 7:00,1.00E-05
4/17/2021 6:59,0.00795154
4/17/2021 6:58,0.30006154
4/17/2021 6:57,0.00309938
4/17/2021 6:56,0.01818122
4/17/2021 6:55,0.0155012
4/17/2021 6:54,0.0015816
4/17/2021 6:53,0.1308992
4/17/2021 6:52,0.1141489
4/17/2021 6:51,0.01217121
4/17/2021 6:50,0.00074162
4/17/2021 6:49,0.05164239
4/17/2021 6:48,0.03507727
4/17/2021 6:47,0.02684727
4/17/2021 6:46,0.01855021
4/17/2021 6:45,0.21686134
4/17/2021 6:44,5.00E-05
4/17/2021 6:43,0.01082467
4/17/2021 6:42,0.10289053
4/17/2021 6:41,0.10780225
4/17/2021 6:40,1.01924475
4/17/2021 6:39,0
4/17/2021 6:38,0.829609784
4/17/2021 6:37,0.113642176
4/17/2021 6:36,0.00319767
4/17/2021 6:35,0.36930008
4/17/2021 6:34,0.312058069
4/17/2021 6:33,0.00701693
4/17/2021 6:32,0.43780015
4/17/2021 6:31,0.0484585
4/17/2021 6:30,0.00478074
4/17/2021 6:29,0.0060065
4/17/2021 6:28,0.0083725
4/17/2021 6:27,0.063449403
4/17/2021 6:26,1.95646135
4/17/2021 6:25,0.05504158
4/17/2021 6:24,0.00575433
4/17/2021 6:23,0.220663348
4/17/2021 6:22,0.15523365
4/17/2021 6:21,0.02152796
4/17/2021 6:20,0.452433318
4/17/2021 6:19,0.795496046
4/17/2021 6:18,0.40353744
4/17/2021 6:17,0.0070743
4/17/2021 6:16,0.02458246
4/17/2021 6:15,0.00156283
4/17/2021 6:14,0.06358086
4/17/2021 6:13,0.020160644
4/17/2021 6:12,0.00337577
4/17/2021 6:11,0.38861418
4/17/2021 6:10,0.02917937
4/17/2021 6:09,0.09874505
4/17/2021 6:08,0.010027806
4/17/2021 6:07,0.09213587
4/17/2021 6:06,0.01197658
4/17/2021 6:05,0.28965301
4/17/2021 6:04,0.03464022
4/17/2021 6:03,0.002743478
4/17/2021 6:02,0.01118108
4/17/2021 6:01,0.281055378
4/17/2021 6:00,1.19858059
4/17/2021 5:59,0.04768883
4/17/2021 5:58,1.16566532
4/17/2021 5:57,0.005686922
4/17/2021 5:56,0.00744987
4/17/2021 5:55,0.03734482
4/17/2021 5:54,0.00432675
4/17/2021 5:53,0.03886674
4/17/2021 5:52,0.08878483
4/17/2021 5:51,0.00458292
4/17/2021 5:50,0.02518917
4/17/2021 5:49,0.08470937
4/17/2021 5:48,0.06304504
4/17/2021 5:47,0.11832195
4/17/2021 5:46,0.302547116
4/17/2021 5:45,0.06387001
4/17/2021 5:44,0.05003336
4/17/2021 5:43,0.84401768
4/17/2021 5:42,1.09142384
4/17/2021 5:41,1.00E-05
4/17/2021 5:40,0.35458864
4/17/2021 5:39,0.65960331
4/17/2021 5:38,0.02831142
4/17/2021 5:37,0.00882806
4/17/2021 5:36,0.47400444
4/17/2021 5:35,0.03444478
4/17/2021 5:34,9.00E-05
4/17/2021 5:33,1.46416534
4/17/2021 5:32,0.00971806
4/17/2021 5:31,0.00385838
4/17/2021 5:30,0.02360687
4/17/2021 5:29,0.03551882
4/17/2021 5:28,0.072083912
4/17/2021 5:27,0.21415831
4/17/2021 5:26,0.006796779
4/17/2021 5:25,0.02172448
4/17/2021 5:24,0.066954537
4/17/2021 5:23,0.00472005
4/17/2021 5:22,0.020890861
4/17/2021 5:21,0.024109941
4/17/2021 5:20,0.354432511
4/17/2021 5:19,0.452599835
4/17/2021 5:18,0.00195323
4/17/2021 5:17,0.04310985
4/17/2021 5:16,0.06851012
4/17/2021 5:15,0.49801824
4/17/2021 5:14,0.051874693
4/17/2021 5:13,2.2958888
4/17/2021 5:12,0.03282452
4/17/2021 5:11,0.01060949
4/17/2021 5:10,0.01373033
4/17/2021 5:09,0.01906022
4/17/2021 5:08,1.13282276
4/17/2021 5:07,0.12356779
4/17/2021 5:06,0.0056145
4/17/2021 5:05,0.44106639
4/17/2021 5:04,0.05252803
4/17/2021 5:03,0.057660048
4/17/2021 5:02,0.03417634
4/17/2021 5:01,12.00485664
4/17/2021 5:00,0.0306271
4/17/2021 4:59,0.06305
4/17/2021 4:58,0.03979053
4/17/2021 4:57,0.02548387
4/17/2021 4:56,1.50226793
4/17/2021 4:55,1.18843841
4/17/2021 4:54,0.02824941
4/17/2021 4:53,0.012111464
4/17/2021 4:52,0.049421209
4/17/2021 4:51,0.99716228
4/17/2021 4:50,0.189892445
4/17/2021 4:49,0.14944132
4/17/2021 4:48,0.04994865
4/17/2021 4:47,0.15937025
4/17/2021 4:46,0.079345402
4/17/2021 4:45,0.00908692
4/17/2021 4:44,0.056844442
4/17/2021 4:43,1.03158916
4/17/2021 4:42,0.03774067
4/17/2021 4:41,0.56491065
4/17/2021 4:40,1.83285837
4/17/2021 4:39,0.17793855
4/17/2021 4:38,2.56620851
4/17/2021 4:37,1.04050217
4/17/2021 4:36,0.2588671
4/17/2021 4:35,0.7382085
4/17/2021 4:34,0.75261521
4/17/2021 4:33,0.02823047
4/17/2021 4:32,0.11437651
4/17/2021 4:31,0.55015889
4/17/2021 4:30,0.11395591
4/17/2021 4:29,0.654904944
4/17/2021 4:28,0.20168726
4/17/2021 4:27,1.29288799
4/17/2021 4:26,0.16759896
4/17/2021 4:25,0.02558444
4/17/2021 4:24,0.05126066
4/17/2021 4:23,0.218761419
4/17/2021 4:22,1.18781746
4/17/2021 4:21,0.166974865
4/17/2021 4:20,0.01723663
4/17/2021 4:19,0.06896236
4/17/2021 4:18,0.00681449
4/17/2021 4:17,0.06071106
4/17/2021 4:16,0.03790075
4/17/2021 4:15,0.01956869
4/17/2021 4:14,2.85534785
4/17/2021 4:13,0.00613943
4/17/2021 4:12,0.088446521
4/17/2021 4:11,0.031676432
4/17/2021 4:10,0.01122472
4/17/2021 4:09,0.02221382
4/17/2021 4:08,0.02682103
4/17/2021 4:07,0.00185022
4/17/2021 4:06,2.50830136
4/17/2021 4:05,0.01156849
4/17/2021 4:04,5.63393798
4/17/2021 4:03,1.058273693
4/17/2021 4:02,0.07500401
4/17/2021 4:01,0.353776031
4/17/2021 4:00,0.0153963
4/17/2021 3:59,0.07104383
4/17/2021 3:58,0.088752394
4/17/2021 3:57,0.08687963
4/17/2021 3:56,0.0299199
4/17/2021 3:55,2.23028103
4/17/2021 3:54,0.00437696
4/17/2021 3:53,0.01482394
4/17/2021 3:52,0.01734128
4/17/2021 3:51,0.58695567
4/17/2021 3:50,0.09526092
4/17/2021 3:49,0.211596173
4/17/2021 3:48,0.04917838
4/17/2021 3:47,0.08060565
4/17/2021 3:46,0.13921035
4/17/2021 3:45,0.291579924
4/17/2021 3:44,3.0386094
4/17/2021 3:43,0.40637313
4/17/2021 3:42,0.18889932
4/17/2021 3:41,0.07458736
4/17/2021 3:40,0.0178551
4/17/2021 3:39,0.05436307
4/17/2021 3:38,0.52184395
4/17/2021 3:37,0.106529086
4/17/2021 3:36,0.01525039
4/17/2021 3:35,0.001615097
4/17/2021 3:34,0.00565333
4/17/2021 3:33,0.02496545
4/17/2021 3:32,2.78435021
4/17/2021 3:31,0.211597774
4/17/2021 3:30,0.264422444
4/17/2021 3:29,0.00757868
4/17/2021 3:28,0.24038814
4/17/2021 3:27,1.67683357
4/17/2021 3:26,0.11471755
4/17/2021 3:25,0.08912199
4/17/2021 3:24,0.97382537
4/17/2021 3:23,0.54318601
4/17/2021 3:22,0.02585031
4/17/2021 3:21,0.025869
4/17/2021 3:20,0.03190859
4/17/2021 3:19,1.16693748
4/17/2021 3:18,0.2125679
4/17/2021 3:17,0.01147982
4/17/2021 3:16,0.15191426
4/17/2021 3:15,0.055803401
4/17/2021 3:14,0.06269594
4/17/2021 3:13,0.01332777
4/17/2021 3:12,0.023129934
4/17/2021 3:11,0.07760126
4/17/2021 3:10,0.893184256
4/17/2021 3:09,0.074580278
4/17/2021 3:08,0.054759087
4/17/2021 3:07,0.15024501
4/17/2021 3:06,0.01591498
4/17/2021 3:05,0.20834308
4/17/2021 3:04,0.42158938
4/17/2021 3:03,0.00324447
4/17/2021 3:02,0.24437657
4/17/2021 3:01,0.1282251
4/17/2021 3:00,0.06531467
4/17/2021 2:59,1.19845892
4/17/2021 2:58,0.0512438
4/17/2021 2:57,0.08981361
4/17/2021 2:56,0.01408391
4/17/2021 2:55,1.03695689
4/17/2021 2:54,0.03453632
4/17/2021 2:53,0.030311021
4/17/2021 2:52,0.24356989
4/17/2021 2:51,0.049210303
4/17/2021 2:50,0.48670986
4/17/2021 2:49,0.16442369
4/17/2021 2:48,0.03895317
4/17/2021 2:47,0.32163442
4/17/2021 2:46,0.02699844
4/17/2021 2:45,1.555069648
4/17/2021 2:44,0.12855069
4/17/2021 2:43,0.10548337
4/17/2021 2:42,0.04549023
4/17/2021 2:41,0.11001373
4/17/2021 2:40,0.41908859
4/17/2021 2:39,0.23115326
4/17/2021 2:38,0.00894494
4/17/2021 2:37,0.24343226
4/17/2021 2:36,0.25379141
4/17/2021 2:35,4.44192092
4/17/2021 2:34,15.66729026
4/17/2021 2:33,0.01934476
4/17/2021 2:32,0.158018193
4/17/2021 2:31,0.10061365
4/17/2021 2:30,0.28834133
4/17/2021 2:29,0.109236314
4/17/2021 2:28,0.13547639
4/17/2021 2:27,0.56004038
4/17/2021 2:26,0.278863141
4/17/2021 2:25,0.18598064
4/17/2021 2:24,0.376543288
4/17/2021 2:23,0.0938445
4/17/2021 2:22,0.00647317
4/17/2021 2:21,0.0863777
4/17/2021 2:20,2.24617487
4/17/2021 2:19,0.12508672
4/17/2021 2:18,0.30959078
4/17/2021 2:17,0.68494207
4/17/2021 2:16,0.202573558
4/17/2021 2:15,0.053979783
4/17/2021 2:14,0.20233277
4/17/2021 2:13,0.20935765
4/17/2021 2:12,0.1383092
4/17/2021 2:11,0.567686032
4/17/2021 2:10,0.41284087
4/17/2021 2:09,0.22370188
4/17/2021 2:08,3.89098279
4/17/2021 2:07,2.750596594
4/17/2021 2:06,1.780859828
4/17/2021 2:05,0.50600154
4/17/2021 2:04,0.25745868
4/17/2021 2:03,8.275235007
4/17/2021 2:02,0.7746094
4/17/2021 2:01,0.03161354
4/17/2021 2:00,0.19310834
4/17/2021 1:59,0.03958117
4/17/2021 1:58,0.33517496
4/17/2021 1:57,18.15538459
4/17/2021 1:56,0.36246251
4/17/2021 1:55,0.15577685
4/17/2021 1:54,0.07700524
4/17/2021 1:53,0.0313738
4/17/2021 1:52,0.05603711
4/17/2021 1:51,0.144628007
4/17/2021 1:50,0.35116872
4/17/2021 1:49,0.3266872
4/17/2021 1:48,0.07606396
4/17/2021 1:47,3.747556647
4/17/2021 1:46,0.424834386
4/17/2021 1:45,0.31458509
4/17/2021 1:44,0.15526161
4/17/2021 1:43,0.153728905
4/17/2021 1:42,0.55465095
4/17/2021 1:41,1.16613621
4/17/2021 1:40,0.19363109
4/17/2021 1:39,0.051301565
4/17/2021 1:38,1.00951298
4/17/2021 1:37,0.0189081
4/17/2021 1:36,0.23780443
4/17/2021 1:35,3.336030389
4/17/2021 1:34,0.10727334
4/17/2021 1:33,1.36283503
4/17/2021 1:32,0.04386663
4/17/2021 1:31,1.58651792
4/17/2021 1:30,0.92555631
4/17/2021 1:29,0.043984926
4/17/2021 1:28,0.29199197
4/17/2021 1:27,1.18060695
4/17/2021 1:26,1.303992767
4/17/2021 1:25,0.202343845
4/17/2021 1:24,0.03757898
4/17/2021 1:23,0.11863414
4/17/2021 1:22,0.58593403
4/17/2021 1:21,0.06178431
4/17/2021 1:20,0.1564428
4/17/2021 1:19,0.065461
4/17/2021 1:18,0.843149262
4/17/2021 1:17,0.30571162
4/17/2021 1:16,1.040824281
4/17/2021 1:15,0.08754632
4/17/2021 1:14,0.27684477
4/17/2021 1:13,0.390854423
4/17/2021 1:12,0.21922723
4/17/2021 1:11,0.66746653
4/17/2021 1:10,0.17133964
4/17/2021 1:09,0.170182513
4/17/2021 1:08,0.24152292
4/17/2021 1:07,0.56360562
4/17/2021 1:06,0.11033236
4/17/2021 1:05,0.127490897
4/17/2021 1:04,0.20496755
4/17/2021 1:03,0.25741957
4/17/2021 1:02,0.679313234
4/17/2021 1:01,0.861759337
4/17/2021 1:00,0.06112576
4/17/2021 0:59,1.23753115
4/17/2021 0:58,1.21753671
4/17/2021 0:57,0.444563675
4/17/2021 0:56,1.38957186
4/17/2021 0:55,0.28335818
4/17/2021 0:54,0.01856351
4/17/2021 0:53,0.02834422
4/17/2021 0:52,0.35184113
4/17/2021 0:51,0.14133355
4/17/2021 0:50,0.138967651
4/17/2021 0:49,0.25247162
4/17/2021 0:48,0.2145225
4/17/2021 0:47,0.92617723
4/17/2021 0:46,1.40865692
4/17/2021 0:45,0.809335186
4/17/2021 0:44,0.73144833
4/17/2021 0:43,0.52571524
4/17/2021 0:42,20.70847148
4/17/2021 0:41,0.62446957
4/17/2021 0:40,0.88045596
4/17/2021 0:39,0.592587708
4/17/2021 0:38,0.68830344
4/17/2021 0:37,1.018326999
4/17/2021 0:36,0.629581895
4/17/2021 0:35,1.17586702
4/17/2021 0:34,1.837718896
4/17/2021 0:33,0.239922522
4/17/2021 0:32,0.55191978
4/17/2021 0:31,0.271717744
4/17/2021 0:30,1.525041356
4/17/2021 0:29,0.12165274
4/17/2021 0:28,0.23070524
4/17/2021 0:27,0.09346991
4/17/2021 0:26,1.255307935
4/17/2021 0:25,5.548937007
4/17/2021 0:24,1.9753767
4/17/2021 0:23,1.71780093
4/17/2021 0:22,3.57574716
4/17/2021 0:21,0.07076392
4/17/2021 0:20,0.623877438
4/17/2021 0:19,0.66071093
4/17/2021 0:18,0.12864383
4/17/2021 0:17,0.02240158
4/17/2021 0:16,0.03375305
4/17/2021 0:15,1.625714146
4/17/2021 0:14,0.13111705
4/17/2021 0:13,1.3556531
4/17/2021 0:12,0.084772977
4/17/2021 0:11,0.192857071
4/17/2021 0:10,2.36950564
4/17/2021 0:09,0.05414227
4/17/2021 0:08,2.13913862
4/17/2021 0:07,0.48603279
4/17/2021 0:06,1.91719584
4/17/2021 0:05,0.01075664
4/17/2021 0:04,0.13625732
4/17/2021 0:03,1.603741698
4/17/2021 0:02,0.54133674
4/17/2021 0:01,0.06105803
4/17/2021 0:00,2.382741028
4/16/2021 23:59,0.386175566
4/16/2021 23:58,0.42423878
4/16/2021 23:57,0.02544662
4/16/2021 23:56,0.10320275
4/16/2021 23:55,0.12233372
4/16/2021 23:54,0.05072122
4/16/2021 23:53,0.18825008
4/16/2021 23:52,0.11380741
4/16/2021 23:51,1.38359205
4/16/2021 23:50,0.340455305
4/16/2021 23:49,0.06126683
4/16/2021 23:48,0.7125749
4/16/2021 23:47,0.0832663
4/16/2021 23:46,0.15462552
4/16/2021 23:45,0.054884399
4/16/2021 23:44,0.27559221
4/16/2021 23:43,0.198785709
4/16/2021 23:42,0.15361366
4/16/2021 23:41,0.02391811
4/16/2021 23:40,0.41114583
4/16/2021 23:39,0.22148421
4/16/2021 23:38,0.40877812
4/16/2021 23:37,0.040779642
4/16/2021 23:36,0.18053986
4/16/2021 23:35,0.18985925
4/16/2021 23:34,0.12057832
4/16/2021 23:33,0.36302634
4/16/2021 23:32,2.251876503
4/16/2021 23:31,1.34746084
4/16/2021 23:30,0.52608768
4/16/2021 23:29,0.00973878
4/16/2021 23:28,0.02816424
4/16/2021 23:27,0.08397929
4/16/2021 23:26,0.11398207
4/16/2021 23:25,0.26660217
4/16/2021 23:24,1.25686589
4/16/2021 23:23,0.02684582
4/16/2021 23:22,0.05388384
4/16/2021 23:21,0.261695191
4/16/2021 23:20,0.05337684
4/16/2021 23:19,0.09339651
4/16/2021 23:18,0.177299056
4/16/2021 23:17,0.35586764
4/16/2021 23:16,1.550399921
4/16/2021 23:15,0.18656844
4/16/2021 23:14,0.214956497
4/16/2021 23:13,0.40453443
4/16/2021 23:12,0.0319313
4/16/2021 23:11,1.13677902
4/16/2021 23:10,1.23772388
4/16/2021 23:09,0.55417028
4/16/2021 23:08,0.69504696
4/16/2021 23:07,4.282424093
4/16/2021 23:06,3.804107703
4/16/2021 23:05,0.7566804
4/16/2021 23:04,1.30392125
4/16/2021 23:03,0.2783638
4/16/2021 23:02,0.5458021
4/16/2021 23:01,0.4774964
4/16/2021 23:00,7.99711354
4/16/2021 22:59,0.98588459
4/16/2021 22:58,0.443691414
4/16/2021 22:57,3.87273547
4/16/2021 22:56,0.239781975
4/16/2021 22:55,1.347914914
4/16/2021 22:54,0.570407708
4/16/2021 22:53,0.32850165
4/16/2021 22:52,1.08913914
4/16/2021 22:51,0.17973803
4/16/2021 22:50,0.34506386
4/16/2021 22:49,1.13311285
4/16/2021 22:48,0.889670225
4/16/2021 22:47,0.24079464
4/16/2021 22:46,0.070759861
4/16/2021 22:45,1.77874282
4/16/2021 22:44,0.27565256
4/16/2021 22:43,0.299909408
4/16/2021 22:42,0.563963128
4/16/2021 22:41,0.09704126
4/16/2021 22:40,0.1393248
4/16/2021 22:39,0.08766057
4/16/2021 22:38,0.61677661
4/16/2021 22:37,0.31975527
4/16/2021 22:36,0.24250625
4/16/2021 22:35,0.023851343
4/16/2021 22:34,0.0459568
4/16/2021 22:33,0.98288601
4/16/2021 22:32,0.06584168
4/16/2021 22:31,0.03764286
4/16/2021 22:30,0.0274174
4/16/2021 22:29,0.01073182
4/16/2021 22:28,2.19768928
4/16/2021 22:27,0.46820552
4/16/2021 22:26,0.50698421
4/16/2021 22:25,1.002513208
4/16/2021 22:24,6.42362553
4/16/2021 22:23,0.70075344
4/16/2021 22:22,0.116341347
4/16/2021 22:21,0.06140809
4/16/2021 22:20,0.279347291
4/16/2021 22:19,5.13738755
4/16/2021 22:18,0.13484055
4/16/2021 22:17,0.223961405
4/16/2021 22:16,0.16511406
4/16/2021 22:15,0.13807398
4/16/2021 22:14,0.281385
4/16/2021 22:13,0.163025752
4/16/2021 22:12,0.014018724
4/16/2021 22:11,0.09951596
4/16/2021 22:10,1.38013817
4/16/2021 22:09,0.033296
4/16/2021 22:08,0.48663013
4/16/2021 22:07,0.06838693
4/16/2021 22:06,0.54993463
4/16/2021 22:05,0.430065312
4/16/2021 22:04,0.6534091
4/16/2021 22:03,1.44088133
4/16/2021 22:02,0.293811734
4/16/2021 22:01,0.935904649
4/16/2021 22:00,1.232408648
4/16/2021 21:59,1.24025968
4/16/2021 21:58,0.06903611
4/16/2021 21:57,0.22039545
4/16/2021 21:56,0.681455573
4/16/2021 21:55,2.06772334
4/16/2021 21:54,0.640322557
4/16/2021 21:53,0.213247512
4/16/2021 21:52,0.217363284
4/16/2021 21:51,0.273746241
4/16/2021 21:50,0.04004501
4/16/2021 21:49,0.447300523
4/16/2021 21:48,1.43578305
4/16/2021 21:47,1.04705499
4/16/2021 21:46,0.34006206
4/16/2021 21:45,0.63235817
4/16/2021 21:44,0.079251812
4/16/2021 21:43,0.14633991
4/16/2021 21:42,0.36828996
4/16/2021 21:41,0.02066173
4/16/2021 21:40,0.050848873
4/16/2021 21:39,0.103116777
4/16/2021 21:38,0.17618381
4/16/2021 21:37,0.04232242
4/16/2021 21:36,0.07116844
4/16/2021 21:35,0.05484801
4/16/2021 21:34,0.43036469
4/16/2021 21:33,0.48147444
4/16/2021 21:32,0.071690741
4/16/2021 21:31,0.126740509
4/16/2021 21:30,0.32282278
4/16/2021 21:29,45.56313375
4/16/2021 21:28,0.23153589
4/16/2021 21:27,0.15587898
4/16/2021 21:26,1.198084664
4/16/2021 21:25,0.0765588
4/16/2021 21:24,0.2493102
4/16/2021 21:23,0.40214575
4/16/2021 21:22,0.205414491
4/16/2021 21:21,0.23740551
4/16/2021 21:20,1.23865266
4/16/2021 21:19,0.170771915
4/16/2021 21:18,0.20481795
4/16/2021 21:17,0.0673087
4/16/2021 21:16,1.75332912
4/16/2021 21:15,0.23543624
4/16/2021 21:14,3.35812584
4/16/2021 21:13,0.12794444
4/16/2021 21:12,0.039373646
4/16/2021 21:11,0.02314316
4/16/2021 21:10,0.04539487
4/16/2021 21:09,0.602100295
4/16/2021 21:08,0.14328719
4/16/2021 21:07,0.40592389
4/16/2021 21:06,0.05162033
4/16/2021 21:05,1.81964765
4/16/2021 21:04,0.03663047
4/16/2021 21:03,1.70832092
4/16/2021 21:02,3.42745512
4/16/2021 21:01,0.5506344
4/16/2021 21:00,0.07664943
4/16/2021 20:59,0.16144417
4/16/2021 20:58,0.03816176
4/16/2021 20:57,0.13538604
4/16/2021 20:56,1.09557515
4/16/2021 20:55,0.92961158
4/16/2021 20:54,0.22253174
4/16/2021 20:53,0.97867181
4/16/2021 20:52,0.25218779
4/16/2021 20:51,0.88602207
4/16/2021 20:50,0.533226764
4/16/2021 20:49,0.19394121
4/16/2021 20:48,0.54659388
4/16/2021 20:47,2.44360429
4/16/2021 20:46,0.10671663
4/16/2021 20:45,0.15279865
4/16/2021 20:44,0.04257243
4/16/2021 20:43,0.125546034
4/16/2021 20:42,0.58989326
4/16/2021 20:41,0.28661311
4/16/2021 20:40,0.133904654
4/16/2021 20:39,0.814416429
4/16/2021 20:38,5.10975795
4/16/2021 20:37,0.0766541
4/16/2021 20:36,0.27549896
4/16/2021 20:35,7.44738691
4/16/2021 20:34,11.12614611
4/16/2021 20:33,5.15770713
4/16/2021 20:32,5.54284107
4/16/2021 20:31,5.64355147
4/16/2021 20:30,10.35437024
4/16/2021 20:29,0.155294978
4/16/2021 20:28,0.597078823
4/16/2021 20:27,0.430336725
4/16/2021 20:26,0.0698243
4/16/2021 20:25,0.42688935
4/16/2021 20:24,0.62003555
4/16/2021 20:23,0.54058131
4/16/2021 20:22,0.05877992
4/16/2021 20:21,1.31606108
4/16/2021 20:20,0.16902693
4/16/2021 20:19,0.36462155
4/16/2021 20:18,0.34652188
4/16/2021 20:17,0.032098106
4/16/2021 20:16,2.20905052
4/16/2021 20:15,0.260284169
4/16/2021 20:14,1.134353079
4/16/2021 20:13,0.03355726
4/16/2021 20:12,0.17794892
4/16/2021 20:11,0.082536006
4/16/2021 20:10,0.42137177
4/16/2021 20:09,0.26136926
4/16/2021 20:08,0.12457543
4/16/2021 20:07,0.28290568
4/16/2021 20:06,0.25062758
4/16/2021 20:05,0.84791204
4/16/2021 20:04,0.397339281
4/16/2021 20:03,0.386758323
4/16/2021 20:02,0.572744554
4/16/2021 20:01,1.70995416
4/16/2021 20:00,3.89393222
4/16/2021 19:59,0.20403802
4/16/2021 19:58,0.2409185
4/16/2021 19:57,0.49093984
4/16/2021 19:56,0.07391217
4/16/2021 19:55,0.295800016
4/16/2021 19:54,0.238161199
4/16/2021 19:53,0.19563466
4/16/2021 19:52,0.21463418
4/16/2021 19:51,1.418083508
4/16/2021 19:50,20.15950803
4/16/2021 19:49,0.124725434
4/16/2021 19:48,0.45178486
4/16/2021 19:47,0.2001237
4/16/2021 19:46,0.206544283
4/16/2021 19:45,0.964112288
4/16/2021 19:44,0.0757589
4/16/2021 19:43,0.169716296
4/16/2021 19:42,0.28249342
4/16/2021 19:41,0.20031908
4/16/2021 19:40,0.191490629
4/16/2021 19:39,9.20550898
4/16/2021 19:38,9.222960944
4/16/2021 19:37,0.08859443
4/16/2021 19:36,0.181045771
4/16/2021 19:35,1.0501565
4/16/2021 19:34,0.15267941
4/16/2021 19:33,0.25490578
4/16/2021 19:32,0.12102842
4/16/2021 19:31,0.30258895
4/16/2021 19:30,6.29384784
4/16/2021 19:29,0.428016352
4/16/2021 19:28,2.16157652
4/16/2021 19:27,1.48857317
4/16/2021 19:26,0.75494531
4/16/2021 19:25,3.71762068
4/16/2021 19:24,0.17590885
4/16/2021 19:23,0.62578042
4/16/2021 19:22,0.17299499
4/16/2021 19:21,1.081693079
4/16/2021 19:20,0.538034716
4/16/2021 19:19,0.427321316
4/16/2021 19:18,0.32584998
4/16/2021 19:17,0.472889612
4/16/2021 19:16,1.072533323
4/16/2021 19:15,0.38878305
4/16/2021 19:14,0.04578406
4/16/2021 19:13,0.22233405
4/16/2021 19:12,0.310540446
4/16/2021 19:11,0.82151539
4/16/2021 19:10,0.05017189
4/16/2021 19:09,0.296656869
4/16/2021 19:08,1.335565845
4/16/2021 19:07,0.97698068
4/16/2021 19:06,0.03639487
4/16/2021 19:05,0.78496439
4/16/2021 19:04,0.68889843
4/16/2021 19:03,0.36059219
4/16/2021 19:02,0.985777764
4/16/2021 19:01,2.88414842
4/16/2021 19:00,1.01862327
4/16/2021 18:59,0.25883899
4/16/2021 18:58,0.44873567
4/16/2021 18:57,1.04909804
4/16/2021 18:56,1.77820331
4/16/2021 18:55,0.28330547
4/16/2021 18:54,0.258068221
4/16/2021 18:53,0.06045697
4/16/2021 18:52,0.05606157
4/16/2021 18:51,0.01726448
4/16/2021 18:50,0.72185153
4/16/2021 18:49,0.63170426
4/16/2021 18:48,0.17147079
4/16/2021 18:47,0.314802281
4/16/2021 18:46,0.15894483
4/16/2021 18:45,0.1573556
4/16/2021 18:44,0.22553636
4/16/2021 18:43,0.0485832
4/16/2021 18:42,0.079711675
4/16/2021 18:41,1.12396321
4/16/2021 18:40,0.29031581
4/16/2021 18:39,1.60809847
4/16/2021 18:38,0.07332954
4/16/2021 18:37,0.322033379
4/16/2021 18:36,0.257804569
4/16/2021 18:35,0.345830159
4/16/2021 18:34,0.07804476
4/16/2021 18:33,4.664248705
4/16/2021 18:32,0.64249946
4/16/2021 18:31,1.4722719
4/16/2021 18:30,1.602986698
4/16/2021 18:29,0.821871546
4/16/2021 18:28,0.27564001
4/16/2021 18:27,1.11024564
4/16/2021 18:26,0.48693567
4/16/2021 18:25,0.46779719
4/16/2021 18:24,1.416531781
4/16/2021 18:23,0.3918407
4/16/2021 18:22,0.1734203
4/16/2021 18:21,0.265180279
4/16/2021 18:20,0.35164596
4/16/2021 18:19,0.60148732
4/16/2021 18:18,0.59827148
4/16/2021 18:17,0.624298469
4/16/2021 18:16,0.416662204
4/16/2021 18:15,0.765007602
4/16/2021 18:14,2.71027305
4/16/2021 18:13,0.05092466
4/16/2021 18:12,0.6975514
4/16/2021 18:11,0.78872049
4/16/2021 18:10,0.18754507
4/16/2021 18:09,0.267978793
4/16/2021 18:08,0.367663243
4/16/2021 18:07,6.774006525
4/16/2021 18:06,0.5409577
4/16/2021 18:05,0.15436954
4/16/2021 18:04,0.463149635
4/16/2021 18:03,0.71677365
4/16/2021 18:02,0.21582371
4/16/2021 18:01,0.06150759
4/16/2021 18:00,4.32733627
4/16/2021 17:59,0.84107661
4/16/2021 17:58,0.0848009
4/16/2021 17:57,0.10462825
4/16/2021 17:56,0.64092941
4/16/2021 17:55,0.0789333
4/16/2021 17:54,0.52365966
4/16/2021 17:53,0.06280435
4/16/2021 17:52,0.14152954
4/16/2021 17:51,2.062922303
4/16/2021 17:50,0.10781436
4/16/2021 17:49,0.09249797
4/16/2021 17:48,0.88412487
4/16/2021 17:47,0.019354718
4/16/2021 17:46,1.298432079
4/16/2021 17:45,0.08526842
4/16/2021 17:44,0.888360728
4/16/2021 17:43,3.69340308
4/16/2021 17:42,0.115286817
4/16/2021 17:41,1.56492002
4/16/2021 17:40,0.533842561
4/16/2021 17:39,0.109626105
4/16/2021 17:38,3.2088401
4/16/2021 17:37,7.26759143
4/16/2021 17:36,0.127677616
4/16/2021 17:35,0.61752659
4/16/2021 17:34,2.190499267
4/16/2021 17:33,0.507530124
4/16/2021 17:32,0.272586646
4/16/2021 17:31,0.101316342
4/16/2021 17:30,0.319847638
4/16/2021 17:29,0.242773816
4/16/2021 17:28,0.496732565
4/16/2021 17:27,0.541747156
4/16/2021 17:26,0.37144345
4/16/2021 17:25,0.75520798
4/16/2021 17:24,0.4727161
4/16/2021 17:23,0.13168865
4/16/2021 17:22,0.1129042
4/16/2021 17:21,1.89277235
4/16/2021 17:20,0.96945591
4/16/2021 17:19,0.31411543
4/16/2021 17:18,0.4900782
4/16/2021 17:17,1.532364925
4/16/2021 17:16,0.397789667
4/16/2021 17:15,3.40031182
4/16/2021 17:14,0.26491473
4/16/2021 17:13,0.268564796
4/16/2021 17:12,1.295051533
4/16/2021 17:11,0.669882481
4/16/2021 17:10,1.315466094
4/16/2021 17:09,2.23869249
4/16/2021 17:08,6.21023856
4/16/2021 17:07,4.51530312
4/16/2021 17:06,0.56397295
4/16/2021 17:05,0.257152805
4/16/2021 17:04,0.969215516
4/16/2021 17:03,0.71336075
4/16/2021 17:02,1.093324567
4/16/2021 17:01,0.44279418
4/16/2021 17:00,0.233325736
4/16/2021 16:59,0.08333194
4/16/2021 16:58,0.4987494
4/16/2021 16:57,0.171715308
4/16/2021 16:56,1.30859943
4/16/2021 16:55,0.21651036
4/16/2021 16:54,0.21257291
4/16/2021 16:53,2.45731163
4/16/2021 16:52,0.3882876
4/16/2021 16:51,1.1197708
4/16/2021 16:50,0.04180572
4/16/2021 16:49,0.47711617
4/16/2021 16:48,2.12027515
4/16/2021 16:47,1.13422853
4/16/2021 16:46,0.696289255
4/16/2021 16:45,0.365628568
4/16/2021 16:44,0.15336403
4/16/2021 16:43,0.33693324
4/16/2021 16:42,0.25100799
4/16/2021 16:41,0.16676648
4/16/2021 16:40,1.6662291
4/16/2021 16:39,1.86108902
4/16/2021 16:38,0.55593456
4/16/2021 16:37,4.595410489
4/16/2021 16:36,1.16106089
4/16/2021 16:35,0.40630851
4/16/2021 16:34,1.99209478
4/16/2021 16:33,0.6398498
4/16/2021 16:32,1.59843871
4/16/2021 16:31,1.1688595
4/16/2021 16:30,2.12919072
4/16/2021 16:29,42.41723985
4/16/2021 16:28,9.95681304
4/16/2021 16:27,3.57687309
4/16/2021 16:26,3.973318132
4/16/2021 16:25,0.919471386
4/16/2021 16:24,2.323521726
4/16/2021 16:23,7.424921197
4/16/2021 16:22,1.279065506
4/16/2021 16:21,3.77175041
4/16/2021 16:20,8.28146942
4/16/2021 16:19,2.58717083
4/16/2021 16:18,2.505235665
4/16/2021 16:17,5.08345947
4/16/2021 16:16,1.31559096
4/16/2021 16:15,0.21884687
4/16/2021 16:14,0.360086009
4/16/2021 16:13,0.60886669
4/16/2021 16:12,13.49380254
4/16/2021 16:11,3.61955581
4/16/2021 16:10,1.611987789
4/16/2021 16:09,1.089423002
4/16/2021 16:08,0.491458585
4/16/2021 16:07,0.62427843
4/16/2021 16:06,0.154381364
4/16/2021 16:05,0.268124959
4/16/2021 16:04,1.6118945
4/16/2021 16:03,2.10617655
4/16/2021 16:02,0.81080802
4/16/2021 16:01,1.595506162
4/16/2021 16:00,2.14091434
4/16/2021 15:59,0.565276474
4/16/2021 15:58,0.769780619
4/16/2021 15:57,0.78344955
4/16/2021 15:56,3.242945729
4/16/2021 15:55,0.08543083
4/16/2021 15:54,0.03102089
4/16/2021 15:53,0.02632487
4/16/2021 15:52,0.01961763
4/16/2021 15:51,1.10340603
4/16/2021 15:50,0.421941487
4/16/2021 15:49,1.768726904
4/16/2021 15:48,0.07978425
4/16/2021 15:47,1.74192395
4/16/2021 15:46,5.95198598
4/16/2021 15:45,0.285694012
4/16/2021 15:44,0.29160806
4/16/2021 15:43,0.18928698
4/16/2021 15:42,0.59935043
4/16/2021 15:41,0.627665851
4/16/2021 15:40,0.437947474
4/16/2021 15:39,0.98731989
4/16/2021 15:38,0.751977401
4/16/2021 15:37,0.66745306
4/16/2021 15:36,2.680969068
4/16/2021 15:35,7.173638411
4/16/2021 15:34,8.39429721
4/16/2021 15:33,0.144636098
4/16/2021 15:32,0.270576679
4/16/2021 15:31,0.47432478
4/16/2021 15:30,0.212565802
4/16/2021 15:29,0.58298903
4/16/2021 15:28,0.54463747
4/16/2021 15:27,1.07961779
4/16/2021 15:26,3.407770071
4/16/2021 15:25,0.8360353
4/16/2021 15:24,1.798391757
4/16/2021 15:23,1.542324649
4/16/2021 15:22,3.373072278
4/16/2021 15:21,1.390107933
4/16/2021 15:20,0.16410226
4/16/2021 15:19,1.02809162
4/16/2021 15:18,0.09206475
4/16/2021 15:17,6.32674124
4/16/2021 15:16,4.322579128
4/16/2021 15:15,1.745560779
4/16/2021 15:14,5.631110314
4/16/2021 15:13,3.574526269
4/16/2021 15:12,0.18246673
4/16/2021 15:11,0.73113632
4/16/2021 15:10,3.15638559
4/16/2021 15:09,2.766095612
4/16/2021 15:08,2.50057376
4/16/2021 15:07,1.27371465
4/16/2021 15:06,0.86852953
4/16/2021 15:05,0.27160023
4/16/2021 15:04,7.102166603
4/16/2021 15:03,2.65974813
4/16/2021 15:02,9.99645731
4/16/2021 15:01,11.36973274
4/16/2021 15:00,7.04622626
4/16/2021 14:59,19.14526849
4/16/2021 14:58,5.31673149
4/16/2021 14:57,9.01925924
4/16/2021 14:56,7.02106922
4/16/2021 14:55,0.9371186
4/16/2021 14:54,22.6151224
4/16/2021 14:53,6.58770841
4/16/2021 14:52,8.33194771
4/16/2021 14:51,15.9918185
4/16/2021 14:50,0.273305669
4/16/2021 14:49,1.349959096
4/16/2021 14:48,0.413872204
4/16/2021 14:47,0.735971024
4/16/2021 14:46,3.25414837
4/16/2021 14:45,0.177995135
4/16/2021 14:44,0.723973478
4/16/2021 14:43,0.263454603
4/16/2021 14:42,0.36602092
4/16/2021 14:41,1.244707282
4/16/2021 14:40,2.493194188
4/16/2021 14:39,2.732789049
4/16/2021 14:38,0.34669896
4/16/2021 14:37,2.41305784
4/16/2021 14:36,0.55360943
4/16/2021 14:35,0.40515282
4/16/2021 14:34,1.126397745
4/16/2021 14:33,0.578639694
4/16/2021 14:32,1.804960759
4/16/2021 14:31,0.806888498
4/16/2021 14:30,0.474090411
4/16/2021 14:29,5.819697573
4/16/2021 14:28,13.37109954
4/16/2021 14:27,6.166360225
4/16/2021 14:26,7.992392234
4/16/2021 14:25,5.620739179
4/16/2021 14:24,19.12718678
4/16/2021 14:23,1.369997218
4/16/2021 14:22,4.3312343
4/16/2021 14:21,1.21950809
4/16/2021 14:20,0.695762724
4/16/2021 14:19,0.0676196
4/16/2021 14:18,1.338142521
4/16/2021 14:17,1.326227915
4/16/2021 14:16,0.446767432
4/16/2021 14:15,0.161621905
4/16/2021 14:14,0.111831195
4/16/2021 14:13,3.120823833
4/16/2021 14:12,3.68294265
4/16/2021 14:11,1.825946684
4/16/2021 14:10,0.20959951
4/16/2021 14:09,2.209882627
4/16/2021 14:08,1.276649617
4/16/2021 14:07,0.352793047
4/16/2021 14:06,0.600140102
4/16/2021 14:05,7.529706172
4/16/2021 14:04,0.345507029
4/16/2021 14:03,0.467041734
4/16/2021 14:02,1.506319881
4/16/2021 14:01,3.18200254
4/16/2021 14:00,0.893210115
4/16/2021 13:59,2.6315003
4/16/2021 13:58,1.498714626
4/16/2021 13:57,1.631500264
4/16/2021 13:56,0.655283894
4/16/2021 13:55,7.00712505
4/16/2021 13:54,4.93402157
4/16/2021 13:53,18.81245901
4/16/2021 13:52,2.685599424
4/16/2021 13:51,4.627295593
4/16/2021 13:50,2.02701255
4/16/2021 13:49,0.439199849
4/16/2021 13:48,3.915277014
4/16/2021 13:47,4.69633782
4/16/2021 13:46,2.38611477
4/16/2021 13:45,3.951362196
4/16/2021 13:44,0.746979443
4/16/2021 13:43,1.201539911
4/16/2021 13:42,3.334193445
4/16/2021 13:41,4.93659817
4/16/2021 13:40,14.89829588
4/16/2021 13:39,20.79276251
4/16/2021 13:38,35.10261263
4/16/2021 13:37,45.38161447
4/16/2021 13:36,5.656796456
4/16/2021 13:35,18.05209471
4/16/2021 13:34,5.933409226
4/16/2021 13:33,8.820320841
4/16/2021 13:32,3.629905596
4/16/2021 13:31,2.585267604
4/16/2021 13:30,0.42078496
4/16/2021 13:29,15.51027201
4/16/2021 13:28,4.535076122
4/16/2021 13:27,13.84875214
4/16/2021 13:26,4.161369687
4/16/2021 13:25,0.472222734
4/16/2021 13:24,1.499487241
4/16/2021 13:23,13.85965624
4/16/2021 13:22,2.64224011
4/16/2021 13:21,5.74078543
4/16/2021 13:20,10.36131836
4/16/2021 13:19,1.014426744
4/16/2021 13:18,5.953557489
4/16/2021 13:17,6.176547503
4/16/2021 13:16,3.56692479
4/16/2021 13:15,0.473731466
4/16/2021 13:14,0.143862925
4/16/2021 13:13,1.218062901
4/16/2021 13:12,5.287803187
4/16/2021 13:11,0.454133091
4/16/2021 13:10,0.896007451
4/16/2021 13:09,0.677930257
4/16/2021 13:08,0.039962904
4/16/2021 13:07,0.37144559
4/16/2021 13:06,0.349636645
4/16/2021 13:05,2.048157596
4/16/2021 13:04,0.328427532
4/16/2021 13:03,0.408685333
4/16/2021 13:02,0.61582444
4/16/2021 13:01,31.36568234
4/16/2021 13:00,13.74455964
4/16/2021 12:59,0.468314881
4/16/2021 12:58,0.58682016
4/16/2021 12:57,1.26243728
4/16/2021 12:56,3.66498443
4/16/2021 12:55,4.411043219
4/16/2021 12:54,3.619304363
4/16/2021 12:53,0.241544609
4/16/2021 12:52,0.09837817
4/16/2021 12:51,3.315813408
4/16/2021 12:50,2.169478732
4/16/2021 12:49,0.06618042
4/16/2021 12:48,0.82646089
4/16/2021 12:47,1.80020794
4/16/2021 12:46,0.16350699
4/16/2021 12:45,2.42803362
4/16/2021 12:44,1.55234739
4/16/2021 12:43,0.400831918
4/16/2021 12:42,0.21230738
4/16/2021 12:41,0.068086594
4/16/2021 12:40,0.25017293
4/16/2021 12:39,0.23129537
4/16/2021 12:38,0.23472068
4/16/2021 12:37,0.91422761
4/16/2021 12:36,3.135732697
4/16/2021 12:35,1.871384271
4/16/2021 12:34,1.248667154
4/16/2021 12:33,0.571485719
4/16/2021 12:32,0.84742555
4/16/2021 12:31,0.191289249
4/16/2021 12:30,0.786710128
4/16/2021 12:29,1.23240924
4/16/2021 12:28,1.13457219
4/16/2021 12:27,1.27513501
4/16/2021 12:26,0.236714937
4/16/2021 12:25,1.102142184
4/16/2021 12:24,0.683887324
4/16/2021 12:23,4.08375209
4/16/2021 12:22,0.20117321
4/16/2021 12:21,0.18917687
4/16/2021 12:20,0.174081158
4/16/2021 12:19,0.99506617
4/16/2021 12:18,0.055088763
4/16/2021 12:17,0.035586009
4/16/2021 12:16,3.666661057
4/16/2021 12:15,1.891022736
4/16/2021 12:14,0.138840267
4/16/2021 12:13,0.266763205
4/16/2021 12:12,0.03582262
4/16/2021 12:11,0.184723055
4/16/2021 12:10,0.18410422
4/16/2021 12:09,20.87604345
4/16/2021 12:08,0.68929951
4/16/2021 12:07,0.214054999
4/16/2021 12:06,11.91385726
4/16/2021 12:05,1.6884048
4/16/2021 12:04,0.64697608
4/16/2021 12:03,0.06641292
4/16/2021 12:02,29.74473833
4/16/2021 12:01,1.222818855
4/16/2021 12:00,1.2259009
4/16/2021 11:59,2.46561931
4/16/2021 11:58,0.444210084
4/16/2021 11:57,0.3107685
4/16/2021 11:56,0.468071458
4/16/2021 11:55,1.978630176
4/16/2021 11:54,2.906185293
4/16/2021 11:53,1.24999491
4/16/2021 11:52,0.08594947
4/16/2021 11:51,0.03768706
4/16/2021 11:50,0.06653235
4/16/2021 11:49,5.127607407
4/16/2021 11:48,0.0759473
4/16/2021 11:47,0.037723927
4/16/2021 11:46,0.470729524
4/16/2021 11:45,0.21347119
4/16/2021 11:44,0.090080443
4/16/2021 11:43,0.22857986
4/16/2021 11:42,0.104310353
4/16/2021 11:41,0.294050165
4/16/2021 11:40,1.224689493
4/16/2021 11:39,1.32789655
4/16/2021 11:38,0.237895473
4/16/2021 11:37,0.38437049
4/16/2021 11:36,0.217960375
4/16/2021 11:35,2.03314465
4/16/2021 11:34,0.370935304
4/16/2021 11:33,0.17196375
4/16/2021 11:32,0.219832125
4/16/2021 11:31,0.076750186
4/16/2021 11:30,1.285297535
4/16/2021 11:29,2.51006004
4/16/2021 11:28,1.45955303
4/16/2021 11:27,2.535231661
4/16/2021 11:26,0.35230512
4/16/2021 11:25,0.159603877
4/16/2021 11:24,0.374004898
4/16/2021 11:23,0.186077376
4/16/2021 11:22,2.77704844
4/16/2021 11:21,2.33771294
4/16/2021 11:20,4.189106347
4/16/2021 11:19,0.99154528
4/16/2021 11:18,4.45848136
4/16/2021 11:17,1.037080977
4/16/2021 11:16,0.756309691
4/16/2021 11:15,6.37982283
4/16/2021 11:14,0.02288657
4/16/2021 11:13,0.35254877
4/16/2021 11:12,0.371106
4/16/2021 11:11,0.20448852
4/16/2021 11:10,0.201331942
4/16/2021 11:09,0.139383585
4/16/2021 11:08,0.727541788
4/16/2021 11:07,0.6934324
4/16/2021 11:06,0.139522887
4/16/2021 11:05,0.616270895
4/16/2021 11:04,0.06401023
4/16/2021 11:03,0.216311497
4/16/2021 11:02,0.453284461
4/16/2021 11:01,1.92433914
4/16/2021 11:00,0.952635443
4/16/2021 10:59,27.24181884
4/16/2021 10:58,1.88005543
4/16/2021 10:57,3.318730017
4/16/2021 10:56,2.236687271
4/16/2021 10:55,1.62081664
4/16/2021 10:54,0.33454749
4/16/2021 10:53,0.410862766
4/16/2021 10:52,0.52299284
4/16/2021 10:51,0.42227385
4/16/2021 10:50,0.446864452
4/16/2021 10:49,0.31184549
4/16/2021 10:48,0.01701801
4/16/2021 10:47,0.79845433
4/16/2021 10:46,0.538495455
4/16/2021 10:45,0.05259244
4/16/2021 10:44,2.68056566
4/16/2021 10:43,4.31513266
4/16/2021 10:42,2.60208211
4/16/2021 10:41,3.17227963
4/16/2021 10:40,0.53907944
4/16/2021 10:39,1.06600223
4/16/2021 10:38,1.911147503
4/16/2021 10:37,1.62508059
4/16/2021 10:36,0.31006373
4/16/2021 10:35,2.415643576
4/16/2021 10:34,0.59456539
4/16/2021 10:33,0.71744769
4/16/2021 10:32,0.26276897
4/16/2021 10:31,0.07035067
4/16/2021 10:30,0.087192527
4/16/2021 10:29,0.01716662
4/16/2021 10:28,0.012724479
4/16/2021 10:27,0.027810371
4/16/2021 10:26,0.047208056
4/16/2021 10:25,3.14788274
4/16/2021 10:24,0.41738929
4/16/2021 10:23,0.45169079
4/16/2021 10:22,2.04048152
4/16/2021 10:21,0.723444031
4/16/2021 10:20,0.64146322
4/16/2021 10:19,3.71204745
4/16/2021 10:18,6.228690831
4/16/2021 10:17,0.41684104
4/16/2021 10:16,0.530388592
4/16/2021 10:15,0.00917967
4/16/2021 10:14,0.01524078
4/16/2021 10:13,0.07124086
4/16/2021 10:12,0.43529361
4/16/2021 10:11,0.329360344
4/16/2021 10:10,2.85603455
4/16/2021 10:09,0.61030197
4/16/2021 10:08,0.0783292
4/16/2021 10:07,0.9191971
4/16/2021 10:06,0.090312204
4/16/2021 10:05,0.40156954
4/16/2021 10:04,2.61231214
4/16/2021 10:03,7.627530135
4/16/2021 10:02,1.013367075
4/16/2021 10:01,0.429244873
4/16/2021 10:00,0.72209938
4/16/2021 9:59,0.03490984
4/16/2021 9:58,0.34362882
4/16/2021 9:57,0.00488994
4/16/2021 9:56,0.125133553
4/16/2021 9:55,0.067053551
4/16/2021 9:54,0.174365563
4/16/2021 9:53,0.108578041
4/16/2021 9:52,0.02902459
4/16/2021 9:51,1.13069925
4/16/2021 9:50,0.412120406
4/16/2021 9:49,0.062545046
4/16/2021 9:48,0.05810475
4/16/2021 9:47,0.01610051
4/16/2021 9:46,0.04952413
4/16/2021 9:45,0.20699432
4/16/2021 9:44,0.129224682
4/16/2021 9:43,0.24561128
4/16/2021 9:42,0.322850846
4/16/2021 9:41,0.81069596
4/16/2021 9:40,0.1365591
4/16/2021 9:39,0.772046932
4/16/2021 9:38,0.035625998
4/16/2021 9:37,0.21477403
4/16/2021 9:36,1.12411611
4/16/2021 9:35,6.266913361
4/16/2021 9:34,0.04294944
4/16/2021 9:33,0.139958643
4/16/2021 9:32,0.8014188
4/16/2021 9:31,0.02084643
4/16/2021 9:30,0.11949887
4/16/2021 9:29,0.956466281
4/16/2021 9:28,6.106420108
4/16/2021 9:27,0.30675274
4/16/2021 9:26,1.49560225
4/16/2021 9:25,0.00464692
4/16/2021 9:24,0.00880978
4/16/2021 9:23,0.387062341
4/16/2021 9:22,1.199084078
4/16/2021 9:21,0.065947877
4/16/2021 9:20,0.01444841
4/16/2021 9:19,0.225199414
4/16/2021 9:18,0.054377583
4/16/2021 9:17,0.134790334
4/16/2021 9:16,1.484388746
4/16/2021 9:15,0.786398142
4/16/2021 9:14,0.09981219
4/16/2021 9:13,0.17520083
4/16/2021 9:12,3.84381829
4/16/2021 9:11,0.399704703
4/16/2021 9:10,8.229134667
4/16/2021 9:09,29.98879065
4/16/2021 9:08,0.04760442
4/16/2021 9:07,2.34228424
4/16/2021 9:06,0.52934244
4/16/2021 9:05,0.04964715
4/16/2021 9:04,0.03280136
4/16/2021 9:03,0.38638176
4/16/2021 9:02,0.09087916
4/16/2021 9:01,0.10911889
4/16/2021 9:00,0.6011447
4/16/2021 8:59,0.00352236
4/16/2021 8:58,0.00414049
4/16/2021 8:57,0.001067294
4/16/2021 8:56,7.00E-05
4/16/2021 8:55,0.09599893
4/16/2021 8:54,0.20487444
4/16/2021 8:53,2.031066332
4/16/2021 8:52,0.02581871
4/16/2021 8:51,0.1482852
4/16/2021 8:50,0.00967159
4/16/2021 8:49,0.05471477
4/16/2021 8:48,0.01544487
4/16/2021 8:47,0.00786649
4/16/2021 8:46,0.02638038
4/16/2021 8:45,0.00156834
4/16/2021 8:44,0.1665584
4/16/2021 8:43,0.01596324
4/16/2021 8:42,0.234380732
4/16/2021 8:41,0.09936399
4/16/2021 8:40,0.01606593
4/16/2021 8:39,0.45703461
4/16/2021 8:38,0.01046428
4/16/2021 8:37,0.619314408
4/16/2021 8:36,0.81266992
4/16/2021 8:35,0.77312138
4/16/2021 8:34,2.18967933
4/16/2021 8:33,0.26596218
4/16/2021 8:32,1.62836378
4/16/2021 8:31,0.00613618
4/16/2021 8:30,0.29300781
4/16/2021 8:29,0.02693756
4/16/2021 8:28,0.2924713
4/16/2021 8:27,0.09540678
4/16/2021 8:26,0.00101023
4/16/2021 8:25,0.10204756
4/16/2021 8:24,0.48824304
4/16/2021 8:23,0.941485753
4/16/2021 8:22,0.198001569
4/16/2021 8:21,0.00992645
4/16/2021 8:20,0.1485473
4/16/2021 8:19,0.02286587
4/16/2021 8:18,0.0362807
4/16/2021 8:17,0.351952647
4/16/2021 8:16,0.04241814
4/16/2021 8:15,0.33710496
4/16/2021 8:14,1.00718729
4/16/2021 8:13,0.13633543
4/16/2021 8:12,0.00614278
4/16/2021 8:11,0.007308062
4/16/2021 8:10,0.02046681
4/16/2021 8:09,0.47696992
4/16/2021 8:08,0.03344108
4/16/2021 8:07,0.009258433
4/16/2021 8:06,0.11913245
4/16/2021 8:05,0.15835781
4/16/2021 8:04,1.75330471
4/16/2021 8:03,0.49697981
4/16/2021 8:02,2.66239962
4/16/2021 8:01,0.18694134
4/16/2021 8:00,2.98529833
4/16/2021 7:59,1.32170194
4/16/2021 7:58,3.90774213
4/16/2021 7:57,0.62389191
4/16/2021 7:56,1.28563491
4/16/2021 7:55,0.29022354
4/16/2021 7:54,0.42725124
4/16/2021 7:53,0.20203637
4/16/2021 7:52,0.23018756
4/16/2021 7:51,0.04242745
4/16/2021 7:50,0.8282448
4/16/2021 7:49,0.31466855
4/16/2021 7:48,0.6587604
4/16/2021 7:47,0.30426392
4/16/2021 7:46,0.00696309
4/16/2021 7:45,0.02945883
4/16/2021 7:44,0.01403314
4/16/2021 7:43,0.0020758
4/16/2021 7:42,0.193587077
4/16/2021 7:41,0.00623211
4/16/2021 7:40,0.00460375
4/16/2021 7:39,0.77259224
4/16/2021 7:38,0.01547096
4/16/2021 7:37,0.00529609
4/16/2021 7:36,0.09363278
4/16/2021 7:35,0.00484173
4/16/2021 7:34,0.06146017
4/16/2021 7:33,0.07447342
4/16/2021 7:32,0.02191642
4/16/2021 7:31,0.175482547
4/16/2021 7:30,0.049640116
4/16/2021 7:29,0.04418661
4/16/2021 7:28,2.07981392
4/16/2021 7:27,0.067991895
4/16/2021 7:26,0.022294441
4/16/2021 7:25,0.22057983
4/16/2021 7:24,0.00916664
4/16/2021 7:23,0.96179966
4/16/2021 7:22,0.03212963
4/16/2021 7:21,0.52794964
4/16/2021 7:20,0.620742218
4/16/2021 7:19,0.627202387
4/16/2021 7:18,0.37006042
4/16/2021 7:17,0.203746139
4/16/2021 7:16,17.01371473
4/16/2021 7:15,0.55767383
4/16/2021 7:14,0.02772948
4/16/2021 7:13,0.02936692
4/16/2021 7:12,0.16115568
4/16/2021 7:11,0.02851447
4/16/2021 7:10,0.2299314
4/16/2021 7:09,0.14534616
4/16/2021 7:08,0.09241289
4/16/2021 7:07,0.35831392
4/16/2021 7:06,1.224017589
4/16/2021 7:05,0.2046791
4/16/2021 7:04,0.10151637
4/16/2021 7:03,0.027178275
4/16/2021 7:02,1.3276081
4/16/2021 7:01,0.016740261
4/16/2021 7:00,0.03275411
4/16/2021 6:59,0.01848543
4/16/2021 6:58,0.30284551
4/16/2021 6:57,0.05219603
4/16/2021 6:56,0.04621595
4/16/2021 6:55,1.333524355
4/16/2021 6:54,0.00158487
4/16/2021 6:53,0.00463022
4/16/2021 6:52,0.0349351
4/16/2021 6:51,0.01469055
4/16/2021 6:50,0.578164955
4/16/2021 6:49,0.00077968
4/16/2021 6:48,0.01759776
4/16/2021 6:47,0.02085019
4/16/2021 6:46,0.511267411
4/16/2021 6:45,2.534429419
4/16/2021 6:44,0.737837726
4/16/2021 6:43,0.00152575
4/16/2021 6:42,0.00058494
4/16/2021 6:41,0.00975776
4/16/2021 6:40,0.893151901
4/16/2021 6:39,0.023678759
4/16/2021 6:38,0.30405296
4/16/2021 6:37,0.20562828
4/16/2021 6:36,0.19525467
4/16/2021 6:35,0.322570773
4/16/2021 6:34,3.412798783
4/16/2021 6:33,0.070217515
4/16/2021 6:32,0.383675551
4/16/2021 6:31,0.07791222
4/16/2021 6:30,0.34338397
4/16/2021 6:29,0.105611704
4/16/2021 6:28,5.448597826
4/16/2021 6:27,1.265882979
4/16/2021 6:26,1.21796
4/16/2021 6:25,0.089905618
4/16/2021 6:24,0.05122247
4/16/2021 6:23,0.25815447
4/16/2021 6:22,0.151713325
4/16/2021 6:21,0.017848354
4/16/2021 6:20,0.291500098
4/16/2021 6:19,0.163326422
4/16/2021 6:18,0.009811975
4/16/2021 6:17,0.56691842
4/16/2021 6:16,0.828919414
4/16/2021 6:15,0.181461252
4/16/2021 6:14,0.724479918
4/16/2021 6:13,0.12534189
4/16/2021 6:12,0.45225141
4/16/2021 6:11,0.11718856
4/16/2021 6:10,1.14640186
4/16/2021 6:09,0.307793933
4/16/2021 6:08,0.47023763
4/16/2021 6:07,0.813956839
4/16/2021 6:06,3.743689236
4/16/2021 6:05,16.10592904
4/16/2021 6:04,4.34818269
4/16/2021 6:03,21.17160523
4/16/2021 6:02,22.00894103
4/16/2021 6:01,0.012204785
4/16/2021 6:00,0.15067206
4/16/2021 5:59,0.2856572
4/16/2021 5:58,0.07898988
4/16/2021 5:57,0.2713128
4/16/2021 5:56,0.226651521
4/16/2021 5:55,0.30645918
4/16/2021 5:54,0.05223923
4/16/2021 5:53,1.2008269
4/16/2021 5:52,0.108091359
4/16/2021 5:51,0.24638197
4/16/2021 5:50,0.84738541
4/16/2021 5:49,0.01835376
4/16/2021 5:48,0.146122048
4/16/2021 5:47,0.08419688
4/16/2021 5:46,0.54780183
4/16/2021 5:45,0.624837265
4/16/2021 5:44,0.08342341
4/16/2021 5:43,1.40870995
4/16/2021 5:42,0.3022859
4/16/2021 5:41,1.241984644
4/16/2021 5:40,0.02895944
4/16/2021 5:39,1.25389559
4/16/2021 5:38,0.543033393
4/16/2021 5:37,0.707340261
4/16/2021 5:36,1.08640174
4/16/2021 5:35,0.246464135
4/16/2021 5:34,32.62227057
4/16/2021 5:33,19.29863178
4/16/2021 5:32,0.45981047
4/16/2021 5:31,1.087054533
4/16/2021 5:30,0.76409589
4/16/2021 5:29,0.18620851
4/16/2021 5:28,0.02619569
4/16/2021 5:27,0.337459294
4/16/2021 5:26,0.03138031
4/16/2021 5:25,0.17017382
4/16/2021 5:24,0.06199282
4/16/2021 5:23,0.13575661
4/16/2021 5:22,0.679145623
4/16/2021 5:21,0.44484512
4/16/2021 5:20,0.06262992
4/16/2021 5:19,2.495331429
4/16/2021 5:18,1.10767972
4/16/2021 5:17,0.87071021
4/16/2021 5:16,2.043820247
4/16/2021 5:15,0.15499839
4/16/2021 5:14,1.282001518
4/16/2021 5:13,16.6532188
4/16/2021 5:12,0.13663092
4/16/2021 5:11,0.369212032
4/16/2021 5:10,0.721032366
4/16/2021 5:09,1.78511262
4/16/2021 5:08,0.648875647
4/16/2021 5:07,0.74068467
4/16/2021 5:06,3.46519654
4/16/2021 5:05,8.117680657
4/16/2021 5:04,1.24764838
4/16/2021 5:03,4.645215781
4/16/2021 5:02,2.66366038
4/16/2021 5:01,7.5732286
4/16/2021 5:00,7.260921108
4/16/2021 4:59,6.67185379
4/16/2021 4:58,6.57944017
4/16/2021 4:57,7.928807077
4/16/2021 4:56,0.55828401
4/16/2021 4:55,0.19915138
4/16/2021 4:54,0.04030669
4/16/2021 4:53,0.48135446
4/16/2021 4:52,1.77817795
4/16/2021 4:51,0.46736778
4/16/2021 4:50,0.49668261
4/16/2021 4:49,1.153925883
4/16/2021 4:48,0.320884908
4/16/2021 4:47,0.183368998
4/16/2021 4:46,0.05838905
4/16/2021 4:45,1.752316472
4/16/2021 4:44,3.25331316
4/16/2021 4:43,0.137755892
4/16/2021 4:42,1.26865373
4/16/2021 4:41,0.924928432
4/16/2021 4:40,1.661279075
4/16/2021 4:39,4.890466563
4/16/2021 4:38,2.201233225
4/16/2021 4:37,19.32337425
4/16/2021 4:36,1.680670824
4/16/2021 4:35,13.20843885
4/16/2021 4:34,80.3290889
4/16/2021 4:33,0.53619022
4/16/2021 4:32,0.33358425
4/16/2021 4:31,1.67374064
4/16/2021 4:30,0.08977758
4/16/2021 4:29,0.10583763
4/16/2021 4:28,0.6195131
4/16/2021 4:27,1.96762787
4/16/2021 4:26,0.031000371
4/16/2021 4:25,0.05459789
4/16/2021 4:24,0.079024034
4/16/2021 4:23,0.321317954
4/16/2021 4:22,0.0417387
4/16/2021 4:21,0.081730761
4/16/2021 4:20,0.03856434
4/16/2021 4:19,0.03576302
4/16/2021 4:18,0.034329746
4/16/2021 4:17,0.063825192
4/16/2021 4:16,0.05825215
4/16/2021 4:15,0.341169579
4/16/2021 4:14,0.42606758
4/16/2021 4:13,0.320428597
4/16/2021 4:12,0.11086654
4/16/2021 4:11,0.105718033
4/16/2021 4:10,1.3456781
4/16/2021 4:09,1.19941099
4/16/2021 4:08,3.65686934
4/16/2021 4:07,1.549822657
4/16/2021 4:06,0.30652133
4/16/2021 4:05,1.548579356
4/16/2021 4:04,0.21376952
4/16/2021 4:03,0.35722199
4/16/2021 4:02,0.25276393
4/16/2021 4:01,0.43856145
4/16/2021 4:00,1.33974121
4/16/2021 3:59,0.156662041
4/16/2021 3:58,0.01117238
4/16/2021 3:57,0.03825777
4/16/2021 3:56,3.37447356
4/16/2021 3:55,0.07338206
4/16/2021 3:54,1.34311096
4/16/2021 3:53,0.12598446
4/16/2021 3:52,0.11401703
4/16/2021 3:51,3.583080417
4/16/2021 3:50,0.03928764
4/16/2021 3:49,0.0601584
4/16/2021 3:48,0.51981215
4/16/2021 3:47,0.810607914
4/16/2021 3:46,0.0257169
4/16/2021 3:45,0.04938907
4/16/2021 3:44,1.024300142
4/16/2021 3:43,1.31415004
4/16/2021 3:42,0.127330359
4/16/2021 3:41,0.21511979
4/16/2021 3:40,0.04825325
4/16/2021 3:39,0.02397957
4/16/2021 3:38,0.952901783
4/16/2021 3:37,0.08045701
4/16/2021 3:36,0.43087175
4/16/2021 3:35,0.8355394
4/16/2021 3:34,0.40196198
4/16/2021 3:33,0.0216815
4/16/2021 3:32,0.14278051
4/16/2021 3:31,0.986830112
4/16/2021 3:30,1.264990495
4/16/2021 3:29,0.07674271
4/16/2021 3:28,0.48208638
4/16/2021 3:27,1.33220897
4/16/2021 3:26,0.07486378
4/16/2021 3:25,0.037519154
4/16/2021 3:24,0.60238052
4/16/2021 3:23,0.35240226
4/16/2021 3:22,3.246107474
4/16/2021 3:21,0.17790384
4/16/2021 3:20,2.59146069
4/16/2021 3:19,0.09520126
4/16/2021 3:18,2.6181391
4/16/2021 3:17,0.25935456
4/16/2021 3:16,2.03822353
4/16/2021 3:15,0.83109673
4/16/2021 3:14,0.2122042
4/16/2021 3:13,0.384330052
4/16/2021 3:12,5.90439652
4/16/2021 3:11,2.22433397
4/16/2021 3:10,0.072277607
4/16/2021 3:09,1.80007718
4/16/2021 3:08,2.65841742
4/16/2021 3:07,1.08065124
4/16/2021 3:06,0.557645037
4/16/2021 3:05,0.93997333
4/16/2021 3:04,0.381265211
4/16/2021 3:03,1.750645009
4/16/2021 3:02,0.71262097
4/16/2021 3:01,0.18468317
4/16/2021 3:00,0.35769742
4/16/2021 2:59,0.202539624
4/16/2021 2:58,20.56661337
4/16/2021 2:57,8.86525408
4/16/2021 2:56,4.99251554
4/16/2021 2:55,6.08100211
4/16/2021 2:54,2.87529264
4/16/2021 2:53,1.702216294
4/16/2021 2:52,5.050251042
4/16/2021 2:51,2.565652829
4/16/2021 2:50,3.806429835
4/16/2021 2:49,13.25922756
4/16/2021 2:48,7.02990486
4/16/2021 2:47,2.31866999
4/16/2021 2:46,3.316662546
4/16/2021 2:45,2.593498007
4/16/2021 2:44,1.56150471
4/16/2021 2:43,3.99175121
4/16/2021 2:42,1.975005879
4/16/2021 2:41,3.69223304
4/16/2021 2:40,5.12278823
4/16/2021 2:39,3.80945577
4/16/2021 2:38,5.54745041
4/16/2021 2:37,5.54476304
4/16/2021 2:36,13.26346887
4/16/2021 2:35,10.94528125
4/16/2021 2:34,8.04646014
4/16/2021 2:33,1.53604292
4/16/2021 2:32,1.583265264
4/16/2021 2:31,1.182462944
4/16/2021 2:30,1.63197357
4/16/2021 2:29,2.70148369
4/16/2021 2:28,5.03935074
4/16/2021 2:27,4.166830584
4/16/2021 2:26,2.13865117
4/16/2021 2:25,1.80672732
4/16/2021 2:24,1.546484992
4/16/2021 2:23,1.79180177
4/16/2021 2:22,1.96186299
4/16/2021 2:21,1.32023564
4/16/2021 2:20,1.70344411
4/16/2021 2:19,1.20001956
4/16/2021 2:18,4.81435446
4/16/2021 2:17,6.868768784
4/16/2021 2:16,0.03162557
4/16/2021 2:15,0.13777199
4/16/2021 2:14,1.66579493
4/16/2021 2:13,2.53867249
4/16/2021 2:12,2.480261254
4/16/2021 2:11,0.18149713
4/16/2021 2:10,6.60873549
4/16/2021 2:09,1.61753322
4/16/2021 2:08,0.4428255
4/16/2021 2:07,0.41193319
4/16/2021 2:06,1.61548634
4/16/2021 2:05,1.21663404
4/16/2021 2:04,1.79202969
4/16/2021 2:03,1.18468836
4/16/2021 2:02,1.11773324
4/16/2021 2:01,0.34419684
4/16/2021 2:00,0.01287134
4/16/2021 1:59,1.282140851
4/16/2021 1:58,0.747962064
4/16/2021 1:57,0.53006733
4/16/2021 1:56,0.9816634
4/16/2021 1:55,1.369408673
4/16/2021 1:54,1.79135397
4/16/2021 1:53,1.1725903
4/16/2021 1:52,0.677469005
4/16/2021 1:51,3.111011408
4/16/2021 1:50,1.764741513
4/16/2021 1:49,1.691574911
4/16/2021 1:48,0.774698411
4/16/2021 1:47,3.83624021
4/16/2021 1:46,1.54367729
4/16/2021 1:45,1.678618875
4/16/2021 1:44,1.18922679
4/16/2021 1:43,1.84867568
4/16/2021 1:42,0.947325987
4/16/2021 1:41,0.56537491
4/16/2021 1:40,0.11932525
4/16/2021 1:39,1.03102449
4/16/2021 1:38,1.95255302
4/16/2021 1:37,0.6430107
4/16/2021 1:36,2.86415585
4/16/2021 1:35,0.20331171
4/16/2021 1:34,1.02200297
4/16/2021 1:33,0.38064117
4/16/2021 1:32,0.04149919
4/16/2021 1:31,0.25394367
4/16/2021 1:30,0.48125172
4/16/2021 1:29,0.75213881
4/16/2021 1:28,1.09252176
4/16/2021 1:27,0.0455157
4/16/2021 1:26,0.649514912
4/16/2021 1:25,0.369652727
4/16/2021 1:24,0.52115758
4/16/2021 1:23,0.47843991
4/16/2021 1:22,3.522629594
4/16/2021 1:21,13.69006537
4/16/2021 1:20,10.10716513
4/16/2021 1:19,1.50833434
4/16/2021 1:18,0.53635576
4/16/2021 1:17,0.458896588
4/16/2021 1:16,0.16941584
4/16/2021 1:15,0.274248427
4/16/2021 1:14,3.112758187
4/16/2021 1:13,0.692115397
4/16/2021 1:12,0.379822
4/16/2021 1:11,0.17295522
4/16/2021 1:10,0.17694258
4/16/2021 1:09,2.22820019
4/16/2021 1:08,2.59873856
4/16/2021 1:07,0.46987701
4/16/2021 1:06,0.70379902
4/16/2021 1:05,2.6192779
4/16/2021 1:04,0.17446877
4/16/2021 1:03,0.52827143
4/16/2021 1:02,1.63274907
4/16/2021 1:01,1.85499496
4/16/2021 1:00,2.86139538
4/16/2021 0:59,1.12599598
4/16/2021 0:58,1.13480302
4/16/2021 0:57,4.29948807
4/16/2021 0:56,1.53572057
4/16/2021 0:55,0.95791271
4/16/2021 0:54,2.75566338
4/16/2021 0:53,0.62135223
4/16/2021 0:52,0.330679781
4/16/2021 0:51,0.43930257
4/16/2021 0:50,0.00112339
4/16/2021 0:49,0.65644816
4/16/2021 0:48,2.96629202
4/16/2021 0:47,0.20888274
4/16/2021 0:46,5.71976852
4/16/2021 0:45,0.044632393
4/16/2021 0:44,2.50799241
4/16/2021 0:43,0.09787776
4/16/2021 0:42,0.11806064
4/16/2021 0:41,0.59749722
4/16/2021 0:40,0.10727898
4/16/2021 0:39,0.11305324
4/16/2021 0:38,2.31103159
4/16/2021 0:37,2.1099118
4/16/2021 0:36,10.95114815
4/16/2021 0:35,1.66630139
4/16/2021 0:34,0.46823371
4/16/2021 0:33,2.42348583
4/16/2021 0:32,0.69141642
4/16/2021 0:31,0.69357225
4/16/2021 0:30,0.29940935
4/16/2021 0:29,4.18738419
4/16/2021 0:28,0.39950028
4/16/2021 0:27,0.092473624
4/16/2021 0:26,3.78506871
4/16/2021 0:25,0.178363058
4/16/2021 0:24,0.369080744
4/16/2021 0:23,1.43685012
4/16/2021 0:22,1.05097205
4/16/2021 0:21,0.30672883
4/16/2021 0:20,4.56476797
4/16/2021 0:19,0.44453585
4/16/2021 0:18,3.03623796
4/16/2021 0:17,0.06881837
4/16/2021 0:16,1.996429342
4/16/2021 0:15,1.16086305
4/16/2021 0:14,8.270368823
4/16/2021 0:13,0.085695613
4/16/2021 0:12,2.46933509
4/16/2021 0:11,0.44073481
4/16/2021 0:10,0.192832784
4/16/2021 0:09,0.09545324
4/16/2021 0:08,0.2166594
4/16/2021 0:07,0.04025157
4/16/2021 0:06,0.11360082
4/16/2021 0:05,0.03538453
4/16/2021 0:04,0.899976895
4/16/2021 0:03,0.05867845
4/16/2021 0:02,4.175691885
4/16/2021 0:01,4.508940709
4/16/2021 0:00,4.182127999
4/15/2021 23:59,4.079621811
4/15/2021 23:58,0.14128489
4/15/2021 23:57,0.83959554
4/15/2021 23:56,0.36866827
4/15/2021 23:55,0.70662483
4/15/2021 23:54,1.04696212
4/15/2021 23:53,0.081534166
4/15/2021 23:52,0.66732611
4/15/2021 23:51,0.98191378
4/15/2021 23:50,0.36699744
4/15/2021 23:49,0.222800196
4/15/2021 23:48,1.61733839
4/15/2021 23:47,1.84468061
4/15/2021 23:46,0.136357522
4/15/2021 23:45,2.12701446
4/15/2021 23:44,0.30003187
4/15/2021 23:43,0.045554783
4/15/2021 23:42,0.81926481
4/15/2021 23:41,0.46674527
4/15/2021 23:40,0.19275411
4/15/2021 23:39,0.54113464
4/15/2021 23:38,1.39321877
4/15/2021 23:37,1.419203451
4/15/2021 23:36,0.18684125
4/15/2021 23:35,1.838157152
4/15/2021 23:34,9.60383748
4/15/2021 23:33,0.08738138
4/15/2021 23:32,1.139517007
4/15/2021 23:31,0.52931818
4/15/2021 23:30,4.0441581
4/15/2021 23:29,0.00252577
4/15/2021 23:28,0.03100966
4/15/2021 23:27,0.04633175
4/15/2021 23:26,0.00686365
4/15/2021 23:25,0.23590593
4/15/2021 23:24,0.01567511
4/15/2021 23:23,0.182310288
4/15/2021 23:22,0.7494976
4/15/2021 23:21,1.04519138
4/15/2021 23:20,0.91054967
4/15/2021 23:19,0.16976079
4/15/2021 23:18,0.341096561
4/15/2021 23:17,3.016259117
4/15/2021 23:16,1.34594786
4/15/2021 23:15,4.126754635
4/15/2021 23:14,3.59487909
4/15/2021 23:13,1.61866494
4/15/2021 23:12,0.10617451
4/15/2021 23:11,0.03103295
4/15/2021 23:10,0.20324199
4/15/2021 23:09,0.11774312
4/15/2021 23:08,0.857380268
4/15/2021 23:07,1.339440238
4/15/2021 23:06,5.19658033
4/15/2021 23:05,0.01694273
4/15/2021 23:04,0.182483858
4/15/2021 23:03,0.62782224
4/15/2021 23:02,1.22778185
4/15/2021 23:01,0.42510904
4/15/2021 23:00,0.168689288
4/15/2021 22:59,0.16762214
4/15/2021 22:58,0.49322311
4/15/2021 22:57,0.090476632
4/15/2021 22:56,0.10577854
4/15/2021 22:55,0.048480858
4/15/2021 22:54,0.03874822
4/15/2021 22:53,1.596723639
4/15/2021 22:52,0.48981015
4/15/2021 22:51,0.119371675
4/15/2021 22:50,0.06648791
4/15/2021 22:49,0.17641519
4/15/2021 22:48,0.10232497
4/15/2021 22:47,0.39573618
4/15/2021 22:46,0.34296949
4/15/2021 22:45,0.493585304
4/15/2021 22:44,1.76225215
4/15/2021 22:43,2.65366915
4/15/2021 22:42,0.58319257
4/15/2021 22:41,0.180878843
4/15/2021 22:40,0.37506896
4/15/2021 22:39,0.09800447
4/15/2021 22:38,0.1004658
4/15/2021 22:37,0.08247355
4/15/2021 22:36,1.3516527
4/15/2021 22:35,0.24488121
4/15/2021 22:34,1.321259097
4/15/2021 22:33,2.40573415
4/15/2021 22:32,1.85618483
4/15/2021 22:31,0.72007814
4/15/2021 22:30,0.38092102
4/15/2021 22:29,0.34264141
4/15/2021 22:28,0.42635465
4/15/2021 22:27,0.828603798
4/15/2021 22:26,1.06493442
4/15/2021 22:25,0.31418822
4/15/2021 22:24,0.10358605
4/15/2021 22:23,0.073213056
4/15/2021 22:22,0.33009655
4/15/2021 22:21,0.52140425
4/15/2021 22:20,0.457068468
4/15/2021 22:19,0.23126244
4/15/2021 22:18,0.26030705
4/15/2021 22:17,0.19595506
4/15/2021 22:16,0.279666808
4/15/2021 22:15,0.609638248
4/15/2021 22:14,0.98786549
4/15/2021 22:13,1.302571817
4/15/2021 22:12,3.96010482
4/15/2021 22:11,0.02928925
4/15/2021 22:10,0.44911837
4/15/2021 22:09,0.04303525
4/15/2021 22:08,0.125297973
4/15/2021 22:07,0.07775572
4/15/2021 22:06,0.207246619
4/15/2021 22:05,0.05887013
4/15/2021 22:04,0.549611388
4/15/2021 22:03,0.01491965
4/15/2021 22:02,0.042916542
4/15/2021 22:01,0.51807349
4/15/2021 22:00,0.301670973
4/15/2021 21:59,0.140210494
4/15/2021 21:58,0.118956597
4/15/2021 21:57,0.037166588
4/15/2021 21:56,0.11444906
4/15/2021 21:55,0.29555148
4/15/2021 21:54,0.95782479
4/15/2021 21:53,0.29742393
4/15/2021 21:52,0.24874867
4/15/2021 21:51,0.09949465
4/15/2021 21:50,0.19353181
4/15/2021 21:49,0.130286024
4/15/2021 21:48,0.11389858
4/15/2021 21:47,0.16394076
4/15/2021 21:46,0.16804162
4/15/2021 21:45,1.191861936
4/15/2021 21:44,0.49032173
4/15/2021 21:43,0.12724204
4/15/2021 21:42,1.573169308
4/15/2021 21:41,0.198235351
4/15/2021 21:40,0.0363592
4/15/2021 21:39,0.38760604
4/15/2021 21:38,0.074387933
4/15/2021 21:37,0.12529733
4/15/2021 21:36,0.11957371
4/15/2021 21:35,2.43527111
4/15/2021 21:34,0.154439948
4/15/2021 21:33,0.66561003
4/15/2021 21:32,0.085793206
4/15/2021 21:31,0.752359644
4/15/2021 21:30,0.385470289
4/15/2021 21:29,0.19657402
4/15/2021 21:28,0.48389362
4/15/2021 21:27,0.33386621
4/15/2021 21:26,0.26609052
4/15/2021 21:25,0.166531346
4/15/2021 21:24,0.30973607
4/15/2021 21:23,0.437854186
4/15/2021 21:22,0.1806844
4/15/2021 21:21,0.20866584
4/15/2021 21:20,0.71001198
4/15/2021 21:19,0.13777296
4/15/2021 21:18,2.594477522
4/15/2021 21:17,1.71802828
4/15/2021 21:16,1.65402645
4/15/2021 21:15,0.69593136
4/15/2021 21:14,0.691119888
4/15/2021 21:13,0.536615769
4/15/2021 21:12,1.243852251
4/15/2021 21:11,0.20635266
4/15/2021 21:10,0.706023796
4/15/2021 21:09,0.27878153
4/15/2021 21:08,0.14082501
4/15/2021 21:07,0.396197381
4/15/2021 21:06,0.12438426
4/15/2021 21:05,0.070032949
4/15/2021 21:04,0.586098895
4/15/2021 21:03,3.862592464
4/15/2021 21:02,1.076732319
4/15/2021 21:01,0.13349828
4/15/2021 21:00,0.27241209
4/15/2021 20:59,0.32885468
4/15/2021 20:58,0.241170973
4/15/2021 20:57,0.486872014
4/15/2021 20:56,0.09073368
4/15/2021 20:55,0.38395614
4/15/2021 20:54,0.17593602
4/15/2021 20:53,0.04058454
4/15/2021 20:52,0.088359416
4/15/2021 20:51,0.03739153
4/15/2021 20:50,0.291592682
4/15/2021 20:49,0.274508902
4/15/2021 20:48,0.161051131
4/15/2021 20:47,0.36563854
4/15/2021 20:46,0.359818859
4/15/2021 20:45,0.3039656
4/15/2021 20:44,0.078473687
4/15/2021 20:43,0.553032293
4/15/2021 20:42,1.22174198
4/15/2021 20:41,0.06589084
4/15/2021 20:40,1.207694462
4/15/2021 20:39,0.045322711
4/15/2021 20:38,0.773287468
4/15/2021 20:37,0.07159289
4/15/2021 20:36,0.14535689
4/15/2021 20:35,0.189064072
4/15/2021 20:34,0.06526894
4/15/2021 20:33,0.08487721
4/15/2021 20:32,0.366613032
4/15/2021 20:31,0.26191412
4/15/2021 20:30,0.11771518
4/15/2021 20:29,0.53773038
4/15/2021 20:28,1.02949208
4/15/2021 20:27,0.159800314
4/15/2021 20:26,0.76525914
4/15/2021 20:25,1.19107473
4/15/2021 20:24,0.3028232
4/15/2021 20:23,0.289356
4/15/2021 20:22,1.262125377
4/15/2021 20:21,2.15265147
4/15/2021 20:20,1.61302912
4/15/2021 20:19,1.34495354
4/15/2021 20:18,0.32090192
4/15/2021 20:17,0.932871981
4/15/2021 20:16,0.997373261
4/15/2021 20:15,20.62484145
4/15/2021 20:14,3.52390707
4/15/2021 20:13,0.47934496
4/15/2021 20:12,3.31338073
4/15/2021 20:11,0.20805774
4/15/2021 20:10,1.32776896
4/15/2021 20:09,0.086573447
4/15/2021 20:08,0.148608
4/15/2021 20:07,0.20068816
4/15/2021 20:06,0.156890343
4/15/2021 20:05,2.04969133
4/15/2021 20:04,0.319035356
4/15/2021 20:03,1.590681674
4/15/2021 20:02,0.54824244
4/15/2021 20:01,0.75685488
4/15/2021 20:00,0.89090092
4/15/2021 19:59,0.072674109
4/15/2021 19:58,0.232723583
4/15/2021 19:57,0.54801796
4/15/2021 19:56,1.034831188
4/15/2021 19:55,2.21448402
4/15/2021 19:54,1.85244862
4/15/2021 19:53,0.26731038
4/15/2021 19:52,0.692486255
4/15/2021 19:51,1.836658728
4/15/2021 19:50,0.21996133
4/15/2021 19:49,0.1562382
4/15/2021 19:48,0.74338596
4/15/2021 19:47,2.45157818
4/15/2021 19:46,11.30397623
4/15/2021 19:45,2.66636076
4/15/2021 19:44,0.51187365
4/15/2021 19:43,0.07606669
4/15/2021 19:42,0.44382661
4/15/2021 19:41,0.118108096
4/15/2021 19:40,0.555897987
4/15/2021 19:39,3.90569059
4/15/2021 19:38,0.858691671
4/15/2021 19:37,0.1537799
4/15/2021 19:36,1.70097789
4/15/2021 19:35,2.468078297
4/15/2021 19:34,0.852592459
4/15/2021 19:33,2.17018425
4/15/2021 19:32,0.700820782
4/15/2021 19:31,1.07266357
4/15/2021 19:30,0.07777843
4/15/2021 19:29,0.476094476
4/15/2021 19:28,8.690836641
4/15/2021 19:27,14.46649365
4/15/2021 19:26,0.32581014
4/15/2021 19:25,2.311321661
4/15/2021 19:24,9.546818226
4/15/2021 19:23,1.005839819
4/15/2021 19:22,2.306199438
4/15/2021 19:21,1.022267911
4/15/2021 19:20,4.064810496
4/15/2021 19:19,1.92347991
4/15/2021 19:18,0.09905024
4/15/2021 19:17,0.10276099
4/15/2021 19:16,0.5224089
4/15/2021 19:15,0.233181591
4/15/2021 19:14,1.781064597
4/15/2021 19:13,1.12737517
4/15/2021 19:12,1.135440763
4/15/2021 19:11,0.08947004
4/15/2021 19:10,0.60390174
4/15/2021 19:09,1.37353136
4/15/2021 19:08,0.60448388
4/15/2021 19:07,1.572004594
4/15/2021 19:06,0.66371182
4/15/2021 19:05,0.497787
4/15/2021 19:04,0.130304827
4/15/2021 19:03,0.12423004
4/15/2021 19:02,0.72513737
4/15/2021 19:01,0.285188003
4/15/2021 19:00,0.115029996
4/15/2021 18:59,0.12530531
4/15/2021 18:58,0.305008805
4/15/2021 18:57,1.269859765
4/15/2021 18:56,0.1244167
4/15/2021 18:55,0.05847344
4/15/2021 18:54,2.44945005
4/15/2021 18:53,0.20582612
4/15/2021 18:52,0.23727454
4/15/2021 18:51,0.65872949
4/15/2021 18:50,0.11961519
4/15/2021 18:49,0.28073253
4/15/2021 18:48,3.99629105
4/15/2021 18:47,1.847062979
4/15/2021 18:46,0.21727576
4/15/2021 18:45,0.57790488
4/15/2021 18:44,0.25845078
4/15/2021 18:43,0.249603541
4/15/2021 18:42,1.211331673
4/15/2021 18:41,0.17633843
4/15/2021 18:40,12.71283747
4/15/2021 18:39,0.97172378
4/15/2021 18:38,0.35373119
4/15/2021 18:37,0.94687184
4/15/2021 18:36,1.24494394
4/15/2021 18:35,2.997426727
4/15/2021 18:34,1.56872047
4/15/2021 18:33,0.90147098
4/15/2021 18:32,7.84633608
4/15/2021 18:31,0.061665416
4/15/2021 18:30,7.6543042
4/15/2021 18:29,1.157748985
4/15/2021 18:28,16.10490311
4/15/2021 18:27,0.26053155
4/15/2021 18:26,0.08684062
4/15/2021 18:25,0.12040949
4/15/2021 18:24,3.360085963
4/15/2021 18:23,0.10837163
4/15/2021 18:22,0.47791135
4/15/2021 18:21,0.31953797
4/15/2021 18:20,0.13341696
4/15/2021 18:19,7.77602493
4/15/2021 18:18,0.07219187
4/15/2021 18:17,2.875170851
4/15/2021 18:16,0.11159024
4/15/2021 18:15,0.38521138
4/15/2021 18:14,0.55967792
4/15/2021 18:13,1.5275854
4/15/2021 18:12,1.212548266
4/15/2021 18:11,0.294366222
4/15/2021 18:10,0.35649447
4/15/2021 18:09,0.349727871
4/15/2021 18:08,0.50835036
4/15/2021 18:07,1.170192749
4/15/2021 18:06,0.16626714
4/15/2021 18:05,0.83878979
4/15/2021 18:04,0.09135688
4/15/2021 18:03,1.48043938
4/15/2021 18:02,0.19278963
4/15/2021 18:01,0.27712341
4/15/2021 18:00,0.5048676
4/15/2021 17:59,0.06524826
4/15/2021 17:58,0.24290147
4/15/2021 17:57,0.449687225
4/15/2021 17:56,0.09870665
4/15/2021 17:55,0.13342989
4/15/2021 17:54,0.16642435
4/15/2021 17:53,0.912526132
4/15/2021 17:52,0.17557439
4/15/2021 17:51,0.08997288
4/15/2021 17:50,1.26957567
4/15/2021 17:49,0.135615977
4/15/2021 17:48,0.16587122
4/15/2021 17:47,0.06526094
4/15/2021 17:46,0.20983854
4/15/2021 17:45,0.2211939
4/15/2021 17:44,1.13863789
4/15/2021 17:43,4.66388421
4/15/2021 17:42,0.80467014
4/15/2021 17:41,0.45499897
4/15/2021 17:40,0.09909463
4/15/2021 17:39,0.25394115
4/15/2021 17:38,0.32192413
4/15/2021 17:37,0.345979782
4/15/2021 17:36,1.214006492
4/15/2021 17:35,0.294201578
4/15/2021 17:34,0.074948267
4/15/2021 17:33,0.30360196
4/15/2021 17:32,0.307594191
4/15/2021 17:31,0.18007449
4/15/2021 17:30,1.38790696
4/15/2021 17:29,2.10246507
4/15/2021 17:28,0.22209734
4/15/2021 17:27,0.4606677
4/15/2021 17:26,0.1473543
4/15/2021 17:25,2.16198514
4/15/2021 17:24,0.085193445
4/15/2021 17:23,1.65136324
4/15/2021 17:22,0.16860807
4/15/2021 17:21,0.329996013
4/15/2021 17:20,0.31547177
4/15/2021 17:19,0.87106978
4/15/2021 17:18,0.14490589
4/15/2021 17:17,0.09473475
4/15/2021 17:16,0.15045824
4/15/2021 17:15,0.286392013
4/15/2021 17:14,2.372504188
4/15/2021 17:13,10.78675224
4/15/2021 17:12,6.094754254
4/15/2021 17:11,0.13466772
4/15/2021 17:10,3.116056474
4/15/2021 17:09,4.27895519
4/15/2021 17:08,0.11193297
4/15/2021 17:07,1.57214068
4/15/2021 17:06,1.76870568
4/15/2021 17:05,0.33539397
4/15/2021 17:04,0.143300898
4/15/2021 17:03,0.17993388
4/15/2021 17:02,0.324
4/15/2021 17:01,0.16613151
4/15/2021 17:00,0.16530328
4/15/2021 16:59,0.17746659
4/15/2021 16:58,0.06144823
4/15/2021 16:57,0.078900704
4/15/2021 16:56,2.675226657
4/15/2021 16:55,0.627539122
4/15/2021 16:54,0.06101745
4/15/2021 16:53,0.15729957
4/15/2021 16:52,2.518422087
4/15/2021 16:51,0.04600773
4/15/2021 16:50,0.403917328
4/15/2021 16:49,1.13816856
4/15/2021 16:48,3.27725738
4/15/2021 16:47,0.36898165
4/15/2021 16:46,0.916936519
4/15/2021 16:45,0.715171904
4/15/2021 16:44,0.36828104
4/15/2021 16:43,0.66723604
4/15/2021 16:42,1.33545441
4/15/2021 16:41,0.43924684
4/15/2021 16:40,0.67898245
4/15/2021 16:39,2.24518554
4/15/2021 16:38,0.435014592
4/15/2021 16:37,0.43871973
4/15/2021 16:36,0.3041467
4/15/2021 16:35,0.851516011
4/15/2021 16:34,1.04404928
4/15/2021 16:33,0.58922774
4/15/2021 16:32,0.15867844
4/15/2021 16:31,0.254152082
4/15/2021 16:30,5.85224877
4/15/2021 16:29,0.97023048
4/15/2021 16:28,0.36401988
4/15/2021 16:27,0.15925361
4/15/2021 16:26,4.373502706
4/15/2021 16:25,5.987608527
4/15/2021 16:24,2.14296385
4/15/2021 16:23,5.71763933
4/15/2021 16:22,0.7381717
4/15/2021 16:21,0.69596705
4/15/2021 16:20,0.228640529
4/15/2021 16:19,3.749835203
4/15/2021 16:18,0.3953855
4/15/2021 16:17,1.19129748
4/15/2021 16:16,0.24660339
4/15/2021 16:15,0.60503804
4/15/2021 16:14,0.34055917
4/15/2021 16:13,0.1798288
4/15/2021 16:12,0.5021333
4/15/2021 16:11,0.22636453
4/15/2021 16:10,1.628463676
4/15/2021 16:09,0.351940125
4/15/2021 16:08,1.544490815
4/15/2021 16:07,0.186598757
4/15/2021 16:06,1.18161384
4/15/2021 16:05,0.338275206
4/15/2021 16:04,0.564351485
4/15/2021 16:03,0.060240237
4/15/2021 16:02,0.2479257
4/15/2021 16:01,0.20071009
4/15/2021 16:00,1.68904285
4/15/2021 15:59,0.019986756
4/15/2021 15:58,0.351454679
4/15/2021 15:57,0.087123514
4/15/2021 15:56,0.574550442
4/15/2021 15:55,0.578107561
4/15/2021 15:54,0.097979631
4/15/2021 15:53,0.06159379
4/15/2021 15:52,1.17911446
4/15/2021 15:51,0.36765002
4/15/2021 15:50,0.06805239
4/15/2021 15:49,0.51146143
4/15/2021 15:48,0.1151196
4/15/2021 15:47,0.034068177
4/15/2021 15:46,0.899401501
4/15/2021 15:45,0.53712193
4/15/2021 15:44,0.11220168
4/15/2021 15:43,1.983161815
4/15/2021 15:42,0.25302848
4/15/2021 15:41,1.8044782
4/15/2021 15:40,0.28971786
4/15/2021 15:39,0.939735499
4/15/2021 15:38,0.19808223
4/15/2021 15:37,0.59942547
4/15/2021 15:36,1.42039867
4/15/2021 15:35,0.50798687
4/15/2021 15:34,0.254871217
4/15/2021 15:33,1.06346434
4/15/2021 15:32,0.110820734
4/15/2021 15:31,0.031795369
4/15/2021 15:30,0.18053663
4/15/2021 15:29,6.565452499
4/15/2021 15:28,1.031463253
4/15/2021 15:27,0.723891253
4/15/2021 15:26,0.767819244
4/15/2021 15:25,0.50825479
4/15/2021 15:24,0.101278741
4/15/2021 15:23,1.111166701
4/15/2021 15:22,0.18984078
4/15/2021 15:21,0.195577227
4/15/2021 15:20,0.24865582
4/15/2021 15:19,0.14649824
4/15/2021 15:18,0.372003684
4/15/2021 15:17,0.21466478
4/15/2021 15:16,0.3309793
4/15/2021 15:15,0.38163582
4/15/2021 15:14,0.349171209
4/15/2021 15:13,0.21096199
4/15/2021 15:12,0.24654244
4/15/2021 15:11,0.367873587
4/15/2021 15:10,0.15525526
4/15/2021 15:09,0.219664634
4/15/2021 15:08,0.335210719
4/15/2021 15:07,0.34980112
4/15/2021 15:06,0.33216431
4/15/2021 15:05,1.00018754
4/15/2021 15:04,3.783565995
4/15/2021 15:03,0.64726831
4/15/2021 15:02,0.554666922
4/15/2021 15:01,0.35167861
4/15/2021 15:00,0.419641149
4/15/2021 14:59,0.81838829
4/15/2021 14:58,0.409209308
4/15/2021 14:57,0.54994303
4/15/2021 14:56,0.11754655
4/15/2021 14:55,0.25435222
4/15/2021 14:54,0.16320185
4/15/2021 14:53,0.466342921
4/15/2021 14:52,0.73559136
4/15/2021 14:51,0.36828678
4/15/2021 14:50,0.17141788
4/15/2021 14:49,0.55289854
4/15/2021 14:48,0.522535696
4/15/2021 14:47,0.570626309
4/15/2021 14:46,3.044077043
4/15/2021 14:45,0.47684257
4/15/2021 14:44,0.37575265
4/15/2021 14:43,0.07947598
4/15/2021 14:42,0.14851156
4/15/2021 14:41,0.14571456
4/15/2021 14:40,0.15402839
4/15/2021 14:39,0.538879208
4/15/2021 14:38,0.388377485
4/15/2021 14:37,1.84967157
4/15/2021 14:36,0.304906371
4/15/2021 14:35,0.35066857
4/15/2021 14:34,0.26868685
4/15/2021 14:33,1.56314122
4/15/2021 14:32,1.04878059
4/15/2021 14:31,4.127898697
4/15/2021 14:30,0.5622379
4/15/2021 14:29,0.12115076
4/15/2021 14:28,0.28984238
4/15/2021 14:27,0.058404005
4/15/2021 14:26,0.50932284
4/15/2021 14:25,6.112101789
4/15/2021 14:24,5.722063031
4/15/2021 14:23,5.384897835
4/15/2021 14:22,0.33887888
4/15/2021 14:21,0.23286424
4/15/2021 14:20,1.409568401
4/15/2021 14:19,0.49448061
4/15/2021 14:18,0.247545428
4/15/2021 14:17,0.138141711
4/15/2021 14:16,0.52454544
4/15/2021 14:15,1.926974382
4/15/2021 14:14,0.20958624
4/15/2021 14:13,0.22871548
4/15/2021 14:12,0.380486152
4/15/2021 14:11,0.156110491
4/15/2021 14:10,0.216918062
4/15/2021 14:09,0.50281517
4/15/2021 14:08,0.313152675
4/15/2021 14:07,1.160705118
4/15/2021 14:06,0.39662905
4/15/2021 14:05,1.085811941
4/15/2021 14:04,0.25856658
4/15/2021 14:03,0.0275948
4/15/2021 14:02,13.45963423
4/15/2021 14:01,0.10545118
4/15/2021 14:00,0.20929549
4/15/2021 13:59,0.02414441
4/15/2021 13:58,0.467586837
4/15/2021 13:57,1.282616242
4/15/2021 13:56,9.25630534
4/15/2021 13:55,0.13010402
4/15/2021 13:54,0.281902587
4/15/2021 13:53,0.35450978
4/15/2021 13:52,0.288262274
4/15/2021 13:51,0.12286758
4/15/2021 13:50,0.037977978
4/15/2021 13:49,0.227144924
4/15/2021 13:48,2.32243143
4/15/2021 13:47,0.197891065
4/15/2021 13:46,0.06024384
4/15/2021 13:45,0.03927361
4/15/2021 13:44,1.24355009
4/15/2021 13:43,0.81662625
4/15/2021 13:42,0.5795303
4/15/2021 13:41,0.270140852
4/15/2021 13:40,0.24949239
4/15/2021 13:39,0.03215841
4/15/2021 13:38,0.370720704
4/15/2021 13:37,0.76021595
4/15/2021 13:36,0.239356752
4/15/2021 13:35,1.097980855
4/15/2021 13:34,7.83758518
4/15/2021 13:33,1.40216324
4/15/2021 13:32,3.001844246
4/15/2021 13:31,0.05525465
4/15/2021 13:30,0.16766115
4/15/2021 13:29,0.09569436
4/15/2021 13:28,0.1613364
4/15/2021 13:27,0.45763399
4/15/2021 13:26,0.53824478
4/15/2021 13:25,0.056869713
4/15/2021 13:24,1.316158621
4/15/2021 13:23,0.67197805
4/15/2021 13:22,0.958820097
4/15/2021 13:21,0.227381348
4/15/2021 13:20,1.08060334
4/15/2021 13:19,5.15359588
4/15/2021 13:18,0.896511157
4/15/2021 13:17,1.123322506
4/15/2021 13:16,1.16946666
4/15/2021 13:15,0.066528492
4/15/2021 13:14,0.12434761
4/15/2021 13:13,0.102774798
4/15/2021 13:12,0.07569419
4/15/2021 13:11,0.23007486
4/15/2021 13:10,0.88619347
4/15/2021 13:09,3.35956444
4/15/2021 13:08,0.604415361
4/15/2021 13:07,2.141622763
4/15/2021 13:06,1.76870278
4/15/2021 13:05,0.1070083
4/15/2021 13:04,0.361560241
4/15/2021 13:03,0.429939033
4/15/2021 13:02,0.19432922
4/15/2021 13:01,3.763278659
4/15/2021 13:00,0.589987952
4/15/2021 12:59,0.002667118
4/15/2021 12:58,0.17819047
4/15/2021 12:57,0.04664953
4/15/2021 12:56,0.07316547
4/15/2021 12:55,0.821053732
4/15/2021 12:54,0.05502302
4/15/2021 12:53,0.223575399
4/15/2021 12:52,0.18526056
4/15/2021 12:51,0.108894891
4/15/2021 12:50,2.20097146
4/15/2021 12:49,0.08208816
4/15/2021 12:48,0.03549504
4/15/2021 12:47,0.84733562
4/15/2021 12:46,0.4303859
4/15/2021 12:45,0.54662098
4/15/2021 12:44,0.421595835
4/15/2021 12:43,0.046535609
4/15/2021 12:42,0.111218821
4/15/2021 12:41,0.053847442
4/15/2021 12:40,0.23150211
4/15/2021 12:39,5.1715964
4/15/2021 12:38,0.18776855
4/15/2021 12:37,0.19049884
4/15/2021 12:36,0.31449192
4/15/2021 12:35,0.25272088
4/15/2021 12:34,0.01837669
4/15/2021 12:33,0.163562928
4/15/2021 12:32,0.31530139
4/15/2021 12:31,0.13658023
4/15/2021 12:30,0.14353138
4/15/2021 12:29,0.644024675
4/15/2021 12:28,0.162900223
4/15/2021 12:27,0.1046875
4/15/2021 12:26,0.162205664
4/15/2021 12:25,0.337566077
4/15/2021 12:24,0.601669214
4/15/2021 12:23,0.04037539
4/15/2021 12:22,0.607798134
4/15/2021 12:21,4.29668626
4/15/2021 12:20,7.90821066
4/15/2021 12:19,11.93630632
4/15/2021 12:18,4.806807264
4/15/2021 12:17,0.02218384
4/15/2021 12:16,0.2138749
4/15/2021 12:15,0.3060942
4/15/2021 12:14,0.05750574
4/15/2021 12:13,0.35861131
4/15/2021 12:12,0.05303346
4/15/2021 12:11,0.45639421
4/15/2021 12:10,7.09134559
4/15/2021 12:09,0.210723919
4/15/2021 12:08,0.01876435
4/15/2021 12:07,0.028963878
4/15/2021 12:06,0.09612836
4/15/2021 12:05,0.126423697
4/15/2021 12:04,0.092659523
4/15/2021 12:03,0.104136234
4/15/2021 12:02,0.43116272
4/15/2021 12:01,0.05332901
4/15/2021 12:00,0.0706105
4/15/2021 11:59,0.38539267
4/15/2021 11:58,0.17507136
4/15/2021 11:57,0.00311597
4/15/2021 11:56,0.00668539
4/15/2021 11:55,0.30740346
4/15/2021 11:54,0.01799165
4/15/2021 11:53,0.37634839
4/15/2021 11:52,0.521415709
4/15/2021 11:51,0.36788506
4/15/2021 11:50,0.00322184
4/15/2021 11:49,0.080994635
4/15/2021 11:48,0.04732732
4/15/2021 11:47,0.03738898
4/15/2021 11:46,0.07730589
4/15/2021 11:45,0.11891537
4/15/2021 11:44,0.31168094
4/15/2021 11:43,14.79552285
4/15/2021 11:42,0.23519829
4/15/2021 11:41,0.379144036
4/15/2021 11:40,0.43562367
4/15/2021 11:39,0.4010809
4/15/2021 11:38,1.14266624
4/15/2021 11:37,1.73394938
4/15/2021 11:36,0.04793019
4/15/2021 11:35,0.10353828
4/15/2021 11:34,1.45764994
4/15/2021 11:33,0.30018089
4/15/2021 11:32,0.19136762
4/15/2021 11:31,0.29133014
4/15/2021 11:30,0.04668766
4/15/2021 11:29,0.01879276
4/15/2021 11:28,0.23357448
4/15/2021 11:27,0.60045485
4/15/2021 11:26,0.4307245
4/15/2021 11:25,0.12130153
4/15/2021 11:24,0.31333343
4/15/2021 11:23,0.69760356
4/15/2021 11:22,0.31059183
4/15/2021 11:21,0.8646288
4/15/2021 11:20,0.416840119
4/15/2021 11:19,0.17277714
4/15/2021 11:18,0.937515417
4/15/2021 11:17,1.889227019
4/15/2021 11:16,0.222456556
4/15/2021 11:15,0.92241208
4/15/2021 11:14,0.25207176
4/15/2021 11:13,0.15973737
4/15/2021 11:12,1.53709639
4/15/2021 11:11,0.4724437
4/15/2021 11:10,0.22851957
4/15/2021 11:09,0.28669558
4/15/2021 11:08,0.1436542
4/15/2021 11:07,0.14037709
4/15/2021 11:06,0.04920191
4/15/2021 11:05,0.30688545
4/15/2021 11:04,0.264298052
4/15/2021 11:03,0.38435312
4/15/2021 11:02,0.035373745
4/15/2021 11:01,0.59525865
4/15/2021 11:00,1.01776526
4/15/2021 10:59,0.954311096
4/15/2021 10:58,0.4949183
4/15/2021 10:57,0.11553778
4/15/2021 10:56,0.09357728
4/15/2021 10:55,0.09658634
4/15/2021 10:54,0.45566585
4/15/2021 10:53,0.9864768
4/15/2021 10:52,0.47249464
4/15/2021 10:51,0.02777247
4/15/2021 10:50,0.01864363
4/15/2021 10:49,0.67938478
4/15/2021 10:48,0.30163784
4/15/2021 10:47,0.787236898
4/15/2021 10:46,0.10625858
4/15/2021 10:45,0.23676394
4/15/2021 10:44,0.02640042
4/15/2021 10:43,0.00079081
4/15/2021 10:42,0.02509881
4/15/2021 10:41,0.00058972
4/15/2021 10:40,0.02699858
4/15/2021 10:39,0.00743148
4/15/2021 10:38,0.00155252
4/15/2021 10:37,0.753824369
4/15/2021 10:36,0.00764786
4/15/2021 10:35,0.18115303
4/15/2021 10:34,0.00667813
4/15/2021 10:33,0.03732242
4/15/2021 10:32,0.04510552
4/15/2021 10:31,2.255983657
4/15/2021 10:30,0.05551971
4/15/2021 10:29,0.59236141
4/15/2021 10:28,0.93302308
4/15/2021 10:27,0.04602922
4/15/2021 10:26,0.05058884
4/15/2021 10:25,0.01723453
4/15/2021 10:24,0.02476095
4/15/2021 10:23,0.80439107
4/15/2021 10:22,0.496897052
4/15/2021 10:21,0.79247733
4/15/2021 10:20,0.02010952
4/15/2021 10:19,0.326113667
4/15/2021 10:18,0.05464212
4/15/2021 10:17,0.20167622
4/15/2021 10:16,0.87515244
4/15/2021 10:15,0.08011613
4/15/2021 10:14,0.03885734
4/15/2021 10:13,0.06359443
4/15/2021 10:12,0.0726877
4/15/2021 10:11,0.251991881
4/15/2021 10:10,0.10306995
4/15/2021 10:09,0.03970786
4/15/2021 10:08,0.01017121
4/15/2021 10:07,0.03991221
4/15/2021 10:06,0.01919157
4/15/2021 10:05,0.30801552
4/15/2021 10:04,0.10010331
4/15/2021 10:03,0.09812845
4/15/2021 10:02,0.39673417
4/15/2021 10:01,0.13790839
4/15/2021 10:00,0.01852482
4/15/2021 9:59,0.05865246
4/15/2021 9:58,0.39092492
4/15/2021 9:57,0.0002
4/15/2021 9:56,0.02792047
4/15/2021 9:55,0.00313006
4/15/2021 9:54,0.0008151
4/15/2021 9:53,0
4/15/2021 9:52,0.00367385
4/15/2021 9:51,0.28276652
4/15/2021 9:50,0.83238983
4/15/2021 9:49,0.045846589
4/15/2021 9:48,0.11746498
4/15/2021 9:47,0.11352551
4/15/2021 9:46,0.03833188
4/15/2021 9:45,1.30332
4/15/2021 9:44,0.11962129
4/15/2021 9:43,0.54301799
4/15/2021 9:42,0.003791412
4/15/2021 9:41,0.00015408
4/15/2021 9:40,0.00797
4/15/2021 9:39,0.11160504
4/15/2021 9:38,0.29663714
4/15/2021 9:37,0.0209078
4/15/2021 9:36,0.23018416
4/15/2021 9:35,0.79831785
4/15/2021 9:34,0.55921255
4/15/2021 9:33,0.23400976
4/15/2021 9:32,0.030363872
4/15/2021 9:31,0.47234014
4/15/2021 9:30,0.02003
4/15/2021 9:29,0.03429419
4/15/2021 9:28,0.81134392
4/15/2021 9:27,0.52000693
4/15/2021 9:26,0.68096
4/15/2021 9:25,1.24044716
4/15/2021 9:24,0.76719608
4/15/2021 9:23,0.52555886
4/15/2021 9:22,0.03608562
4/15/2021 9:21,0.00973197
4/15/2021 9:20,1.50627635
4/15/2021 9:19,0.23873977
4/15/2021 9:18,0.03578543
4/15/2021 9:17,0.90961973
4/15/2021 9:16,0.09038541
4/15/2021 9:15,0.47964177
4/15/2021 9:14,0.05334725
4/15/2021 9:13,0.03625246
4/15/2021 9:12,0.01080965
4/15/2021 9:11,0.0829871
4/15/2021 9:10,0.02835395
4/15/2021 9:09,0.47391214
4/15/2021 9:08,0.01239253
4/15/2021 9:07,0.44947265
4/15/2021 9:06,0.095563012
4/15/2021 9:05,0.02003955
4/15/2021 9:04,1.11511018
4/15/2021 9:03,0.10467295
4/15/2021 9:02,0.417722079
4/15/2021 9:01,0.03816449
4/15/2021 9:00,0.20890278
4/15/2021 8:59,0
4/15/2021 8:58,0.088431948
4/15/2021 8:57,0.19980645
4/15/2021 8:56,0.11999219
4/15/2021 8:55,5.12508023
4/15/2021 8:54,0.02486099
4/15/2021 8:53,0.00767575
4/15/2021 8:52,0.00043
4/15/2021 8:51,0.05316582
4/15/2021 8:50,0.72186551
4/15/2021 8:49,0.0002
4/15/2021 8:48,0.04766353
4/15/2021 8:47,0.03951652
4/15/2021 8:46,0.01712318
4/15/2021 8:45,0.00014
4/15/2021 8:44,0.00400773
4/15/2021 8:43,6.93E-05
4/15/2021 8:42,0.01561363
4/15/2021 8:41,0.00023569
4/15/2021 8:40,0.01589599
4/15/2021 8:39,0.05327349
4/15/2021 8:38,0.141357888
4/15/2021 8:37,0.874266929
4/15/2021 8:36,0.022353288
4/15/2021 8:35,0.000467687
4/15/2021 8:34,0.033424201
4/15/2021 8:33,0.007952748
4/15/2021 8:32,0.22929786
4/15/2021 8:31,0
4/15/2021 8:30,1.045772867
4/15/2021 8:29,0.101500693
4/15/2021 8:28,0.01321901
4/15/2021 8:27,0.00777
4/15/2021 8:26,0.000317956
4/15/2021 8:25,0
4/15/2021 8:24,0.25745988
4/15/2021 8:23,0.07404516
4/15/2021 8:22,0.02474514
4/15/2021 8:21,0.59826827
4/15/2021 8:20,0.02154284
4/15/2021 8:19,0.39125032
4/15/2021 8:18,0.8795472
4/15/2021 8:17,0.115290445