ds,yhat,yhat_lower,yhat_upper
2021-04-15 08:17:00,-0.013599806547371918,-10.195920334599737,11.293691822681247
2021-04-15 08:18:00,-0.013318825103730059,-10.600163374575606,10.156700617291749
2021-04-15 08:19:00,-0.013022485467232947,-11.353171350487656,10.230852849607949
2021-04-15 08:20:00,-0.012711764029061046,-10.052786619904772,10.81364318394724
2021-04-15 08:21:00,-0.012387622184022784,-10.590387063224192,10.573086410306322
2021-04-15 08:22:00,-0.012051005958171213,-10.703092760427113,10.96919710047648
2021-04-15 08:23:00,-0.011702845641778259,-10.822861504912927,9.571874160024278
2021-04-15 08:24:00,-0.011344055419547416,-11.91765229771679,9.981077362463019
2021-04-15 08:25:00,-0.01097553300754317,-10.27722625588005,10.194414439544595
2021-04-15 08:26:00,-0.010598159319122114,-10.029398653528148,11.385370345019853
2021-04-15 08:27:00,-0.010212798106207455,-10.458182597672419,10.561173896373825
2021-04-15 08:28:00,-0.009820295641612908,-10.825692300219911,10.930266213825238
2021-04-15 08:29:00,-0.009421480377317715,-10.937970100327469,11.167615823836915
2021-04-15 08:30:00,-0.009017162636367426,-10.798148302196607,10.849507969968931
2021-04-15 08:31:00,-0.008608134299082804,-10.868541423981409,10.683488857167008
2021-04-15 08:32:00,-0.008195168499416927,-9.948215913644775,10.883487611875303
2021-04-15 08:33:00,-0.0077790193302887944,-10.497447586012777,10.013394888138134
2021-04-15 08:34:00,-0.007360421560151598,-10.76536922162254,9.892200753139026
2021-04-15 08:35:00,-0.006940090353846573,-10.532748094120688,10.371461640157856
2021-04-15 08:36:00,-0.0065187210015228425,-10.362554775428016,10.90464065293669
2021-04-15 08:37:00,-0.006096988663419345,-10.223373097029718,10.147186343698184
2021-04-15 08:38:00,-0.005675548104717598,-10.59492003074429,11.10192392219078
2021-04-15 08:39:00,-0.005255033475282889,-10.448977326643313,9.561706280933556
2021-04-15 08:40:00,-0.00483605804680276,-10.190666405665626,10.04461814055489
2021-04-15 08:41:00,-0.004419214006841088,-11.214968805866475,10.594643913221434
2021-04-15 08:42:00,-0.0040050722403945915,-10.457065024593073,10.098455890972675
2021-04-15 08:43:00,-0.0035941821074735314,-10.236269079034736,10.351874758194857
2021-04-15 08:44:00,-0.0031870712576496096,-10.712601494991569,11.070817586054938
2021-04-15 08:45:00,-0.002784245442202904,-10.000318815912875,10.475552647305717
2021-04-15 08:46:00,-0.0023861883209793655,-11.430104577911294,11.113656260675588
2021-04-15 08:47:00,-0.0019933613070032274,-9.697732125685079,11.498123446446863
2021-04-15 08:48:00,-0.0016062033736751191,-10.923171048835263,10.80609874674043
2021-04-15 08:49:00,-0.0012251309490659557,-9.957957286291013,11.79329263008339
2021-04-15 08:50:00,-0.0008505377261806002,-11.294851114587324,10.447222457698661
2021-04-15 08:51:00,-0.00048279456619682026,-10.918683860459048,10.508230510360082
2021-04-15 08:52:00,-0.00012224933824789286,-10.19338996380195,10.572653508599963
2021-04-15 08:53:00,0.00023077315573172275,-11.226407127722199,10.131044032836844
2021-04-15 08:54:00,0.0005759713305584224,-10.385961526752425,11.101506826442764
2021-04-15 08:55:00,0.0009130668858412516,-10.325413579103438,11.242387735289617
2021-04-15 08:56:00,0.0012418048810323157,-9.692123136165458,10.863605316639042
2021-04-15 08:57:00,0.0015619538550817325,-11.118442385555676,9.677526892207945
2021-04-15 08:58:00,0.001873305862337027,-10.937034390884978,10.566534581148698
2021-04-15 08:59:00,0.0021756765196079275,-10.268820196619506,10.650717283682134
2021-04-15 09:00:00,0.0024689050985496896,-10.895398280657465,12.044363557963718
2021-04-15 09:01:00,0.002752854503718982,-10.292868090327712,9.838230890767734
2021-04-15 09:02:00,0.003027411386726575,-11.396939428418875,10.57944559083053
2021-04-15 09:03:00,0.003292486043858678,-9.968523775024664,10.588329189474235
2021-04-15 09:04:00,0.0035480125614888447,-10.710546897377078,10.398179205209537
2021-04-15 09:05:00,0.00379394871619132,-10.861285060946372,10.565600448643954
2021-04-15 09:06:00,0.004030276005863254,-10.39818190282196,9.986406372711516
2021-04-15 09:07:00,0.004256999610463996,-10.042980452728296,10.654701751202722
2021-04-15 09:08:00,0.00447414839342275,-10.86438317950612,10.667820479973123
2021-04-15 09:09:00,0.004681774855986864,-10.777254171472668,10.262109367787795
2021-04-15 09:10:00,0.004879955040771655,-10.90665512438247,11.088496150915073
2021-04-15 09:11:00,0.005068788539971281,-10.227194189127394,10.333717103381012
2021-04-15 09:12:00,0.005248398414078981,-10.867344607807949,10.427371032557396
2021-04-15 09:13:00,0.005418931047277864,-10.35108611936267,11.16562118916286
2021-04-15 09:14:00,0.0055805561793766945,-10.69457164137571,10.665144177516995
2021-04-15 09:15:00,0.00573346669009589,-10.445610681836639,10.739735680971785
2021-04-15 09:16:00,0.005877878596161179,-10.12892464654548,9.6764073519403
2021-04-15 09:17:00,0.006014030838945694,-10.857790088251143,11.296217870708562
2021-04-15 09:18:00,0.006142185270059164,-10.038026211443958,11.021213694172205
2021-04-15 09:19:00,0.006262626426000506,-10.630710017886695,10.582583264611335
2021-04-15 09:20:00,0.006375661416426204,-10.89621116391744,10.458879429823302
2021-04-15 09:21:00,0.006481619783234693,-10.561258472638984,10.529055530377962
2021-04-15 09:22:00,0.006580853356016436,-10.901344650208992,10.87190656969222
2021-04-15 09:23:00,0.0066737360224702336,-10.841492379518744,10.79565848683863
2021-04-15 09:24:00,0.006760663615411722,-10.646912120844277,10.538596394732043
2021-04-15 09:25:00,0.006842053668290493,-11.543334631654794,10.692684566621649
2021-04-15 09:26:00,0.00691834530072466,-10.826470991056226,10.968367501213
2021-04-15 09:27:00,0.006989998884101789,-10.870998738112796,11.400721227447136
2021-04-15 09:28:00,0.007057495972028649,-11.037566492825,11.26896811867166
2021-04-15 09:29:00,0.007121338995673465,-10.313404010489448,10.21353856350331
2021-04-15 09:30:00,0.007182051023920333,-11.120472515558333,10.77284735973366
2021-04-15 09:31:00,0.00724017554725731,-10.859763482103586,10.516049962300634
2021-04-15 09:32:00,0.007296276255310041,-11.386018092888747,10.131308703691516
2021-04-15 09:33:00,0.007350936769932814,-10.830576654188715,10.067470119429881
2021-04-15 09:34:00,0.007404760310923186,-10.410961003486007,10.031950347984147
2021-04-15 09:35:00,0.007458369524756092,-11.032727079811908,10.941798271190084
2021-04-15 09:36:00,0.007512406178766806,-10.615317093956385,11.302010743742747
2021-04-15 09:37:00,0.007567530778278764,-10.536491306945342,11.028386066373725
2021-04-15 09:38:00,0.007624422435340339,-9.659611615844808,11.410152695123674
2021-04-15 09:39:00,0.007683778416035625,-10.068638448385006,10.448428508649862
2021-04-15 09:40:00,0.007746313926020543,-10.318249535776813,10.39556693239985
2021-04-15 09:41:00,0.007812761721466388,-10.853521391323314,9.976723731324858
2021-04-15 09:42:00,0.007883871862281344,-10.114469072764447,11.103727128482575
2021-04-15 09:43:00,0.007960411326977113,-9.535685526059737,10.923476849904173
2021-04-15 09:44:00,0.008043163637397432,-10.747163881926536,9.910884211594109
2021-04-15 09:45:00,0.008132928621312874,-10.026501443226545,10.93242194771363
2021-04-15 09:46:00,0.008230521922274359,-11.019700594650836,10.482635525336052
2021-04-15 09:47:00,0.008336774796757762,-10.505415217369926,10.56593000566512
2021-04-15 09:48:00,0.008452533557640862,-10.187060055635307,10.217746689690008
2021-04-15 09:49:00,0.00857865938956237,-10.306960449007418,10.754812321603657
2021-04-15 09:50:00,0.008716027862363251,-11.299051525228588,10.604610301658418
2021-04-15 09:51:00,0.00886552851382183,-10.710413602267161,10.5592492717716
2021-04-15 09:52:00,0.009028064576475314,-11.017696302168511,10.272465056798833
2021-04-15 09:53:00,0.009204552496024587,-10.52499888911992,10.651257727239965
2021-04-15 09:54:00,0.009395921508663752,-10.564549406857823,10.879314729304333
2021-04-15 09:55:00,0.009603113289238463,-10.508850747159798,10.782156872461401
2021-04-15 09:56:00,0.009827081501762924,-11.019464081895704,10.988823100645105
2021-04-15 09:57:00,0.010068791461752102,-10.575979051057933,9.686118977939845
2021-04-15 09:58:00,0.010329219497806408,-10.842250126734069,11.187098943170794
2021-04-15 09:59:00,0.010609352817544382,-10.81338509537967,11.761188195399788
2021-04-15 10:00:00,0.010910188805478116,-11.723908487931988,10.113140726915725
2021-04-15 10:01:00,0.011232734752302576,-10.87104701848084,10.23120955547308
2021-04-15 10:02:00,0.011578007314109406,-10.522678215981419,11.000057219107335
2021-04-15 10:03:00,0.01194703214935633,-10.170980697156178,10.499446858612469
2021-04-15 10:04:00,0.012340843405303836,-10.73004476032349,10.878073053999346
2021-04-15 10:05:00,0.012760483227053587,-10.646182323889937,10.674215118072528
2021-04-15 10:06:00,0.01320700138873232,-10.673271616051682,10.355003436756775
2021-04-15 10:07:00,0.013681454803210702,-10.413691297501064,11.314160258784554
2021-04-15 10:08:00,0.014184906958653598,-11.087797288079294,10.875693886318615
2021-04-15 10:09:00,0.014718427597508188,-9.37124123679781,11.139296123481346
2021-04-15 10:10:00,0.015283092085613625,-10.139349924073723,10.996380705133989
2021-04-15 10:11:00,0.01587998111192568,-10.116931453645357,10.66210853718577
2021-04-15 10:12:00,0.016510179983586837,-10.349901184513127,10.222414007893441
2021-04-15 10:13:00,0.01717477837050052,-10.461940924074076,10.872366308243732
2021-04-15 10:14:00,0.017874869681773542,-10.34527603823925,10.269901935257327
2021-04-15 10:15:00,0.018611550571891566,-10.328898856446601,10.748340292237996
2021-04-15 10:16:00,0.01938592049203547,-10.539029835705865,10.72347388564729
2021-04-15 10:17:00,0.020199081259231755,-10.933825990483191,10.325372945054916
2021-04-15 10:18:00,0.02105213642052217,-10.828909971691001,10.497539427483767
2021-04-15 10:19:00,0.021946190818090572,-10.926036913911494,10.17958575794284
2021-04-15 10:20:00,0.02288235013136586,-10.688327076257933,11.040867358094818
2021-04-15 10:21:00,0.023861720378783535,-10.808373364927434,11.24555196634595
2021-04-15 10:22:00,0.024885407268158688,-9.85788075327155,10.499923703885656
2021-04-15 10:23:00,0.02595451593712783,-10.886736408397047,10.336224875173873
2021-04-15 10:24:00,0.027070150217541222,-10.20567362908081,10.35857140009205
2021-04-15 10:25:00,0.028233412308690475,-11.192093318096733,10.979595296591928
2021-04-15 10:26:00,0.02944540212331903,-10.498593612230655,10.014472465630291
2021-04-15 10:27:00,0.03070721693608114,-10.374736014699076,10.624998013558455
2021-04-15 10:28:00,0.03201995077052455,-9.82787467370944,10.755464894507824
2021-04-15 10:29:00,0.033384693886976735,-10.786803710422275,10.822275775482415
2021-04-15 10:30:00,0.034802532352047666,-10.029077018445236,11.186062903001236
2021-04-15 10:31:00,0.03627454751802228,-9.921743468844705,10.19145536685727
2021-04-15 10:32:00,0.03780181546536654,-10.353060857914478,10.42742222223883
2021-04-15 10:33:00,0.03938540652874678,-10.667481058167029,10.82832234446413
2021-04-15 10:34:00,0.0410263848284631,-10.287735682699703,10.861506402057877
2021-04-15 10:35:00,0.04272580771116996,-10.400170533071034,11.395292601228487
2021-04-15 10:36:00,0.04448472529029024,-10.818291710805603,9.881201811621539
2021-04-15 10:37:00,0.046304179983696625,-9.926363657207311,10.351047220049288
2021-04-15 10:38:00,0.04818520590055453,-10.10790383631382,10.963670082832989
2021-04-15 10:39:00,0.0501288284744591,-10.569032372935999,10.918569287067399
2021-04-15 10:40:00,0.05213606386889247,-11.030931011447162,10.656598035292882
2021-04-15 10:41:00,0.05420791855981333,-10.727600252437448,11.06188204530793
2021-04-15 10:42:00,0.05634538887186413,-10.824912445967074,10.192539863992655
2021-04-15 10:43:00,0.0585494603154636,-10.339837653632149,11.100566120689017
2021-04-15 10:44:00,0.06082110734721946,-10.872732777914978,10.580967065596697
2021-04-15 10:45:00,0.06316129277567484,-10.97999858502398,10.661909816980529
2021-04-15 10:46:00,0.06557096716739441,-10.312847154703435,11.118920944980339
2021-04-15 10:47:00,0.0680510686321949,-10.187908675070158,11.34902290739901
2021-04-15 10:48:00,0.07060252211102025,-10.03857596908114,10.67898549586131
2021-04-15 10:49:00,0.07322623906840664,-10.502191355297967,10.861057067154853
2021-04-15 10:50:00,0.07592311692773313,-10.451333693345482,10.608133972570508
2021-04-15 10:51:00,0.07869403867376301,-10.64157095371706,10.917396076940717
2021-04-15 10:52:00,0.08153987240854799,-10.186579197782205,10.753642707010652
2021-04-15 10:53:00,0.08446147085987799,-10.804468293746117,10.620416496986095
2021-04-15 10:54:00,0.08745967089530415,-10.556231709593645,11.055334765612946
2021-04-15 10:55:00,0.0905352931876835,-10.074385606956724,10.62860556828718
2021-04-15 10:56:00,0.09368914176242471,-11.045021927923514,10.952688182189064
2021-04-15 10:57:00,0.09692200339731116,-9.332965001594859,11.006503076851638
2021-04-15 10:58:00,0.10023464746383925,-11.006600097059684,10.289136679067344
2021-04-15 10:59:00,0.10362782530240577,-10.660315979401457,10.853854154197679
2021-04-15 11:00:00,0.10710226984870752,-10.489366613820122,10.417399333185166
2021-04-15 11:01:00,0.11065869531931549,-10.627890988372082,11.004997890895405
2021-04-15 11:02:00,0.11429779668134432,-10.414909572221847,10.98817069780357
2021-04-15 11:03:00,0.1180202493090069,-10.047395602573916,10.837601006033712
2021-04-15 11:04:00,0.12182670858808509,-10.931129438474915,10.972434114709271
2021-04-15 11:05:00,0.12571780952044798,-10.511425851170907,10.506259377928627
2021-04-15 11:06:00,0.12969416642119513,-10.356688581146729,11.138426100732168
2021-04-15 11:07:00,0.13375637233061188,-10.6501174907387,11.689303186743505
2021-04-15 11:08:00,0.1379049989162876,-10.27129281897033,10.782151943277618
2021-04-15 11:09:00,0.1421405959691351,-10.75967682941892,10.606424246500977
2021-04-15 11:10:00,0.14646369096344358,-10.318753168600404,10.618465824724337
2021-04-15 11:11:00,0.1508747889102151,-10.649866610200604,9.872920594921283
2021-04-15 11:12:00,0.15537437190704462,-10.61835685064638,10.925409615345732
2021-04-15 11:13:00,0.15996289877199743,-10.5171101990401,10.553452513608985
2021-04-15 11:14:00,0.16464080477286647,-10.332038570346686,11.003902002585914
2021-04-15 11:15:00,0.16940850127927531,-10.223839934604362,10.595464957053926
2021-04-15 11:16:00,0.17426637552680335,-10.020772816174162,11.436757710911547
2021-04-15 11:17:00,0.179214790190381,-10.712404267005649,10.502574720579357
2021-04-15 11:18:00,0.18425408317328784,-10.906412798424848,10.813413254092183
2021-04-15 11:19:00,0.18938456729848574,-10.730905057311231,10.752144920127046
2021-04-15 11:20:00,0.19460653002580686,-9.398150080631176,10.536614501982102
2021-04-15 11:21:00,0.1999202331649116,-10.285171338982504,10.491923270470561
2021-04-15 11:22:00,0.20532591269277756,-10.074683354978768,10.008772863076901
2021-04-15 11:23:00,0.21082377836777055,-10.401386280355384,10.217891479480985
2021-04-15 11:24:00,0.21641401355514478,-10.19102064295398,10.920150592186504
2021-04-15 11:25:00,0.22209677505972425,-10.707300440004241,11.034995921517963
2021-04-15 11:26:00,0.22787219273111936,-10.533387126166716,10.8408118651561
2021-04-15 11:27:00,0.23374036938298326,-10.107982627802517,10.524057147731446
2021-04-15 11:28:00,0.2397013805113829,-10.134894164438096,11.365082637362358
2021-04-15 11:29:00,0.24575527408360398,-9.948186723542046,11.502961627928235
2021-04-15 11:30:00,0.25190207054634006,-9.56343432093915,10.93816302117403
2021-04-15 11:31:00,0.2581417621503912,-10.479904684143085,10.327181533961927
2021-04-15 11:32:00,0.2644743134097626,-10.943337907653463,11.06979430647264
2021-04-15 11:33:00,0.2708996604490781,-10.946763383204884,9.860958720784948
2021-04-15 11:34:00,0.2774177110353806,-10.544456225132805,10.905174331007537
2021-04-15 11:35:00,0.2840283444416444,-10.159092848025306,10.611881036303314
2021-04-15 11:36:00,0.2907314112274741,-10.498816944155367,9.929221904590293
2021-04-15 11:37:00,0.2975267332359375,-9.96872518101472,10.027487294677455
2021-04-15 11:38:00,0.3044141033498875,-10.155894335778154,11.10129502866567
2021-04-15 11:39:00,0.31139328540171,-10.210793623816741,10.8108645755453
2021-04-15 11:40:00,0.3184640141806361,-10.112310961328449,10.63578404521619
2021-04-15 11:41:00,0.3256259952183055,-10.305888679482504,10.626327722997743
2021-04-15 11:42:00,0.332878904735923,-10.143576414459865,10.722277772277728
2021-04-15 11:43:00,0.3402223896396145,-10.295294979546496,10.794435254337936
2021-04-15 11:44:00,0.34765606736316995,-10.187331150920091,10.619930288421097
2021-04-15 11:45:00,0.35517952586153007,-10.291348692254845,10.877597706796715
2021-04-15 11:46:00,0.36279232373249287,-9.940063356443144,10.796063221920157
2021-04-15 11:47:00,0.3704939897448109,-10.202372230134497,10.575812298749817
2021-04-15 11:48:00,0.378284023355173,-9.6429638315497,12.08206109694639
2021-04-15 11:49:00,0.3861618943312992,-9.857165495830907,10.526003714405222
2021-04-15 11:50:00,0.39412704283080036,-11.672973087059823,11.733424191773498
2021-04-15 11:51:00,0.4021788795569052,-10.363334162251304,11.624137548450186
2021-04-15 11:52:00,0.41031677760505725,-10.419377456357344,10.715360749157705
2021-04-15 11:53:00,0.4185400964820665,-10.31074240393841,10.708432460388439
2021-04-15 11:54:00,0.4268481583102905,-10.623794687715744,10.661682156281781
2021-04-15 11:55:00,0.4352402556552541,-10.264555608859732,10.74431944014432
2021-04-15 11:56:00,0.44371565184695694,-9.599387312788027,11.185811026310077
2021-04-15 11:57:00,0.45227358086876146,-10.857349700777348,10.795388019643331
2021-04-15 11:58:00,0.46091324743412326,-10.497641337447355,10.411251143997246
2021-04-15 11:59:00,0.469633827204105,-10.839124473750513,11.376069803154731
2021-04-15 12:00:00,0.47843446671605644,-10.404972428615634,12.041874844606118
2021-04-15 12:01:00,0.48731428364550267,-9.533541833220713,11.60138039893125
2021-04-15 12:02:00,0.49627236696396526,-10.069745852660605,12.055252829262397
2021-04-15 12:03:00,0.5053077766943623,-9.957070511751573,10.681011287162104
2021-04-15 12:04:00,0.5144195446710795,-9.747555726146928,11.401424704861912
2021-04-15 12:05:00,0.5236066740254021,-10.225565400420988,11.54099544683763
2021-04-15 12:06:00,0.5328681398569686,-10.725979579580663,10.77766593691197
2021-04-15 12:07:00,0.542202889288889,-10.255710030857486,11.511117820219875
2021-04-15 12:08:00,0.5516098412815442,-9.530501487551122,11.530223873513444
2021-04-15 12:09:00,0.5610878874082409,-9.808801725073211,11.83434094634925
2021-04-15 12:10:00,0.5706358916542731,-11.023152417289497,11.219844132833526
2021-04-15 12:11:00,0.5802526906657279,-9.751795650949425,11.049240043527023
2021-04-15 12:12:00,0.5899370941486366,-10.184306856386234,10.686218946394648
2021-04-15 12:13:00,0.599687884877862,-10.431589249646017,10.655698230064791
2021-04-15 12:14:00,0.6095038191183675,-9.688770115189472,10.980550215142864
2021-04-15 12:15:00,0.6193836268202946,-9.431467795366045,10.768544234389466
2021-04-15 12:16:00,0.6293260117317214,-9.911088837228913,10.883320514559706
2021-04-15 12:17:00,0.6393296519030831,-9.469474276303155,11.691941761333808
2021-04-15 12:18:00,0.6493931998464066,-9.543276571734301,11.193788875989627
2021-04-15 12:19:00,0.6595152827076411,-10.106511107858234,11.831972676823812
2021-04-15 12:20:00,0.669694502823276,-10.365355967645879,11.45981502131615
2021-04-15 12:21:00,0.6799294377381256,-10.203192129699149,11.800975234845234
2021-04-15 12:22:00,0.6902186407170193,-10.433173770926642,11.669382640477183
2021-04-15 12:23:00,0.7005606411441367,-10.19328165010702,11.441650876663607
2021-04-15 12:24:00,0.710953944375422,-10.546554743040097,10.790745254584012
2021-04-15 12:25:00,0.7213970327594488,-9.4828940305829,10.394115871398746
2021-04-15 12:26:00,0.7318883654999749,-9.043166779263155,11.315686382719893
2021-04-15 12:27:00,0.7424263790915885,-10.021640511428897,11.135208485728311
2021-04-15 12:28:00,0.7530094878817941,-9.538276894190007,11.219129540773535
2021-04-15 12:29:00,0.7636360841749569,-10.753383681251062,11.08127128944915
2021-04-15 12:30:00,0.7743045388515148,-10.125794340492627,11.300462464907659
2021-04-15 12:31:00,0.7850132016570396,-9.0758179009589,11.757744900488841
2021-04-15 12:32:00,0.7957604014922435,-9.654233455420519,11.510083574652022
2021-04-15 12:33:00,0.8065444470318616,-10.530662609355153,10.882686172529615
2021-04-15 12:34:00,0.817363627029619,-9.359983728042293,10.952297890053368
2021-04-15 12:35:00,0.8282162106344726,-11.08032416408334,10.906540763127671
2021-04-15 12:36:00,0.8391004480714475,-9.433022783868429,11.69543539417436
2021-04-15 12:37:00,0.8500145707846876,-10.216842838259913,11.598969917784222
2021-04-15 12:38:00,0.8609567921076212,-9.753014481258964,11.486252867550656
2021-04-15 12:39:00,0.871925307765461,-9.873310470377627,11.88897598254325
2021-04-15 12:40:00,0.882918295862374,-9.37159634823843,12.220701462789513
2021-04-15 12:41:00,0.8939339180250464,-9.904387350886518,11.376641882164186
2021-04-15 12:42:00,0.9049703194089702,-10.491140940284408,10.63975150916824
2021-04-15 12:43:00,0.916025629217613,-8.568461457242954,11.07630267020181
2021-04-15 12:44:00,0.9270979614698333,-10.07230955365812,10.951397223037468
2021-04-15 12:45:00,0.9381854149810654,-9.368876497750191,11.54942319881949
2021-04-15 12:46:00,0.9492860745168652,-10.236280329424806,11.803611752272955
2021-04-15 12:47:00,0.9603980108094042,-9.286625359981437,11.402018140850236
2021-04-15 12:48:00,0.9715192811295642,-8.359805597033,11.989887347690518
2021-04-15 12:49:00,0.9826479300212679,-9.624387420367762,11.27941826385122
2021-04-15 12:50:00,0.9937819895635491,-9.925564097297817,11.677987461268932
2021-04-15 12:51:00,1.0049194800956065,-9.674400896038785,11.553746328779383
2021-04-15 12:52:00,1.0160584106968367,-9.130387779638834,11.710508244413345
2021-04-15 12:53:00,1.0271967795639458,-9.2751225840224,11.546381176600331
2021-04-15 12:54:00,1.0383325748190069,-9.407167470692412,11.803821977527239
2021-04-15 12:55:00,1.049463774898913,-9.592095500924959,11.679993549017787
2021-04-15 12:56:00,1.0605883490253225,-9.259331507277027,11.873353090161803
2021-04-15 12:57:00,1.0717042580278862,-9.359022342369498,11.23327266195418
2021-04-15 12:58:00,1.0828094545784381,-9.030950503938318,11.546855876131989
2021-04-15 12:59:00,1.0939018839850183,-9.483306765142602,11.898962973688958
2021-04-15 13:00:00,1.1049794848563526,-8.817240415395935,11.64783094867357
2021-04-15 13:01:00,1.1160401891330378,-9.749373789105906,10.991650700837102
2021-04-15 13:02:00,1.1270819234179,-9.103884942761754,11.834474811781915
2021-04-15 13:03:00,1.1381026090002135,-9.485589991918692,11.547694450863279
2021-04-15 13:04:00,1.1491001625911437,-9.994856089026731,11.694619414948605
2021-04-15 13:05:00,1.1600724970336462,-9.287785103113968,12.24006995361676
2021-04-15 13:06:00,1.17101752165614,-9.13433054461469,11.08468087045576
2021-04-15 13:07:00,1.181933143119674,-9.355782897569838,12.343099252117737
2021-04-15 13:08:00,1.1928172658896097,-9.76089916145409,11.717539655302481
2021-04-15 13:09:00,1.203667792709181,-9.703453529208955,12.007725453206175
2021-04-15 13:10:00,1.2144826254160104,-8.430478710284016,11.424092057133919
2021-04-15 13:11:00,1.225259665483884,-9.304785141832568,11.942307384204328
2021-04-15 13:12:00,1.235996814452176,-10.11653742688893,12.74427510977737
2021-04-15 13:13:00,1.246691974790052,-9.640859522310095,11.843202657222404
2021-04-15 13:14:00,1.2573430502902252,-10.087953732943637,11.96872464618341
2021-04-15 13:15:00,1.2679479467682686,-9.946246308494207,10.864807188002361
2021-04-15 13:16:00,1.2785045728418507,-9.589631581203088,11.404904787571
2021-04-15 13:17:00,1.2890108399921987,-9.206385717495376,11.61761476557137
2021-04-15 13:18:00,1.29946466390736,-9.262020885759954,11.269892033246572
2021-04-15 13:19:00,1.3098639645555057,-9.97873406401724,11.653569946239319
2021-04-15 13:20:00,1.3202066669025858,-9.244260244379102,11.8821419903667
2021-04-15 13:21:00,1.3304907017501137,-9.265858063568588,11.649448863869777
2021-04-15 13:22:00,1.340714005995061,-9.8968417931407,11.63798603892251
2021-04-15 13:23:00,1.350874523575305,-9.868269903272235,11.926980997851505
2021-04-15 13:24:00,1.3609702058583506,-9.081263329365523,11.822105286416509
2021-04-15 13:25:00,1.370999012296817,-9.262126938998145,12.564746256020587
2021-04-15 13:26:00,1.3809589110917064,-9.289944118270975,12.570937831143567
2021-04-15 13:27:00,1.390847879760403,-9.679657678200742,11.781957541512204
2021-04-15 13:28:00,1.4006639057132806,-9.172963974425002,11.913279375607596
2021-04-15 13:29:00,1.4104049869466952,-9.882411331958066,11.46868908795305
2021-04-15 13:30:00,1.4200691324759176,-8.97824138378041,12.100096399737664
2021-04-15 13:31:00,1.4296543631646044,-8.400641386949287,12.536051268745275
2021-04-15 13:32:00,1.4391587122044063,-9.361870223614279,11.893361432559496
2021-04-15 13:33:00,1.448580225595332,-9.251403992293666,11.723488683306073
2021-04-15 13:34:00,1.4579169629592894,-9.175546264883664,12.676516075017757
2021-04-15 13:35:00,1.4671669979821145,-9.613062430658024,11.873201016041278
2021-04-15 13:36:00,1.4763284190224333,-8.79733702651533,12.049822477413716
2021-04-15 13:37:00,1.4853993298980739,-8.880000861008963,12.21782123358965
2021-04-15 13:38:00,1.4943778499670053,-9.7446318661579,11.927004984352845
2021-04-15 13:39:00,1.5032621153573378,-9.362368105657097,12.089889275648472
2021-04-15 13:40:00,1.5120502790578607,-8.375645115690135,12.585798171796215
2021-04-15 13:41:00,1.5207405116024446,-8.764597092652673,12.175722794496803
2021-04-15 13:42:00,1.5293310018401511,-9.170978257461726,11.114528031737189
2021-04-15 13:43:00,1.5378199571897342,-9.972888868996241,12.01956035816042
2021-04-15 13:44:00,1.546205604420583,-8.731807812489775,11.57622609092968
2021-04-15 13:45:00,1.5544861902027556,-8.881332411336908,12.308838002233236
2021-04-15 13:46:00,1.562659981444812,-8.990528369060929,11.969186104392882
2021-04-15 13:47:00,1.5707252661409794,-9.52441205989148,12.01312580863226
2021-04-15 13:48:00,1.5786803536717544,-9.939703974688973,12.074531933389096
2021-04-15 13:49:00,1.5865235754554279,-8.815609853462163,12.322517186889108
2021-04-15 13:50:00,1.5942532854655593,-9.079437397888912,11.99370405288205
2021-04-15 13:51:00,1.6018678606618832,-8.906407440739256,12.0292500297457
2021-04-15 13:52:00,1.6093657016741478,-8.402512905325818,11.94319679913985
2021-04-15 13:53:00,1.6167452333256582,-9.637159972248199,11.579711908815923
2021-04-15 13:54:00,1.6240049047248428,-8.77295730986642,12.166107798114341
2021-04-15 13:55:00,1.6311431904051918,-8.342572517046484,11.975989066176655
2021-04-15 13:56:00,1.6381585904051614,-9.219635630825985,11.715891267583368
2021-04-15 13:57:00,1.6450496307732503,-8.638470471738868,12.665044641145707
2021-04-15 13:58:00,1.6518148641944936,-8.71526629168351,13.230250821238677
2021-04-15 13:59:00,1.6584528704053705,-9.364169212162828,11.878344682367015
2021-04-15 14:00:00,1.6649622566084612,-8.672043815960606,12.59282133544941
2021-04-15 14:01:00,1.671341658073249,-8.77945059727752,12.16672853558657
2021-04-15 14:02:00,1.6775897383563196,-9.86906406265743,12.072173644991363
2021-04-15 14:03:00,1.6837051900269384,-9.237136054627863,12.782041254510732
2021-04-15 14:04:00,1.6896867348904183,-8.634171124464133,12.331082281889206
2021-04-15 14:05:00,1.6955331244531129,-9.147905631151644,12.019976468040799
2021-04-15 14:06:00,1.7012431405098896,-9.032113639813147,11.911403940507416
2021-04-15 14:07:00,1.706815595309958,-9.386840720484049,12.62600471255539
2021-04-15 14:08:00,1.7122493321118104,-8.64339639073172,12.53073217452564
2021-04-15 14:09:00,1.717543225672179,-8.69448015635495,11.491000814864906
2021-04-15 14:10:00,1.7226961823215285,-8.826011970906418,12.603896745559332
2021-04-15 14:11:00,1.7277071407090325,-8.846785874765159,12.625249544925364
2021-04-15 14:12:00,1.7325750719327062,-8.594562391651287,12.936975394384927
2021-04-15 14:13:00,1.7372989799852863,-8.801030054312616,12.797182674104134
2021-04-15 14:14:00,1.7418779021335,-8.287471016365698,13.234813392389986
2021-04-15 14:15:00,1.7463109091282734,-8.972737061435513,13.03145781115978
2021-04-15 14:16:00,1.7505971057757166,-9.048968100499408,11.696415443389398
2021-04-15 14:17:00,1.7547356310970823,-8.616159608079307,12.146034171888
2021-04-15 14:18:00,1.7587256586166222,-8.808031665702826,12.514493804765507
2021-04-15 14:19:00,1.7625663967576997,-8.553482218316029,12.334454372188457
2021-04-15 14:20:00,1.766257089167873,-8.564379117631777,11.960411246988006
2021-04-15 14:21:00,1.7697970148943467,-8.801954424143883,12.797861744902315
2021-04-15 14:22:00,1.7731854887192555,-8.185999353400787,11.578396043797108
2021-04-15 14:23:00,1.7764218614949439,-8.56871614276442,13.114622003890814
2021-04-15 14:24:00,1.7795055202465515,-8.846630709294331,12.267835270250952
2021-04-15 14:25:00,1.7824358886111973,-8.38248065087704,12.572164016909559
2021-04-15 14:26:00,1.785212426863282,-9.885228267747895,12.420803621644376
2021-04-15 14:27:00,1.7878346323653669,-8.017558148246884,12.176081921094315
2021-04-15 14:28:00,1.7903020395868345,-8.65771119358363,12.425930992636275
2021-04-15 14:29:00,1.7926142203995736,-8.450861551061859,13.202221161716889
2021-04-15 14:30:00,1.7947707843454386,-8.952279944249366,13.01718801237246
2021-04-15 14:31:00,1.796771378639639,-9.034584991484369,12.567513336230363
2021-04-15 14:32:00,1.7986156885524438,-8.740464817995623,12.536924233515675
2021-04-15 14:33:00,1.800303437363993,-9.073507179912454,12.541349351415272
2021-04-15 14:34:00,1.8018343867292876,-8.654182562638177,11.762196466198844
2021-04-15 14:35:00,1.8032083366262661,-8.632269457335374,11.81080044365503
2021-04-15 14:36:00,1.8044251255799197,-9.514738140480867,11.44689094482875
2021-04-15 14:37:00,1.8054846308419275,-8.039297927190908,11.859262033879657
2021-04-15 14:38:00,1.8063867683487769,-8.7279385053718,12.495739770653179
2021-04-15 14:39:00,1.8071314929105802,-9.057834941135159,13.26542436755871
2021-04-15 14:40:00,1.8077187983229912,-8.404030904595032,13.0231562653538
2021-04-15 14:41:00,1.8081487173995017,-9.418486123984348,12.324374969452538
2021-04-15 14:42:00,1.8084213220021486,-9.271712559044849,11.709020977776039
2021-04-15 14:43:00,1.8085367231033467,-9.103261182707687,11.694527274119388
2021-04-15 14:44:00,1.8084950709514196,-8.918789421594454,12.431232344878296
2021-04-15 14:45:00,1.8082965548827616,-8.788884822664196,12.687679404603532
2021-04-15 14:46:00,1.807941403520481,-8.406529668150467,12.09687612437988
2021-04-15 14:47:00,1.807429884691835,-8.950172929092558,12.28445438520978
2021-04-15 14:48:00,1.806762305460695,-8.840188751702684,12.068791273111
2021-04-15 14:49:00,1.805939012037149,-8.862458504670043,12.696119502416149
2021-04-15 14:50:00,1.8049603898632978,-8.41199297635243,12.62887980051294
2021-04-15 14:51:00,1.80382686347588,-8.204243350333096,12.283145111481325
2021-04-15 14:52:00,1.802538896539619,-8.632563606616559,12.440608578398484
2021-04-15 14:53:00,1.8010969916258506,-9.63167802727829,12.194077936000335
2021-04-15 14:54:00,1.7995016903601315,-8.798652726384173,12.088912844686023
2021-04-15 14:55:00,1.7977535731461098,-9.117347364776842,12.172499353878807
2021-04-15 14:56:00,1.795853259201973,-8.323730426513642,12.560855264513288
2021-04-15 14:57:00,1.7938014062882717,-8.910077853511758,12.100469350702467
2021-04-15 14:58:00,1.7915987108245932,-9.763611495476894,12.352246107738704
2021-04-15 14:59:00,1.7892459074894036,-9.021572376761283,12.344753730715356
2021-04-15 15:00:00,1.786743769261438,-8.159371034680799,12.040212134051732
2021-04-15 15:01:00,1.7840931072341326,-9.1854735196886,12.08768336232967
2021-04-15 15:02:00,1.7812947703458875,-8.262687860365038,11.7989965146086
2021-04-15 15:03:00,1.778349645323393,-8.143081108091506,11.626317843807195
2021-04-15 15:04:00,1.7752586564485684,-8.206657709799742,11.844102388204655
2021-04-15 15:05:00,1.7720227653235603,-9.180177797531718,12.587824217379032
2021-04-15 15:06:00,1.7686429707461009,-8.385531380196415,12.674422926621842
2021-04-15 15:07:00,1.7651203082581208,-8.957778025629954,11.992927455816787
2021-04-15 15:08:00,1.7614558503499282,-9.037388463033473,12.505186315293296
2021-04-15 15:09:00,1.7576507056668356,-8.300286509433628,12.232352182514894
2021-04-15 15:10:00,1.7537060191877585,-9.167680177182083,12.1753245360842
2021-04-15 15:11:00,1.749622971744057,-9.217348206962663,11.796789063975494
2021-04-15 15:12:00,1.7454027798007754,-8.823412875798335,12.500506629075094
2021-04-15 15:13:00,1.7410466951687993,-9.148897968634163,11.847179962097156
2021-04-15 15:14:00,1.7365560046303339,-9.649455690849063,12.773959000775633
2021-04-15 15:15:00,1.7319320297504437,-8.081758349294967,13.058594795571231
2021-04-15 15:16:00,1.7271761264902934,-8.987959896245727,12.382124123765724
2021-04-15 15:17:00,1.7222896848111058,-9.17662175565417,12.266876239344988
2021-04-15 15:18:00,1.7172741284559387,-9.176080794572673,11.647750066668838
2021-04-15 15:19:00,1.712130914517628,-9.715637240564568,12.079740209717121
2021-04-15 15:20:00,1.7068615330827284,-8.890475356539266,12.27512473487753
2021-04-15 15:21:00,1.7014675068749845,-8.287970349489878,12.36611327960216
2021-04-15 15:22:00,1.6959503908966544,-9.232843953514076,12.325065858466559
2021-04-15 15:23:00,1.6903117718378575,-9.394365233669756,12.15909799238266
2021-04-15 15:24:00,1.684553268077065,-8.780738289668854,12.905724066026858
2021-04-15 15:25:00,1.6786765288160574,-9.396935742902185,12.312575538619042
2021-04-15 15:26:00,1.6726832339576136,-8.29038334658108,12.782445188950764
2021-04-15 15:27:00,1.6674974819117425,-8.740936353874178,12.511339006752374
2021-04-15 15:28:00,1.6621986240610083,-9.144461559689741,12.457715541036569
2021-04-15 15:29:00,1.6567884295770363,-9.53902336287784,12.522569914874456
2021-04-15 15:30:00,1.6512686962648195,-9.68411055255126,12.116074494287396
2021-04-15 15:31:00,1.6456412503024533,-8.169543021725959,12.51012081611732
2021-04-15 15:32:00,1.6399079458591985,-8.803545355037597,11.320575643660408
2021-04-15 15:33:00,1.6340706643260807,-8.497161324107003,11.80444474828008
2021-04-15 15:34:00,1.6281313140413487,-8.598155010989448,12.713573729501011
2021-04-15 15:35:00,1.622091829728787,-9.277543671795911,12.701577389714686
2021-04-15 15:36:00,1.615954171926294,-9.294816209633328,11.920324009856731
2021-04-15 15:37:00,1.6097203265683722,-8.611423825445762,12.205513785158592
2021-04-15 15:38:00,1.6033923043095046,-8.4024049066959,11.875723644451313
2021-04-15 15:39:00,1.59697214011753,-7.992370591217824,11.96574690578284
2021-04-15 15:40:00,1.5904618927178475,-9.060071642153162,11.445401802469387
2021-04-15 15:41:00,1.5838636439440412,-8.969996288635416,12.934706164938092
2021-04-15 15:42:00,1.577179498159305,-8.158460438853409,12.294632452712772
2021-04-15 15:43:00,1.5704115819977202,-9.42285864165315,11.787377083517974
2021-04-15 15:44:00,1.56356204325192,-9.367403671950575,11.597066752363846
2021-04-15 15:45:00,1.5566330508916413,-9.151221693957472,12.520067599962625
2021-04-15 15:46:00,1.5496267939260049,-9.032175698014155,11.464520752200688
2021-04-15 15:47:00,1.5425454811286596,-8.68537366876324,11.570997018087551
2021-04-15 15:48:00,1.5353913404202995,-8.516129195440175,12.31774720360354
2021-04-15 15:49:00,1.5281666181122668,-9.020780908354993,12.112957209535914
2021-04-15 15:50:00,1.5208735784442866,-8.722489112653717,11.473020460794732
2021-04-15 15:51:00,1.5135145028507382,-8.760893761038856,12.388060625796776
2021-04-15 15:52:00,1.5060916893216991,-8.38035286943228,12.103453991423178
2021-04-15 15:53:00,1.4986074519663068,-8.576004574433629,11.370286040399503
2021-04-15 15:54:00,1.4910641200964592,-9.245002582758167,11.846779598629976
2021-04-15 15:55:00,1.483464037715204,-9.730016013674609,12.651825130228234
2021-04-15 15:56:00,1.4758095629967865,-9.352890298927196,12.79481249791111
2021-04-15 15:57:00,1.468103067339115,-8.810682840185217,12.334852700205655
2021-04-15 15:58:00,1.4603469349970122,-8.54528477517418,12.516390101217402
2021-04-15 15:59:00,1.4525435622460179,-8.6772028408484,12.702021020479352
2021-04-15 16:00:00,1.4446953566258005,-8.883573082413482,11.987781279861977
2021-04-15 16:01:00,1.436804736702877,-8.576647315922363,11.711620758667944
2021-04-15 16:02:00,1.4288741307673793,-9.743465215479533,11.347093831460437
2021-04-15 16:03:00,1.4209059766333936,-9.168938631948624,12.075399714282925
2021-04-15 16:04:00,1.412902720826616,-9.266723080428418,12.00891555735023
2021-04-15 16:05:00,1.4048668177735864,-8.958467752049625,11.89191387262896
2021-04-15 16:06:00,1.3968007293029743,-8.227969094334918,12.012741921606555
2021-04-15 16:07:00,1.3887069237907865,-9.381008954063379,11.341185333686713
2021-04-15 16:08:00,1.380587875505228,-8.776168658006783,12.221881715468887
2021-04-15 16:09:00,1.3724460640318492,-9.134647197377936,12.205928420088712
2021-04-15 16:10:00,1.364283973396248,-9.63817529888709,12.30499223469152
2021-04-15 16:11:00,1.3561040914167282,-9.02961750464657,11.845620508113937
2021-04-15 16:12:00,1.347908909119814,-9.417219789813402,11.577463445590313
2021-04-15 16:13:00,1.3397009198218206,-9.650424873463486,12.011520557871645
2021-04-15 16:14:00,1.3314826186396524,-9.678316797326623,12.001991362223885
2021-04-15 16:15:00,1.3232565016314957,-9.562579548705907,11.955570370654126
2021-04-15 16:16:00,1.3150250649784865,-9.575547270014258,11.976836822221726
2021-04-15 16:17:00,1.306790804735035,-9.43750863983289,12.208921296465816
2021-04-15 16:18:00,1.2985562155918244,-9.53867208516371,11.49319029383388
2021-04-15 16:19:00,1.2903237902970568,-9.151484439769336,11.980650692213496
2021-04-15 16:20:00,1.2820960193282656,-9.491833535156358,11.934004700991487
2021-04-15 16:21:00,1.2738753895051735,-9.247028170009232,11.77451699841615
2021-04-15 16:22:00,1.265664384006491,-9.554825032352356,10.869400245290699
2021-04-15 16:23:00,1.25746548099475,-8.626984932953262,12.320669500134741
2021-04-15 16:24:00,1.2492811533281358,-8.776647919845377,11.930599320129835
2021-04-15 16:25:00,1.241113867783941,-9.15708439534785,11.9493427229839
2021-04-15 16:26:00,1.2329660841964476,-9.12443443503242,12.453484339116057
2021-04-15 16:27:00,1.2248402548457846,-8.521781010232079,11.464362281190413
2021-04-15 16:28:00,1.2167388238339718,-9.132723684518556,12.285598861806914
2021-04-15 16:29:00,1.208664226169748,-9.894130315512875,11.596208963967854
2021-04-15 16:30:00,1.200618887306189,-9.374509518079812,11.292455346012265
2021-04-15 16:31:00,1.1926052222255354,-9.601043924310716,12.01158857578408
2021-04-15 16:32:00,1.1846256348313202,-9.35658527849563,11.179332659634822
2021-04-15 16:33:00,1.1766825173422597,-9.54033216164376,12.562832636582499
2021-04-15 16:34:00,1.168778249381985,-9.39682206667101,11.70738938131217
2021-04-15 16:35:00,1.1609151975329963,-9.892535184425967,11.829404158131396
2021-04-15 16:36:00,1.1530957144665461,-9.356435409158516,11.753871695642435
2021-04-15 16:37:00,1.1453221381938876,-10.400518475073646,11.98069712469473
2021-04-15 16:38:00,1.1375967918062966,-9.241219851439428,11.97847361393818
2021-04-15 16:39:00,1.1299219821960678,-9.245291992628935,11.454257782252169
2021-04-15 16:40:00,1.122299999811224,-10.325556892657461,11.536823749128597
2021-04-15 16:41:00,1.1147331179001825,-9.898259098625871,11.362303916888038
2021-04-15 16:42:00,1.1072235916996778,-10.020466217930192,11.966425937332065
2021-04-15 16:43:00,1.099773657989428,-10.416965845342432,11.32904063693184
2021-04-15 16:44:00,1.0923855342304938,-9.365548434705527,11.93841085908626
2021-04-15 16:45:00,1.085061418005324,-9.628213975458912,12.073489867010073
2021-04-15 16:46:00,1.0778034864617243,-9.367958277722483,12.51015866754975
2021-04-15 16:47:00,1.0706138955016504,-9.686057844706548,11.932319674713876
2021-04-15 16:48:00,1.0634947792091571,-10.037384335309968,11.78681581143684
2021-04-15 16:49:00,1.056448249331124,-8.813331405433516,12.166911847353175
2021-04-15 16:50:00,1.049476394456445,-9.701640089859431,11.309512472648734
2021-04-15 16:51:00,1.0425812795819551,-9.960713437826126,12.234086678512169
2021-04-15 16:52:00,1.0357649453945479,-9.19690726308336,12.057234898182212
2021-04-15 16:53:00,1.0290294075651731,-9.61981683636467,11.498942021956777
2021-04-15 16:54:00,1.0223766565251973,-8.912018120641468,11.261932623755463
2021-04-15 16:55:00,1.0158086564462379,-9.675858989729132,11.592613924754911
2021-04-15 16:56:00,1.0093273447905322,-9.057383245366085,11.954091555985883
2021-04-15 16:57:00,1.0029346320113754,-9.421048365103543,11.504958632050426
2021-04-15 16:58:00,0.9966324004459238,-9.065053232040187,12.11997416793526
2021-04-15 16:59:00,0.9904225043643728,-9.524026154885902,12.313514872162147
2021-04-15 17:00:00,0.9843067688451907,-9.336025613622274,12.261052098797993
2021-04-15 17:01:00,0.9782869896198587,-10.02420024053917,11.192137115808817
2021-04-15 17:02:00,0.9723649324059404,-9.969118708509606,11.025407108825583
2021-04-15 17:03:00,0.966542332341826,-10.061892581699887,11.387632141852997
2021-04-15 17:04:00,0.9608208935013167,-9.291388123522404,11.441372283715559
2021-04-15 17:05:00,0.9552022884038757,-9.213083138242686,11.616979865500568
2021-04-15 17:06:00,0.9496881574373852,-9.513804059614115,10.50609927138589
2021-04-15 17:07:00,0.9442801084875903,-9.65273304027021,10.980391290081215
2021-04-15 17:08:00,0.9389797162909285,-10.752033537832698,11.426807519729278
2021-04-15 17:09:00,0.9337885220393185,-10.383814232135515,11.808538475051293
2021-04-15 17:10:00,0.9287080329901034,-9.429243587980695,10.347219086018939
2021-04-15 17:11:00,0.9237397218930722,-9.541085301384442,11.215081085049992
2021-04-15 17:12:00,0.9188850264724222,-9.92054773565216,11.113065749286346
2021-04-15 17:13:00,0.914145349312582,-8.982752502224464,11.954326949241485
2021-04-15 17:14:00,0.9095220569587765,-9.994622597469817,10.776257538296575
2021-04-15 17:15:00,0.9050164799951834,-9.045151763082059,11.548764142993928
2021-04-15 17:16:00,0.9006299121767728,-10.242555622364154,11.492504674005156
2021-04-15 17:17:00,0.8963636103504441,-8.985013728294305,11.527623625584454
2021-04-15 17:18:00,0.892218793988803,-10.627510691539362,11.602111608397507
2021-04-15 17:19:00,0.8881966446828091,-9.30954685853886,11.557818540893459
2021-04-15 17:20:00,0.8842983059766419,-10.503587793178195,11.963637345641994
2021-04-15 17:21:00,0.8805248828732536,-9.782334410964157,11.893567949559563
2021-04-15 17:22:00,0.8768774414824523,-10.02204514205326,10.39619394458705
2021-04-15 17:23:00,0.873357008833336,-10.01541131391067,10.969364251768944
2021-04-15 17:24:00,0.8699645723504705,-9.104182754259767,11.947571916825401
2021-04-15 17:25:00,0.8667010797127542,-10.172521265725479,12.233025565609376
2021-04-15 17:26:00,0.8635674384481822,-10.01250587577466,10.785989025584941
2021-04-15 17:27:00,0.8605645156928566,-10.540272481351797,10.2912034192795
2021-04-15 17:28:00,0.8576931379433149,-10.149443754598682,11.113710136400403
2021-04-15 17:29:00,0.8549540906963257,-9.178927854205895,10.968940660441401
2021-04-15 17:30:00,0.8523481182014049,-9.259087888153559,11.407458301623363
2021-04-15 17:31:00,0.8498759234586395,-9.72113044137934,11.813273588441563
2021-04-15 17:32:00,0.847538167612193,-9.79454013533798,11.322088853945788
2021-04-15 17:33:00,0.8453354699643816,-10.0972884881453,11.650517354190265
2021-04-15 17:34:00,0.8432684078001097,-9.331543713725793,12.434394118307948
2021-04-15 17:35:00,0.8413375160552223,-10.014587020020453,11.237630406166215
2021-04-15 17:36:00,0.8395432872094706,-9.181344060621425,11.811248769502006
2021-04-15 17:37:00,0.8378861711347563,-10.305634921976003,10.833199713535528
2021-04-15 17:38:00,0.8363665748568219,-10.401556063329519,10.579090111611825
2021-04-15 17:39:00,0.8349848625543685,-9.983616458864065,11.286895567430927
2021-04-15 17:40:00,0.8337413552492469,-9.350123966196225,11.746413993491034
2021-04-15 17:41:00,0.8326363308432104,-8.80208937934058,12.690112644739681
2021-04-15 17:42:00,0.8316700239562607,-9.779245024262986,10.839444126003249
2021-04-15 17:43:00,0.8308426257549072,-8.89346975489177,11.334499257322186
2021-04-15 17:44:00,0.8301542840110055,-9.889112067157926,11.865085708549374
2021-04-15 17:45:00,0.8296051029618171,-10.576020205646987,10.730672258258796
2021-04-15 17:46:00,0.8291951431952606,-9.706536714852655,10.773401426290183
2021-04-15 17:47:00,0.828924421755261,-9.856954485669888,11.12003294699492
2021-04-15 17:48:00,0.8287929119385845,-10.01239201452467,11.988038673355254
2021-04-15 17:49:00,0.8288005434622555,-10.121591982592134,10.342922452595012
2021-04-15 17:50:00,0.8289472022568432,-9.554731942250417,11.702319891676645
2021-04-15 17:51:00,0.8292327306731901,-9.959613212951094,11.541911013388132
2021-04-15 17:52:00,0.8296569273820775,-10.009641169111799,11.983344402614348
2021-04-15 17:53:00,0.8302195474225946,-9.966987753642595,11.16508204068378
2021-04-15 17:54:00,0.830920302254953,-9.952496252715353,11.451083638968806
2021-04-15 17:55:00,0.8317588598674949,-9.298369612147317,10.735212641820748
2021-04-15 17:56:00,0.8327348448273727,-9.478961707967997,12.00191030592375
2021-04-15 17:57:00,0.8338478382849038,-10.107035807753423,11.993937773363474
2021-04-15 17:58:00,0.8350973781928352,-9.768991559024544,11.721443201314152
2021-04-15 17:59:00,0.8364829593905121,-9.959404492997969,11.37205727524386
2021-04-15 18:00:00,0.8380040336057497,-9.106751288283197,10.465155055609523
2021-04-15 18:01:00,0.8396600098052971,-10.44429310403513,11.184212640661519
2021-04-15 18:02:00,0.8414502541351923,-9.182802647303074,11.464330361671761
2021-04-15 18:03:00,0.84337409024886,-10.06732370038028,11.785409686170564
2021-04-15 18:04:00,0.8454307993480716,-9.698929333292448,11.223615058292665
2021-04-15 18:05:00,0.8476196204708681,-10.065880002849617,11.372593876334763
2021-04-15 18:06:00,0.8499397506726499,-10.130915616243424,11.216854695143244
2021-04-15 18:07:00,0.8523903451912684,-9.747586172703707,11.83459370182746
2021-04-15 18:08:00,0.8549705176965255,-9.861987531756414,11.657340129395463
2021-04-15 18:09:00,0.8576793405423673,-10.18338244292236,11.551001952622993
2021-04-15 18:10:00,0.8605158450681069,-9.729356394727942,11.486832404119314
2021-04-15 18:11:00,0.8634790216781325,-9.658776234935473,11.300957533986786
2021-04-15 18:12:00,0.8665678203788861,-10.15106124292315,11.087765339806571
2021-04-15 18:13:00,0.8697811508270744,-9.550819996067858,11.03607998991032
2021-04-15 18:14:00,0.8731178827722532,-9.924767680700358,11.9971274049751
2021-04-15 18:15:00,0.8765768463527447,-10.940829609306318,10.982366631867851
2021-04-15 18:16:00,0.8801568323645783,-9.538601817643706,11.53460995152761
2021-04-15 18:17:00,0.8838565926173803,-9.739547722084456,12.03769086563797
2021-04-15 18:18:00,0.8876748402916221,-9.647446414982042,11.758295684593438
2021-04-15 18:19:00,0.8916102503008413,-10.075852086313363,10.94551320112
2021-04-15 18:20:00,0.8956614597197642,-10.399773493447638,11.462904990148926
2021-04-15 18:21:00,0.8998270679628487,-9.70817213173627,10.94764207016673
2021-04-15 18:22:00,0.9041056374439302,-9.693183190810448,11.830021462303815
2021-04-15 18:23:00,0.9084956938572665,-10.053458750795702,11.390103275177143
2021-04-15 18:24:00,0.9129957264621422,-9.231298629967322,11.04394967488168
2021-04-15 18:25:00,0.9176041887761934,-9.132258344541704,10.720895784243922
2021-04-15 18:26:00,0.9223194988477226,-9.69406740615592,11.884694796100597
2021-04-15 18:27:00,0.9271400396528118,-9.695125149182019,11.283818053438454
2021-04-15 18:28:00,0.932064159755187,-10.077574926564834,11.238362958326787
2021-04-15 18:29:00,0.9370901735066965,-9.67880910032528,12.052155678096234
2021-04-15 18:30:00,0.9422163618695218,-9.366321290830806,12.230077806211865
2021-04-15 18:31:00,0.9474409725618131,-9.894549364728292,11.371689348030662
2021-04-15 18:32:00,0.9527622207748143,-9.613363206556507,11.838018871129547
2021-04-15 18:33:00,0.9581782895784638,-9.656577643156197,11.762600316171163
2021-04-15 18:34:00,0.9636873305907386,-9.622953634978147,11.665444818973436
2021-04-15 18:35:00,0.9692874642369271,-9.03373715084499,10.352644347208674
2021-04-15 18:36:00,0.9749767806197073,-9.410537415578187,10.869834143888898
2021-04-15 18:37:00,0.9807533398205622,-9.433773292840808,10.963928682909563
2021-04-15 18:38:00,0.9866151725329344,-8.72776918981067,11.487189133890713
2021-04-15 18:39:00,0.9925602807219279,-9.535378913538167,10.833228792208597
2021-04-15 18:40:00,0.9985866380557009,-9.774178199247414,10.706720001177006
2021-04-15 18:41:00,1.0046921905526272,-9.569597046875485,11.531643482333202
2021-04-15 18:42:00,1.0108748572775037,-9.597359312826269,11.98598890676883
2021-04-15 18:43:00,1.017132530670544,-9.449256310490165,12.497838531374933
2021-04-15 18:44:00,1.0234630776208946,-9.781424401849046,10.89414149639329
2021-04-15 18:45:00,1.029864339447105,-9.187439036677093,11.72556240594673
2021-04-15 18:46:00,1.036334133224407,-9.386909353045725,11.77373315626515
2021-04-15 18:47:00,1.0428702518857613,-9.515169061356469,10.777758110251611
2021-04-15 18:48:00,1.0494704651136708,-10.006996275002065,10.864069881521658
2021-04-15 18:49:00,1.0561325199365668,-9.578640389671124,11.810232947165527
2021-04-15 18:50:00,1.0628541413677244,-9.841538326205624,12.359793951632076
2021-04-15 18:51:00,1.0696330331678097,-9.36755264326224,12.104838532172954
2021-04-15 18:52:00,1.0764668783697424,-9.225068441444792,11.60458254578717
2021-04-15 18:53:00,1.0833533400313617,-9.71137815312771,11.609741668472493
2021-04-15 18:54:00,1.0902900619976692,-8.570597011954776,11.755899105805657
2021-04-15 18:55:00,1.0972746694446294,-9.624496904080027,11.449208593613077
2021-04-15 18:56:00,1.1043047696723316,-8.813540187650482,11.749046513084286
2021-04-15 18:57:00,1.1113779527931678,-9.48103300807385,11.4088969737571
2021-04-15 18:58:00,1.1184917924312061,-9.72951942968719,11.72868695451495
2021-04-15 18:59:00,1.125643846398396,-10.148867494837475,10.639609557786304
2021-04-15 19:00:00,1.1328316576388788,-10.18671477452437,12.10771821485146
2021-04-15 19:01:00,1.1400527176053656,-9.11046121633021,11.274374364928564
2021-04-15 19:02:00,1.1473045781439661,-9.794090451834826,11.492057656518108
2021-04-15 19:03:00,1.1545847413693082,-9.857944600783677,12.174298747692717
2021-04-15 19:04:00,1.1618906971615819,-8.634604072794131,11.678241827658107
2021-04-15 19:05:00,1.16921992418673,-9.465386622566836,11.227403461128876
2021-04-15 19:06:00,1.1765698902919683,-8.874053209521293,10.901117396775666
2021-04-15 19:07:00,1.1839380536315618,-9.070959079901812,11.767303840149312
2021-04-15 19:08:00,1.1913218632370057,-9.427849052827977,11.790069921144106
2021-04-15 19:09:00,1.1987187596461006,-9.575525764258252,11.813778938618038
2021-04-15 19:10:00,1.2061261759810793,-9.257645937825892,12.318546101649458
2021-04-15 19:11:00,1.2135415384539827,-8.521261664725996,10.762231782692341
2021-04-15 19:12:00,1.2209622672354634,-9.916174128775836,11.896905598596469
2021-04-15 19:13:00,1.228385777233624,-8.682506081098609,11.893153453337211
2021-04-15 19:14:00,1.2358094788108072,-9.21457921105103,11.619497708516384
2021-04-15 19:15:00,1.2432307786776895,-9.68497426371107,12.354841917938598
2021-04-15 19:16:00,1.2506470805274197,-8.594559655410732,11.978412098797435
2021-04-15 19:17:00,1.2580557858656076,-9.255921416502057,12.798578583098982
2021-04-15 19:18:00,1.26545429485734,-9.139938993433374,12.21365187159168
2021-04-15 19:19:00,1.272840007098336,-9.43277978082121,12.016010945902169
2021-04-15 19:20:00,1.2802103221793706,-8.82686874499011,13.0030810103876
2021-04-15 19:21:00,1.287562640876662,-8.868788977008645,12.091661658296298
2021-04-15 19:22:00,1.2948943654776748,-8.944953806208293,12.524497756270868
2021-04-15 19:23:00,1.3022029009719776,-9.022799142082562,12.335960014882584
2021-04-15 19:24:00,1.3094856556153491,-9.364898271115434,12.430584543045084
2021-04-15 19:25:00,1.3167400417059385,-8.338220408234015,12.17948067589681
2021-04-15 19:26:00,1.323963476456914,-9.18069365766397,11.661199918077063
2021-04-15 19:27:00,1.3311533827429145,-9.005266532711003,12.563243930670291
2021-04-15 19:28:00,1.3383071898458208,-9.424833022473544,12.08811316994396
2021-04-15 19:29:00,1.3454223343714031,-9.49227504565354,11.956185331293687
2021-04-15 19:30:00,1.3524962607764333,-9.424762207718778,10.965224094475612
2021-04-15 19:31:00,1.3595264224315864,-8.56515909102375,12.294144883767066
2021-04-15 19:32:00,1.3665102822667325,-9.75958955591427,11.898947785357539
2021-04-15 19:33:00,1.373445313422285,-10.40923736612531,11.987677125558443
2021-04-15 19:34:00,1.380329000296438,-10.068866622831832,11.32218856473817
2021-04-15 19:35:00,1.3871588390705745,-9.33572468710332,13.143590980624865
2021-04-15 19:36:00,1.3939323385857918,-9.214633523633118,11.962825359684086
2021-04-15 19:37:00,1.4006470211858895,-9.056700570352866,12.463720138196
2021-04-15 19:38:00,1.407300423192623,-8.645499115907782,12.265390644999648
2021-04-15 19:39:00,1.4138900960850278,-9.440239132673911,12.901843175688596
2021-04-15 19:40:00,1.4204136069095865,-9.156025672564446,11.972502570689592
2021-04-15 19:41:00,1.4268685390825242,-8.693552979907471,11.699623861417571
2021-04-15 19:42:00,1.4332524933796762,-9.249090265170706,12.635056795912696
2021-04-15 19:43:00,1.439563088306206,-8.962335422411137,12.341053121126398
2021-04-15 19:44:00,1.4457979611837826,-9.224994880399935,12.261232423048263
2021-04-15 19:45:00,1.4519547686904257,-9.123135090516122,12.35154262166894
2021-04-15 19:46:00,1.4580311875891552,-8.76436242361591,11.208037453684083
2021-04-15 19:47:00,1.4640249155114136,-8.663404661654264,12.146008822183129
2021-04-15 19:48:00,1.4699336716973708,-9.74844126267086,12.379104638322891
2021-04-15 19:49:00,1.4757551976083965,-9.765766004107677,12.663861415414653
2021-04-15 19:50:00,1.4814872577298737,-9.148358423658383,12.42603532275328
2021-04-15 19:51:00,1.487127640212579,-9.803604796753154,12.449991843434391
2021-04-15 19:52:00,1.4926741575947478,-8.734716501223412,11.535028098449725
2021-04-15 19:53:00,1.4981246475344339,-8.679321894955548,11.836019276815822
2021-04-15 19:54:00,1.5034769733416409,-9.500256175350305,11.803131690077882
2021-04-15 19:55:00,1.5087290248383505,-9.153836512699755,11.433315517505834
2021-04-15 19:56:00,1.5138787189602125,-9.064984123785383,11.957974715420919
2021-04-15 19:57:00,1.5189240002827908,-8.091165822616048,12.552516962181324
2021-04-15 19:58:00,1.5238628419296805,-8.94325109909372,12.702457985877823
2021-04-15 19:59:00,1.5286932459686888,-9.348653366308353,12.071098394553811
2021-04-15 20:00:00,1.5334132442517598,-9.288767241034101,11.577525262162373
2021-04-15 20:01:00,1.5380208989054902,-9.110269857229499,10.856116385632726
2021-04-15 20:02:00,1.5425143029964699,-9.40270848744405,11.756685656198446
2021-04-15 20:03:00,1.5468915811931616,-9.03748796749953,11.543229372309144
2021-04-15 20:04:00,1.5511508903014202,-9.050020062651033,12.71624713719041
2021-04-15 20:05:00,1.5552904198874897,-8.798750092023296,12.245842564551138
2021-04-15 20:06:00,1.5593083928833367,-8.630315802302876,12.264269421777136
2021-04-15 20:07:00,1.5632030661350773,-8.966768451715666,12.79435545225679
2021-04-15 20:08:00,1.5669727309908112,-8.853350974886542,12.152960669098112
2021-04-15 20:09:00,1.570615713878223,-8.56702938941959,12.32475863468514
2021-04-15 20:10:00,1.5741303768021417,-9.790958916564602,12.476290247080225
2021-04-15 20:11:00,1.5775151179247686,-8.895937725957674,11.721625450740753
2021-04-15 20:12:00,1.5807683721172017,-8.518475442604267,11.861080420873067
2021-04-15 20:13:00,1.5838886114008486,-8.642173120300047,12.775839547867257
2021-04-15 20:14:00,1.5868743455664143,-8.679652920865655,12.309881363816933
2021-04-15 20:15:00,1.5897241225507046,-8.634223627054213,12.204773879571576
2021-04-15 20:16:00,1.592436529045356,-9.351103260937833,12.374838389535043
2021-04-15 20:17:00,1.5950101909157608,-8.764833734566631,11.84302451076175
2021-04-15 20:18:00,1.5974437736238678,-9.547004333159116,12.30128960149429
2021-04-15 20:19:00,1.5997359828109472,-9.043982563087996,12.088981080886034
2021-04-15 20:20:00,1.601885564606499,-8.51414470029883,11.815925228418841
2021-04-15 20:21:00,1.6038913061659625,-8.956794220719825,12.53738860428748
2021-04-15 20:22:00,1.605752036034442,-9.182835658627065,12.023855673104372
2021-04-15 20:23:00,1.6074666245788243,-8.569241671934158,12.187141069311767
2021-04-15 20:24:00,1.6090339843949921,-8.870508266997236,12.405194474264894
2021-04-15 20:25:00,1.610453070679521,-8.820320483060827,12.645418181040418
2021-04-15 20:26:00,1.6117228816169278,-8.79600963987548,12.33563748081016
2021-04-15 20:27:00,1.6128424587447827,-8.83291741669475,12.470024551473156
2021-04-15 20:28:00,1.6138108872978454,-9.279550559216377,12.637342740187433
2021-04-15 20:29:00,1.6146272965577957,-9.071330354671934,11.715268331736343
2021-04-15 20:30:00,1.6152908601719131,-9.392337252684914,12.47994198120276
2021-04-15 20:31:00,1.615800796478646,-9.344373376670521,12.414181554864644
2021-04-15 20:32:00,1.6161563688038951,-9.277940594092486,11.840872928691956
2021-04-15 20:33:00,1.616356885736582,-8.785071038181606,12.710528492433097
2021-04-15 20:34:00,1.6164017014527077,-9.576269168256509,12.353895295757274
2021-04-15 20:35:00,1.6162902159089405,-8.34949501116361,12.660478253985646
2021-04-15 20:36:00,1.6160218751787507,-8.4236079842283,11.696739868937227
2021-04-15 20:37:00,1.6155961716073022,-9.329587997493826,12.037524762634293
2021-04-15 20:38:00,1.6150126440840593,-8.031918225077268,11.774848282710986
2021-04-15 20:39:00,1.6142708782714787,-8.659779547572516,11.83571805106503
2021-04-15 20:40:00,1.6133705067529207,-8.490829259622174,11.58824107218552
2021-04-15 20:41:00,1.6123112092414011,-9.187950390560111,12.477276234634845
2021-04-15 20:42:00,1.6110927127920809,-9.449462361639968,11.847177628549261
2021-04-15 20:43:00,1.6097147918802535,-8.93452489495417,12.500710611742187
2021-04-15 20:44:00,1.6081772686271603,-9.695665735246665,12.264898208177147
2021-04-15 20:45:00,1.6064800128779249,-9.172328149361457,12.716254702688635
2021-04-15 20:46:00,1.6046229423379599,-8.756398849196492,11.59959113643522
2021-04-15 20:47:00,1.602606022702842,-8.783439435504661,12.434248740269949
2021-04-15 20:48:00,1.6004292677037304,-9.217770239430243,13.009144996884206
2021-04-15 20:49:00,1.5980927391714395,-9.151262162344535,12.445816754871794
2021-04-15 20:50:00,1.595596547241943,-8.872725273130717,12.323770909748793
2021-04-15 20:51:00,1.5929408501651214,-9.727297486434454,11.924734719507773
2021-04-15 20:52:00,1.590125854617792,-8.208690389967112,13.09442292062444
2021-04-15 20:53:00,1.5871518154692423,-8.900730095481421,11.318720728466548
2021-04-15 20:54:00,1.5840190359400306,-8.760006442504872,11.973675813632095
2021-04-15 20:55:00,1.580727867595395,-10.266720282064695,11.632409626771642
2021-04-15 20:56:00,1.577278710270119,-8.6132471943444,12.296220073895524
2021-04-15 20:57:00,1.5736720120318668,-9.603974392361778,11.799634976586292
2021-04-15 20:58:00,1.5699082692148099,-8.884165294013313,12.214154647170924
2021-04-15 20:59:00,1.5659880262607027,-8.871410332886354,12.47057838177342
2021-04-15 21:00:00,1.5619118757280475,-8.660303031653038,11.381871414574395
2021-04-15 21:01:00,1.5576804581474342,-9.016294525213763,11.800944614838905
2021-04-15 21:02:00,1.5532944618955966,-8.738618485613557,12.68391659700809
2021-04-15 21:03:00,1.548754623226981,-9.320800994714434,12.241748378706788
2021-04-15 21:04:00,1.5440617259229712,-8.753110444044834,12.346715017360673
2021-04-15 21:05:00,1.5392166013516535,-8.897209262425205,12.052438409145704
2021-04-15 21:06:00,1.5342201281927133,-8.881451048018803,12.317519196965549
2021-04-15 21:07:00,1.529073232262284,-9.406716859961342,11.732271338316707
2021-04-15 21:08:00,1.5237768864360932,-9.209178647961036,11.892195675135643
2021-04-15 21:09:00,1.5183321103590153,-8.554094900053247,11.656653007594564
2021-04-15 21:10:00,1.5127399701530306,-9.19303332776418,12.459897540405073
2021-04-15 21:11:00,1.507001578525235,-9.119837951410265,12.342876319964157
2021-04-15 21:12:00,1.5011180939871152,-8.866909145859905,12.08740889631167
2021-04-15 21:13:00,1.4950907212735542,-9.309455362318916,11.677193113550736
2021-04-15 21:14:00,1.4889207103967828,-9.391883400334072,13.032040358787455
2021-04-15 21:15:00,1.4826093568526402,-9.782214344978883,12.292166069106385
2021-04-15 21:16:00,1.4761580011690987,-9.677891793696844,12.542713610228526
2021-04-15 21:17:00,1.4695680285733432,-9.13548570827062,11.717055922363038
2021-04-15 21:18:00,1.4628408686553178,-9.064004543929888,11.403193445926288
2021-04-15 21:19:00,1.4559779951723892,-9.046457901678293,11.143148534331562
2021-04-15 21:20:00,1.448980925542479,-9.529094782728531,12.127186781116086
2021-04-15 21:21:00,1.4418512206393115,-8.973178678579057,12.20307750060092
2021-04-15 21:22:00,1.4345904842529926,-9.539262030527492,11.962318611255231
2021-04-15 21:23:00,1.4272003628496002,-8.58348507790891,12.791741411848067
2021-04-15 21:24:00,1.4196825451627368,-8.999700900227419,11.424885984034487
2021-04-15 21:25:00,1.4120387617581966,-8.656202254243498,11.379176843515216
2021-04-15 21:26:00,1.4042707844078788,-8.781717582921136,11.799052557852017
2021-04-15 21:27:00,1.3963804262720763,-9.517581362563522,11.084480595800105
2021-04-15 21:28:00,1.3883695405862024,-9.566867387234286,11.388634252639317
2021-04-15 21:29:00,1.3802400210841481,-9.36312487717884,11.536740249770752
2021-04-15 21:30:00,1.3719938008027637,-8.463763081471178,11.331864309377362
2021-04-15 21:31:00,1.3636328520575616,-8.955989064541068,12.119689624257097
2021-04-15 21:32:00,1.3551591858504584,-9.85580375287591,12.485639664943212
2021-04-15 21:33:00,1.3465748512222144,-9.44175471096773,12.17719668285386
2021-04-15 21:34:00,1.3378819349051831,-9.705832122883725,12.406605989012473
2021-04-15 21:35:00,1.3290825608005545,-9.290366000598512,11.69792947110723
2021-04-15 21:36:00,1.320178889236051,-9.118595146036112,11.997827140590326
2021-04-15 21:37:00,1.3111731167844791,-8.79213674198582,11.88748286226478
2021-04-15 21:38:00,1.3020674753019423,-9.821027733941667,11.323918580744069
2021-04-15 21:39:00,1.2928642316338914,-9.344957313584802,12.153313187632985
2021-04-15 21:40:00,1.2835656869977372,-8.91541667214299,12.702415135702063
2021-04-15 21:41:00,1.2741741763615246,-9.646644353635855,11.720920195880597
2021-04-15 21:42:00,1.2646920676183153,-8.950826719480126,11.776526066946598
2021-04-15 21:43:00,1.2551217616087944,-9.32103012093222,11.564464512797827
2021-04-15 21:44:00,1.2454656906734634,-8.790035922128368,11.06666178964765
2021-04-15 21:45:00,1.2357263188405412,-9.151921677739537,12.607857184722343
2021-04-15 21:46:00,1.2259061405547695,-8.535217679502024,12.46016276548707
2021-04-15 21:47:00,1.2160076802159479,-9.574082235512803,11.694057015468617
2021-04-15 21:48:00,1.2060334919230156,-9.172828008891527,11.866114464692066
2021-04-15 21:49:00,1.1959861580553042,-9.924632318332543,11.617651051196361
2021-04-15 21:50:00,1.1858682894451449,-9.559205048422642,12.537557088328262
2021-04-15 21:51:00,1.1756825239348005,-9.69918800446929,11.177696625034635
2021-04-15 21:52:00,1.1654315261307975,-9.724202475004928,11.941684056552662
2021-04-15 21:53:00,1.1551179866909989,-8.917961776052909,12.066741009630361
2021-04-15 21:54:00,1.1447446214474322,-9.919406206403778,10.784906317063319
2021-04-15 21:55:00,1.1343141707786968,-9.340856668979246,12.04183196063877
2021-04-15 21:56:00,1.1238293989772352,-9.63462760266711,11.996376456856416
2021-04-15 21:57:00,1.113293093256753,-9.366848838888242,12.420751618986987
2021-04-15 21:58:00,1.1027080634454915,-9.903985666971664,11.579823753425005
2021-04-15 21:59:00,1.092077140790867,-8.812817829147079,11.935888125497824
2021-04-15 22:00:00,1.081403177414766,-9.111003426778586,11.201276198191286
2021-04-15 22:01:00,1.070689045768131,-9.602489134651305,11.526384791045436
2021-04-15 22:02:00,1.0599376374759293,-8.576561573187128,11.735816491011366
2021-04-15 22:03:00,1.0491518626690912,-9.221539282952639,11.247323902363778
2021-04-15 22:04:00,1.0383346496596355,-9.134816545462419,11.148046178121131
2021-04-15 22:05:00,1.0274889433480328,-9.412563382440663,11.766805125838161
2021-04-15 22:06:00,1.0166177053708922,-9.698005224011679,11.51314733394722
2021-04-15 22:07:00,1.0057239123716764,-9.560403140123169,11.488034038394645
2021-04-15 22:08:00,0.994810555925778,-8.82327696597947,11.76977701918401
2021-04-15 22:09:00,0.9838806414769388,-9.287585757979375,11.91541706398054
2021-04-15 22:10:00,0.9729371875000059,-10.127639326368083,11.455437790679392
2021-04-15 22:11:00,0.9619832246322367,-10.20774719453418,11.844818002341151
2021-04-15 22:12:00,0.9510217952011366,-10.185804467230687,11.209541724701447
2021-04-15 22:13:00,0.9400559519067484,-9.029233624910468,11.550705585438074
2021-04-15 22:14:00,0.9290887574496182,-9.366167777908641,11.614585335442891
2021-04-15 22:15:00,0.9181232834574229,-9.288009448494243,11.12793572273072
2021-04-15 22:16:00,0.9071626096463723,-9.412064550673328,12.462723949993594
2021-04-15 22:17:00,0.8962098232075315,-9.824969308636094,12.830596303791562
2021-04-15 22:18:00,0.8852680177923765,-9.949203390686861,11.040919032545988
2021-04-15 22:19:00,0.8743402925342574,-9.956749435287579,11.131974293757175
2021-04-15 22:20:00,0.86342975181251,-10.304332107432094,11.699050094814075
2021-04-15 22:21:00,0.8525395034392169,-8.595478035928899,11.224286656696219
2021-04-15 22:22:00,0.8416726590131298,-10.036786350809196,10.760883101521594
2021-04-15 22:23:00,0.8308323318736026,-9.695890135772906,11.200515450315091
2021-04-15 22:24:00,0.8200216370678557,-9.715038586002867,11.834045250575828
2021-04-15 22:25:00,0.809243690436886,-9.991968920886872,11.886804909869326
2021-04-15 22:26:00,0.7985016072828565,-9.13370769361918,11.833272910065292
2021-04-15 22:27:00,0.7877985019433243,-9.682619752647435,11.173767776396382
2021-04-15 22:28:00,0.7771374869280409,-10.07565658964926,11.35039167751991
2021-04-15 22:29:00,0.7665216718748015,-9.708882426780379,11.91754374814776
2021-04-15 22:30:00,0.7559541629134211,-9.754700094538808,12.526829683107259
2021-04-15 22:31:00,0.7454380615769658,-9.904957443319685,11.073927894332277
2021-04-15 22:32:00,0.734976464171133,-9.2320832437708,11.271983456154837
2021-04-15 22:33:00,0.7245724608823082,-9.944858980704915,11.348090598468854
2021-04-15 22:34:00,0.7142291348251277,-10.718675990487501,10.506691714038713
2021-04-15 22:35:00,0.7039495613518524,-9.503009432723864,11.07747271464086
2021-04-15 22:36:00,0.6937367688899999,-10.089405553471359,10.872777005389864
2021-04-15 22:37:00,0.6835938526997599,-9.645902010944566,11.108651688159249
2021-04-15 22:38:00,0.6735238596021237,-9.938183697014049,11.47274311782838
2021-04-15 22:39:00,0.6635298251883035,-9.757186053835328,11.052508325012086
2021-04-15 22:40:00,0.6536147728769703,-9.408434927642856,11.542229287535964
2021-04-15 22:41:00,0.643781713509545,-10.388678935302424,11.128938051786651
2021-04-15 22:42:00,0.6340336439065778,-10.28964291775024,11.669880431006597
2021-04-15 22:43:00,0.6243735467665211,-10.458093401050855,11.335938590399548
2021-04-15 22:44:00,0.6148043891351076,-9.594782346205452,11.446150681798134
2021-04-15 22:45:00,0.6053291219814794,-9.388178241465418,11.647099515951073
2021-04-15 22:46:00,0.5959506794996519,-9.97950329207434,12.609663357558027
2021-04-15 22:47:00,0.5866719778880458,-10.08623104674329,11.749581786553984
2021-04-15 22:48:00,0.5774959148738633,-9.988893173450501,10.050500836623538
2021-04-15 22:49:00,0.5684253688307588,-9.247730647976768,10.847267509805715
2021-04-15 22:50:00,0.5594631979008845,-9.966721370071276,11.496167757588307
2021-04-15 22:51:00,0.550612239350306,-11.037079669970481,11.859693837592825
2021-04-15 22:52:00,0.5418753085788123,-9.84619834824297,11.535781804630874
2021-04-15 22:53:00,0.5332551985353787,-9.608725358819687,11.067766836197375
2021-04-15 22:54:00,0.5247546789087641,-9.997323673801771,11.204139200762594
2021-04-15 22:55:00,0.5163764952392215,-10.000245293432519,11.375499866574863
2021-04-15 22:56:00,0.5081233681589775,-9.778209582931995,11.235964499037477
2021-04-15 22:57:00,0.49999799298745884,-9.82593789908257,11.102571892064134
2021-04-15 22:58:00,0.49200303835656223,-9.690153313090283,11.52251408097663
2021-04-15 22:59:00,0.48414114615936854,-10.213894894141925,11.158023939924936
2021-04-15 23:00:00,0.47641493020281467,-10.14042541713312,11.677024565553705
2021-04-15 23:01:00,0.46882697582091815,-9.843313059121654,10.664986467530843
2021-04-15 23:02:00,0.46137983914754,-9.469977503815157,11.280888156113479
2021-04-15 23:03:00,0.4540760462752579,-9.001769629677659,11.12072798209611
2021-04-15 23:04:00,0.44691809260820337,-10.432606923474669,10.530049963920474
2021-04-15 23:05:00,0.43990844221528436,-10.815575109835844,9.886654096625806
2021-04-15 23:06:00,0.43304952695429144,-9.53596479355618,10.660011298841017
2021-04-15 23:07:00,0.4263437461220222,-10.281753816895385,11.686762632583381
2021-04-15 23:08:00,0.41979346541394513,-10.103166844065056,10.384331278044511
2021-04-15 23:09:00,0.41340101642912275,-9.811544170009803,10.247320071307517
2021-04-15 23:10:00,0.40716869617111995,-10.595694077982614,10.155353502147765
2021-04-15 23:11:00,0.401098766058834,-10.42755116829505,10.985185631249312
2021-04-15 23:12:00,0.3951934515633535,-10.028759338261873,11.105762711428286
2021-04-15 23:13:00,0.3894549414859172,-10.63203021224323,11.166522870282801
2021-04-15 23:14:00,0.38388538731488286,-10.270142611778356,10.169511618148105
2021-04-15 23:15:00,0.3784869026900911,-10.062238121373476,11.476229861421357
2021-04-15 23:16:00,0.3732615627010486,-10.259553955795832,9.820755061272415
2021-04-15 23:17:00,0.36821140331665536,-10.083317089884163,11.555427517822302
2021-04-15 23:18:00,0.36333842101976643,-10.254745839180543,11.786855021207277
2021-04-15 23:19:00,0.3586445718422704,-10.7118441647263,11.122952776717593
2021-04-15 23:20:00,0.3541317712461274,-9.704460918951774,10.772538245727256
2021-04-15 23:21:00,0.3498018931985627,-10.190157278071375,10.499662410019273
2021-04-15 23:22:00,0.34565676983727234,-10.025527568670654,10.926033497362598
2021-04-15 23:23:00,0.34169819095217235,-10.116841284860893,11.32059252885083
2021-04-15 23:24:00,0.3379279034196432,-10.562083419206143,10.261606058046995
2021-04-15 23:25:00,0.33434761065204577,-10.390797004460042,10.633423543174919
2021-04-15 23:26:00,0.33095897222692616,-9.466585427692461,11.096309019344346
2021-04-15 23:27:00,0.32776360332295185,-10.357574993133895,11.66302581108994
2021-04-15 23:28:00,0.3247630742777574,-10.38404292773072,10.356514324197436
2021-04-15 23:29:00,0.3219589101494056,-9.916642817132452,11.298170911890573
2021-04-15 23:30:00,0.3193525901837948,-10.092665522658542,12.158616610269243
2021-04-15 23:31:00,0.31694554758051474,-10.264587124106264,10.413721089432896
2021-04-15 23:32:00,0.3147391688407388,-10.750581318901073,10.39601997210723
2021-04-15 23:33:00,0.3127347934843774,-10.900451341777812,10.832717674362632
2021-04-15 23:34:00,0.31093371372095646,-10.151860543198666,10.40406105775876
2021-04-15 23:35:00,0.3093371739037545,-9.956787123849606,11.385237249582671
2021-04-15 23:36:00,0.3079463702932066,-10.522101195574427,10.867814806483256
2021-04-15 23:37:00,0.3067624506270752,-9.977264506397617,10.24293548466187
2021-04-15 23:38:00,0.3057865138448459,-9.844108039539547,11.219602083446077
2021-04-15 23:39:00,0.3050196097088176,-10.01651579937813,10.693498234393385
2021-04-15 23:40:00,0.3044627384683989,-9.911370509160774,10.537479049119947
2021-04-15 23:41:00,0.304116850640193,-11.585938555219073,10.519327424934339
2021-04-15 23:42:00,0.3039828466314711,-11.079944363265279,11.305762279390084
2021-04-15 23:43:00,0.30406157652857635,-9.83700655408546,10.983336735115039
2021-04-15 23:44:00,0.30435383977634545,-11.16345164127477,10.38171375430825
2021-04-15 23:45:00,0.30486038499612134,-11.282288927903853,10.246036787850363
2021-04-15 23:46:00,0.30558190967184395,-10.513381475605527,10.990919972962953
2021-04-15 23:47:00,0.3065190599846741,-10.069374494089638,10.184560207966538
2021-04-15 23:48:00,0.3076724306052696,-10.760573918908147,10.482162867569476
2021-04-15 23:49:00,0.309042564487102,-10.24208801375486,11.68741478964322
2021-04-15 23:50:00,0.3106299526276213,-10.695372961656366,10.572273436808892
2021-04-15 23:51:00,0.3124350340288309,-11.027852763902237,9.919505324864176
2021-04-15 23:52:00,0.3144581954155776,-10.505447729036923,10.395798641002829
2021-04-15 23:53:00,0.3166997711993742,-9.76354246054185,10.638455859467868
2021-04-15 23:54:00,0.3191600432664097,-10.401961291056375,10.966611484128189
2021-04-15 23:55:00,0.3218392409418933,-11.010258457217969,11.48211031727537
2021-04-15 23:56:00,0.32473754082911865,-10.156519421234396,10.205188728519943
2021-04-15 23:57:00,0.32785506679877563,-10.012168206018503,11.10348950750026
2021-04-15 23:58:00,0.3311918898252926,-9.882625898868428,10.79822304388538
2021-04-15 23:59:00,0.33474802804722414,-10.142239815459053,11.79703682817954
2021-04-16 00:00:00,0.33852344661469247,-9.960522934744265,11.336570037980747
2021-04-16 00:01:00,0.34251805773339505,-10.700369353268826,11.037442078351349
2021-04-16 00:02:00,0.3467317206674818,-9.941245749091852,11.85500708960545
2021-04-16 00:03:00,0.3511642416567644,-10.460113390751156,10.875818893363812
2021-04-16 00:04:00,0.35581537402151264,-9.494724066311568,10.726420628802854
2021-04-16 00:05:00,0.36068481814777464,-10.461465170909648,10.923272537343323
2021-04-16 00:06:00,0.3657722215375061,-10.368290924496895,11.307988761570536
2021-04-16 00:07:00,0.3710771789095253,-10.444031947399363,10.794354918196367
2021-04-16 00:08:00,0.37659923216889246,-10.395891916379236,10.372678720924418
2021-04-16 00:09:00,0.3823378706140601,-10.301961256649811,10.704856435470003
2021-04-16 00:10:00,0.3882925310235148,-10.500673427545852,11.416607316471087
2021-04-16 00:11:00,0.39446259759236435,-9.58576721896182,10.865050391851172
2021-04-16 00:12:00,0.400847402400792,-10.298499851214421,10.745002130889691
2021-04-16 00:13:00,0.4074462251484263,-10.011604352321559,11.00871553487887
2021-04-16 00:14:00,0.41425829370877487,-10.077102117019903,11.059452011809395
2021-04-16 00:15:00,0.4212827840311961,-10.82661369883244,10.937423937253289
2021-04-16 00:16:00,0.42851882039278355,-10.986664084463483,11.051353101967178
2021-04-16 00:17:00,0.43596547565489097,-10.38814925406526,9.77045085242459
2021-04-16 00:18:00,0.44362177144098724,-9.89741034669148,10.82858069801375
2021-04-16 00:19:00,0.4514866783080288,-11.007471364811677,10.864445788484133
2021-04-16 00:20:00,0.45955911610916056,-9.630739569906163,11.355466196153056
2021-04-16 00:21:00,0.4678379540887859,-9.612826348476558,11.02301365287647
2021-04-16 00:22:00,0.47632201130894103,-10.090799379099446,11.24228158096285
2021-04-16 00:23:00,0.48501005685836185,-11.227379682167152,11.179352421862095
2021-04-16 00:24:00,0.4939008100650728,-9.701010013450711,11.21340312840469
2021-04-16 00:25:00,0.5029929409309699,-10.67093328693296,11.481108452955972
2021-04-16 00:26:00,0.5122850705176168,-9.784420098231791,10.56266454982729
2021-04-16 00:27:00,0.521775770890939,-10.017168196154596,11.551352852379308
2021-04-16 00:28:00,0.5314635660734724,-9.858336071596497,10.730180451026673
2021-04-16 00:29:00,0.5413469317614585,-9.649214520805517,11.767453709111246
2021-04-16 00:30:00,0.5514242961741753,-9.626085247381639,11.068162567626139
2021-04-16 00:31:00,0.5616940403659395,-10.323027064329029,10.71000522116207
2021-04-16 00:32:00,0.5721544982227948,-10.060755428440737,10.8921836655522
2021-04-16 00:33:00,0.5828039574805554,-9.444795382713853,11.108051815196449
2021-04-16 00:34:00,0.5936406597226949,-10.197488257545162,10.806943011785648
2021-04-16 00:35:00,0.6046628008668617,-9.81422347771824,10.690399619694725
2021-04-16 00:36:00,0.6158685318038689,-8.88227197966682,11.165798096099893
2021-04-16 00:37:00,0.6272559586004822,-10.68758211650149,10.856611952801066
2021-04-16 00:38:00,0.638823143189876,-10.229503013292193,11.211818836671117
2021-04-16 00:39:00,0.6505681037721248,-9.414892144905917,11.5754219303878
2021-04-16 00:40:00,0.6624888151738416,-9.430298069220088,12.099474846219763
2021-04-16 00:41:00,0.6745832095893611,-9.742634205683531,11.198647650011178
2021-04-16 00:42:00,0.686849176982928,-9.806022583726973,10.930240913967713
2021-04-16 00:43:00,0.6992845654839925,-10.023116366209003,11.527962895298108
2021-04-16 00:44:00,0.7118871822172494,-9.308318454866123,10.940927384701398
2021-04-16 00:45:00,0.7246547935297535,-10.070978286082175,10.960294754142653
2021-04-16 00:46:00,0.7375851257720273,-9.218083791189676,11.339051703249277
2021-04-16 00:47:00,0.7506758659651409,-9.483367586573339,11.792815527938092
2021-04-16 00:48:00,0.7639246618134244,-10.16033422777608,11.174825697123369
2021-04-16 00:49:00,0.7773291231963999,-10.72567021649843,12.276560342577291
2021-04-16 00:50:00,0.7908868217416969,-9.21482851964271,11.25031389627603
2021-04-16 00:51:00,0.8045952924123048,-10.161835036810544,11.56170338167584
2021-04-16 00:52:00,0.818452033477413,-10.2043157202067,10.857151624030655
2021-04-16 00:53:00,0.8324545072755762,-9.805477810231498,10.68701407629889
2021-04-16 00:54:00,0.8466001410168458,-9.848138392332489,11.804874394682626
2021-04-16 00:55:00,0.8608863273520877,-9.3513984034807,12.010163226362714
2021-04-16 00:56:00,0.8753104248669645,-9.15359105743792,11.30761920593204
2021-04-16 00:57:00,0.8898697590423019,-10.040444737060696,11.755388923869315
2021-04-16 00:58:00,0.9045616226069912,-9.558371962627971,11.735423003723097
2021-04-16 00:59:00,0.9193832765229792,-9.401093251292984,11.128527378146828
2021-04-16 01:00:00,0.9343319505060484,-9.631082720864093,11.74029742297384
2021-04-16 01:01:00,0.9494048436432518,-9.762767293677118,11.639945664881445
2021-04-16 01:02:00,0.9645991252609563,-9.962027073956063,11.476770235345622
2021-04-16 01:03:00,0.9799119358247943,-9.514027311588286,11.053471937385577
2021-04-16 01:04:00,0.9953403868753721,-10.217567346190274,11.459875370784683
2021-04-16 01:05:00,1.0108815629333312,-10.136150232786786,10.97973366843923
2021-04-16 01:06:00,1.0265325209916092,-9.454659106833626,11.623958934573025
2021-04-16 01:07:00,1.0422902923504944,-10.474120143368278,10.4795896303046
2021-04-16 01:08:00,1.0581518827148608,-9.150239590516772,11.992565465541318
2021-04-16 01:09:00,1.0741142728713964,-9.753486978921106,10.777668102950937
2021-04-16 01:10:00,1.0901744200875298,-9.209473281353116,11.491104492625364
2021-04-16 01:11:00,1.1063292582832929,-9.323630611479333,11.299487361984513
2021-04-16 01:12:00,1.1225756989185893,-9.8505143358291,12.01952787963227
2021-04-16 01:13:00,1.138910632068212,-9.199684553454082,12.042249174330555
2021-04-16 01:14:00,1.1553309267316347,-9.048327306242333,12.557356250564473
2021-04-16 01:15:00,1.1718334320963963,-9.351939447524394,12.212245217577449
2021-04-16 01:16:00,1.1884149780572484,-10.799126867766402,11.87679276706668
2021-04-16 01:17:00,1.2050723759612199,-9.27414303887309,11.569087657984179
2021-04-16 01:18:00,1.2218024196234287,-9.631064147311783,11.682598054606329
2021-04-16 01:19:00,1.2386018860725327,-8.920915089969212,11.51404474940896
2021-04-16 01:20:00,1.2554675361472298,-8.948029708161565,11.48919586545323
2021-04-16 01:21:00,1.272396115655021,-10.26213632562797,12.218385050418386
2021-04-16 01:22:00,1.2893843558323874,-8.93152249976377,11.29167368075246
2021-04-16 01:23:00,1.3064289744579358,-9.494095467027662,12.369772661926001
2021-04-16 01:24:00,1.3235266767426979,-9.188095442906974,12.254571393981843
2021-04-16 01:25:00,1.340674155467954,-9.593927256315055,11.942463653406605
2021-04-16 01:26:00,1.3578680928288043,-8.755635408408063,12.068716180482568
2021-04-16 01:27:00,1.3751051605973972,-9.02910123763087,11.524583946076914
2021-04-16 01:28:00,1.3923820209302396,-9.659965106413805,12.371139174124446
2021-04-16 01:29:00,1.4096953276752768,-9.558936006098145,11.582711837298339
2021-04-16 01:30:00,1.427041726690629,-8.810141414039622,12.492887173088894
2021-04-16 01:31:00,1.4444178570544068,-8.547733931450852,11.93235224752753
2021-04-16 01:32:00,1.4618203517646933,-9.065649659125931,11.602251293699021
2021-04-16 01:33:00,1.479245838440474,-8.651370639269633,11.857933493971984
2021-04-16 01:34:00,1.4966909405394127,-10.124762615126828,11.368619891851212
2021-04-16 01:35:00,1.514152277667855,-9.114400709481245,13.19794171037888
2021-04-16 01:36:00,1.5316264669522546,-9.620911831211462,13.157962942683728
2021-04-16 01:37:00,1.5491101236470501,-8.668631502515444,11.57205511934114
2021-04-16 01:38:00,1.5665998617365648,-8.423331238981165,11.796636495298522
2021-04-16 01:39:00,1.5840922952134264,-9.133871488284607,12.803116582417614
2021-04-16 01:40:00,1.6015840388783258,-9.903204951320594,11.50468772017151
2021-04-16 01:41:00,1.6190717085061372,-9.108551836975018,11.97018340951782
2021-04-16 01:42:00,1.6365519228338512,-9.833415738106284,12.722972653071661
2021-04-16 01:43:00,1.654021303108554,-9.280980027601926,11.765743666470115
2021-04-16 01:44:00,1.6714764751763904,-9.453676086862496,12.451467966534153
2021-04-16 01:45:00,1.6889140694145117,-8.97071580790934,12.087275081623128
2021-04-16 01:46:00,1.706330721832042,-9.293094733095884,12.596334627404337
2021-04-16 01:47:00,1.7237230750261705,-9.427879319824523,12.799678907793478
2021-04-16 01:48:00,1.7410877790031292,-8.974714124595552,12.653805210966194
2021-04-16 01:49:00,1.7584214916483496,-9.2863958585148,12.117724600774212
2021-04-16 01:50:00,1.7757208801191697,-8.488963280006343,13.407576502552036
2021-04-16 01:51:00,1.79298262112054,-8.120854164406719,12.919084777883596
2021-04-16 01:52:00,1.8102034020679985,-8.20223361909264,12.795511851328758
2021-04-16 01:53:00,1.827379921855068,-8.520267583802156,11.843224131162867
2021-04-16 01:54:00,1.844508891415985,-9.42337642312007,12.618319365825398
2021-04-16 01:55:00,1.861587034778687,-7.91980756250525,13.165703913606093
2021-04-16 01:56:00,1.8786110900252315,-8.883248277902865,12.796935170884609
2021-04-16 01:57:00,1.8955778093679374,-8.335292027240106,11.96163911814226
2021-04-16 01:58:00,1.9124839608938053,-8.456383455823131,13.29106577408755
2021-04-16 01:59:00,1.9293263285132864,-8.675785674617401,11.720143255856353
2021-04-16 02:00:00,1.9461017133166405,-8.292748792435026,12.927419628459452
2021-04-16 02:01:00,1.9628069342716314,-8.909125360575946,13.434500401265081
2021-04-16 02:02:00,1.9794388283720328,-8.892081277401509,12.289962356941672
2021-04-16 02:03:00,1.995994252367308,-9.075056867217876,12.016251148842551
2021-04-16 02:04:00,2.012470082876519,-8.19907367625583,12.613924627501225
2021-04-16 02:05:00,2.0288632171853873,-8.548579685371193,13.395898583732526
2021-04-16 02:06:00,2.0451705742590005,-8.660416962689627,13.416944383566824
2021-04-16 02:07:00,2.0613890951703038,-9.285480860932669,12.140932511541921
2021-04-16 02:08:00,2.077515744156016,-8.062013107326216,12.747429983941727
2021-04-16 02:09:00,2.093547509093985,-7.7502918915145385,12.727884786787605
2021-04-16 02:10:00,2.1094813990227905,-8.008186111498075,14.022820872062654
2021-04-16 02:11:00,2.1253144546013267,-8.746576360393536,12.623501845658243
2021-04-16 02:12:00,2.1410437392276163,-9.385834720848571,12.574704106427573
2021-04-16 02:13:00,2.156666342573243,-8.935671737387544,12.400093605477842
2021-04-16 02:14:00,2.17217938182974,-8.71828663331193,12.085021809896086
2021-04-16 02:15:00,2.1875800018743012,-7.791701173769014,13.026989189345285
2021-04-16 02:16:00,2.2028653762162413,-9.120307246930558,12.88521759174555
2021-04-16 02:17:00,2.2180327077857367,-7.821029948466843,13.845517649350537
2021-04-16 02:18:00,2.2330792290210963,-8.230351823825792,12.558442557658676
2021-04-16 02:19:00,2.2480022033493103,-7.884741796148446,12.028794073177332
2021-04-16 02:20:00,2.2627989248603138,-7.524424509264497,13.027661853735435
2021-04-16 02:21:00,2.277466719857483,-8.260573118907775,12.503829412171845
2021-04-16 02:22:00,2.292002946945379,-7.702754510503781,12.761099841808823
2021-04-16 02:23:00,2.3064049975406573,-8.339821163373138,12.537929820893602
2021-04-16 02:24:00,2.320670296930443,-8.648741291768513,13.13887819296449
2021-04-16 02:25:00,2.3347963044983264,-8.474224974055284,12.500878400700973
2021-04-16 02:26:00,2.348780514361397,-8.003091668310569,13.4013065795532
2021-04-16 02:27:00,2.3626204560788473,-8.304734394028733,12.441423798409367
2021-04-16 02:28:00,2.37631369499591,-8.032561215337093,12.653782815935108
2021-04-16 02:29:00,2.389857833056862,-8.500785679579373,12.937387514111705
2021-04-16 02:30:00,2.403250509115236,-8.26477944714306,12.772355036957387
2021-04-16 02:31:00,2.4164893994755046,-8.34771422068866,13.172576523217487
2021-04-16 02:32:00,2.429572218569012,-8.76499679653506,13.1020416917189
2021-04-16 02:33:00,2.4424967194667544,-8.283695020053655,12.867218089794179
2021-04-16 02:34:00,2.4552606939132358,-8.36148737157823,12.792910304509425
2021-04-16 02:35:00,2.4678619736069987,-7.643846791010375,12.999610997286688
2021-04-16 02:36:00,2.4802984298360986,-8.531915684457921,13.589791953378118
2021-04-16 02:37:00,2.49256797449835,-8.349002168347935,12.914220966127997
2021-04-16 02:38:00,2.5046685605853605,-8.126790925290909,12.999966723468438
2021-04-16 02:39:00,2.5165981819846115,-7.911964353133475,12.265202957372619
2021-04-16 02:40:00,2.528354874713837,-8.139722252980151,13.445101523918924
2021-04-16 02:41:00,2.5399367167827616,-7.766398407602509,12.818745439395999
2021-04-16 02:42:00,2.55134182873814,-8.190913913543074,13.17448443174989
2021-04-16 02:43:00,2.5625683742462115,-7.3760574127819485,13.90039233691893
2021-04-16 02:44:00,2.5736145600681812,-7.802713785357233,13.06848074159759
2021-04-16 02:45:00,2.5844786368604806,-8.143276320157039,13.861758690905042
2021-04-16 02:46:00,2.595158899327664,-8.215874448537628,14.19239293946712
2021-04-16 02:47:00,2.6056536863753283,-7.594473339803853,12.792346330822193
2021-04-16 02:48:00,2.6159613818445777,-7.982182591423275,14.246602041517788
2021-04-16 02:49:00,2.626080414507916,-7.7992591383682885,13.066119436088371
2021-04-16 02:50:00,2.6360092584678823,-8.637114584454881,13.294577673266977
2021-04-16 02:51:00,2.645746433498722,-7.3717243566781985,12.975186137311177
2021-04-16 02:52:00,2.6552905052146243,-8.451842922628483,12.861594527647778
2021-04-16 02:53:00,2.664640085472148,-8.184062838293913,13.618934895996228
2021-04-16 02:54:00,2.673793832606979,-7.435406829806451,12.97937587491732
2021-04-16 02:55:00,2.682750451385812,-8.619321758906954,14.016164885638414
2021-04-16 02:56:00,2.691508693694133,-8.06856818922485,13.23865895171583
2021-04-16 02:57:00,2.700067358484204,-7.8856699959095575,13.648336114888346
2021-04-16 02:58:00,2.7084252918535126,-7.63445838642688,12.927706977101277
2021-04-16 02:59:00,2.716581387584357,-8.07121328027339,12.994354062157479
2021-04-16 03:00:00,2.724534587003398,-7.7907284509425,12.918062096829107
2021-04-16 03:01:00,2.7322838792795916,-7.47697364600097,12.881482826062426
2021-04-16 03:02:00,2.7398283016244287,-7.766024214850005,13.079547199125512
2021-04-16 03:03:00,2.747166939275739,-7.770675885902501,13.750996126230369
2021-04-16 03:04:00,2.75429892573898,-7.317432092845392,13.229507496780503
2021-04-16 03:05:00,2.761223442847574,-8.287126353443144,14.393251984041783
2021-04-16 03:06:00,2.7679397208542147,-7.925636788132133,12.969696840684342
2021-04-16 03:07:00,2.7744470386182645,-8.700768543482654,13.421833818785679
2021-04-16 03:08:00,2.78074472342243,-8.928273857049366,13.375015360059182
2021-04-16 03:09:00,2.7868321513325087,-7.9711042742306875,13.496934529824859
2021-04-16 03:10:00,2.792708747092723,-7.840233354707724,13.602523929004517
2021-04-16 03:11:00,2.7983739840367168,-8.039470622733338,13.56121955841508
2021-04-16 03:12:00,2.8038273843706345,-7.890785399803519,13.028964342100776
2021-04-16 03:13:00,2.8090685189649376,-7.7162081208245805,13.61596230118263
2021-04-16 03:14:00,2.814097007405452,-8.162543229886628,14.450778241353198
2021-04-16 03:15:00,2.8189125180517234,-7.547433040009676,13.173961904268568
2021-04-16 03:16:00,2.82351476779495,-7.705603195770716,13.095502698887088
2021-04-16 03:17:00,2.8279035223187927,-7.689939361268795,12.49478588342575
2021-04-16 03:18:00,2.8320785957263888,-7.739490686888499,13.684789507466263
2021-04-16 03:19:00,2.8360398506569884,-8.420403222496052,14.008055388364536
2021-04-16 03:20:00,2.839787198119032,-8.341808269600243,13.771185704045038
2021-04-16 03:21:00,2.843320597438587,-8.667059641300241,13.02245632605735
2021-04-16 03:22:00,2.8466400560804304,-8.694704732130702,13.274716167212485
2021-04-16 03:23:00,2.8497456296198584,-8.474256174158636,12.429011158014156
2021-04-16 03:24:00,2.8526374215104537,-7.632913020630358,13.593261080534278
2021-04-16 03:25:00,2.855315582943871,-7.758871438602042,13.58382632856176
2021-04-16 03:26:00,2.8577803127658905,-7.610795705947147,13.383471736448193
2021-04-16 03:27:00,2.8600318572152807,-7.992106428423447,13.860907482504478
2021-04-16 03:28:00,2.862070509741694,-7.3391759321058965,12.801393146121487
2021-04-16 03:29:00,2.8638966108689647,-8.566172816275692,12.727671487865724
2021-04-16 03:30:00,2.865510547881262,-7.292164269715391,12.949392922216928
2021-04-16 03:31:00,2.8669127547483377,-7.704421394206128,13.245961674799288
2021-04-16 03:32:00,2.8681037116654515,-9.089567211958961,12.744895270387667
2021-04-16 03:33:00,2.8690839450570644,-7.918993346664512,13.336258293996535
2021-04-16 03:34:00,2.869854027095175,-6.8716763674498,13.397645692530203
2021-04-16 03:35:00,2.8704145755857873,-8.122446017417362,13.25391004645455
2021-04-16 03:36:00,2.8707662535597014,-7.138543972416339,13.303576218057547
2021-04-16 03:37:00,2.870909769076752,-7.156374820109755,12.81263585389768
2021-04-16 03:38:00,2.8708458748780488,-8.12673105985356,13.295279280607016
2021-04-16 03:39:00,2.8705753680099004,-7.76894660336527,14.106627584534996
2021-04-16 03:40:00,2.870099089595886,-7.345441683305212,13.96223817340003
2021-04-16 03:41:00,2.8694179244403446,-7.9043156104183945,13.898462240347467
2021-04-16 03:42:00,2.868532800628058,-7.697866984968336,13.525563504285763
2021-04-16 03:43:00,2.867444689279897,-8.019009467641022,13.127738805035944
2021-04-16 03:44:00,2.8661546040334005,-7.647725821062878,13.264762696882835
2021-04-16 03:45:00,2.864663600805801,-7.914327815864409,13.717546884878448
2021-04-16 03:46:00,2.862972777257321,-7.770689694767425,13.0318624269854
2021-04-16 03:47:00,2.861083272464599,-7.684094231307601,13.17642951303453
2021-04-16 03:48:00,2.8589962665520763,-8.235475423207115,13.439563686796214
2021-04-16 03:49:00,2.8567129800764515,-7.946220803801287,13.360163481024552
2021-04-16 03:50:00,2.8542346738594255,-7.0461980126850365,13.410469813633929
2021-04-16 03:51:00,2.851562648260737,-7.219247861082193,13.703949793456664
2021-04-16 03:52:00,2.848698242914379,-8.453916246459595,12.248470953041126
2021-04-16 03:53:00,2.8456428362665065,-7.922776417301865,13.277504522990593
2021-04-16 03:54:00,2.842397844906033,-7.683583020143871,13.651076951407989
2021-04-16 03:55:00,2.8389647232965896,-7.50398472909764,14.000069176002283
2021-04-16 03:56:00,2.8353449631753325,-8.113043377498693,13.994269325399118
2021-04-16 03:57:00,2.831540093053441,-7.8624573981353665,12.928126050572157
2021-04-16 03:58:00,2.827551677772637,-8.073294919715195,12.74453496145616
2021-04-16 03:59:00,2.8233813178700684,-7.693136505340782,12.90336880054913
2021-04-16 04:00:00,2.819030649110166,-8.15197341294384,13.22699948980753
2021-04-16 04:01:00,2.8145013420168192,-8.138623078450395,12.67399326510909
2021-04-16 04:02:00,2.8097951012118956,-8.039474636569341,12.353638637240202
2021-04-16 04:03:00,2.804913664879809,-8.169445180851922,13.340712173160032
2021-04-16 04:04:00,2.7998588043188217,-7.633735687611309,12.655451358262619
2021-04-16 04:05:00,2.79463232321694,-8.512091512910148,13.852204687119825
2021-04-16 04:06:00,2.7892360571998944,-7.958002964550053,12.773646314274085
2021-04-16 04:07:00,2.783671873194349,-7.697598981507234,13.2007378378677
2021-04-16 04:08:00,2.777941668724324,-7.472854255812138,13.707889108955134
2021-04-16 04:09:00,2.772047371670898,-7.799966383151496,13.545550526711292
2021-04-16 04:10:00,2.7659909391889856,-8.29203512048792,12.874416457305042
2021-04-16 04:11:00,2.759774357441221,-7.286714010269504,13.326052530544699
2021-04-16 04:12:00,2.7533996409236883,-8.304430049817498,13.474164488027862
2021-04-16 04:13:00,2.746868831686279,-7.7243975166366665,13.372886536712969
2021-04-16 04:14:00,2.740183998934067,-8.177085238249376,12.921274737474624
2021-04-16 04:15:00,2.73334723818006,-7.961037608946966,12.912849104430283
2021-04-16 04:16:00,2.7263606707186874,-7.529087351497282,13.183591247611286
2021-04-16 04:17:00,2.7192264430205513,-7.467076764700641,12.66652430520922
2021-04-16 04:18:00,2.7119467259613863,-7.75062482856157,12.653790223598895
2021-04-16 04:19:00,2.7045237142265375,-7.882785261828493,13.81821204961031
2021-04-16 04:20:00,2.696959625726992,-6.913210340702416,13.031810229843181
2021-04-16 04:21:00,2.689256700763466,-7.972078666158499,12.94193311189527
2021-04-16 04:22:00,2.681417201570371,-8.733273249313784,12.505842586404192
2021-04-16 04:23:00,2.6734434114695906,-7.507901552885045,13.6461754263338
2021-04-16 04:24:00,2.6653376341349704,-7.988096575153303,13.110048584013645
2021-04-16 04:25:00,2.6571021933399375,-7.597705071633866,12.910183868692158
2021-04-16 04:26:00,2.6487394316627686,-8.602187206488912,12.928544870922522
2021-04-16 04:27:00,2.640251710220671,-8.125668316396391,12.931764132418245
2021-04-16 04:28:00,2.631641407933988,-8.646755886744208,13.241736390538518
2021-04-16 04:29:00,2.6229109206319134,-8.835101102872008,13.445221930828136
2021-04-16 04:30:00,2.6140626606213573,-8.17292482231128,12.993526164054536
2021-04-16 04:31:00,2.605099055758082,-8.44680241322684,13.882760915995803
2021-04-16 04:32:00,2.5960225488442115,-8.099866328633329,13.31088249963498
2021-04-16 04:33:00,2.5868355970294648,-8.152577988448343,12.562337067839344
2021-04-16 04:34:00,2.5775406708715387,-7.787521021872432,13.518333268329677
2021-04-16 04:35:00,2.5681402539021354,-8.96268891050212,12.361626599924271
2021-04-16 04:36:00,2.5586368416773015,-8.594530898974943,13.597535651439907
2021-04-16 04:37:00,2.5490329411805543,-7.991532142746252,12.672884941721296
2021-04-16 04:38:00,2.5393310702104195,-7.737872217903931,13.701383443296125
2021-04-16 04:39:00,2.5295337565088207,-7.694892543782635,12.515706840753763
2021-04-16 04:40:00,2.519643536950133,-8.789753299360461,12.485709091437094
2021-04-16 04:41:00,2.509662957343401,-7.405560533605867,13.057192150401026
2021-04-16 04:42:00,2.499594571061497,-7.58904257120321,12.953256481979754
2021-04-16 04:43:00,2.489440938829996,-8.408238643029263,13.096909243425007
2021-04-16 04:44:00,2.4792046277613333,-8.051699605114827,13.219406358913657
2021-04-16 04:45:00,2.46888821056069,-7.827097477087881,13.440377278991026
2021-04-16 04:46:00,2.4584942653325905,-7.911111066618626,13.639806801257627
2021-04-16 04:47:00,2.4480253741449634,-7.511878813312681,12.801372710363577
2021-04-16 04:48:00,2.437484122840788,-8.189012960616354,13.226982178128553
2021-04-16 04:49:00,2.426873100249435,-8.336224974329658,13.189308721375166
2021-04-16 04:50:00,2.416194897249203,-8.249836451761606,12.129169959562796
2021-04-16 04:51:00,2.4054521064126857,-8.55706000439808,12.186482135863246
2021-04-16 04:52:00,2.3946473209727572,-8.779858939154904,12.92024192780072
2021-04-16 04:53:00,2.3837831343025497,-7.761712046320386,13.675425553181306
2021-04-16 04:54:00,2.3728621392884315,-7.562031869365706,13.922382094198625
2021-04-16 04:55:00,2.3618869274468723,-8.28747505458078,13.467412633972048
2021-04-16 04:56:00,2.3508600883038824,-7.427127011489391,13.320562863505968
2021-04-16 04:57:00,2.3397842088596,-7.5299105958762915,12.763001955127303
2021-04-16 04:58:00,2.3286618726331456,-8.619380917337798,13.085509731183885
2021-04-16 04:59:00,2.317495659271839,-8.365860854845886,11.734289932772334
2021-04-16 05:00:00,2.306288143641681,-7.558114678340294,13.00916115932445
2021-04-16 05:01:00,2.295041895095101,-8.543035771488949,12.431154654119673
2021-04-16 05:02:00,2.283759477345336,-7.5152604060095,13.079089491107217
2021-04-16 05:03:00,2.2724434470064843,-8.728746788323424,13.200899840794548
2021-04-16 05:04:00,2.2610963534618644,-8.02591666314452,13.060502064066842
2021-04-16 05:05:00,2.249720738208582,-8.287090924432507,13.378159633640031
2021-04-16 05:06:00,2.2383191338616015,-8.651815793911368,12.40426248978783
2021-04-16 05:07:00,2.226894063895367,-8.387851600042584,12.61666598044783
2021-04-16 05:08:00,2.2154480417144575,-8.041623593493437,11.863910922029826
2021-04-16 05:09:00,2.203983570128058,-8.947209720310166,12.732215591349608
2021-04-16 05:10:00,2.1925031408288636,-8.09273362868677,12.861044465040646
2021-04-16 05:11:00,2.181009233520497,-8.07591900531281,13.684110472329863
2021-04-16 05:12:00,2.169504315473736,-9.464056888569786,13.151527585442713
2021-04-16 05:13:00,2.157990840970548,-7.927263409031161,12.914863411750135
2021-04-16 05:14:00,2.146471250416045,-8.787049416264114,12.79707272899168
2021-04-16 05:15:00,2.1349479701455008,-7.8114744794932855,12.337400617011994
2021-04-16 05:16:00,2.1234234114564567,-8.027253253641524,12.36848672069511
2021-04-16 05:17:00,2.111899970042659,-8.516013743286337,12.440350239938645
2021-04-16 05:18:00,2.1003800259384433,-7.94634054231842,12.367025397522932
2021-04-16 05:19:00,2.0888659420530287,-9.148309384635262,12.310695750151991
2021-04-16 05:20:00,2.0773600645546515,-8.715853650010294,12.288807518063516
2021-04-16 05:21:00,2.065864721572827,-7.163940451300623,13.516695502391551
2021-04-16 05:22:00,2.054382222832171,-8.886257080197533,12.285448389817622
2021-04-16 05:23:00,2.0429148595941684,-8.956357475446776,13.080271736822768
2021-04-16 05:24:00,2.031464903327316,-8.878994258518292,12.624452639507107
2021-04-16 05:25:00,2.020034605690829,-8.394316427676507,12.317966844616238
2021-04-16 05:26:00,2.008626198055015,-8.675695069368349,12.501057956805035
2021-04-16 05:27:00,1.9972418905920266,-8.585303779884683,12.779100748619834
2021-04-16 05:28:00,1.9858838721895065,-8.717443623662648,12.960294704263642
2021-04-16 05:29:00,1.9745543096852338,-8.619462821031439,12.375041417797616
2021-04-16 05:30:00,1.9632553474102563,-8.172128883898385,13.265383741422463
2021-04-16 05:31:00,1.951989106899224,-8.388232305800493,13.189276268090145
2021-04-16 05:32:00,1.9407576861809506,-9.100011336371555,13.191993962261158
2021-04-16 05:33:00,1.9295631594185845,-8.521126520207618,12.591196873119337
2021-04-16 05:34:00,1.9184075765549253,-8.625620880278953,12.24355852361606
2021-04-16 05:35:00,1.90729296258443,-8.626095391866587,11.57284974416954
2021-04-16 05:36:00,1.8962213175438418,-8.391188810086607,12.957842187133053
2021-04-16 05:37:00,1.8851946156753314,-8.95437202873186,12.986241818846985
2021-04-16 05:38:00,1.8742148050779794,-8.853320684097934,12.27487451224612
2021-04-16 05:39:00,1.8632838077776874,-8.16718475385161,11.77519407807055
2021-04-16 05:40:00,1.8524035185830208,-8.153299515748154,12.529243856310028
2021-04-16 05:41:00,1.8415758051921411,-8.572260178399894,12.500500758419896
2021-04-16 05:42:00,1.8308025077833927,-8.841825679991926,11.804471090159325
2021-04-16 05:43:00,1.820085438441934,-8.865259286185356,12.420291415516395
2021-04-16 05:44:00,1.8094263810360833,-9.648080650414427,12.009032164583154
2021-04-16 05:45:00,1.7988270598900076,-9.355427247269345,12.118555512725479
2021-04-16 05:46:00,1.7882892318314452,-9.551661973567874,12.402284537767871
2021-04-16 05:47:00,1.7778145936617118,-8.535633396288153,12.029585724251115
2021-04-16 05:48:00,1.7674048124749435,-7.968042561568221,12.967004348740746
2021-04-16 05:49:00,1.7570615253106485,-8.936571952143478,13.171114331968568
2021-04-16 05:50:00,1.746786339165278,-8.872428266681545,12.53594128390796
2021-04-16 05:51:00,1.7365808302455905,-8.638455310972402,12.888315593512084
2021-04-16 05:52:00,1.726446544109146,-8.249187424724445,12.07021355592698
2021-04-16 05:53:00,1.716384995184829,-9.196898574232486,13.043423290867898
2021-04-16 05:54:00,1.7063976664146667,-8.88558862055992,10.90162573220332
2021-04-16 05:55:00,1.6964860094485947,-8.726317420931593,12.597069597168892
2021-04-16 05:56:00,1.6866514438329674,-8.462992201220521,12.017707256544579
2021-04-16 05:57:00,1.6768953572290843,-9.650293715279773,12.631137529913314
2021-04-16 05:58:00,1.6672191050907206,-8.532219083761102,11.931843555956906
2021-04-16 05:59:00,1.6576240102179982,-8.484091354603837,12.341854309275957
2021-04-16 06:00:00,1.6481113631848394,-8.798039496126309,12.449419852966958
2021-04-16 06:01:00,1.6386824212867066,-8.408567671813103,11.634959071608796
2021-04-16 06:02:00,1.6293384091080352,-9.093482177023098,12.003029742444566
2021-04-16 06:03:00,1.6200805180887525,-9.263694532511048,11.859059240668216
2021-04-16 06:04:00,1.6109099063291796,-9.107239700988037,12.231070075640226
2021-04-16 06:05:00,1.6018276986130813,-8.900518600347743,12.1248772400513
2021-04-16 06:06:00,1.5928349860744813,-8.632291403152076,12.662554334501666
2021-04-16 06:07:00,1.583932826283915,-8.736013701369954,12.087719713657696
2021-04-16 06:08:00,1.5751222431187353,-8.815893531735979,12.45883292954277
2021-04-16 06:09:00,1.5664042265102442,-8.56452040049552,12.702780892065162
2021-04-16 06:10:00,1.5577797325616634,-8.924780506974923,11.731563435497277
2021-04-16 06:11:00,1.5492496834221667,-8.321273052620741,12.563074061836572
2021-04-16 06:12:00,1.5408149671610054,-9.055606677386045,12.693249511098275
2021-04-16 06:13:00,1.5324764378303892,-9.052571365335654,12.365818557846774
2021-04-16 06:14:00,1.5242349154031474,-8.869986737613067,12.508732105525663
2021-04-16 06:15:00,1.5160911855028054,-8.312030305719098,12.382321177376925
2021-04-16 06:16:00,1.5080459999894191,-8.732530809704821,12.262509878038616
2021-04-16 06:17:00,1.500100076265201,-8.473762862453656,12.735470042378916
2021-04-16 06:18:00,1.4922540977568006,-8.651798491534771,12.03133843429795
2021-04-16 06:19:00,1.4845087138076538,-8.873255922038153,12.07391111221853
2021-04-16 06:20:00,1.4768645395451676,-8.621297059233061,12.439066057695848
2021-04-16 06:21:00,1.4693221562894117,-8.429408238669286,12.80350936708492
2021-04-16 06:22:00,1.4618821112027582,-8.810649168840799,11.63213301698932
2021-04-16 06:23:00,1.4545449175402485,-9.15080950743349,11.903435280011818
2021-04-16 06:24:00,1.4473110549053751,-8.897856082425108,12.12192529316543
2021-04-16 06:25:00,1.4401809689477247,-9.187929452729618,11.722517162471586
2021-04-16 06:26:00,1.4331550717720234,-8.828783442438114,12.097118189346753
2021-04-16 06:27:00,1.426233741938281,-8.710389327789295,12.580451538271921
2021-04-16 06:28:00,1.4194173245518842,-8.65844112203943,12.292991374541213
2021-04-16 06:29:00,1.412706131477275,-9.369107058058542,11.456507560332433
2021-04-16 06:30:00,1.4061004413546758,-9.643821940468747,12.030521562024369
2021-04-16 06:31:00,1.399600499766774,-9.362094643877725,11.591188909927412
2021-04-16 06:32:00,1.393206519662927,-9.696429296105139,11.34480396904496
2021-04-16 06:33:00,1.3869186810972967,-8.724212844420242,12.05421155703954
2021-04-16 06:34:00,1.3807371316480588,-8.965842864531163,12.486900345380166
2021-04-16 06:35:00,1.374661986745867,-10.21976650678439,12.127863658784864
2021-04-16 06:36:00,1.3686933294785062,-9.27631264725538,11.334658625300152
2021-04-16 06:37:00,1.3628312112709429,-8.620819077786779,11.486778602037788
2021-04-16 06:38:00,1.3570756516698534,-9.096148357979121,11.545089688277669
2021-04-16 06:39:00,1.351426638808228,-8.789747234538373,12.455127117105128
2021-04-16 06:40:00,1.3458841296561355,-9.4878571312268,12.411441219572648
2021-04-16 06:41:00,1.340448050174564,-9.404916559872383,11.764139528750558
2021-04-16 06:42:00,1.3351182956086225,-9.0816942390774,11.868085535214517
2021-04-16 06:43:00,1.329894730783853,-8.820305974764423,12.09331714197824
2021-04-16 06:44:00,1.3247771902373389,-9.118147678360199,12.420887895981217
2021-04-16 06:45:00,1.3197654787975908,-9.294499741353054,11.77284104919531
2021-04-16 06:46:00,1.3148593715323673,-8.489375020792007,11.680163406166292
2021-04-16 06:47:00,1.310058614209343,-8.870712901252741,11.645145366716704
2021-04-16 06:48:00,1.3053629237574755,-9.297516187552274,12.22620497468487
2021-04-16 06:49:00,1.3007719882513462,-9.19866385601859,10.999225155329764
2021-04-16 06:50:00,1.2962854675191036,-9.115645752133062,11.199367503567492
2021-04-16 06:51:00,1.2919029933725443,-9.285947342802535,11.03462782168684
2021-04-16 06:52:00,1.2876241698544209,-8.754533905253432,12.040568069116688
2021-04-16 06:53:00,1.283448573878189,-9.426355114017515,10.775541978127729
2021-04-16 06:54:00,1.2793757551513076,-9.688610414293477,11.392435962370614
2021-04-16 06:55:00,1.2754052369540982,-9.3637686495298,11.998985876858043
2021-04-16 06:56:00,1.2715365162880454,-9.061978884350578,12.242429090603531
2021-04-16 06:57:00,1.2677690643155906,-8.727217482316181,11.834373502812717
2021-04-16 06:58:00,1.2641023267345532,-9.980978139561087,11.864184006316744
2021-04-16 06:59:00,1.2605357242096495,-9.022420079037433,11.713845011851232
2021-04-16 07:00:00,1.2570686526733446,-10.059488840925567,11.975732348776758
2021-04-16 07:01:00,1.2537004838697448,-8.724894529448791,12.20882149827552
2021-04-16 07:02:00,1.2504305657126746,-9.24363520131448,12.98088926673565
2021-04-16 07:03:00,1.247258222629853,-9.905945195151578,12.445104968062209
2021-04-16 07:04:00,1.2441827561218393,-9.1486267015158,12.277923562973852
2021-04-16 07:05:00,1.241203445124882,-9.516025749382413,11.891217949580081
2021-04-16 07:06:00,1.238319546446399,-9.44134854745264,11.698559222545132
2021-04-16 07:07:00,1.2355302952778962,-9.551199446828894,11.85390870598974
2021-04-16 07:08:00,1.2328349054286494,-9.131676747106765,10.745936106815304
2021-04-16 07:09:00,1.2302325702240133,-8.911227162263168,11.855758464779155
2021-04-16 07:10:00,1.227722462416533,-9.308410932832933,11.993477412033803
2021-04-16 07:11:00,1.2253037350928537,-9.503473398256487,11.560878043518851
2021-04-16 07:12:00,1.2229755219257927,-9.344953008709481,11.83442440059673
2021-04-16 07:13:00,1.2207369377271315,-9.622379018417497,11.575846311350821
2021-04-16 07:14:00,1.2185870789107116,-8.87909983825645,11.550769157269965
2021-04-16 07:15:00,1.2165250239280847,-9.193652709119592,12.473879914155724
2021-04-16 07:16:00,1.214549833874635,-9.511360221162294,11.548983079267483
2021-04-16 07:17:00,1.2126605529004992,-9.179861500151342,12.657858152845746
2021-04-16 07:18:00,1.2108562086806582,-9.425328756416826,12.438014177783577
2021-04-16 07:19:00,1.2091358130280092,-9.496163507557968,11.022317774380133
2021-04-16 07:20:00,1.207498362295624,-9.616494089332372,11.777725233764897
2021-04-16 07:21:00,1.2059428379503585,-9.568499133633946,11.60919923797539
2021-04-16 07:22:00,1.2044682070358623,-9.369134747408063,10.839612012192863
2021-04-16 07:23:00,1.2030734227653306,-8.99154448028393,11.822810063709369
2021-04-16 07:24:00,1.201757424875822,-9.465427070544877,12.1347884465802
2021-04-16 07:25:00,1.2005191403811062,-8.752908598888693,12.196009442209073
2021-04-16 07:26:00,1.1993574839351924,-9.063080120210683,11.836819711369868
2021-04-16 07:27:00,1.198271358382505,-9.349311322380743,11.92947829068058
2021-04-16 07:28:00,1.1972596553104062,-9.0151693903093,11.751043371578623
2021-04-16 07:29:00,1.1963212555606677,-8.869517549088261,11.465008911019234
2021-04-16 07:30:00,1.1954550298185436,-8.680255762043679,12.111803916463728
2021-04-16 07:31:00,1.1946598390586776,-9.641751696399714,12.201466310895952
2021-04-16 07:32:00,1.1939345350949453,-8.406070313248806,11.67085204948506
2021-04-16 07:33:00,1.1932779612349107,-9.262314324158293,12.254126016259852
2021-04-16 07:34:00,1.1926889526288265,-9.665590735603525,12.560041978969325
2021-04-16 07:35:00,1.1921663369449784,-9.077985612990997,12.621420959022462
2021-04-16 07:36:00,1.1917089348704468,-9.64493256329824,12.381658120505682
2021-04-16 07:37:00,1.1913155606459724,-9.423533319279024,11.705244992641061
2021-04-16 07:38:00,1.1909850225990934,-8.938765037391512,10.23265951593996
2021-04-16 07:39:00,1.1907161236625732,-9.278212205511663,11.850672129856362
2021-04-16 07:40:00,1.190507661989436,-9.25839861165468,11.552331563597887
2021-04-16 07:41:00,1.1903584314194062,-8.451565370344321,11.774690190580706
2021-04-16 07:42:00,1.1902672220085095,-9.282936410221318,11.449143032664827
2021-04-16 07:43:00,1.1902328206764565,-8.735937216374388,11.570543649797466
2021-04-16 07:44:00,1.1902540115888312,-9.936356051429525,12.311595067635425
2021-04-16 07:45:00,1.1903295768013238,-10.334931741966653,11.869245153402987
2021-04-16 07:46:00,1.1904582967760513,-9.721519712244245,12.397237887287561
2021-04-16 07:47:00,1.190638950887845,-9.03381830229253,11.478014699373958
2021-04-16 07:48:00,1.1908703179560216,-8.714442457992176,12.87725076008825
2021-04-16 07:49:00,1.1911511768010494,-9.346259402923524,11.779539837587434
2021-04-16 07:50:00,1.1914803067739235,-8.796680905976826,11.847763732093906
2021-04-16 07:51:00,1.1918564882389233,-9.362905127410482,12.311326900612428
2021-04-16 07:52:00,1.1922785031590277,-9.190528201649029,11.355065300406501
2021-04-16 07:53:00,1.1927451355341852,-9.08092707900449,11.845465768569433
2021-04-16 07:54:00,1.1932551720334676,-9.89424694197899,12.177106389362251
2021-04-16 07:55:00,1.1938074023938632,-9.538938992958977,12.292178369486175
2021-04-16 07:56:00,1.1944006199871111,-9.640564125724588,11.301330304387625
2021-04-16 07:57:00,1.1950336223740174,-10.032736082368162,11.606788959147837
2021-04-16 07:58:00,1.1957052117118423,-9.357366147894316,11.719802259230212
2021-04-16 07:59:00,1.196414195326705,-9.401862523453767,12.070738205264561
2021-04-16 08:00:00,1.1971593862060046,-9.604443493229153,12.796092165270805
2021-04-16 08:01:00,1.1979396034663707,-9.042640613540508,11.729413564765501
2021-04-16 08:02:00,1.198753672875979,-9.235105694687334,12.198548141669031
2021-04-16 08:03:00,1.1996004272908307,-9.46954618268597,11.602802361729594
2021-04-16 08:04:00,1.2004787072099288,-9.335725084598627,11.714213816798848
2021-04-16 08:05:00,1.2013873611963373,-9.522230141213846,11.601133008142424
2021-04-16 08:06:00,1.2023252463711172,-9.77321820215501,12.146057533321002
2021-04-16 08:07:00,1.2032912288792943,-9.114545348547745,12.038220814472831
2021-04-16 08:08:00,1.2042841843585652,-8.995883983006516,12.619548889547419
2021-04-16 08:09:00,1.2053029983799113,-9.567123341848125,11.771916916062539
2021-04-16 08:10:00,1.2063465669180589,-9.78467870085041,11.781263088831222
2021-04-16 08:11:00,1.2074137968075807,-9.39839371723955,10.825897732665439
2021-04-16 08:12:00,1.208503606151547,-9.402763139989265,11.631759744752449
2021-04-16 08:13:00,1.2096149247836778,-9.397329943500024,12.110461238527243
2021-04-16 08:14:00,1.2107466947033452,-9.688716012541233,12.318310250470494
2021-04-16 08:15:00,1.2118978704724348,-9.91203110432067,10.90229365936744
2021-04-16 08:16:00,1.213067419667126,-9.279135183446996,11.489545955219269
2021-04-16 08:17:00,1.2142543232537517,-8.910100014979731,11.810269206728448
2021-04-16 08:18:00,1.215457576034362,-8.87706748880436,12.158123171742414
2021-04-16 08:19:00,1.216676187007827,-9.925437644212352,11.888839785655069
2021-04-16 08:20:00,1.217909179782966,-9.04069247850487,11.59066717738123
2021-04-16 08:21:00,1.2191555929652802,-8.559907330401748,12.309661684077481
2021-04-16 08:22:00,1.2204144805303616,-9.514923473010937,11.387742807334932
2021-04-16 08:23:00,1.2216849121812086,-9.536846023761164,12.268174896466762
2021-04-16 08:24:00,1.2229659737403393,-9.516381893688937,11.708953763506106
2021-04-16 08:25:00,1.2242567674891367,-9.603775500447625,12.279049481338104
2021-04-16 08:26:00,1.2255564125159115,-9.002010432943612,12.14492131001105
2021-04-16 08:27:00,1.2268640450641732,-8.469951888987334,11.773403903723926
2021-04-16 08:28:00,1.2281788188666651,-9.736646754825781,12.459053922239965
2021-04-16 08:29:00,1.2294999054673765,-9.209032022245028,11.92341187428767
2021-04-16 08:30:00,1.2308264945452856,-8.510812014634917,11.815574035234777
2021-04-16 08:31:00,1.2321577942195288,-8.933156543247422,12.125886809043939
2021-04-16 08:32:00,1.2334930313561516,-9.691002927247581,12.194565640654409
2021-04-16 08:33:00,1.2348314518622368,-8.448987110839726,12.12890279731189
2021-04-16 08:34:00,1.2361723209693298,-8.477181513649843,11.588004624764567
2021-04-16 08:35:00,1.2375149235125904,-9.384698977009043,11.762413390076805
2021-04-16 08:36:00,1.238858564199702,-9.070258095080225,12.000230571884552
2021-04-16 08:37:00,1.2402025678755773,-9.154581292935486,12.607781060509343
2021-04-16 08:38:00,1.241546279769739,-9.24601782108392,11.676436199046602
2021-04-16 08:39:00,1.2428890657374567,-9.25806863138833,11.29615229303717
2021-04-16 08:40:00,1.244230312500885,-8.49333034486617,12.57248784533857
2021-04-16 08:41:00,1.2455694278796465,-9.154228783942738,11.389288781257125
2021-04-16 08:42:00,1.2469058409829694,-9.179202785627597,11.68041998349605
2021-04-16 08:43:00,1.2482390024545784,-9.047148458974323,11.936722136074199
2021-04-16 08:44:00,1.249568384639471,-9.255681847874373,12.038314263498345
2021-04-16 08:45:00,1.2508934817937454,-9.870010454646962,11.14798530949161
2021-04-16 08:46:00,1.2522138102499023,-9.65802736897546,12.06315665359636
2021-04-16 08:47:00,1.2535289086028392,-9.397994226604693,11.47324637848232
2021-04-16 08:48:00,1.2548383378731134,-9.504480051938739,11.216028687060081
2021-04-16 08:49:00,1.2561416816346678,-10.047817214819766,12.757790700301996
2021-04-16 08:50:00,1.2574385461876632,-9.21053512930606,11.382065037338537
2021-04-16 08:51:00,1.2587285606914251,-9.433393142969908,12.38528649893882
2021-04-16 08:52:00,1.2600113772488313,-9.029750057658704,12.752015833193395
2021-04-16 08:53:00,1.26128667108724,-9.86443795682322,11.462043366522183
2021-04-16 08:54:00,1.2625541405990086,-9.877762746220428,11.508377170875491
2021-04-16 08:55:00,1.263813507491233,-8.85800669244829,11.274001804565662
2021-04-16 08:56:00,1.2650645168207735,-9.540179594014395,11.85703995315675
2021-04-16 08:57:00,1.2663069371343547,-9.726301945996774,11.620771622892596
2021-04-16 08:58:00,1.267540560475858,-8.885529000425633,11.779230978786321
2021-04-16 08:59:00,1.2687652024727596,-9.334980139838914,11.835328447890221
2021-04-16 09:00:00,1.2699807023858516,-9.707870374943662,11.828033819108205
2021-04-16 09:01:00,1.271186923130747,-9.935595648142376,12.145106473823905
2021-04-16 09:02:00,1.2723837513478116,-9.924898784942867,11.317666083422186
2021-04-16 09:03:00,1.273571097344761,-9.742496544027167,12.220501993498223
2021-04-16 09:04:00,1.2747488951963568,-10.290878048173369,12.550591823069112
2021-04-16 09:05:00,1.2759171026909657,-8.612234357214637,12.374702469845085
2021-04-16 09:06:00,1.2770757013056926,-9.60456162999098,12.004959641272416
2021-04-16 09:07:00,1.2782246962469281,-10.129158507953,10.71065687780026
2021-04-16 09:08:00,1.2793641163790017,-9.524752346441117,12.068370389194484
2021-04-16 09:09:00,1.2804940141785002,-9.057505739202515,11.984663069299055
2021-04-16 09:10:00,1.2816144657002182,-9.560752975253605,12.402161233820369
2021-04-16 09:11:00,1.2827255705363507,-10.420727651637652,11.599672745848192
2021-04-16 09:12:00,1.283827451747391,-9.011964469586983,11.258604402148684
2021-04-16 09:13:00,1.2849202557175219,-9.292431733009698,12.061293341285891
2021-04-16 09:14:00,1.286004152183157,-8.912881752276583,11.252604386511269
2021-04-16 09:15:00,1.287079334034203,-9.338213906078687,11.133115281443844
2021-04-16 09:16:00,1.28814601727372,-9.25290651933681,12.19727917604109
2021-04-16 09:17:00,1.2892044408569143,-8.978676147610193,11.330590716464052
2021-04-16 09:18:00,1.2902548666213942,-8.484877269426718,12.830969933671245
2021-04-16 09:19:00,1.29129758070345,-8.488897186484193,12.472432247481212
2021-04-16 09:20:00,1.2923328886127758,-9.120717932008588,12.750556300226707
2021-04-16 09:21:00,1.2933611199020896,-10.075564213014786,12.106074275010902
2021-04-16 09:22:00,1.2943826264011147,-8.753756767418036,12.022747687925932
2021-04-16 09:23:00,1.2953977819863347,-10.127361368407605,11.67591939306528
2021-04-16 09:24:00,1.296406982505608,-9.433943461644843,11.680877483915472
2021-04-16 09:25:00,1.2974106454810346,-9.724630305910644,11.397856860492492
2021-04-16 09:26:00,1.298409210036017,-9.055978244316863,11.070120787021098
2021-04-16 09:27:00,1.2994031365419416,-9.260100963930485,11.848891194694254
2021-04-16 09:28:00,1.3003929065524158,-8.926556392055142,12.072069265414049
2021-04-16 09:29:00,1.3013790224986077,-9.336837878485689,11.757434531384481
2021-04-16 09:30:00,1.3023620074309898,-9.426647418514907,11.869709836399139
2021-04-16 09:31:00,1.3033424048766364,-9.25902154740864,11.847180585358002
2021-04-16 09:32:00,1.3043207785258844,-9.173581280136341,11.862677964944169
2021-04-16 09:33:00,1.305297711958779,-9.695866096293457,12.27851431371667
2021-04-16 09:34:00,1.3062738084265901,-9.426545152047582,12.024796986814716
2021-04-16 09:35:00,1.3072496905585824,-9.475094672955986,11.370829363839658
2021-04-16 09:36:00,1.3082260001395252,-9.741746562449444,11.889851387308617
2021-04-16 09:37:00,1.3092033976570798,-9.758741174432693,11.558534593947769
2021-04-16 09:38:00,1.3101825622411893,-9.004597405880004,11.784218012999322
2021-04-16 09:39:00,1.3111641911398042,-9.620891218488273,11.799661700832425
2021-04-16 09:40:00,1.3121489995769595,-10.288540649570818,11.417878626942507
2021-04-16 09:41:00,1.3131377202949506,-8.979776372080849,11.930071391768236
2021-04-16 09:42:00,1.3141311033583096,-9.35588180931933,10.935783534197094
2021-04-16 09:43:00,1.3151299157455503,-9.254782124561116,11.841648201204725
2021-04-16 09:44:00,1.3161349409785148,-10.00463476733199,12.151998759487286
2021-04-16 09:45:00,1.3171469788633616,-9.526931935789397,11.42899990979219
2021-04-16 09:46:00,1.3181668451084798,-10.081257904232366,11.97123306334019
2021-04-16 09:47:00,1.319195370883528,-9.43550950726939,11.447339853383642
2021-04-16 09:48:00,1.3202334025889346,-10.04795267346989,11.973465733867146
2021-04-16 09:49:00,1.3212818013434,-9.846290507119948,11.864757747433845
2021-04-16 09:50:00,1.322341442738744,-9.093200436413133,12.000122558179504
2021-04-16 09:51:00,1.3234132163072445,-9.595267086238769,11.083270433091092
2021-04-16 09:52:00,1.3244980252979441,-8.871218749287307,12.058972449540295
2021-04-16 09:53:00,1.3255967861343605,-9.289120682773943,11.967863714281359
2021-04-16 09:54:00,1.3267104280752193,-9.433293112181776,12.393672996721342
2021-04-16 09:55:00,1.32783989277248,-9.695276793700994,12.026422723310857
2021-04-16 09:56:00,1.328986133913405,-9.797428249993729,10.99138769364119
2021-04-16 09:57:00,1.3301501167898895,-8.912403686232294,11.76846065421013
2021-04-16 09:58:00,1.3313328177545356,-10.09730940900481,12.312341361109581
2021-04-16 09:59:00,1.3325352239729624,-9.178659503870177,12.046376988647104
2021-04-16 10:00:00,1.3337583329009424,-8.495199665038522,11.902775531677694
2021-04-16 10:01:00,1.335003151752551,-9.479371651646101,12.07844527985531
2021-04-16 10:02:00,1.3362706972610114,-9.454752075446462,11.961067891868852
2021-04-16 10:03:00,1.3375619950188007,-9.576627567065879,12.412206748215949
2021-04-16 10:04:00,1.3388780791972916,-9.521741806003527,11.578368280104918
2021-04-16 10:05:00,1.3402199919415845,-9.374762390479816,12.972869322700374
2021-04-16 10:06:00,1.3415887830258062,-9.527051344085006,11.163321816580577
2021-04-16 10:07:00,1.3429855093556866,-10.092071385004727,12.990083082702633
2021-04-16 10:08:00,1.3444112344408137,-8.733754528503878,12.082345767301057
2021-04-16 10:09:00,1.345867027977243,-9.048510165664863,11.66087441248904
2021-04-16 10:10:00,1.3473539654053432,-8.755638301915715,12.476872848410613
2021-04-16 10:11:00,1.348873127336574,-9.101146952382722,11.65206894721667
2021-04-16 10:12:00,1.3504255991481398,-8.503687833510725,12.194071384060479
2021-04-16 10:13:00,1.3520124704653753,-9.475680557375565,11.658404628417921
2021-04-16 10:14:00,1.3536348346911384,-9.208213493300338,11.823267336262473
2021-04-16 10:15:00,1.3552937884864191,-8.848512807846376,12.188729303901594
2021-04-16 10:16:00,1.3569904313462025,-9.67617262907916,12.417257727261067
2021-04-16 10:17:00,1.3587258650442786,-9.232494880770673,11.93349923305064
2021-04-16 10:18:00,1.360501193128112,-9.107369661402634,11.799731593122019
2021-04-16 10:19:00,1.3623175204482232,-9.65632034484716,12.333424800998108
2021-04-16 10:20:00,1.3641759526840413,-8.935368655327071,11.59082196439702
2021-04-16 10:21:00,1.3660775958540023,-9.760786816246997,12.406556000549873
2021-04-16 10:22:00,1.36802355566592,-9.264848952075104,12.264098195631632
2021-04-16 10:23:00,1.3700149372316242,-8.651851449583535,12.053947221901556
2021-04-16 10:24:00,1.3720528444603886,-9.672815151907924,12.796757410134704
2021-04-16 10:25:00,1.374138379448223,-9.513521920101708,11.18862275025532
2021-04-16 10:26:00,1.3762726422013425,-9.082511349393254,11.716641592448125
2021-04-16 10:27:00,1.378456729946557,-9.080577319016326,11.588384773436927
2021-04-16 10:28:00,1.3806917366932885,-9.169762715022504,11.635780795158599
2021-04-16 10:29:00,1.3829787527425381,-9.159944216331507,11.344462332299127
2021-04-16 10:30:00,1.3853188641195413,-8.94612129279064,12.416724013451038
2021-04-16 10:31:00,1.3877131522186692,-8.42349411218008,12.634829304178547
2021-04-16 10:32:00,1.3901626930775803,-9.858245009576992,11.628834738529854
2021-04-16 10:33:00,1.3926685570744788,-8.378801253525852,11.926731885536647
2021-04-16 10:34:00,1.3952318082853865,-8.59291684928746,11.714200854651803
2021-04-16 10:35:00,1.3978535041019866,-9.208333071224699,11.576794002590729
2021-04-16 10:36:00,1.4005346946036492,-8.725274327220973,11.788599140782225
2021-04-16 10:37:00,1.4032764222076661,-9.594263833869503,11.094155667651973
2021-04-16 10:38:00,1.4060797210589981,-8.91227118915856,12.425498251450422
2021-04-16 10:39:00,1.408945616529735,-9.039246390852947,11.895551216021184
2021-04-16 10:40:00,1.4118751248467545,-9.81346670908136,11.45919722258095
2021-04-16 10:41:00,1.4148692524858828,-9.542985153511301,11.459237507555814
2021-04-16 10:42:00,1.4179289956949108,-8.318809169490365,11.89870257135195
2021-04-16 10:43:00,1.4210553400866162,-8.368777319080294,11.758031976672529
2021-04-16 10:44:00,1.4242492600275465,-9.92168273684857,12.551904685003981
2021-04-16 10:45:00,1.4275117183919104,-9.020589546388802,13.294051538373061
2021-04-16 10:46:00,1.4308436656923744,-8.694244290116243,11.25003405594043
2021-04-16 10:47:00,1.4342460400794979,-8.61313283056993,12.451869786505071
2021-04-16 10:48:00,1.437719766494879,-8.828157976460174,11.39372923359707
2021-04-16 10:49:00,1.4412657563603495,-9.49641814765134,12.089231455357407
2021-04-16 10:50:00,1.4448849071316856,-9.2936195496287,11.775936876009814
2021-04-16 10:51:00,1.4485781018103374,-8.965554077881704,12.652025895213184
2021-04-16 10:52:00,1.4523462084825682,-8.798111922117481,12.820674875081925
2021-04-16 10:53:00,1.4561900798410758,-9.17521566589255,11.612946291570434
2021-04-16 10:54:00,1.4601105527898082,-9.588028583837552,11.80843805887459
2021-04-16 10:55:00,1.4641084480293218,-9.046034963383196,12.178139041636001
2021-04-16 10:56:00,1.4681845695022284,-8.740752014978346,12.372325081595545
2021-04-16 10:57:00,1.472339704084027,-9.75627219104552,11.614300534472457
2021-04-16 10:58:00,1.4765746210730937,-8.218667430843958,12.407897988525137
2021-04-16 10:59:00,1.4808900718341986,-9.055141819190693,11.850846419344062
2021-04-16 11:00:00,1.4852867893030375,-9.90169066757224,11.878017276254772
2021-04-16 11:01:00,1.4897654876961832,-9.558995957775817,12.357578679679001
2021-04-16 11:02:00,1.4943268619807495,-8.474772477756309,12.798601656123036
2021-04-16 11:03:00,1.498971587513212,-9.059782167636595,11.668076891799876
2021-04-16 11:04:00,1.5037003197092402,-8.225796944702823,11.99950535716183
2021-04-16 11:05:00,1.5085136935692345,-9.39934648391029,11.943850835864454
2021-04-16 11:06:00,1.5134123233877252,-9.619610447591173,11.772351749884395
2021-04-16 11:07:00,1.518396802223974,-9.654783241760933,12.093811884767529
2021-04-16 11:08:00,1.5234677017282063,-9.300040918465145,12.650569411940491
2021-04-16 11:09:00,1.5286255717070683,-8.418770137825387,12.167389065921796
2021-04-16 11:10:00,1.533870939620765,-9.31158636013901,11.592163135625656
2021-04-16 11:11:00,1.539204310512437,-9.293314191369795,13.099359564852485
2021-04-16 11:12:00,1.5446261664317995,-9.62212784204228,12.479145579252574
2021-04-16 11:13:00,1.5501369662192852,-10.305427519537515,12.542045082110272
2021-04-16 11:14:00,1.5557371451426856,-8.48998811880169,12.210177505315869
2021-04-16 11:15:00,1.561427114571626,-9.095287114517541,11.651673902367964
2021-04-16 11:16:00,1.567207261741685,-9.086386365836356,11.462018924957299
2021-04-16 11:17:00,1.5730779493277929,-8.625892557275,11.836556874147375
2021-04-16 11:18:00,1.579039515212351,-8.961516273860354,11.929504875186677
2021-04-16 11:19:00,1.585092272280956,-9.494798665279445,11.959081574117388
2021-04-16 11:20:00,1.5912365079103363,-8.93896819604093,11.9348634960489
2021-04-16 11:21:00,1.5974724839701824,-9.674372111928063,11.366871625078037
2021-04-16 11:22:00,1.6038004364428315,-8.645928514196205,12.05777959001199
2021-04-16 11:23:00,1.6102205750175875,-9.689762382780348,12.393108448381623
2021-04-16 11:24:00,1.6167330831306406,-9.382526147720103,11.507204058244149
2021-04-16 11:25:00,1.6233381175540864,-8.971632716307598,13.01142218686479
2021-04-16 11:26:00,1.630035808147753,-8.423307346688928,11.512106251823361
2021-04-16 11:27:00,1.6368262577456627,-9.329358487865376,11.98486503782619
2021-04-16 11:28:00,1.64370954177256,-9.176080017697274,12.195943811096463
2021-04-16 11:29:00,1.6506857082913289,-8.493041167484067,12.149335747736309
2021-04-16 11:30:00,1.65775477765206,-8.7613523803092,12.545560412993273
2021-04-16 11:31:00,1.6649167422031579,-8.800173965098548,12.21247207763473
2021-04-16 11:32:00,1.6721715663673153,-9.048598670767516,12.465804300088699
2021-04-16 11:33:00,1.6795191863468835,-8.630051165044655,11.953397970193768
2021-04-16 11:34:00,1.6869595098384704,-8.993288467978365,12.446118215335142
2021-04-16 11:35:00,1.6944924161675061,-9.450932834487263,12.642069908031019
2021-04-16 11:36:00,1.7021177558928318,-9.855520346139263,12.703424260838123
2021-04-16 11:37:00,1.70983535082381,-9.604747595780571,12.30597810574175
2021-04-16 11:38:00,1.717644993860275,-8.675433425616378,12.717987204892856
2021-04-16 11:39:00,1.7255464488346108,-9.671689923227296,12.071560822324763
2021-04-16 11:40:00,1.7335394505090842,-8.990094695073726,12.51238042446417
2021-04-16 11:41:00,1.7416237044962304,-9.199981878511382,12.332257199302788
2021-04-16 11:42:00,1.7497988869089232,-8.843836034284196,12.224031035027311
2021-04-16 11:43:00,1.7580646447625599,-8.771084165507467,12.640059555773226
2021-04-16 11:44:00,1.7664205953807255,-8.84980573115939,13.051567597476282
2021-04-16 11:45:00,1.7748663268294915,-9.14896815332906,12.293714821530472
2021-04-16 11:46:00,1.7834013975946084,-8.921904983392645,12.788440019056507
2021-04-16 11:47:00,1.792025336557784,-8.87397528314394,11.93408166505616
2021-04-16 11:48:00,1.8007376430772302,-8.912025185725271,12.619215792802727
2021-04-16 11:49:00,1.8095377869761509,-8.229510307103764,12.248469196266738
2021-04-16 11:50:00,1.8184252084112833,-8.906580877352294,12.53785062566482
2021-04-16 11:51:00,1.827399318047349,-8.49299227059371,12.72776933813555
2021-04-16 11:52:00,1.8364594969334747,-8.849000052452658,12.72861034437112
2021-04-16 11:53:00,1.845605096635917,-8.484484899162991,12.24005319458978
2021-04-16 11:54:00,1.8548354392895718,-9.320365613898938,11.76787604451809
2021-04-16 11:55:00,1.8641498174599658,-8.36968571670441,13.191328016459806
2021-04-16 11:56:00,1.87354749444662,-9.017525956399913,12.432038146482487
2021-04-16 11:57:00,1.8830277043243302,-8.359871144695363,12.230694642441058
2021-04-16 11:58:00,1.8925896516842493,-8.46904464122991,13.297274040128409
2021-04-16 11:59:00,1.9022325123004227,-8.753149613984268,11.889312723417081
2021-04-16 12:00:00,1.911955432616654,-8.720842637199253,12.349473788564218
2021-04-16 12:01:00,1.921757530402769,-9.300304899737869,12.0363315108118
2021-04-16 12:02:00,1.931637894515042,-9.32096226460612,12.150612198027503
2021-04-16 12:03:00,1.9415955850936295,-7.466589646875361,13.672860896199428
2021-04-16 12:04:00,1.951629633872645,-8.637700805050992,12.30521728212044
2021-04-16 12:05:00,1.9617390440522149,-8.543382754430551,13.145433159539444
2021-04-16 12:06:00,1.9719227907413275,-8.393101394094906,12.69522726416065
2021-04-16 12:07:00,1.9821798209662052,-7.745329077513525,12.538016839008211
2021-04-16 12:08:00,1.9925090538167303,-9.005903879304665,13.425923348538593
2021-04-16 12:09:00,2.0029093807688385,-9.230894888013044,12.257649228547026
2021-04-16 12:10:00,2.013379665840281,-8.865688997838157,12.553623551284737
2021-04-16 12:11:00,2.0239187456771446,-9.609078589129883,14.388149516708795
2021-04-16 12:12:00,2.0345254299854605,-8.485833290412236,13.415708288806421
2021-04-16 12:13:00,2.0451985015345056,-8.756370182329903,12.42298164216899
2021-04-16 12:14:00,2.055936716572528,-8.501628601410694,12.672196018256088
2021-04-16 12:15:00,2.0667388051284092,-8.535716802380083,12.917482022929219
2021-04-16 12:16:00,2.0776034708701596,-8.068262815006419,12.786354718958368
2021-04-16 12:17:00,2.0885293918330783,-8.754291782836539,13.094581185114937
2021-04-16 12:18:00,2.0995152206356433,-8.990970778348842,12.841368295930621
2021-04-16 12:19:00,2.110559584288209,-8.164077373045428,12.610202613504574
2021-04-16 12:20:00,2.1216610852633044,-8.971310375323753,12.099049092210745
2021-04-16 12:21:00,2.1328183009692787,-8.86778817293649,13.137926160001072
2021-04-16 12:22:00,2.144029784807834,-8.940209882760003,12.672412710068082
2021-04-16 12:23:00,2.1552940660258892,-8.544548505667292,12.384688999279629
2021-04-16 12:24:00,2.1666096501170156,-8.055060788907255,12.961744343295203
2021-04-16 12:25:00,2.17797501932643,-8.11154003123576,12.370870616100284
2021-04-16 12:26:00,2.1893886328923413,-8.708882902150128,13.009598006145325
2021-04-16 12:27:00,2.2008489273084573,-8.382701546609736,12.305764127224453
2021-04-16 12:28:00,2.2123543169249276,-9.628786603759972,12.481527803485145
2021-04-16 12:29:00,2.2239031940432668,-8.211832117256646,13.05303963888342
2021-04-16 12:30:00,2.2354939295454086,-8.15317206820952,12.49089463206591
2021-04-16 12:31:00,2.2471248731763116,-8.719801294475792,13.18059435576548
2021-04-16 12:32:00,2.2587943538368913,-8.858509596068389,13.47966197478685
2021-04-16 12:33:00,2.270500680166831,-8.603682818923467,13.026275964066064
2021-04-16 12:34:00,2.2822421410250135,-8.304778955327423,12.46830015669337
2021-04-16 12:35:00,2.294017005420132,-8.600669175754591,12.887574208615495
2021-04-16 12:36:00,2.305823523717583,-8.348130507689516,13.058369356103226
2021-04-16 12:37:00,2.317659927221054,-8.345653812710323,12.747046026715928
2021-04-16 12:38:00,2.329524429404491,-7.3987313293086245,13.523222476368975
2021-04-16 12:39:00,2.3414152258525514,-8.157676846319294,12.34550463376295
2021-04-16 12:40:00,2.3533304948099705,-8.706332719953851,13.30735937799411
2021-04-16 12:41:00,2.365268397801855,-8.896806896535265,12.652733143945827
2021-04-16 12:42:00,2.377227080007288,-7.650577179940524,13.808118182089506
2021-04-16 12:43:00,2.389204670645808,-8.231161038043632,13.068988838570966
2021-04-16 12:44:00,2.401199283683809,-8.459226851483743,13.34953157027142
2021-04-16 12:45:00,2.4132090180554515,-8.160135509018362,13.142324640936309
2021-04-16 12:46:00,2.425231958416604,-8.69083657519547,12.866293175644334
2021-04-16 12:47:00,2.4372661755344938,-7.839416019632955,13.61896250148579
2021-04-16 12:48:00,2.4493097266800032,-9.070923542720323,12.046995250837844
2021-04-16 12:49:00,2.461360656397055,-8.173406210387617,13.210958421122918
2021-04-16 12:50:00,2.4734169967646826,-7.204315819046849,13.386956279788109
2021-04-16 12:51:00,2.485476768087411,-8.262785270939206,13.017922541734288
2021-04-16 12:52:00,2.497537979548657,-8.252612192065216,12.582617439824698
2021-04-16 12:53:00,2.5095986292489187,-8.931225184556563,13.811806777604918
2021-04-16 12:54:00,2.518599866160884,-7.072148415237205,13.081598089958794
2021-04-16 12:55:00,2.527596507974331,-8.203496014547119,13.23223163348378
2021-04-16 12:56:00,2.536586523765655,-7.7273544503820295,13.500611763254597
2021-04-16 12:57:00,2.545567874501552,-7.9472717923138365,13.446394602737183
2021-04-16 12:58:00,2.5545385127172464,-7.793958514339469,13.44674092087671
2021-04-16 12:59:00,2.563496383856926,-7.697699046331055,13.203436776013312
2021-04-16 13:00:00,2.572439426393655,-8.241647080781847,12.853479804657443
2021-04-16 13:01:00,2.5813655724031808,-8.411666614632235,13.182314802423663
2021-04-16 13:02:00,2.590272748387158,-7.575030103257721,13.638207160435902
2021-04-16 13:03:00,2.5991588756685857,-9.149374947289775,12.44767023707513
2021-04-16 13:04:00,2.6080218709586283,-8.295251371112478,12.83665676261395
2021-04-16 13:05:00,2.616859647100241,-7.7384407590775535,13.190440711254237
2021-04-16 13:06:00,2.625670113421844,-7.749375196091246,12.870246520389166
2021-04-16 13:07:00,2.634451176596666,-8.558113322774766,13.019997096777221
2021-04-16 13:08:00,2.643200741066005,-7.851848999890443,11.993048557782224
2021-04-16 13:09:00,2.6519167095722027,-8.753747707651586,12.634616706682607
2021-04-16 13:10:00,2.6605969839460792,-7.982900988529056,13.039095974948598
2021-04-16 13:11:00,2.6692394657451097,-8.326482713772172,13.018498297457858
2021-04-16 13:12:00,2.6778420563808574,-8.185150655900213,13.250171719017457
2021-04-16 13:13:00,2.686402658449476,-8.679834307667146,12.588399801649675
2021-04-16 13:14:00,2.694919175617539,-7.413886782048247,14.02382212003984
2021-04-16 13:15:00,2.7033895138258845,-8.080530266178235,13.26454404916157
2021-04-16 13:16:00,2.7118115815678157,-8.401830701074365,12.945355849654852
2021-04-16 13:17:00,2.720183290448001,-7.824652947759915,12.910304382027409
2021-04-16 13:18:00,2.7285025560622533,-8.648993062771504,12.459795420439153
2021-04-16 13:19:00,2.736767298409489,-7.753412173478015,12.603881457433538
2021-04-16 13:20:00,2.7449754424556576,-7.938429640218245,14.020811851849748
2021-04-16 13:21:00,2.753124919002272,-7.461944462487571,13.593032610464201
2021-04-16 13:22:00,2.7612136649627113,-8.582061451311866,13.49321155850081
2021-04-16 13:23:00,2.7692396242256336,-7.733111935524849,13.264068372580201
2021-04-16 13:24:00,2.777200748224688,-7.442898340096368,12.487555919945715
2021-04-16 13:25:00,2.78509499634531,-7.814787463735497,13.40666467386957
2021-04-16 13:26:00,2.7929203368112225,-7.757708387579889,13.89129743690136
2021-04-16 13:27:00,2.8006747472070557,-8.036442139159604,13.326274444387476
2021-04-16 13:28:00,2.808356214831565,-8.283170174549191,13.132464270678522
2021-04-16 13:29:00,2.8159627377915033,-8.349308872870633,13.54927002977116
2021-04-16 13:30:00,2.823492324992988,-7.86647826658718,14.250703493757578
2021-04-16 13:31:00,2.8309429973810754,-7.707285361853722,13.724649097647902
2021-04-16 13:32:00,2.8383127881653203,-7.857735701096402,13.664462477397777
2021-04-16 13:33:00,2.8455997432106175,-7.6220118600296,14.283611455450611
2021-04-16 13:34:00,2.852801922318805,-7.338605328574476,13.449949298500263
2021-04-16 13:35:00,2.859917398996232,-7.705639237470464,13.64702148641984
2021-04-16 13:36:00,2.8669442617805325,-8.57325353970574,13.904623047757898
2021-04-16 13:37:00,2.873880614311042,-7.371756480195406,13.467156356744102
2021-04-16 13:38:00,2.8807245761236704,-6.837288022159692,13.050444960510596
2021-04-16 13:39:00,2.8874742831928533,-7.715611049546814,13.82310388105936
2021-04-16 13:40:00,2.8941278885924406,-7.720013118921155,13.592742115738009
2021-04-16 13:41:00,2.900683562836089,-7.791699754709773,13.055043296368476
2021-04-16 13:42:00,2.907139494772859,-8.328440761517182,13.3043415249962
2021-04-16 13:43:00,2.913493891821505,-8.331072370540985,13.541199817146952
2021-04-16 13:44:00,2.9197449807514153,-7.9195520296280515,14.622396126862865
2021-04-16 13:45:00,2.925891008232649,-8.205522817685882,13.903424936807244
2021-04-16 13:46:00,2.9319302411955634,-7.595108666656375,13.422379636474654
2021-04-16 13:47:00,2.9378609675484557,-7.381200028392435,13.986596131736777
2021-04-16 13:48:00,2.9436814968209832,-7.475096097692464,14.163818952398707
2021-04-16 13:49:00,2.9493901602618546,-7.775977923986983,13.58385149864991
2021-04-16 13:50:00,2.9549853119907454,-7.452465924142007,13.37350523220627
2021-04-16 13:51:00,2.960465328867276,-7.505619365640318,13.65209021397681
2021-04-16 13:52:00,2.9658286116202763,-7.5278107455628085,12.329682548571201
2021-04-16 13:53:00,2.971073584930032,-8.785617803451192,13.296661096667233
2021-04-16 13:54:00,2.976198698046252,-8.11575432968344,12.707140081188543
2021-04-16 13:55:00,2.981202425425656,-7.076077388622643,13.723126737686838
2021-04-16 13:56:00,2.9860832671246795,-8.118204099441963,14.049921753110723
2021-04-16 13:57:00,2.9908397491918226,-8.178109086331899,14.001009456915176
2021-04-16 13:58:00,2.9954704243121184,-7.64254436195443,13.403180945637898
2021-04-16 13:59:00,2.9999738722220486,-7.680317921959656,13.355927985796137
2021-04-16 14:00:00,3.0043487001481757,-6.704320581877033,13.744901942475202
2021-04-16 14:01:00,3.008593543288032,-7.560056028300837,13.89012560527625
2021-04-16 14:02:00,3.0127070652943866,-7.904509045973869,13.180624163977555
2021-04-16 14:03:00,3.016687958626424,-7.4005188877149735,13.306112617264656
2021-04-16 14:04:00,3.020534945202356,-7.417566510177441,13.050151854672851
2021-04-16 14:05:00,3.0242467764516583,-7.13708023511866,14.313606595490846
2021-04-16 14:06:00,3.0278222342199297,-7.156959866305224,13.0266349577193
2021-04-16 14:07:00,3.0312601307075755,-7.8736353934312495,13.929224327012228
2021-04-16 14:08:00,3.0345593092199534,-7.809111030178192,13.510640175480948
2021-04-16 14:09:00,3.0377186444688777,-7.753720751878121,13.13628005215618
2021-04-16 14:10:00,3.040737042817772,-7.202207670985861,14.040191443259346
2021-04-16 14:11:00,3.043613442914328,-6.429775379772957,13.111165910241553
2021-04-16 14:12:00,3.046346815828047,-8.680183366803677,13.772824343074664
2021-04-16 14:13:00,3.048936165588685,-7.5155343988550545,14.255422560737527
2021-04-16 14:14:00,3.051380529427947,-7.279809571458407,13.215096367243014
2021-04-16 14:15:00,3.0536789781297746,-7.802530271518409,13.581864714551854
2021-04-16 14:16:00,3.0558306165017655,-7.517296608629533,13.592425426805868
2021-04-16 14:17:00,3.057834583522241,-7.258013931764597,13.245019789815696
2021-04-16 14:18:00,3.05969005271528,-8.048556604491118,13.33182868105245
2021-04-16 14:19:00,3.0613962325810657,-6.953753618109413,13.865948459656886
2021-04-16 14:20:00,3.0629523666646365,-7.296283240527495,13.536509672744991
2021-04-16 14:21:00,3.0643577340901635,-7.716957272311987,13.01353609816544
2021-04-16 14:22:00,3.0656116496141275,-7.952619305198356,13.487076428320691
2021-04-16 14:23:00,3.0667134640888687,-7.678489070655999,13.147388394951236
2021-04-16 14:24:00,3.0676625645366458,-7.99215999341087,13.952632864079412
2021-04-16 14:25:00,3.068458374603233,-8.03284748037256,13.013844725468445
2021-04-16 14:26:00,3.069100354552525,-8.294587242847415,14.112796598516272
2021-04-16 14:27:00,3.0695880017814052,-7.199243424768146,13.324505329432064
2021-04-16 14:28:00,3.069920850675229,-6.753791228819989,13.346829530042003
2021-04-16 14:29:00,3.0700984731878376,-7.083818404968588,13.65833115082479
2021-04-16 14:30:00,3.0701204788329894,-7.489799057121319,14.238152288062086
2021-04-16 14:31:00,3.069986514851922,-8.068574747052011,13.708261658108816
2021-04-16 14:32:00,3.0696962664378873,-8.262658523683676,14.283574441537827
2021-04-16 14:33:00,3.0692494569743767,-8.037838357713548,13.264751361632506
2021-04-16 14:34:00,3.0686458480128547,-6.933172769114194,13.177357288228823
2021-04-16 14:35:00,3.0678852396088954,-7.599602328606827,14.7526553336106
2021-04-16 14:36:00,3.0669674702616136,-7.555187125848701,13.176876812085535
2021-04-16 14:37:00,3.0658924172226865,-7.838688226079615,13.510554890073966
2021-04-16 14:38:00,3.0646599964286017,-7.685525644208432,13.848973797154729
2021-04-16 14:39:00,3.0632701626894723,-7.315963687512544,13.606125031168112
2021-04-16 14:40:00,3.061722909806356,-7.583685460350945,13.433564808302636
2021-04-16 14:41:00,3.0600182706021486,-6.622765360080339,13.529039637908967
2021-04-16 14:42:00,3.058156316884677,-6.831749959285921,13.737487380982524
2021-04-16 14:43:00,3.0561371597040266,-7.839830186019194,13.861822968462981
2021-04-16 14:44:00,3.0539609492331117,-7.741530573281037,13.489542223295425
2021-04-16 14:45:00,3.0516278748814623,-7.58975322031836,13.424915071003772
2021-04-16 14:46:00,3.0491381652013345,-7.518023824298502,13.44213654901089
2021-04-16 14:47:00,3.046492088088544,-7.351073835508771,13.465616197685314
2021-04-16 14:48:00,3.043689950531247,-7.567561543728365,13.722627573365543
2021-04-16 14:49:00,3.040732098816738,-7.886495454846284,13.37601782942137
2021-04-16 14:50:00,3.0376189183320106,-7.414221675938081,13.4766484540774
2021-04-16 14:51:00,3.0343508336546225,-7.35345077320459,13.156352636130926
2021-04-16 14:52:00,3.0309283084064997,-8.004288322289373,13.40598472404343
2021-04-16 14:53:00,3.027351845191817,-8.175327253641159,13.448705150599183
2021-04-16 14:54:00,3.023621985625186,-7.211791941262116,13.58122097228285
2021-04-16 14:55:00,3.01973931013474,-7.265287669875013,13.326702874686427
2021-04-16 14:56:00,3.0157044378785764,-7.737611810025472,13.490249069161724
2021-04-16 14:57:00,3.0115180266748554,-7.215692232121108,13.518123654590372
2021-04-16 14:58:00,3.0071807729003304,-7.978570207301271,13.881926841222189
2021-04-16 14:59:00,3.0026934112499215,-7.354148359784708,13.476963482574787
2021-04-16 15:00:00,2.998056714721055,-7.332816632289256,12.639864687723534
2021-04-16 15:01:00,2.9932714944085563,-7.317714757179125,14.030339393304928
2021-04-16 15:02:00,2.9883385992037055,-7.3598523756183045,14.118195364718414
2021-04-16 15:03:00,2.983258915896931,-7.110608399010354,12.874188404268317
2021-04-16 15:04:00,2.9780333687045957,-7.414317029958113,13.792887413833778
2021-04-16 15:05:00,2.9726629192962046,-7.449651502072489,12.614823667289121
2021-04-16 15:06:00,2.9671485664003456,-7.386667225504349,14.495612239328345
2021-04-16 15:07:00,2.9614913456298613,-7.20174761620499,13.621442149729937
2021-04-16 15:08:00,2.955692329402398,-7.544226426074698,13.673556436919752
2021-04-16 15:09:00,2.9497526264409566,-8.29596692603645,13.9840425280381
2021-04-16 15:10:00,2.9436733816384617,-7.780886525783411,13.632061289026707
2021-04-16 15:11:00,2.937455775916074,-7.945088478853003,13.221364638100914
2021-04-16 15:12:00,2.931101025671738,-7.2778754902443525,13.027851965581597
2021-04-16 15:13:00,2.9246103827168684,-7.679776421147167,13.968009485226474
2021-04-16 15:14:00,2.9179851338775302,-8.295125541421493,12.677891949530292
2021-04-16 15:15:00,2.9112266006967684,-7.582059462905895,13.90361775280975
2021-04-16 15:16:00,2.90433613913575,-7.567999668335547,13.172090657437783
2021-04-16 15:17:00,2.8973151391781613,-8.4157949414049,13.562216901597013
2021-04-16 15:18:00,2.890165024499664,-7.475869985005863,13.305951516346637
2021-04-16 15:19:00,2.8828872522837083,-7.516411284518682,12.933385623079534
2021-04-16 15:20:00,2.875483312524732,-7.922891897891647,13.493002852914614
2021-04-16 15:21:00,2.867954728040075,-7.416663481874574,13.375115038210996
2021-04-16 15:22:00,2.8603030537369465,-6.974295605518005,13.41616477607933
2021-04-16 15:23:00,2.8525298764019444,-8.196588234124851,13.037473875330404
2021-04-16 15:24:00,2.844636814315655,-8.455321979080049,14.24719533993706
2021-04-16 15:25:00,2.8366255167731875,-7.607126096652069,13.128117259718326
2021-04-16 15:26:00,2.8284976636136716,-8.061639875981877,13.097701169399699
2021-04-16 15:27:00,2.820254964924777,-7.729240615207719,13.33778662658099
2021-04-16 15:28:00,2.8118991604764756,-8.041839210396894,13.13670006926019
2021-04-16 15:29:00,2.8034320193423534,-8.064083296726718,13.264916269761768
2021-04-16 15:30:00,2.7948553394062814,-7.4277233657011585,13.55614847145051
2021-04-16 15:31:00,2.786170946820063,-7.360059544403401,13.617119697323663
2021-04-16 15:32:00,2.7773806957529574,-8.023968259872499,14.024935730855487
2021-04-16 15:33:00,2.768486467623764,-7.96146295906523,13.02267729823594
2021-04-16 15:34:00,2.7594901706874166,-7.139826025451974,13.516421420811529
2021-04-16 15:35:00,2.7503937397793248,-7.273707192824553,14.06034057361084
2021-04-16 15:36:00,2.7411991353414025,-8.362893866580796,13.050627474727271
2021-04-16 15:37:00,2.7319083433717464,-7.530669151216171,13.133911316224328
2021-04-16 15:38:00,2.7225233744892896,-7.481845267791111,13.871827759131781
2021-04-16 15:39:00,2.713046263644416,-7.576443681841327,14.611656022233406
2021-04-16 15:40:00,2.7034790696504403,-7.822473221677593,13.313313685374393
2021-04-16 15:41:00,2.693823874223273,-7.098650096416715,13.441183467149603
2021-04-16 15:42:00,2.684082781844686,-8.431470161428724,13.215316855884796
2021-04-16 15:43:00,2.674257919029309,-8.764009515608517,13.869265490821817
2021-04-16 15:44:00,2.6643514336900687,-8.693625746336448,13.96836996975268
2021-04-16 15:45:00,2.6543654946755977,-7.916304166529431,13.433349548714414
2021-04-16 15:46:00,2.644302291086149,-7.599904446043675,13.680198864244533
2021-04-16 15:47:00,2.6341640316649952,-8.210223914897071,13.155427273405545
2021-04-16 15:48:00,2.623952944332829,-8.21370255065676,13.253775411299328
2021-04-16 15:49:00,2.6136712754009923,-7.09408087421651,13.747366616315382
2021-04-16 15:50:00,2.6033212891220474,-8.471185795747541,13.017090554548146
2021-04-16 15:51:00,2.5929052668918655,-7.600568597572864,13.343728876945333
2021-04-16 15:52:00,2.582425506751273,-8.691922606859684,13.100301908116098
2021-04-16 15:53:00,2.5718843227598467,-8.199511988004542,13.174054154293566
2021-04-16 15:54:00,2.5612840442981333,-8.302814143023285,12.270739597336608
2021-04-16 15:55:00,2.550627015261168,-7.926906198161744,12.600340873988449
2021-04-16 15:56:00,2.5399155939511004,-7.869823179028657,13.082711129261348
2021-04-16 15:57:00,2.529152151637514,-7.753311448012405,13.650882652985675
2021-04-16 15:58:00,2.5183390727039434,-8.739828912341352,12.63256587293203
2021-04-16 15:59:00,2.507478753296863,-8.206912760524483,12.971309057953459
2021-04-16 16:00:00,2.4965736010853266,-8.539852210741895,13.087227742156202
2021-04-16 16:01:00,2.48562603450618,-8.506332108646692,13.380340573700634
2021-04-16 16:02:00,2.4746384819469154,-8.447898772620583,13.472677382590877
2021-04-16 16:03:00,2.463613381189165,-7.8646510458225904,13.123764595483097
2021-04-16 16:04:00,2.452553178767147,-8.189751277569844,13.714036575652473
2021-04-16 16:05:00,2.4414603290818384,-8.089518455649923,13.323871983423906
2021-04-16 16:06:00,2.4303372939953474,-8.667240636560718,12.661442611593476
2021-04-16 16:07:00,2.4191865418515297,-8.136811907240178,12.996826289200545
2021-04-16 16:08:00,2.4080105469422213,-7.552161064090194,12.957725580052891
2021-04-16 16:09:00,2.3968117888450946,-8.380682203836296,12.841448038582632
2021-04-16 16:10:00,2.3855927516184043,-8.415757026290702,12.740597458128132
2021-04-16 16:11:00,2.374355922982487,-8.017539318378603,13.101036121771415
2021-04-16 16:12:00,2.3631037940944264,-8.319166982697784,13.196369526820419
2021-04-16 16:13:00,2.3518388581401033,-8.34051321900113,11.670726568017846
2021-04-16 16:14:00,2.340563610366698,-8.498193238228,13.32211616923588
2021-04-16 16:15:00,2.329280546702314,-8.182841247901992,13.148841598007277
2021-04-16 16:16:00,2.3179921634301643,-7.453346476181939,13.261331157978718
2021-04-16 16:17:00,2.306700956590686,-8.941694463335207,12.085186257704848
2021-04-16 16:18:00,2.2954094207953837,-8.403578768774514,12.709154138168367
2021-04-16 16:19:00,2.284120048905082,-8.066342960152886,13.460277592177471
2021-04-16 16:20:00,2.272835331283715,-8.073218285554015,13.254565777529823
2021-04-16 16:21:00,2.2615577548655494,-9.050888903738741,13.12655922898234
2021-04-16 16:22:00,2.250289802711264,-8.00350694914206,12.88877586354075
2021-04-16 16:23:00,2.2390339530758125,-7.611362109934408,12.97749357711744
2021-04-16 16:24:00,2.2277926787854905,-8.152631021995314,12.388002404968274
2021-04-16 16:25:00,2.2165684466175906,-9.309181851707244,12.343993994976003
2021-04-16 16:26:00,2.2053637164063944,-8.020224905392295,13.238686960572428
2021-04-16 16:27:00,2.194180940432031,-7.908594371149134,12.709022976722576
2021-04-16 16:28:00,2.183022490659112,-8.23901873324128,12.963921905809295
2021-04-16 16:29:00,2.1718908742326968,-8.117223226620983,12.614996782805813
2021-04-16 16:30:00,2.160788516607358,-7.804533891803887,12.812631556738424
2021-04-16 16:31:00,2.1497178327955084,-8.56096916344883,12.857669039465549
2021-04-16 16:32:00,2.1386812266093402,-7.759320580702629,12.075531673273362
2021-04-16 16:33:00,2.127681090388541,-9.015302112302388,12.497482636688458
2021-04-16 16:34:00,2.1167198036367307,-8.603162976208875,13.46853625591891
2021-04-16 16:35:00,2.1057997330555636,-8.380898892730407,11.948114319387084
2021-04-16 16:36:00,2.0949232311980266,-8.377239872256197,13.18918419743944
2021-04-16 16:37:00,2.084092636192719,-8.482225778923725,13.051776755774238
2021-04-16 16:38:00,2.0733102710145204,-8.72767124614561,12.871245322688614
2021-04-16 16:39:00,2.0625784426426668,-8.447771741617046,12.137480195767983
2021-04-16 16:40:00,2.0518994414962,-9.053997569840174,12.360390822577815
2021-04-16 16:41:00,2.0412755408235377,-8.86367085205829,12.698757356511516
2021-04-16 16:42:00,2.0307089958614144,-9.461222320928464,11.893561944579256
2021-04-16 16:43:00,2.0202020433895473,-9.55990462572051,12.591292999475934
2021-04-16 16:44:00,2.0097569008641463,-8.433465506461117,13.271153055281937
2021-04-16 16:45:00,1.9993757658770304,-8.675364250548576,13.11414535545131
2021-04-16 16:46:00,1.9890608155770058,-8.16398478177314,12.864484525737046
2021-04-16 16:47:00,1.9788142058814817,-8.744283395598917,12.521501185887134
2021-04-16 16:48:00,1.9686380708012223,-8.894038783771773,13.027238935616205
2021-04-16 16:49:00,1.9585345221870947,-8.753636225144826,11.848726375292076
2021-04-16 16:50:00,1.948505648525301,-8.746541619297673,12.572374916916221
2021-04-16 16:51:00,1.9385535149140447,-8.678838879946804,12.354174971532451
2021-04-16 16:52:00,1.9286801619402019,-9.306787591848126,12.615069622527944
2021-04-16 16:53:00,1.9188876053733628,-9.572914898102445,12.567615931281779
2021-04-16 16:54:00,1.9091778355714302,-8.497367657202066,13.05277505140642
2021-04-16 16:55:00,1.899552816707101,-8.591439585036763,12.555085320713006
2021-04-16 16:56:00,1.8900144863128372,-9.46565133161419,12.294184645724966
2021-04-16 16:57:00,1.8805647547490525,-8.561597713971775,12.965023368849465
2021-04-16 16:58:00,1.8712055044442837,-8.434418578030998,11.459071349393538
2021-04-16 16:59:00,1.8619385895691458,-8.704420078410317,12.392481513767967
2021-04-16 17:00:00,1.8527658352980994,-8.900092049162506,13.581711042148209
2021-04-16 17:01:00,1.8436890373008317,-8.863577748401752,12.287532136818951
2021-04-16 17:02:00,1.834709961335677,-8.862780262063906,12.180656056469708
2021-04-16 17:03:00,1.8258303425302476,-8.61076077547191,12.641143631441876
2021-04-16 17:04:00,1.8170518849078858,-8.543370332358716,11.924553973168527
2021-04-16 17:05:00,1.8083762610488627,-8.448254264374302,11.746071080699465
2021-04-16 17:06:00,1.7998051113207916,-8.701020014816429,12.225942392378997
2021-04-16 17:07:00,1.791340043609417,-8.797333024122048,12.30668334234326
2021-04-16 17:08:00,1.7829826326693128,-8.907517064947417,13.069371234803718
2021-04-16 17:09:00,1.774734419625214,-9.02593295194792,12.489175273113625
2021-04-16 17:10:00,1.7665969118444473,-8.826342187089843,12.43885702318708
2021-04-16 17:11:00,1.7585715819685899,-8.79961724357365,12.577363512187446
2021-04-16 17:12:00,1.7506598678027119,-8.597549196183532,11.936477587332165
2021-04-16 17:13:00,1.7428631718510132,-9.182813775072733,12.29123429351559
2021-04-16 17:14:00,1.7351828607649993,-9.228336305303575,12.527131795873002
2021-04-16 17:15:00,1.7276202650099013,-9.281365714219305,12.073249070157559
2021-04-16 17:16:00,1.7201766784444217,-8.72671485417447,11.913190924615385
2021-04-16 17:17:00,1.7128533578565215,-8.948988528610919,12.213746091400852
2021-04-16 17:18:00,1.7056515227333093,-9.335010135781584,13.541423593545627
2021-04-16 17:19:00,1.6985723546657447,-9.313626759825464,12.801445559077736
2021-04-16 17:20:00,1.691616997198007,-9.654895662840259,12.799114433566125
2021-04-16 17:21:00,1.6847865553330488,-8.769621201017246,12.176392077687927
2021-04-16 17:22:00,1.6780820951806776,-9.16440206698004,12.337547246789486
2021-04-16 17:23:00,1.6715046437533247,-8.63911723178137,11.517128169606954
2021-04-16 17:24:00,1.6650551885361866,-8.841986692945152,12.233378951489975
2021-04-16 17:25:00,1.6587346771090918,-9.740183602019592,12.45106260828276
2021-04-16 17:26:00,1.6525440171097676,-9.566767736889346,11.8083082985214
2021-04-16 17:27:00,1.646484075583238,-9.074198079131127,12.21320713288231
2021-04-16 17:28:00,1.6405556790807614,-9.34906202632448,12.319013213692408
2021-04-16 17:29:00,1.6347596130453979,-7.873438920084147,12.889662316188963
2021-04-16 17:30:00,1.6290966218147063,-9.346066526388025,12.131673124200967
2021-04-16 17:31:00,1.6235674083027463,-8.78582770617109,12.829419171754461
2021-04-16 17:32:00,1.618172633694731,-9.408084204738401,12.221047212643661
2021-04-16 17:33:00,1.6129129172914523,-8.67183755910214,12.083101835005278
2021-04-16 17:34:00,1.6077888363595092,-8.75337269341585,11.833684703625519
2021-04-16 17:35:00,1.602800925858133,-8.9481607819989,12.528899187946212
2021-04-16 17:36:00,1.59794967824573,-8.972922540488536,11.694330002038534
2021-04-16 17:37:00,1.5932355433894427,-8.716925298495086,11.753720069689438
2021-04-16 17:38:00,1.58865892836994,-9.144604009131847,12.166302548453928
2021-04-16 17:39:00,1.5842201972854884,-8.635749811647667,12.153860399405422
2021-04-16 17:40:00,1.5799196712417394,-8.746900611551276,12.851266352426695
2021-04-16 17:41:00,1.5757576280716121,-8.544305555740262,11.862872027266326
2021-04-16 17:42:00,1.5717343024245811,-8.826372222912932,12.363750883714317
2021-04-16 17:43:00,1.567849885460161,-8.59402993754276,12.0682646573656
2021-04-16 17:44:00,1.5641045249546845,-8.9527803424317,12.254809937474144
2021-04-16 17:45:00,1.5604983251438767,-8.973241458115718,12.486881969479157
2021-04-16 17:46:00,1.557031346615787,-9.2039727588754,11.745397055551633
2021-04-16 17:47:00,1.553703606413146,-7.933380779245558,12.703788367809063
2021-04-16 17:48:00,1.550515077835955,-9.535800691626278,12.549648697710007
2021-04-16 17:49:00,1.5474656905959665,-9.242536870482029,12.164668899065616
2021-04-16 17:50:00,1.5445553306310533,-9.079701855396486,11.097607989368916
2021-04-16 17:51:00,1.5417838402827284,-9.32922172492745,12.38740525884239
2021-04-16 17:52:00,1.5391510182331227,-9.38289282134835,12.091753074020575
2021-04-16 17:53:00,1.5366566194890676,-9.287345909457992,12.638797796898219
2021-04-16 17:54:00,1.534300355559686,-9.650861649664698,12.34826319793191
2021-04-16 17:55:00,1.5320818944337828,-9.309468438281138,12.0947967474674
2021-04-16 17:56:00,1.5300008606320725,-9.317777732037753,12.210769125590764
2021-04-16 17:57:00,1.528056835328014,-8.916970443058537,12.863721619964176
2021-04-16 17:58:00,1.5262493564743542,-9.029787165091502,12.713035548817238
2021-04-16 17:59:00,1.5245779189104383,-9.066525931246108,11.998828528227591
2021-04-16 18:00:00,1.5230419743640813,-9.554024414577382,12.971059072393126
2021-04-16 18:01:00,1.5216409317940185,-9.53973084694302,11.996203302009627
2021-04-16 18:02:00,1.5203741573703302,-9.098127674379635,12.424834804000815
2021-04-16 18:03:00,1.5192409747134334,-9.03431418760877,12.649522421946154
2021-04-16 18:04:00,1.5182406650355456,-8.702897595440678,12.579425708418107
2021-04-16 18:05:00,1.5173724674113005,-8.30790961641327,11.928142039926767
2021-04-16 18:06:00,1.5166355788613795,-8.716569384615301,11.754871597889151
2021-04-16 18:07:00,1.5160291546075673,-8.978870956212553,11.654164839707672
2021-04-16 18:08:00,1.5155523083371638,-8.100485687858079,13.138589152357369
2021-04-16 18:09:00,1.5152041124462707,-8.526179613144109,12.0647643221841
2021-04-16 18:10:00,1.514983598185341,-8.91376925183573,12.370622330383698
2021-04-16 18:11:00,1.5148897560588084,-8.806822444342824,12.144723707106374
2021-04-16 18:12:00,1.5149215359848907,-9.202167477623988,12.464450109747757
2021-04-16 18:13:00,1.515077847684514,-8.870635032407325,11.19622774649146
2021-04-16 18:14:00,1.5153575608680716,-8.644066209253024,12.940373046712681
2021-04-16 18:15:00,1.5157595056869393,-8.452021746285107,12.036199589553284
2021-04-16 18:16:00,1.516282472937147,-9.960263558738932,11.691587692215977
2021-04-16 18:17:00,1.5169252144131553,-8.680163304919013,12.25297071950418
2021-04-16 18:18:00,1.5176864433153252,-8.92894896109406,12.691995631277756
2021-04-16 18:19:00,1.5185648345725453,-8.491506664072116,12.537730231085915
2021-04-16 18:20:00,1.5195590252201048,-9.522513165513898,12.649614170811871
2021-04-16 18:21:00,1.5206676147104952,-9.399510455884117,11.4869988733896
2021-04-16 18:22:00,1.521889165429553,-9.410767260462881,11.46779040612135
2021-04-16 18:23:00,1.5232222030983857,-9.262847950432889,12.064393383930447
2021-04-16 18:24:00,1.5246652169237278,-9.297857070038651,11.818794967877482
2021-04-16 18:25:00,1.5262166604940184,-8.97632836410335,12.658409089431865
2021-04-16 18:26:00,1.5278749517852857,-9.743014555630955,12.415218972524011
2021-04-16 18:27:00,1.529638473847332,-9.242608011495646,12.901935596917859
2021-04-16 18:28:00,1.5315055751687432,-8.996175938603686,12.702440551659617
2021-04-16 18:29:00,1.533474570177901,-9.009275373201506,12.239393018967489
2021-04-16 18:30:00,1.535543739779064,-8.853430998591842,12.877842605204762
2021-04-16 18:31:00,1.5377113317096902,-9.779109832859987,11.932285881264207
2021-04-16 18:32:00,1.5399755611351313,-9.169245667321599,13.228438650039392
2021-04-16 18:33:00,1.542334611203002,-9.495552017225354,12.162612216491269
2021-04-16 18:34:00,1.5447866334277414,-8.412584551646164,12.660060925015898
2021-04-16 18:35:00,1.547329748338115,-9.17000801165655,12.852320679591637
2021-04-16 18:36:00,1.5499620459592154,-8.726067428050102,11.300408154299712
2021-04-16 18:37:00,1.5526815863983874,-9.28005040280755,11.70737798157811
2021-04-16 18:38:00,1.5554864003267077,-9.751566541344307,12.113525366490013
2021-04-16 18:39:00,1.5583744897763787,-9.177728112480473,12.421215619276722
2021-04-16 18:40:00,1.5613438283255718,-8.547825305518362,12.955156257793014
2021-04-16 18:41:00,1.5643923620836906,-9.514500578379737,12.56257028449933
2021-04-16 18:42:00,1.5675180100234922,-9.136070635788057,11.892562284760022
2021-04-16 18:43:00,1.5707186646782074,-8.202291384571456,13.034986215422954
2021-04-16 18:44:00,1.5739921928430203,-9.18992664576068,12.185098233713179
2021-04-16 18:45:00,1.5773364359313558,-9.108345135406235,12.355566967968679
2021-04-16 18:46:00,1.5807492109216363,-8.717810951824607,12.666932058245807
2021-04-16 18:47:00,1.5842283108465869,-8.922312482134414,11.942346735503682
2021-04-16 18:48:00,1.587771505287621,-9.013409933857556,12.0515177197223
2021-04-16 18:49:00,1.5913765413488787,-8.778700841562355,12.857105941349035
2021-04-16 18:50:00,1.5950411440433865,-9.705386333891177,11.642272732299093
2021-04-16 18:51:00,1.598763017081744,-9.11631319152929,12.217663003752852
2021-04-16 18:52:00,1.6025398435219467,-8.881587893747053,12.089871793135995
2021-04-16 18:53:00,1.6063692864218304,-9.544190851309226,11.860887448099263
2021-04-16 18:54:00,1.610248989600797,-8.981207799317533,12.306050730459093
2021-04-16 18:55:00,1.6141765783116189,-8.715843027965514,12.376118074379848
2021-04-16 18:56:00,1.6181496597517253,-8.893153363483448,11.950822630933926
2021-04-16 18:57:00,1.6221658241366648,-9.626898033209992,11.737589797271555
2021-04-16 18:58:00,1.6262226449868888,-8.976251907361812,12.020368115366518
2021-04-16 18:59:00,1.6303176802183863,-8.741395574921377,12.18313991077725
2021-04-16 19:00:00,1.634448472670873,-8.99285448700922,11.639549976355537
2021-04-16 19:01:00,1.6386125508116858,-9.43041942156122,11.8986393825826
2021-04-16 19:02:00,1.6428074295273856,-8.985725426876702,12.775948420108001
2021-04-16 19:03:00,1.6470306109242991,-8.518969589004273,13.146397856000588
2021-04-16 19:04:00,1.6512795849173947,-9.139755567081716,12.005682697847572
2021-04-16 19:05:00,1.6555518300904155,-8.388611215257852,12.45631180214016
2021-04-16 19:06:00,1.6598448143965503,-9.08223884202527,11.869387728465576
2021-04-16 19:07:00,1.6641559959105217,-9.414590784666746,11.642613815599862
2021-04-16 19:08:00,1.6684828236903424,-8.753775303796003,12.833542978804056
2021-04-16 19:09:00,1.6728227382738083,-9.530749306770904,12.34082793953387
2021-04-16 19:10:00,1.67717317276079,-8.94801944701765,12.203884275233658
2021-04-16 19:11:00,1.681531553430425,-8.7672673516597,12.020163605495123
2021-04-16 19:12:00,1.685895300364251,-8.441929864876062,11.716259286322673
2021-04-16 19:13:00,1.6902618285369495,-8.72983434256459,12.334086407100854
2021-04-16 19:14:00,1.694628548310325,-8.388762642325064,12.119274498450608
2021-04-16 19:15:00,1.698992866325208,-8.775087114400657,11.648111172202533
2021-04-16 19:16:00,1.7033521863756365,-8.617178422837405,12.82001222263405
2021-04-16 19:17:00,1.707703909861966,-9.703599002017416,11.756768776579621
2021-04-16 19:18:00,1.712045437054242,-8.733551884290835,11.788584783627792
2021-04-16 19:19:00,1.7163741674435582,-9.200700845630818,12.672134931893606
2021-04-16 19:20:00,1.7206875007249438,-9.72735176563328,12.30385081126433
2021-04-16 19:21:00,1.7249828375707728,-8.389683351887092,12.203467059437154
2021-04-16 19:22:00,1.7292575803719061,-8.738085008430431,12.524460987893244
2021-04-16 19:23:00,1.7335091340405313,-8.9967493596533,12.520633965783066
2021-04-16 19:24:00,1.7377349068582242,-8.890764514904797,11.967970419373565
2021-04-16 19:25:00,1.7419323111231295,-8.79992211007167,12.71904924375756
2021-04-16 19:26:00,1.7460987640292587,-9.031421910955505,12.720895656494257
2021-04-16 19:27:00,1.7502316884897982,-9.335855200680934,11.95090208779551
2021-04-16 19:28:00,1.7543285137859435,-8.408073725893175,12.573481863252178
2021-04-16 19:29:00,1.7583866764673663,-9.147522816498128,12.316729272899414
2021-04-16 19:30:00,1.7624036210651597,-8.584385119273987,12.672470207696165
2021-04-16 19:31:00,1.766376800870504,-9.119893505887903,12.552302992928961
2021-04-16 19:32:00,1.7703036789040492,-9.433627349860588,12.790112275848935
2021-04-16 19:33:00,1.774181728210236,-8.566948761372398,12.07975688867039
2021-04-16 19:34:00,1.778008433282332,-7.732530133156655,12.538457003938195
2021-04-16 19:35:00,1.7817812902075822,-8.513059644327948,12.613286930041731
2021-04-16 19:36:00,1.785497807920251,-8.813741054572041,11.73261601737317
2021-04-16 19:37:00,1.7891555086719775,-9.255267720803772,12.133384908845184
2021-04-16 19:38:00,1.7927519288756344,-8.893609198436677,11.527352372981579
2021-04-16 19:39:00,1.79628461994231,-8.312216735186002,12.761144806524518
2021-04-16 19:40:00,1.7997511489193387,-9.206121358438356,12.29787332249391
2021-04-16 19:41:00,1.8031490992729486,-9.56246771963949,12.660007538018512
2021-04-16 19:42:00,1.8064760717385662,-9.153914474980644,12.397300611793648
2021-04-16 19:43:00,1.8097296848457027,-8.916101361161015,12.203280269513334
2021-04-16 19:44:00,1.8129075759123772,-8.972227262014984,12.468205876686236
2021-04-16 19:45:00,1.8160074015932732,-9.252697907175452,12.13989445527622
2021-04-16 19:46:00,1.8190268386662538,-8.675271035671928,12.158825263838562
2021-04-16 19:47:00,1.8219635847432434,-9.197940275768216,13.25742271885015
2021-04-16 19:48:00,1.8248153591229617,-9.29191916967609,11.940410051481596
2021-04-16 19:49:00,1.827579903208229,-8.878058353388555,12.733812389349017
2021-04-16 19:50:00,1.8302549815039464,-9.095637055295231,11.899521807873759
2021-04-16 19:51:00,1.8328383821483472,-8.654713251163948,12.669640632717982
2021-04-16 19:52:00,1.8353279176996518,-8.345162717649245,11.800906969121085
2021-04-16 19:53:00,1.8377214258192653,-9.049201036330413,12.229216987127801
2021-04-16 19:54:00,1.8400167697958099,-8.370486601561801,12.786747477299496
2021-04-16 19:55:00,1.8422118394722427,-8.878613961587527,13.41368469233024
2021-04-16 19:56:00,1.8443045517636665,-8.739761047672452,12.59528758147542
2021-04-16 19:57:00,1.8462928512657413,-8.69307980920359,11.874372440382816
2021-04-16 19:58:00,1.8481747110824385,-8.96885157248149,12.412907496083244
2021-04-16 19:59:00,1.849948133310797,-8.812385020071076,12.631057308996123
2021-04-16 20:00:00,1.851611149768083,-8.159365635146964,12.740997065605109
2021-04-16 20:01:00,1.8531618225960247,-9.147779304703135,12.794233840507788
2021-04-16 20:02:00,1.8545982448612142,-8.425084326546607,11.684490405498574
2021-04-16 20:03:00,1.85591854978467,-9.32098435282954,12.090959921873294
2021-04-16 20:04:00,1.8571208856196892,-9.455409868908077,12.764712197677275
2021-04-16 20:05:00,1.8582034419243187,-9.010977387620807,12.277090601814763
2021-04-16 20:06:00,1.8591644416551218,-8.593655041875227,13.695873996267265
2021-04-16 20:07:00,1.8600021416260646,-8.147262001631045,12.51182216741745
2021-04-16 20:08:00,1.8607148332056962,-8.595752902770435,12.900085305691718
2021-04-16 20:09:00,1.8613008428302686,-8.480940997597058,12.155116105694171
2021-04-16 20:10:00,1.861758532471547,-8.593018528063736,12.676662450314888
2021-04-16 20:11:00,1.862086300324064,-8.727121809592857,12.564983029117855
2021-04-16 20:12:00,1.8622825812411408,-8.013770150281571,13.512496664523056
2021-04-16 20:13:00,1.8623458472598802,-8.457485273904657,12.557510477281722
2021-04-16 20:14:00,1.8622746081449024,-7.821607822667194,13.656764573540945
2021-04-16 20:15:00,1.8620674118632192,-8.114371530222575,12.651423469312883
2021-04-16 20:16:00,1.8617228450846093,-8.415847969949018,12.84838491114361
2021-04-16 20:17:00,1.8612395336760978,-8.255315805872666,12.298145810728306
2021-04-16 20:18:00,1.8606161431165948,-8.69183593086387,12.600493300635689
2021-04-16 20:19:00,1.859851379025865,-9.056613218067572,12.858440254493605
2021-04-16 20:20:00,1.858943987552693,-8.13153589448793,11.931183851507463
2021-04-16 20:21:00,1.857892755835978,-7.847920454921395,12.64524475379848
2021-04-16 20:22:00,1.856696512431525,-8.751793035640103,11.588318348175822
2021-04-16 20:23:00,1.855354127705211,-7.995289399070096,12.491274865678136
2021-04-16 20:24:00,1.8538645142464123,-9.329264207239873,12.69221796965867
2021-04-16 20:25:00,1.852226627259364,-8.438850059975392,12.621272366675285
2021-04-16 20:26:00,1.8504394649229665,-9.04794179676717,12.337069896639594
2021-04-16 20:27:00,1.8485020687780764,-9.334683269082188,13.01921105179603
2021-04-16 20:28:00,1.8464135240578625,-9.116012497028931,12.441800566799879
2021-04-16 20:29:00,1.8441729600457777,-8.426100020971962,12.231440681716213
2021-04-16 20:30:00,1.841779550385377,-8.196340884463822,12.579219727422194
2021-04-16 20:31:00,1.839232513421267,-9.098085311666534,12.01534616581183
2021-04-16 20:32:00,1.8365311124708026,-8.831901677802986,12.057527565038516
2021-04-16 20:33:00,1.8336746561338477,-8.617917194542477,12.239875699348088
2021-04-16 20:34:00,1.8306624985730549,-8.493516104708261,11.906532128845873
2021-04-16 20:35:00,1.8274940397608577,-8.49843214348187,11.776193592045932
2021-04-16 20:36:00,1.8241687257547032,-8.77711203058716,12.550098734591467
2021-04-16 20:37:00,1.8206860489078072,-8.445083568640978,12.547287617651016
2021-04-16 20:38:00,1.817045548114124,-9.93755639829907,11.346107350112804
2021-04-16 20:39:00,1.8132468090254203,-9.177719391428937,12.543379054363788
2021-04-16 20:40:00,1.80928946423358,-8.650792148963774,12.461839962983408
2021-04-16 20:41:00,1.8051731934487778,-9.040172767076275,13.04003168087846
2021-04-16 20:42:00,1.8008977237261752,-8.727638521102904,12.443224616405358
2021-04-16 20:43:00,1.7964628295410658,-8.75995956919303,12.339539070781225
2021-04-16 20:44:00,1.79186833301469,-9.229306624942271,12.45369178324997
2021-04-16 20:45:00,1.7871141040031568,-8.789441440503754,12.308012356010632
2021-04-16 20:46:00,1.7822000601844428,-8.847368777177195,13.054208775318136
2021-04-16 20:47:00,1.7771261672827416,-8.839193918696218,12.496961023320857
2021-04-16 20:48:00,1.7718924389981323,-8.529252040629501,12.22222529713449
2021-04-16 20:49:00,1.766498937206006,-9.435886759612748,12.63689964527242
2021-04-16 20:50:00,1.760945771996618,-8.793847800485816,12.037124119342938
2021-04-16 20:51:00,1.7552331016543548,-8.408063982720254,12.996579338051735
2021-04-16 20:52:00,1.7493611328265586,-8.173429395915026,12.433890339123685
2021-04-16 20:53:00,1.7433301203972438,-8.991822774043074,12.229975447891643
2021-04-16 20:54:00,1.7371403675947534,-8.797179926295634,11.708572247116344
2021-04-16 20:55:00,1.73079222597684,-8.538052978058932,12.443935505125904
2021-04-16 20:56:00,1.7242860953782866,-8.481027436846507,12.174852185369009
2021-04-16 20:57:00,1.7176224238667586,-8.45863434743724,12.331924627224206
2021-04-16 20:58:00,1.7108017077764262,-9.03032245730697,12.750182748184667
2021-04-16 20:59:00,1.7038244915490455,-8.70908363820181,12.394434980398943
2021-04-16 21:00:00,1.6966913677531537,-8.257855798635447,11.969304555417574
2021-04-16 21:01:00,1.6894029769099492,-8.194578541030932,11.676671086371677
2021-04-16 21:02:00,1.6819600073747814,-8.490907620190365,12.47037092861358
2021-04-16 21:03:00,1.674363195444135,-8.35313201671837,12.375284293649212
2021-04-16 21:04:00,1.6666133248449582,-8.590322995890268,13.01978031432509
2021-04-16 21:05:00,1.65871122702344,-9.056338609433247,11.731179489616306
2021-04-16 21:06:00,1.6506577805918126,-8.595716435215616,11.865487781950216
2021-04-16 21:07:00,1.6424539113644743,-8.198193383687473,13.177513060232403
2021-04-16 21:08:00,1.6341005922898113,-8.783960272878396,11.793335552067933
2021-04-16 21:09:00,1.6255988429146813,-8.895573301312751,12.079182635544623
2021-04-16 21:10:00,1.6169497294613584,-9.668595326095973,11.917454309080656
2021-04-16 21:11:00,1.6081543645343828,-8.852754681227715,12.229140648428116
2021-04-16 21:12:00,1.599213906750042,-8.87560539356719,12.118339838470657
2021-04-16 21:13:00,1.590129560736191,-8.837994610069668,12.551684153378844
2021-04-16 21:14:00,1.580902576600389,-9.530735402174162,12.601728967623478
2021-04-16 21:15:00,1.5715342497687743,-8.87323981840439,11.625539672890694
2021-04-16 21:16:00,1.5620259208267666,-9.51130062121183,12.310818108877887
2021-04-16 21:17:00,1.552378974942981,-8.968026945309438,12.248665629519376
2021-04-16 21:18:00,1.5425948417517115,-9.161462995912462,12.477629702715557
2021-04-16 21:19:00,1.5326749949955398,-9.893045538366092,12.176249470629848
2021-04-16 21:20:00,1.5226209520923901,-8.382879466556863,12.201360599090195
2021-04-16 21:21:00,1.5124342739159835,-8.802528854236154,12.126963224500374
2021-04-16 21:22:00,1.5021165642887233,-9.36558660874226,12.294304090492018
2021-04-16 21:23:00,1.4916694695798032,-9.276389176570289,12.246543242292406
2021-04-16 21:24:00,1.4810946786529835,-8.832086566496576,12.535252504038226
2021-04-16 21:25:00,1.4703939219419397,-9.306770572226581,11.865648470386361
2021-04-16 21:26:00,1.459568971352626,-8.237927769749371,12.278033896129031
2021-04-16 21:27:00,1.4486216399093692,-9.303503492004282,11.63750938345418
2021-04-16 21:28:00,1.4375537809854333,-9.101546857916661,11.988353950967834
2021-04-16 21:29:00,1.426367288175002,-8.644418876041586,12.39945785905925
2021-04-16 21:30:00,1.415064094638815,-8.74708361625593,11.259623188179171
2021-04-16 21:31:00,1.4036461726206355,-9.123133112339014,12.0735630463247
2021-04-16 21:32:00,1.3921155331216737,-9.593660379336573,11.596121301672358
2021-04-16 21:33:00,1.3804742252202225,-8.881078738588755,12.012671475309629
2021-04-16 21:34:00,1.3687243356299872,-8.973306753079664,12.488628890073096
2021-04-16 21:35:00,1.3568679882521568,-9.87611163066721,11.459920897949706
2021-04-16 21:36:00,1.3449073434144554,-8.846603482739205,11.755525672041813
2021-04-16 21:37:00,1.3328445976896874,-8.916133677444979,12.591034310505531
2021-04-16 21:38:00,1.3206819829733043,-8.66655605101131,11.518370878636892
2021-04-16 21:39:00,1.3084217659927178,-8.801457607369086,12.497512051514109
2021-04-16 21:40:00,1.2960662481234642,-9.672910804541278,11.135898168115476
2021-04-16 21:41:00,1.2836177641739825,-9.43817835948263,11.77174348551636
2021-04-16 21:42:00,1.2710786821983846,-9.377444313556845,12.131109811125686
2021-04-16 21:43:00,1.2584514028748963,-9.476798594766814,11.701926504899754
2021-04-16 21:44:00,1.245738358707853,-9.285236476239787,12.26385692032389
2021-04-16 21:45:00,1.2329420136020817,-9.50040812875151,12.494689541159417
2021-04-16 21:46:00,1.2200648620013628,-9.379529951133772,12.402099219150672
2021-04-16 21:47:00,1.2071094284317723,-8.78191163868605,11.883258326925636
2021-04-16 21:48:00,1.1940782668232863,-9.195389398045743,11.720793746557131
2021-04-16 21:49:00,1.1809739597253894,-9.899444469244221,11.204993421781534
2021-04-16 21:50:00,1.1677991177991078,-9.311208887444336,11.725748800999513
2021-04-16 21:51:00,1.1545563790156146,-9.032953066484758,11.625681779926312
2021-04-16 21:52:00,1.1412484079384673,-9.331415105908519,12.05177998901774
2021-04-16 21:53:00,1.1278778952255257,-8.879159459129314,10.699030594008054
2021-04-16 21:54:00,1.11444755675306,-8.457699926562002,12.238626176966596
2021-04-16 21:55:00,1.1009601327902445,-9.609748424560227,11.413910036321955
2021-04-16 21:56:00,1.0874183876923604,-9.178701567823108,11.651896030003865
2021-04-16 21:57:00,1.073825108722333,-8.967622105040002,11.152241069537723
2021-04-16 21:58:00,1.060183105614368,-9.53652045679961,11.562826949037005
2021-04-16 21:59:00,1.0464952097318754,-9.5184218763187,11.399752719400354
2021-04-16 22:00:00,1.0327642730374074,-9.801620020853905,11.133676498907166
2021-04-16 22:01:00,1.0189931681632445,-9.711874808534596,11.51145395159521
2021-04-16 22:02:00,1.0051847865523524,-9.690520052472966,11.905156601984629
2021-04-16 22:03:00,0.9913420385182833,-9.232596529894389,11.297487233740739
2021-04-16 22:04:00,0.9774678521898557,-9.7583602672509,11.842386368426665
2021-04-16 22:05:00,0.963565172651276,-9.187608321094315,11.459351050446271
2021-04-16 22:06:00,0.9496369613549254,-9.891579399973901,11.159930173320674
2021-04-16 22:07:00,0.9356861950826214,-9.87007194660582,11.761452007694011
2021-04-16 22:08:00,0.9217158653636393,-10.454715128797162,10.873759638487195
2021-04-16 22:09:00,0.9077289776666888,-9.852410125897453,11.761064805498304
2021-04-16 22:10:00,0.8937285503917123,-9.608072674669588,11.370052986415986
2021-04-16 22:11:00,0.8797176142760118,-9.811867990735024,10.655235964379694
2021-04-16 22:12:00,0.8656992115467042,-10.699086772270695,11.027611392916167
2021-04-16 22:13:00,0.8516763949792527,-8.516499565639716,11.468555187531125
2021-04-16 22:14:00,0.8376522272490636,-9.182343651560238,11.426670472360781
2021-04-16 22:15:00,0.8236297800304946,-9.761833288113733,12.18393338479311
2021-04-16 22:16:00,0.809612132899711,-9.353664099353814,11.930987208965515
2021-04-16 22:17:00,0.7956023732344832,-9.957833919918063,11.151733458367037
2021-04-16 22:18:00,0.7816035944996262,-9.760791240722199,11.1250014931637
2021-04-16 22:19:00,0.7676188960150608,-10.176539410393584,10.542690579067271
2021-04-16 22:20:00,0.7536513819736868,-9.791154435177203,11.438176778841836
2021-04-16 22:21:00,0.739704160373841,-10.388075803280906,11.86158976402664
2021-04-16 22:22:00,0.72578034262825,-9.009396764838057,11.420149367938516
2021-04-16 22:23:00,0.7118830422415097,-9.267501251163276,11.788674273938398
2021-04-16 22:24:00,0.6980153741831567,-9.372021147145873,11.390801960940461
2021-04-16 22:25:00,0.6841804542588118,-9.706865603348385,10.687684208431271
2021-04-16 22:26:00,0.6703813978059147,-10.106361344984284,10.941553255276204
2021-04-16 22:27:00,0.6566213191933782,-9.941691961303604,11.773002575607244
2021-04-16 22:28:00,0.6429033309050931,-10.301610726240238,11.488613407745376
2021-04-16 22:29:00,0.6292305425788569,-10.372647304479091,10.98615372983379
2021-04-16 22:30:00,0.6156060603444834,-9.833423288755048,11.262169510574813
2021-04-16 22:31:00,0.6020329857802581,-9.949831809372538,11.839908927728409
2021-04-16 22:32:00,0.5885144150562228,-9.884351807098465,11.651082954413884
2021-04-16 22:33:00,0.5750534385202979,-10.3431468157302,9.999653230097548
2021-04-16 22:34:00,0.5616531391642615,-10.076752075490276,11.19663741074
2021-04-16 22:35:00,0.5483165924438551,-9.4415367377018,11.49226901943707
2021-04-16 22:36:00,0.5350468649416581,-9.34917280918146,11.271870744615835
2021-04-16 22:37:00,0.5218470136486009,-9.522355269804745,10.299310014976571
2021-04-16 22:38:00,0.5087200855359665,-9.677963445828937,10.643450283075419
2021-04-16 22:39:00,0.4956691160455493,-10.398019340517875,11.263685238383086
2021-04-16 22:40:00,0.4826971286929692,-10.126875532627091,11.4281132783395
2021-04-16 22:41:00,0.46980713422379383,-10.032651210838363,11.072685440589622
2021-04-16 22:42:00,0.4570021296047051,-9.846340216776657,11.19037081229022
2021-04-16 22:43:00,0.4442850973634974,-10.011298924939997,10.821369255678988
2021-04-16 22:44:00,0.43165900467345364,-9.740154463653393,10.868164375116395
2021-04-16 22:45:00,0.41912680246119993,-9.869827160287757,10.80963721945872
2021-04-16 22:46:00,0.4066914249207503,-10.943157069410375,10.937194206449405
2021-04-16 22:47:00,0.3943557882757629,-10.19862798182632,10.668293851307041
2021-04-16 22:48:00,0.38212279017772943,-10.281556194476579,11.714923775695006
2021-04-16 22:49:00,0.3699953091010897,-9.778123472036828,11.307061954330885
2021-04-16 22:50:00,0.35797620311252143,-9.874341160944793,11.514719128006915
2021-04-16 22:51:00,0.34606830947835276,-10.267448619206679,11.176675224649012
2021-04-16 22:52:00,0.33427444368716497,-11.047409166390343,11.207293842430504
2021-04-16 22:53:00,0.32259739854623215,-10.027502051474858,11.756451467154706
2021-04-16 22:54:00,0.3110399438990824,-10.274465218781316,10.867984547226836
2021-04-16 22:55:00,0.29960482513289677,-9.99754240404277,11.042309082920747
2021-04-16 22:56:00,0.28829476303123536,-10.743072465386765,9.956188035633717
2021-04-16 22:57:00,0.2771124527639707,-10.444066006060176,10.473138577554646
2021-04-16 22:58:00,0.26606056311073367,-9.607690095980457,10.765654844394966
2021-04-16 22:59:00,0.25514173581873123,-10.417494951523082,11.437083786519878
2021-04-16 23:00:00,0.2443585848036074,-10.024939283737595,10.277761483127415
2021-04-16 23:01:00,0.23371369536314546,-11.16624366366894,11.763622171817914
2021-04-16 23:02:00,0.22320962363120533,-10.720321230170645,11.11859439568247
2021-04-16 23:03:00,0.21284889572383414,-10.540985953019058,11.210483367899359
2021-04-16 23:04:00,0.20263400699807887,-10.658333824808164,11.25504760095765
2021-04-16 23:05:00,0.19256742152328443,-10.67857258282876,10.813243001189539
2021-04-16 23:06:00,0.1826515712267628,-9.658892924470992,10.447220010560047
2021-04-16 23:07:00,0.1728888553129292,-10.265122519615232,11.038870306402588
2021-04-16 23:08:00,0.1632816395773291,-10.115601200003812,10.41793195708504
2021-04-16 23:09:00,0.15383225550294988,-9.794195291609268,10.787011373611264
2021-04-16 23:10:00,0.14454300021627886,-9.89831204811035,10.828609781798132
2021-04-16 23:11:00,0.13541613504487338,-10.688969355224295,10.833607625868039
2021-04-16 23:12:00,0.12645388546158454,-10.305780219497773,10.261621899040751
2021-04-16 23:13:00,0.11765844035369888,-10.459916942569409,10.364231914460314
2021-04-16 23:14:00,0.10903195111771646,-10.65408758962234,9.750479819087111
2021-04-16 23:15:00,0.10057653143959622,-10.407929041850952,10.560546865398312
2021-04-16 23:16:00,0.09229425636519384,-9.530190059010211,11.095670158912146
2021-04-16 23:17:00,0.08418716194786446,-10.605143922627098,10.755175675604265
2021-04-16 23:18:00,0.0762572445877644,-10.078366359312946,10.460471498799814
2021-04-16 23:19:00,0.06850646035516439,-10.010365866849634,10.044285127255272
2021-04-16 23:20:00,0.06093672469670253,-10.541983540652003,11.494634627341396
2021-04-16 23:21:00,0.05354991157016653,-9.92479976212745,11.242298767727728
2021-04-16 23:22:00,0.04634785315037493,-10.351260474433934,11.11001871298714
2021-04-16 23:23:00,0.039332339206778144,-10.022529362118377,9.928714785485177
2021-04-16 23:24:00,0.032505116615753726,-10.275478649713301,10.344204164638326
2021-04-16 23:25:00,0.025867888789664173,-10.40047320949411,10.912565599527106
2021-04-16 23:26:00,0.019422315306054205,-10.552858236214485,10.117150991923495
2021-04-16 23:27:00,0.01317001134359197,-10.15039674331414,10.477031907063953
2021-04-16 23:28:00,0.007112547258609991,-10.973180971963114,10.347219540763046
2021-04-16 23:29:00,0.0012514480704759467,-10.002113921702543,10.333262958735604
2021-04-16 23:30:00,-0.0044118069527918635,-10.56069633593732,10.779011548376772
2021-04-16 23:31:00,-0.009875784616824257,-10.842677957203914,10.616182940830923
2021-04-16 23:32:00,-0.015139098413291308,-9.90108291990814,10.340808777696115
2021-04-16 23:33:00,-0.020200408831383188,-9.946971806648058,10.933099757417425
2021-04-16 23:34:00,-0.025058423650521577,-10.443966324021737,10.26318032409516
2021-04-16 23:35:00,-0.029711898530441205,-11.676225358215424,10.077498125612353
2021-04-16 23:36:00,-0.03415963721244397,-10.73052292918088,10.715215053317223
2021-04-16 23:37:00,-0.0384004968087599,-10.99019963165003,10.579499374211387
2021-04-16 23:38:00,-0.0424333735211706,-11.89026764364332,11.291792063968442
2021-04-16 23:39:00,-0.046257217587379884,-10.353338187179473,10.767790235825363
2021-04-16 23:40:00,-0.04987102875797733,-10.383206989301422,10.629907161098773
2021-04-16 23:41:00,-0.05327385651635952,-10.744180613710723,10.6375436011869
2021-04-16 23:42:00,-0.05646480044013957,-10.60834856567592,9.870166696200512
2021-04-16 23:43:00,-0.05944301048832634,-10.972358753279957,10.829996900886819
2021-04-16 23:44:00,-0.062207687156167646,-10.320683370783419,10.653720823864536
2021-04-16 23:45:00,-0.06475808187584331,-10.624192104083582,11.368374432773894
2021-04-16 23:46:00,-0.06709349713557278,-10.542917377688584,10.62832475075818
2021-04-16 23:47:00,-0.06921328674921079,-10.550655799424826,10.810653322279977
2021-04-16 23:48:00,-0.07111685604906315,-9.81399915052254,10.591260870256583
2021-04-16 23:49:00,-0.07280366210870781,-11.086375172138778,9.890793843429485
2021-04-16 23:50:00,-0.07427321389915287,-11.085943294759906,10.184595334208774
2021-04-16 23:51:00,-0.07552507242942053,-10.492512895231817,9.851682937433816
2021-04-16 23:52:00,-0.07655885097312742,-9.772911387009794,10.651177171214135
2021-04-16 23:53:00,-0.07737421511920406,-9.953561071203506,10.116896023166259
2021-04-16 23:54:00,-0.07797088298423027,-10.847596597335864,10.903211537690968
2021-04-16 23:55:00,-0.07834862523700814,-10.80740921724342,10.34768306903054
2021-04-16 23:56:00,-0.07850726526891239,-10.954501059911157,10.521037256649686
2021-04-16 23:57:00,-0.07844667924044657,-10.886037661858301,10.373080503959086
2021-04-16 23:58:00,-0.07816679613367583,-11.083434211720242,10.764881144060464
2021-04-16 23:59:00,-0.07766759784221566,-10.856831481391977,11.576006078211504
2021-04-17 00:00:00,-0.07694911921500824,-10.19681412898431,10.44156634684276
2021-04-17 00:01:00,-0.0760114480264652,-10.81840118424095,10.857297769303324
2021-04-17 00:02:00,-0.07485472502253632,-10.660352138962574,10.913478561675774
2021-04-17 00:03:00,-0.0734791439634126,-10.755209253462324,10.929101638335174
2021-04-17 00:04:00,-0.0718849515288218,-10.013727462065768,10.335374219837185
2021-04-17 00:05:00,-0.07007244733271867,-11.07855413329838,10.250652833027713
2021-04-17 00:06:00,-0.0680419838847458,-11.045656088374498,10.107482513981713
2021-04-17 00:07:00,-0.06579396643128466,-10.41233383141191,10.719153053316523
2021-04-17 00:08:00,-0.06332885311528635,-10.790952224429114,10.783049974717828
2021-04-17 00:09:00,-0.06064715458706593,-10.249481366014487,10.05804365034702
2021-04-17 00:10:00,-0.05774943412258504,-10.552820877437936,10.523527344557598
2021-04-17 00:11:00,-0.0546363074690801,-10.34196234342782,10.787883799682739
2021-04-17 00:12:00,-0.051308442607224114,-10.819649140226801,10.714240985175474
2021-04-17 00:13:00,-0.047766559767752015,-10.73688109696752,10.998240193476551
2021-04-17 00:14:00,-0.044011431143150204,-11.595086460062648,10.013812126260431
2021-04-17 00:15:00,-0.040043880745968874,-10.312326045859999,10.882208721555036
2021-04-17 00:16:00,-0.035864784319464604,-10.760232845456171,10.790306690981089
2021-04-17 00:17:00,-0.03147506898752073,-10.281117104620787,10.619441549403486
2021-04-17 00:18:00,-0.026875713131587764,-11.203508516981204,10.433083014157152
2021-04-17 00:19:00,-0.02206774619471097,-10.932568512604682,10.49819605004708
2021-04-17 00:20:00,-0.0170522483237443,-10.70613242441383,10.519504765962985
2021-04-17 00:21:00,-0.011830350274285362,-10.156018129973662,9.810540022292955
2021-04-17 00:22:00,-0.006403233008529741,-10.765633510066897,10.783329838184667
2021-04-17 00:23:00,-0.000772127362809405,-10.974140695150364,10.33991265567404
2021-04-17 00:24:00,0.005061685885742739,-9.698941266446019,10.645380264499797
2021-04-17 00:25:00,0.011096876847222159,-9.088608191609463,10.760885841188882
2021-04-17 00:26:00,0.017332066476441033,-10.259742578534938,10.512938205172786
2021-04-17 00:27:00,0.023765826947727886,-10.786764380303147,10.468881283934271
2021-04-17 00:28:00,0.03039668217046332,-10.29889199884315,11.266678121243723
2021-04-17 00:29:00,0.037223107927538024,-10.155886725716192,10.549690631111762
2021-04-17 00:30:00,0.04424353243955159,-9.744994483482092,10.021404650336152
2021-04-17 00:31:00,0.051456336670208325,-10.66077147933935,10.609956919004816
2021-04-17 00:32:00,0.05885985462780963,-10.021196348446615,10.21908062525375
2021-04-17 00:33:00,0.06645237395538672,-10.597575456417399,10.99150566240477
2021-04-17 00:34:00,0.07423213626734149,-11.23962437281068,10.684411822019877
2021-04-17 00:35:00,0.08219733748132074,-9.973977438335316,10.232493568641871
2021-04-17 00:36:00,0.09034612848813961,-10.465350460598463,10.889960502040736
2021-04-17 00:37:00,0.09867661535205807,-10.810824661600426,10.798656002626199
2021-04-17 00:38:00,0.10718685997793787,-9.707316085927602,9.944498332061357
2021-04-17 00:39:00,0.11587488066263874,-10.258860127991978,11.314399055309293
2021-04-17 00:40:00,0.12473865213733693,-11.27145065018796,11.618476569076782
2021-04-17 00:41:00,0.1337761065848324,-10.354937234374773,10.923384176440278
2021-04-17 00:42:00,0.14298513408602231,-11.003096382019688,11.240502456855443
2021-04-17 00:43:00,0.15236358261776095,-10.301825753843834,10.244765293979096
2021-04-17 00:44:00,0.1619092594599335,-10.976657602403487,10.9446272940518
2021-04-17 00:45:00,0.17161993080183935,-9.95703677480077,11.016560517112733
2021-04-17 00:46:00,0.18149332315429134,-10.338039844779265,10.51621016130039
2021-04-17 00:47:00,0.1915271233755662,-10.36341945448802,10.56496183068975
2021-04-17 00:48:00,0.2017189793352585,-9.98862702483822,10.674553655213696
2021-04-17 00:49:00,0.21206650074518696,-10.30021082995786,9.99357601567532
2021-04-17 00:50:00,0.22256725940308975,-10.984803008650045,10.493054099676106
2021-04-17 00:51:00,0.2332187901363132,-10.638191293522453,11.523809463534787
2021-04-17 00:52:00,0.24401859127835457,-10.679364403393519,10.425233850438081
2021-04-17 00:53:00,0.2549641251384781,-10.026678217870245,11.367371617189832
2021-04-17 00:54:00,0.26605281895732436,-9.958488954447592,10.455841754778008
2021-04-17 00:55:00,0.277282065362331,-9.857547964459249,11.754178620992972
2021-04-17 00:56:00,0.28864922294696915,-9.1714137882665,11.142083818118278
2021-04-17 00:57:00,0.30015161719206473,-10.320105761401141,10.294047775254924
2021-04-17 00:58:00,0.31178654082650936,-9.683659290429798,10.70040026782713
2021-04-17 00:59:00,0.3235512547639341,-10.338258356877876,11.680125752876618
2021-04-17 01:00:00,0.33544298886506696,-10.377715226810851,10.457639628393403
2021-04-17 01:01:00,0.3474589420227163,-10.038344212037048,11.379664944165391
2021-04-17 01:02:00,0.35959628375946295,-10.074230752619409,10.518622148434662
2021-04-17 01:03:00,0.37185215434279484,-10.100915640183713,10.547011283300291
2021-04-17 01:04:00,0.3842236655133535,-9.972495321236607,11.622624469204178
2021-04-17 01:05:00,0.3967079015898953,-10.791284248120315,10.655162789729177
2021-04-17 01:06:00,0.4093019197690517,-10.85098734699227,10.769292268864493
2021-04-17 01:07:00,0.4220027511854824,-9.862257226785173,10.63920007441067
2021-04-17 01:08:00,0.4348074015793221,-9.913908217969354,11.85276553850329
2021-04-17 01:09:00,0.44771285185800525,-10.633784454083425,11.483033791939842
2021-04-17 01:10:00,0.4607160591438541,-9.972865066392123,10.742729701200574
2021-04-17 01:11:00,0.473813957409329,-10.816102758829413,11.44134948731725
2021-04-17 01:12:00,0.48700345811433254,-9.712990253629819,10.690139861011787
2021-04-17 01:13:00,0.5002814513336595,-9.93969147375892,11.57226853153272
2021-04-17 01:14:00,0.5136448060667822,-10.486572847882035,10.51392182019446
2021-04-17 01:15:00,0.5270903714462047,-9.669935186214543,10.769343766980183
2021-04-17 01:16:00,0.5406149775317856,-9.529825957778593,11.24674713165672
2021-04-17 01:17:00,0.5542154354497649,-10.37928476901476,10.649594280584209
2021-04-17 01:18:00,0.567888539181353,-10.208048469315509,10.644231885261364
2021-04-17 01:19:00,0.5816310657561261,-10.075693962553963,10.553685561839231
2021-04-17 01:20:00,0.5954397758439366,-10.144484277464548,10.648263593310324
2021-04-17 01:21:00,0.6093114154779655,-9.981231797077598,10.570629892216582
2021-04-17 01:22:00,0.6232427156679069,-9.774764568297533,11.105755284351698
2021-04-17 01:23:00,0.6372303944202157,-10.219486874754633,10.369088019526622
2021-04-17 01:24:00,0.6512711567170621,-10.060282635138051,11.607645204162559
2021-04-17 01:25:00,0.6653616955695544,-9.76360814923068,10.709764925841469
2021-04-17 01:26:00,0.6794986930000584,-10.051163146147411,11.894969914026477
2021-04-17 01:27:00,0.6936788208383015,-9.748554684776598,11.112933369553918
2021-04-17 01:28:00,0.7078987412407889,-10.372047585979228,11.365321090393014
2021-04-17 01:29:00,0.7221551080554686,-10.02692940165241,11.076616088190248
2021-04-17 01:30:00,0.7364445671404577,-9.925419369568548,11.803341804660255
2021-04-17 01:31:00,0.7507637575552207,-9.253048852831046,11.246760937951837
2021-04-17 01:32:00,0.7651093123349019,-10.083684584783924,11.551288960686136
2021-04-17 01:33:00,0.7794778590991917,-9.538594130721107,11.34785781386224
2021-04-17 01:34:00,0.79386602124841,-10.092454993794416,10.827207579051079
2021-04-17 01:35:00,0.8082704184658104,-9.844357813325258,10.886624421274421
2021-04-17 01:36:00,0.8226876677603412,-10.521775785205042,10.696539045713223
2021-04-17 01:37:00,0.8371143845842268,-9.760514674615015,11.15762112579638
2021-04-17 01:38:00,0.8515471826837163,-9.701313509366397,11.221396221585275
2021-04-17 01:39:00,0.865982676289808,-9.73550400560161,11.633777884590435
2021-04-17 01:40:00,0.8804174799645743,-9.534719793363736,11.207250512544078
2021-04-17 01:41:00,0.8948482097217073,-9.808717822791879,10.951220423392177
2021-04-17 01:42:00,0.909271484059228,-10.585522681392401,10.881111494593643
2021-04-17 01:43:00,0.9236839244632951,-8.690448582208948,11.292680411171716
2021-04-17 01:44:00,0.9380821566007099,-9.917196947973384,11.693912580215741
2021-04-17 01:45:00,0.9524628109084063,-9.221775151573855,12.284175737296236
2021-04-17 01:46:00,0.9668225233737096,-10.374178654284945,11.87291406126305
2021-04-17 01:47:00,0.9811579366592023,-9.3325793471897,12.576038138365478
2021-04-17 01:48:00,0.9954657006835662,-9.9100097437766,10.631476984309664
2021-04-17 01:49:00,1.0097424734205016,-9.090739369647594,11.880617167319375
2021-04-17 01:50:00,1.0239849219608756,-9.319146603991019,11.557325139994292
2021-04-17 01:51:00,1.038189723031795,-9.458231835361971,11.298028521570345
2021-04-17 01:52:00,1.0523535639894914,-9.078691023941698,12.33891776340112
2021-04-17 01:53:00,1.0664731439054094,-9.721939732696443,11.604883554330142
2021-04-17 01:54:00,1.0805451734767948,-9.829176066340409,11.311044476866096
2021-04-17 01:55:00,1.0945663769680984,-9.743436061331856,12.220911213664648
2021-04-17 01:56:00,1.10853349222539,-9.15679710577701,12.099299198007598
2021-04-17 01:57:00,1.1224432716377801,-9.167438081271845,12.35299553542608
2021-04-17 01:58:00,1.1362924832680703,-8.91466096175509,12.651276092818648
2021-04-17 01:59:00,1.150077910922522,-10.179448841534132,10.88409132860889
2021-04-17 02:00:00,1.1637963558296684,-8.970057334815753,11.49418519901983
2021-04-17 02:01:00,1.1774446368202904,-9.30693056008462,11.295827032622494
2021-04-17 02:02:00,1.191019591023823,-9.736514471885048,12.213460176880181
2021-04-17 02:03:00,1.204518075112829,-9.104476849007892,12.389495813488056
2021-04-17 02:04:00,1.2179369656915355,-9.335272782925777,11.19328433058204
2021-04-17 02:05:00,1.231273160069895,-9.078112563374884,11.96411120384531
2021-04-17 02:06:00,1.2445235772129954,-9.504410128051543,12.538456668624042
2021-04-17 02:07:00,1.2576851581937807,-8.906876293536971,11.712870338121471
2021-04-17 02:08:00,1.2707548672489728,-9.867339610704363,11.680667631427111
2021-04-17 02:09:00,1.2837296922564159,-9.289165352677259,12.320861039495377
2021-04-17 02:10:00,1.2966066454342686,-9.26408675745301,12.105445451597179
2021-04-17 02:11:00,1.3093827642568032,-9.101615796476437,12.305904910337805
2021-04-17 02:12:00,1.322055112187126,-9.70540194612151,12.53810944619991
2021-04-17 02:13:00,1.334620778777579,-8.303755120373465,11.845180846807695
2021-04-17 02:14:00,1.3470768813626484,-9.450786796727614,12.540539797247
2021-04-17 02:15:00,1.3594205646275226,-8.844536573876779,11.713831276020404
2021-04-17 02:16:00,1.3716490022718175,-9.003825976798382,11.20263965804021
2021-04-17 02:17:00,1.383759397087871,-9.142554495265486,11.341932955354334
2021-04-17 02:18:00,1.3957489816503146,-8.639147019075704,12.906144893817816
2021-04-17 02:19:00,1.407615019200383,-10.651060482293085,11.870953178418494
2021-04-17 02:20:00,1.4193548040376651,-8.91226739262341,11.862181781268799
2021-04-17 02:21:00,1.4309656623088949,-9.297269593324271,12.716758112957072
2021-04-17 02:22:00,1.442444952670848,-9.370858022827544,11.317953073886425
2021-04-17 02:23:00,1.453790066540179,-9.524588429298923,12.123126752279825
2021-04-17 02:24:00,1.4649984291781797,-8.846762749660018,11.562357961094673
2021-04-17 02:25:00,1.476067500045945,-9.391469448154416,12.37653803731491
2021-04-17 02:26:00,1.4869947731571822,-8.969397840454228,11.274429654716556
2021-04-17 02:27:00,1.4977777781486572,-9.083065882874577,11.679898285750795
2021-04-17 02:28:00,1.5084140803656458,-8.514242444122003,12.620822035991369
2021-04-17 02:29:00,1.5189012816529948,-9.129996206033335,12.211085785750575
2021-04-17 02:30:00,1.5292370210330328,-9.549448210912967,11.911402382339146
2021-04-17 02:31:00,1.5394189746207176,-9.817691991856156,11.944429683219434
2021-04-17 02:32:00,1.549444857034856,-8.375650079669938,12.046225663751208
2021-04-17 02:33:00,1.5593124211610694,-8.325355809976148,12.190085034225767
2021-04-17 02:34:00,1.5690194589271134,-9.06501327822952,11.34548088638235
2021-04-17 02:35:00,1.5785638018948882,-9.253053671148965,11.792545051195791
2021-04-17 02:36:00,1.5879433213541048,-8.591035656436677,12.69646914237176
2021-04-17 02:37:00,1.5971559293342548,-8.46198975408903,11.391012627031815
2021-04-17 02:38:00,1.6061995786525185,-8.221954880031525,12.06320156724344
2021-04-17 02:39:00,1.615072263368519,-9.244898314204336,11.973356592615662
2021-04-17 02:40:00,1.6237720193460765,-8.845581835731926,12.527379144957004
2021-04-17 02:41:00,1.6322969246890424,-9.057791734733756,12.85543001025193
2021-04-17 02:42:00,1.6406450999440292,-8.77939403456968,12.815577238012319
2021-04-17 02:43:00,1.64881470870058,-10.100269511242747,12.545378646037861
2021-04-17 02:44:00,1.656803957822043,-9.25161463010954,11.40879165829908
2021-04-17 02:45:00,1.6646110978883244,-8.93663977883986,12.936062255327387
2021-04-17 02:46:00,1.6722344236294875,-9.440604684445155,11.99597969869741
2021-04-17 02:47:00,1.6796722739511283,-9.763946503388635,11.794582607162795
2021-04-17 02:48:00,1.6869230326577607,-9.175867635989086,12.141946273200094
2021-04-17 02:49:00,1.6939851286316618,-8.923724417884127,11.694203278248802
2021-04-17 02:50:00,1.700857035830316,-8.764373152638173,12.159560806219705
2021-04-17 02:51:00,1.7075372741455075,-9.31374715451758,12.484938544381437
2021-04-17 02:52:00,1.7140244091263237,-8.861434184780085,11.952980072744472
2021-04-17 02:53:00,1.7203170526917542,-8.274944086676257,11.820489378540522
2021-04-17 02:54:00,1.7264138630679562,-8.653044368662323,13.211132929926661
2021-04-17 02:55:00,1.7323135451288492,-9.163731249531834,12.193588447767041
2021-04-17 02:56:00,1.738014850735612,-9.655303499177606,12.201152165336449
2021-04-17 02:57:00,1.7435165787753788,-8.397629495083201,13.301017914717322
2021-04-17 02:58:00,1.748817575442894,-8.516637863039719,12.293122076303774
2021-04-17 02:59:00,1.7539167344476878,-8.598895366436768,12.223451171982642
2021-04-17 03:00:00,1.758812997140674,-9.067357970867839,12.817017555336257
2021-04-17 03:01:00,1.763505352690812,-9.14510095788973,11.984266120508122
2021-04-17 03:02:00,1.767992838309591,-9.746614123912748,11.680748432709304
2021-04-17 03:03:00,1.772274539234842,-8.36216747816095,12.789598006901207
2021-04-17 03:04:00,1.776349588972021,-9.321428911779828,12.111261946044971
2021-04-17 03:05:00,1.780217169331379,-8.844698353061949,11.983882498147272
2021-04-17 03:06:00,1.7838765106110817,-8.549556729714197,12.597592719673639
2021-04-17 03:07:00,1.787326891650249,-8.932501018840924,12.477586163269278
2021-04-17 03:08:00,1.7905676397286396,-8.842681693387435,11.892541408359747
2021-04-17 03:09:00,1.7935981309126812,-9.081793476578744,11.97709565141616
2021-04-17 03:10:00,1.796417789948282,-9.084066362676486,12.141737243985114
2021-04-17 03:11:00,1.799026090165087,-8.963611907600558,11.799792550007131
2021-04-17 03:12:00,1.803271058305393,-8.85207079973963,12.164948379484331
2021-04-17 03:13:00,1.807303760704221,-8.719131995798287,12.71718320747141
2021-04-17 03:14:00,1.8111238169673292,-8.578524060192368,12.864905204183318
2021-04-17 03:15:00,1.8147308954000585,-9.43283841766886,11.578578237597203
2021-04-17 03:16:00,1.8181247129643627,-8.071771154655398,12.066290704992404
2021-04-17 03:17:00,1.8213050352919713,-9.509591179846762,12.477498466825656
2021-04-17 03:18:00,1.8242716765033329,-8.662965005004782,12.306728196816572
2021-04-17 03:19:00,1.8270244992170204,-8.42389605864628,12.66235872911966
2021-04-17 03:20:00,1.8295634145035033,-9.62747930266126,12.343921523521932
2021-04-17 03:21:00,1.8318883816065599,-8.469632747416057,12.330830577849667
2021-04-17 03:22:00,1.833999408060459,-8.55268779070212,12.694472261106693
2021-04-17 03:23:00,1.8358965494156134,-8.57121948442681,11.911421483795888
2021-04-17 03:24:00,1.837579909109968,-9.075342109120509,12.6460770461019
2021-04-17 03:25:00,1.8390496383374821,-8.98667445842254,13.03579213556369
2021-04-17 03:26:00,1.840305935972923,-8.147814346993892,12.451788389160116
2021-04-17 03:27:00,1.8413490482179444,-8.543102635040563,11.631278778144319
2021-04-17 03:28:00,1.842179268556242,-8.507206459711622,12.898528929664527
2021-04-17 03:29:00,1.8427969374806779,-8.595717164521199,12.142149024149484
2021-04-17 03:30:00,1.8432024423033235,-8.836859859878542,12.110970049748541
2021-04-17 03:31:00,1.8433962169690965,-8.33223969951589,12.126257886049991
2021-04-17 03:32:00,1.8433787416950258,-9.175001982888947,11.900064660518995
2021-04-17 03:33:00,1.8431505428729094,-8.803937577215269,12.47596978392478
2021-04-17 03:34:00,1.8427121927322605,-8.87326781382094,11.88834258222637
2021-04-17 03:35:00,1.8420643090096496,-8.66486335209501,11.697626289391877
2021-04-17 03:36:00,1.8412075547875761,-9.112638442942556,12.956490790279773
2021-04-17 03:37:00,1.8401426381251043,-8.757269669391654,11.744282373885135
2021-04-17 03:38:00,1.8388703117301564,-8.631018739592344,12.387331194537502
2021-04-17 03:39:00,1.8373913726657634,-8.152422659808336,12.234252599173379
2021-04-17 03:40:00,1.8357066620555051,-8.83396274174377,12.849946495300118
2021-04-17 03:41:00,1.8338170647062444,-8.585699815815575,11.733852560736713
2021-04-17 03:42:00,1.8317235086951895,-8.43794406327974,12.910036535442188
2021-04-17 03:43:00,1.8294269651548016,-8.136928936295218,12.80495385673681
2021-04-17 03:44:00,1.8269284477080454,-8.703920451578638,13.015539391003296
2021-04-17 03:45:00,1.8242290122897,-9.76445092576339,12.737323348282494
2021-04-17 03:46:00,1.821329756539482,-8.452003199419726,12.481322750029724
2021-04-17 03:47:00,1.818231819557483,-8.589883809554221,12.32241624403538
2021-04-17 03:48:00,1.8149363814417545,-9.110196534838117,12.355309258333707
2021-04-17 03:49:00,1.8114446627783085,-8.415633415703933,12.648330740394801
2021-04-17 03:50:00,1.8077579243437882,-8.316635390254984,12.608011668621735
2021-04-17 03:51:00,1.8038774665616968,-8.432468998174206,12.092712504273159
2021-04-17 03:52:00,1.7998046290296728,-8.700776906513598,12.097339528328217
2021-04-17 03:53:00,1.7955407901749911,-9.09409900530744,12.0141269519743
2021-04-17 03:54:00,1.7910873666182816,-8.33470915595111,12.590930953109698
2021-04-17 03:55:00,1.7864458128126035,-9.394774113274641,12.635630276743848
2021-04-17 03:56:00,1.781617620495111,-8.779468033435355,11.663064567792917
2021-04-17 03:57:00,1.7766043181769866,-8.67676258097001,12.78834746657847
2021-04-17 03:58:00,1.7714074706999505,-9.15587881684255,12.687470510260171
2021-04-17 03:59:00,1.7660286786165957,-9.377105476972499,12.330850427594951
2021-04-17 04:00:00,1.76046957763523,-8.465096086758342,11.914723591549802
2021-04-17 04:01:00,1.7547318383722366,-8.978371143620667,11.658983438444144
2021-04-17 04:02:00,1.7488171653717521,-8.897737703542617,11.818444153808125
2021-04-17 04:03:00,1.74272729682598,-9.001993062937084,12.438782395647427
2021-04-17 04:04:00,1.7364640040875434,-7.894762971795693,11.875433406833341
2021-04-17 04:05:00,1.7300290907706635,-9.787434251554217,12.132682108955587
2021-04-17 04:06:00,1.7234243925774648,-8.476259845407965,12.739631948065146
2021-04-17 04:07:00,1.7166517763556304,-8.915403335493744,13.000215843427894
2021-04-17 04:08:00,1.709713139710726,-9.32085694353571,13.052154204502878
2021-04-17 04:09:00,1.7026104104397444,-8.864233225697948,12.009046527775727
2021-04-17 04:10:00,1.695345545761617,-9.189545966138043,12.754541331999175
2021-04-17 04:11:00,1.6879205318176385,-8.461939488194721,12.126869581487975
2021-04-17 04:12:00,1.6803373831038937,-9.001530550248026,12.493880841878049
2021-04-17 04:13:00,1.6725981416702744,-8.9630353272029,12.40401301576434
2021-04-17 04:14:00,1.6647048767166002,-8.7723827450692,12.829481810761129
2021-04-17 04:15:00,1.656659683771641,-8.985931470171924,11.864507314396306
2021-04-17 04:16:00,1.648464684109475,-9.356221348892879,12.074482511918813
2021-04-17 04:17:00,1.6401220242197248,-9.186440786655911,11.384445206407072
2021-04-17 04:18:00,1.6316338749916584,-8.593431880250174,13.063272802236195
2021-04-17 04:19:00,1.623002431033312,-8.477356584025175,11.665988407375073
2021-04-17 04:20:00,1.6142299103659774,-8.424965980933731,11.614891139096105
2021-04-17 04:21:00,1.605318553177849,-8.232541632126106,12.419001676444987
2021-04-17 04:22:00,1.5962706218180487,-8.830461485024605,12.487532724050144
2021-04-17 04:23:00,1.5870883994915914,-8.877492719534413,12.482315849785628
2021-04-17 04:24:00,1.577774189991319,-8.488483668873867,11.657994151631943
2021-04-17 04:25:00,1.568330316969564,-8.64148911897294,12.34312272040989
2021-04-17 04:26:00,1.5587591230962117,-9.32157754511003,12.182728481687244
2021-04-17 04:27:00,1.5490629694579328,-8.593328666086308,12.127172696001022
2021-04-17 04:28:00,1.539244234974527,-8.598353772251096,12.815115752468975
2021-04-17 04:29:00,1.5293053154768197,-8.665455611573393,12.682957684930285
2021-04-17 04:30:00,1.5192486232702238,-9.714434464657796,12.280224727223906
2021-04-17 04:31:00,1.5090765862106421,-9.098138962184217,11.165537100853147
2021-04-17 04:32:00,1.4987916471006024,-7.87659796091092,12.39160191400967
2021-04-17 04:33:00,1.4883962630896885,-8.822813465526743,12.413476618658576
2021-04-17 04:34:00,1.4778929047355978,-8.97623029601186,11.633999794160754
2021-04-17 04:35:00,1.4672840555700328,-9.080530508413595,11.280758150427763
2021-04-17 04:36:00,1.4565722111852044,-9.463233471305053,12.341458393634172
2021-04-17 04:37:00,1.4457598784561356,-9.180398494367072,11.820822960579756
2021-04-17 04:38:00,1.4348495753268335,-8.98019623337039,12.097233895036405
2021-04-17 04:39:00,1.4238438293920956,-9.241462203492869,12.37885703470577
2021-04-17 04:40:00,1.4127451776750344,-8.969338623916345,12.244319902237661
2021-04-17 04:41:00,1.401556165872537,-10.52968680799629,12.068981086154261
2021-04-17 04:42:00,1.390279347356333,-8.734091317594672,11.519831985870047
2021-04-17 04:43:00,1.3789172829675833,-8.155193440634587,12.028153299401875
2021-04-17 04:44:00,1.3674725396687433,-8.980001723283294,12.003497061995931
2021-04-17 04:45:00,1.3559476903067045,-9.445963755354622,11.82960925256111
2021-04-17 04:46:00,1.3443453128428793,-8.842394185188025,11.094273893407951
2021-04-17 04:47:00,1.3326679894591225,-8.999934420604147,12.380329467767325
2021-04-17 04:48:00,1.3209183059588199,-10.045122217160978,11.030419972328318
2021-04-17 04:49:00,1.3090988511713424,-9.467036724803224,11.728499717691312
2021-04-17 04:50:00,1.2972122159749886,-8.908474983074694,11.951499462160221
2021-04-17 04:51:00,1.2852609929423529,-9.446008973937113,11.745890197181625
2021-04-17 04:52:00,1.273247775313795,-9.674011777466108,12.15337486296269
2021-04-17 04:53:00,1.261175156439988,-9.11609626954051,11.50128645524255
2021-04-17 04:54:00,1.249045729237893,-9.43041517322069,12.496377536890732
2021-04-17 04:55:00,1.2368620852346572,-9.045856556771914,11.838401843061929
2021-04-17 04:56:00,1.2246268138529992,-10.214859994900339,11.009199262053691
2021-04-17 04:57:00,1.2123425022556664,-9.226270523889088,12.295369580494043
2021-04-17 04:58:00,1.2000117337900633,-9.136874857695844,11.41428448053029
2021-04-17 04:59:00,1.187637088276162,-10.080469379549868,11.902784710384097
2021-04-17 05:00:00,1.1752211404064101,-10.080658800925569,11.989415151417983
2021-04-17 05:01:00,1.1627664597076568,-10.690169721671467,10.946420000868203
2021-04-17 05:02:00,1.1502756097178892,-9.403900823271105,12.006830580462553
2021-04-17 05:03:00,1.137751147182954,-8.677253165088727,11.983727437264386
2021-04-17 05:04:00,1.1251956214422538,-9.955147644092943,11.564415833462316
2021-04-17 05:05:00,1.112611573992894,-10.092681653217841,11.245123489844872
2021-04-17 05:06:00,1.1000015374498386,-9.958055937411078,11.524521356118777
2021-04-17 05:07:00,1.0873680352875321,-9.238927261212616,11.801758032946966
2021-04-17 05:08:00,1.0747135809230328,-9.82340959358752,11.41134426600603
2021-04-17 05:09:00,1.062040677140864,-9.257625214299164,10.927840824551073
2021-04-17 05:10:00,1.049351815632832,-9.963459753199514,10.978334562483829
2021-04-17 05:11:00,1.0366494761738583,-9.612351407742334,11.954761172194704
2021-04-17 05:12:00,1.023936125885588,-9.608830904422497,11.732545167449041
2021-04-17 05:13:00,1.0112142192320006,-9.978250213422276,11.517391620945643
2021-04-17 05:14:00,0.9984861964357927,-9.037753010991539,11.743416985745982
2021-04-17 05:15:00,0.9857544840150207,-10.004623586325463,11.111721409597088
2021-04-17 05:16:00,0.9730214930841121,-9.833467667205522,11.783532430911407
2021-04-17 05:17:00,0.9602896195202245,-9.957842495760572,11.58794473047945
2021-04-17 05:18:00,0.9475612431740184,-9.35299625569789,11.932116837381564
2021-04-17 05:19:00,0.9348387271386173,-9.811489437206621,11.054977900252036
2021-04-17 05:20:00,0.9221244174442436,-10.122888700555642,11.742758053941138
2021-04-17 05:21:00,0.9094206422203042,-9.379739579513021,12.073856535547499
2021-04-17 05:22:00,0.8967297113297531,-9.378255625677504,11.296704590257537
2021-04-17 05:23:00,0.8840539158662617,-10.212047156215077,10.798388614065292
2021-04-17 05:24:00,0.8713955273867213,-9.93919359807598,11.720777377691682
2021-04-17 05:25:00,0.8587567975713969,-10.231715904358367,11.34762262818662
2021-04-17 05:26:00,0.8461399577223868,-10.416559856023866,11.258063293184511
2021-04-17 05:27:00,0.8335472180633864,-10.3695251428659,10.89890901075318
2021-04-17 05:28:00,0.820980767464857,-9.631851775807815,11.158509869428213
2021-04-17 05:29:00,0.808442772764578,-9.683815609258666,11.36015620807406
2021-04-17 05:30:00,0.795935378293597,-9.372618053698899,10.744137266053809
2021-04-17 05:31:00,0.7834607055865639,-10.0068067057989,11.360575186348893
2021-04-17 05:32:00,0.7710208527181704,-9.220449286623767,10.97922083226637
2021-04-17 05:33:00,0.7586178937330452,-10.10976704251402,10.480722694966161
2021-04-17 05:34:00,0.7462538787000128,-10.753205341610226,11.007230277867682
2021-04-17 05:35:00,0.7339308325073604,-9.450577491014837,11.479538304098925
2021-04-17 05:36:00,0.7216507552967784,-9.854327529996612,10.874457934592415
2021-04-17 05:37:00,0.7094156212067295,-9.797535540964974,11.509648586816498
2021-04-17 05:38:00,0.6972273784387462,-9.91616761923276,11.805640132770092
2021-04-17 05:39:00,0.6850879489175503,-10.252707297717684,11.236350818304759
2021-04-17 05:40:00,0.672999227506482,-9.794594270070352,11.17529819262798
2021-04-17 05:41:00,0.6609630819196294,-9.676282876046152,11.70939227109308
2021-04-17 05:42:00,0.6489813523149109,-9.443419736502685,11.047969036806517
2021-04-17 05:43:00,0.6370558507774848,-9.879118490843668,10.484756343365575
2021-04-17 05:44:00,0.6251883611756691,-10.101083481206716,10.982145945397779
2021-04-17 05:45:00,0.6133806385617491,-10.717324171506974,11.755798963092468
2021-04-17 05:46:00,0.6016344090353445,-10.092230342496807,11.771321422894536
2021-04-17 05:47:00,0.5899513694197517,-9.676199500913654,10.980466581383835
2021-04-17 05:48:00,0.5783331867870731,-9.922075018846252,10.748707755026574
2021-04-17 05:49:00,0.5667814981333686,-11.118104104001949,10.605069675845032
2021-04-17 05:50:00,0.5552979105413733,-10.243357083071041,10.841688360065568
2021-04-17 05:51:00,0.5438840001103183,-9.906115770474672,11.810839980842058
2021-04-17 05:52:00,0.5325413125491925,-11.309331238024804,10.771398880697493
2021-04-17 05:53:00,0.5212713621368932,-10.261395387153394,10.440199780471286
2021-04-17 05:54:00,0.5100756319186499,-9.650776165575243,11.317430519991987
2021-04-17 05:55:00,0.4989555734420304,-10.749633843969447,10.804173974409133
2021-04-17 05:56:00,0.48791260635858563,-10.281665806841803,10.687177331172917
2021-04-17 05:57:00,0.47694811828688777,-9.65320762378125,11.412665032744876
2021-04-17 05:58:00,0.46606346468071164,-9.86164179720437,10.834399261634207
2021-04-17 05:59:00,0.4552599683817664,-10.321970696825696,11.385227295501211
2021-04-17 06:00:00,0.4445389198392127,-10.164046774481497,11.457499176249414
2021-04-17 06:01:00,0.4339015764973842,-10.452551127777554,11.45179464724784
2021-04-17 06:02:00,0.42334916282679935,-10.509635979109236,10.897119211644887
2021-04-17 06:03:00,0.4128828703640657,-10.675621748050776,10.39590497171494
2021-04-17 06:04:00,0.4025038571368075,-9.722119120490383,10.52411596463609
2021-04-17 06:05:00,0.39221324792844825,-9.623165599593726,10.97792038095687
2021-04-17 06:06:00,0.38201213396182404,-9.89098314913763,11.285899831076904
2021-04-17 06:07:00,0.3719015726636949,-10.485411474145476,11.604363558131691
2021-04-17 06:08:00,0.36188258803072465,-10.0739012199572,10.914731635068579
2021-04-17 06:09:00,0.35195616999336654,-10.834627452220142,11.325471387352415
2021-04-17 06:10:00,0.34212327453807756,-10.539552173569545,10.543885481267317
2021-04-17 06:11:00,0.332384823969131,-10.224375194845942,10.560663123722044
2021-04-17 06:12:00,0.3227417062018525,-10.58091444231005,10.999919148332262
2021-04-17 06:13:00,0.31319477544118723,-10.674290554709915,10.43374885062638
2021-04-17 06:14:00,0.30374485150843444,-9.70816982489664,10.942650098125632
2021-04-17 06:15:00,0.29439272017742957,-9.465095992068676,11.300769615755069
2021-04-17 06:16:00,0.28513913315915423,-10.802046901294988,10.382038168966272
2021-04-17 06:17:00,0.27598480799271535,-10.881677569815228,9.950524113895442
2021-04-17 06:18:00,0.26693042801659694,-10.0264799603542,11.162893591632935
2021-04-17 06:19:00,0.25797664257407343,-10.546481670823045,10.020256419481981
2021-04-17 06:20:00,0.24912406686951954,-10.634263873170164,11.046035867381855
2021-04-17 06:21:00,0.24037328212029646,-10.220041224833853,10.158203306295558
2021-04-17 06:22:00,0.23172483556587803,-9.793890613054957,10.902461848418694
2021-04-17 06:23:00,0.22317924043560472,-10.32350856356782,10.387959194145266
2021-04-17 06:24:00,0.21473697633296962,-9.771198924214833,11.667023306033444
2021-04-17 06:25:00,0.20639848894138912,-10.265579549336167,10.458196481806604
2021-04-17 06:26:00,0.1981641902640986,-10.33260504841142,10.970006669376847
2021-04-17 06:27:00,0.19003445899573945,-11.045714192786702,10.65070907818357
2021-04-17 06:28:00,0.18200964013434517,-10.54554024471783,11.607114311054348
2021-04-17 06:29:00,0.17409004559852453,-10.100684716929635,10.632685909041959
2021-04-17 06:30:00,0.16627595397572992,-9.500070672984481,10.68294819422824
2021-04-17 06:31:00,0.15856761095181227,-10.178635859109697,10.80543593595944
2021-04-17 06:32:00,0.15096522937437096,-9.638038126400163,9.98223001188596
2021-04-17 06:33:00,0.14346898931509916,-9.335451569879568,10.675537057094015
2021-04-17 06:34:00,0.1360790384239754,-9.863246179771417,11.49797260797522
2021-04-17 06:35:00,0.12879549202817447,-10.154166398587229,11.275566264685645
2021-04-17 06:36:00,0.12161843332300976,-10.924155745105809,10.766685647894855
2021-04-17 06:37:00,0.11454791361776018,-10.541947972987051,10.633049670078352
2021-04-17 06:38:00,0.10758395254892744,-10.30768553363692,11.02457921775292
2021-04-17 06:39:00,0.10072653821955979,-10.985004996728252,10.961966887027907
2021-04-17 06:40:00,0.09397562759972622,-10.477233824134787,10.68209772691999
2021-04-17 06:41:00,0.08733114667853059,-9.908195995401636,10.629391009339257
2021-04-17 06:42:00,0.08079299064229772,-10.382774108111342,10.37598136384098
2021-04-17 06:43:00,0.07436102435160608,-10.136807463495533,10.870757959036782
2021-04-17 06:44:00,0.06803508233542044,-10.741992637660394,11.499189456529665
2021-04-17 06:45:00,0.06181496942913245,-10.970265712859282,10.561394801204925
2021-04-17 06:46:00,0.05570050683857364,-10.16416236074864,10.55780884014908
2021-04-17 06:47:00,0.04969139416431023,-10.371656789035073,11.098748626013164
2021-04-17 06:48:00,0.04378734841301357,-10.754845434720202,10.54924111482471
2021-04-17 06:49:00,0.03798805755638557,-10.53101602183373,9.995331830408967
2021-04-17 06:50:00,0.03229318152397598,-11.408853832137494,10.344693888167058
2021-04-17 06:51:00,0.02670235202765847,-10.457429618955151,10.550545440934952
2021-04-17 06:52:00,0.0212151732086312,-9.841865219131693,10.652887569148596
2021-04-17 06:53:00,0.01583122188338071,-10.637296535242342,10.12275165653918
2021-04-17 06:54:00,0.010550047831539233,-10.649438841959903,10.13437815227296
2021-04-17 06:55:00,0.005371174309370064,-9.915527241933253,10.272457210792377
2021-04-17 06:56:00,0.0002940983427318633,-10.247534115634716,10.537905208956317
2021-04-17 06:57:00,-0.00468170897905551,-10.846160922361387,10.43361855786753
2021-04-17 06:58:00,-0.009556801860915343,-10.15521171927716,10.431037710903373
2021-04-17 06:59:00,-0.014331759734912741,-10.266876166766883,10.740589525339331
2021-04-17 07:00:00,-0.019007186596175063,-10.741577904211663,9.97851331041615
2021-04-17 07:01:00,-0.023583710724731644,-11.254409708950716,10.078545658385654
2021-04-17 07:02:00,-0.028061984186353972,-10.473316432407243,10.546072390443896
2021-04-17 07:03:00,-0.03244268261453609,-10.852783056119746,11.357303230333207
2021-04-17 07:04:00,-0.03672650442781911,-10.601316372598196,10.081971316810352
2021-04-17 07:05:00,-0.0409141707694195,-10.800942073593216,10.50258763878012
2021-04-17 07:06:00,-0.04500642475388261,-10.570471124906595,11.263085216848468
2021-04-17 07:07:00,-0.04900403126631514,-10.75351820638908,10.624537194191966
2021-04-17 07:08:00,-0.05290777642224831,-11.835790639479534,10.11922601105801
2021-04-17 07:09:00,-0.05671846697010818,-10.833093285608275,10.113078052829275
2021-04-17 07:10:00,-0.060436930080176254,-10.23357178483345,10.449087821944843
2021-04-17 07:11:00,-0.06406401275117701,-10.404563320594134,10.14973603708231
2021-04-17 07:12:00,-0.06760058122117552,-9.74190168268544,10.587351072125468
2021-04-17 07:13:00,-0.07104752074497211,-10.234948086012178,10.967163620604465
2021-04-17 07:14:00,-0.0744057349081827,-11.681805301563776,10.146867809710608
2021-04-17 07:15:00,-0.07767614521576338,-10.123608322394936,10.801587626865526
2021-04-17 07:16:00,-0.08085969059416764,-10.911209261839918,10.271306997558714
2021-04-17 07:17:00,-0.08395732689325797,-11.812184982160588,10.51880194516488
2021-04-17 07:18:00,-0.08697002642319662,-10.86033622771388,11.119053897104617
2021-04-17 07:19:00,-0.0898987774156571,-11.419392001610623,10.713940973164075
2021-04-17 07:20:00,-0.09274458345879588,-10.880099324757966,10.550423919526677
2021-04-17 07:21:00,-0.09550846314321748,-10.918671771887626,10.545108327758097
2021-04-17 07:22:00,-0.09819144936911262,-11.806987209896608,9.460894964659818
2021-04-17 07:23:00,-0.10079458897815585,-10.509731960952928,10.945013492948506
2021-04-17 07:24:00,-0.10331894217969784,-9.726851933567973,11.352818987946135
2021-04-17 07:25:00,-0.10576558199968267,-10.104306125263001,9.803561532880062
2021-04-17 07:26:00,-0.10813559376399906,-11.376387152867105,10.652606480477656
2021-04-17 07:27:00,-0.11043007464881327,-10.585136862529035,10.333969530378042
2021-04-17 07:28:00,-0.11265013305785887,-10.503415471285532,10.32914921471882
2021-04-17 07:29:00,-0.11479688812117017,-11.064831262620503,11.101880749746078
2021-04-17 07:30:00,-0.11687146919963531,-10.337997649321304,10.567671021539805
2021-04-17 07:31:00,-0.11887501528445876,-10.283210533719773,10.570728451260209
2021-04-17 07:32:00,-0.12080867457314914,-11.182308940892884,10.216242029459487
2021-04-17 07:33:00,-0.12267360375814129,-11.010367875157892,10.22196526348601
2021-04-17 07:34:00,-0.12447096768918409,-11.09685156538065,11.21231281087457
2021-04-17 07:35:00,-0.12620193869799123,-10.958814252827427,10.27076505046531
2021-04-17 07:36:00,-0.12786769608076076,-11.96442703224759,10.446654124048694
2021-04-17 07:37:00,-0.12946942563045538,-10.75921663125947,9.762489173516242
2021-04-17 07:38:00,-0.13100831901875565,-10.30374586001592,10.620176110441115
2021-04-17 07:39:00,-0.1324855732716984,-10.219977107703787,10.499507998108475
2021-04-17 07:40:00,-0.13390239027833517,-10.792984107499379,10.338784807645869
2021-04-17 07:41:00,-0.13525997616531904,-10.18811334149741,10.623741640725527
2021-04-17 07:42:00,-0.13655954090918565,-10.801059495131026,9.531724414092407
2021-04-17 07:43:00,-0.1378022975587102,-11.169062598913674,11.026887300910781
2021-04-17 07:44:00,-0.13898946197879036,-10.570816785150889,10.29793809761204
2021-04-17 07:45:00,-0.14012225208427287,-9.28554957144456,10.83513750911581
2021-04-17 07:46:00,-0.1412018874414992,-10.772704423655085,10.165010338413689
2021-04-17 07:47:00,-0.14222958865467084,-10.990521988617273,10.75487952415611
2021-04-17 07:48:00,-0.14320657691145988,-11.576345496262476,10.826873290426294
2021-04-17 07:49:00,-0.1441340733913985,-11.109914861322409,10.81637444686613
2021-04-17 07:50:00,-0.14501329874349211,-10.555337293577578,10.909971280232249
2021-04-17 07:51:00,-0.14584547259091907,-10.626134317271774,9.537011500776496
2021-04-17 07:52:00,-0.14663181300832318,-10.179616769976748,10.851542659093974
2021-04-17 07:53:00,-0.1473735359461923,-11.564445155448011,10.290493080524053
2021-04-17 07:54:00,-0.14807185478382234,-10.679816902444264,10.286090939163607
2021-04-17 07:55:00,-0.148727979743714,-11.039034770548241,10.607187384525442
2021-04-17 07:56:00,-0.1493431174801203,-11.217089002059163,10.8080613263842
2021-04-17 07:57:00,-0.14991847041392115,-10.324871389043697,11.335543913761233
2021-04-17 07:58:00,-0.15045523640533365,-10.599894127624163,10.597094306265138
2021-04-17 07:59:00,-0.15095460811158468,-10.512823264254154,10.151034786115133
2021-04-17 08:00:00,-0.15141777256111866,-10.278996257502675,9.841336965114907
2021-04-17 08:01:00,-0.15184591062225805,-10.844586852126364,11.069529920612707
2021-04-17 08:02:00,-0.15224019654109489,-11.277009337033627,9.351334233041282
2021-04-17 08:03:00,-0.1526017974512195,-11.425175412984192,10.519890769950594
2021-04-17 08:04:00,-0.15293187285418886,-10.175201551135833,10.401394204996093
2021-04-17 08:05:00,-0.1532315741874679,-11.19694364609025,10.539224860752032
2021-04-17 08:06:00,-0.1535020443433126,-11.592608418821861,10.52553793494751
2021-04-17 08:07:00,-0.1537444171551149,-10.962795567297098,10.830799211438979
2021-04-17 08:08:00,-0.1539598170083777,-10.65261678344879,10.725172440514324
2021-04-17 08:09:00,-0.1541493583120127,-10.337593636267343,10.557935036515325
2021-04-17 08:10:00,-0.1543141450988471,-10.275524121741714,10.25386685455291
2021-04-17 08:11:00,-0.15445527053258368,-10.798947755004361,10.319610364124507
2021-04-17 08:12:00,-0.15457381651532476,-10.515666705898358,10.288880892616307
2021-04-17 08:13:00,-0.15467085320676266,-10.920476768348893,10.561034102191618
2021-04-17 08:14:00,-0.15474743861349538,-10.339364748003055,10.290421009261554
2021-04-17 08:15:00,-0.15480461816446922,-11.069771709415647,10.357211876559559
2021-04-17 08:16:00,-0.15484342429870956,-10.76031459524754,11.205884736206405
2021-04-17 08:17:00,-0.15486487603379373,-10.817827002758989,10.635757466945071
2021-04-17 08:18:00,-0.15486997858172513,-11.067541709104631,10.603427435421755
2021-04-17 08:19:00,-0.15485972293395,-10.246686540066905,9.362255884977552
2021-04-17 08:20:00,-0.154835085483364,-10.891879253056796,10.758819927969347
2021-04-17 08:21:00,-0.15479702762356595,-10.257242441299045,10.202127383428806
2021-04-17 08:22:00,-0.15474649538620178,-11.421416634303672,9.604606475784108
2021-04-17 08:23:00,-0.15468441906053187,-10.925141727212942,10.363376112307883
2021-04-17 08:24:00,-0.15461171282639385,-10.746672062178282,10.341617149291062
2021-04-17 08:25:00,-0.15452927440259057,-10.51822870520567,11.355669928946396
2021-04-17 08:26:00,-0.15443798470081005,-10.987078347463644,10.408942706318477
2021-04-17 08:27:00,-0.15433870747754375,-11.329781334321684,9.71201050230273
2021-04-17 08:28:00,-0.15423228900004782,-10.645682398835199,10.296074849707088
2021-04-17 08:29:00,-0.15411955772412866,-10.783641387275281,10.559221667613771
2021-04-17 08:30:00,-0.15400132397142197,-10.758115073255578,9.547227994442737
2021-04-17 08:31:00,-0.15387837962265083,-11.058884203414367,10.471880216475878
2021-04-17 08:32:00,-0.15375149781145492,-10.199695382950537,10.752904057946173
2021-04-17 08:33:00,-0.15362143262946826,-10.796631990859153,10.735143421091554
2021-04-17 08:34:00,-0.1534889188484635,-9.913009734941634,9.904794185367452
2021-04-17 08:35:00,-0.15335467162911676,-11.181767721859991,10.71363309971431
2021-04-17 08:36:00,-0.15321938626827114,-10.69105500731818,10.895964109405226
2021-04-17 08:37:00,-0.15308373791613505,-11.046150304064673,10.23915535475127
2021-04-17 08:38:00,-0.15294838134840782,-11.067199595065269,10.279450527546112
2021-04-17 08:39:00,-0.15281395070426385,-10.671598427332839,10.032391306299687
2021-04-17 08:40:00,-0.15268105926584108,-11.331010112087718,10.982229869636337
2021-04-17 08:41:00,-0.15255029921208463,-10.442317859103442,10.018845906207238
2021-04-17 08:42:00,-0.15242224143376837,-10.507744511536357,10.365363850380662
2021-04-17 08:43:00,-0.1522974352889771,-10.512505711262559,10.480471659776772
2021-04-17 08:44:00,-0.15217640842728242,-10.539883388085997,10.767035642849457
2021-04-17 08:45:00,-0.15205966660320203,-10.126946634246963,10.224332608041236
2021-04-17 08:46:00,-0.15194769347238657,-10.883574608546377,9.846155989106608
2021-04-17 08:47:00,-0.15184095043894275,-11.353120219467488,10.650595398110987
2021-04-17 08:48:00,-0.15173987649582088,-10.88991508925769,10.242853482617829
2021-04-17 08:49:00,-0.15164488805713627,-10.70726603311446,9.130722475686301
2021-04-17 08:50:00,-0.15155637883141537,-10.22494648543621,10.490085862250643
2021-04-17 08:51:00,-0.1514747196504035,-10.447624052599915,10.347862233371396
2021-04-17 08:52:00,-0.15140025841801052,-9.981950719076453,10.226092483718814
2021-04-17 08:53:00,-0.151333319907049,-10.585658141036093,10.387320628721415
2021-04-17 08:54:00,-0.1512742057178621,-11.860077183642469,10.401247635790352
2021-04-17 08:55:00,-0.15122319415319263,-11.083724216383088,10.762918149329176
2021-04-17 08:56:00,-0.15118054014612825,-10.83365332387963,10.006108138173154
2021-04-17 08:57:00,-0.15114647516020585,-10.339169296661908,10.747149213673815
2021-04-17 08:58:00,-0.15112120714107735,-11.225142968114111,10.465366225208577
2021-04-17 08:59:00,-0.15110492047193325,-11.216351381626254,10.23454668604964
2021-04-17 09:00:00,-0.15109777589115625,-10.826386919075892,10.224404056726867
2021-04-17 09:01:00,-0.1510999104612425,-10.837819101254482,10.527088181923558
2021-04-17 09:02:00,-0.15111143757985646,-11.130373812401793,11.049825547622588
2021-04-17 09:03:00,-0.15113244689726746,-10.77633737396993,11.377353440768095
2021-04-17 09:04:00,-0.15116300437069163,-10.45944639355973,10.96459558051852
2021-04-17 09:05:00,-0.1512031522011038,-11.014613871817348,10.899485630156118
2021-04-17 09:06:00,-0.15125290891139775,-10.289287700896049,11.34092616647175
2021-04-17 09:07:00,-0.15131226929518427,-10.316914715779784,10.07186855239527
2021-04-17 09:08:00,-0.15138120448813297,-10.313425307596562,10.23275572057247
2021-04-17 09:09:00,-0.1514596620168439,-11.166168459291459,9.835173398003153
2021-04-17 09:10:00,-0.15154756583003126,-10.471966168009239,9.860787249454129
2021-04-17 09:11:00,-0.15164481630912385,-10.578377609786717,10.26565285005641
2021-04-17 09:12:00,-0.151751290433487,-10.39592382387848,10.793778724178813
2021-04-17 09:13:00,-0.15186684177808463,-10.73226337973377,10.714427622462205
2021-04-17 09:14:00,-0.1519913006483422,-10.875999691649596,10.224351717110373
2021-04-17 09:15:00,-0.15212447411153762,-11.07163854385282,10.077030169480107
2021-04-17 09:16:00,-0.15226614620839218,-10.615220412343355,10.839723169399122
2021-04-17 09:17:00,-0.15241607793544076,-11.116426053156806,10.808988578749858
2021-04-17 09:18:00,-0.15257400749598748,-10.243561258623298,9.700349340988895
2021-04-17 09:19:00,-0.15273965032457948,-11.0013353106693,10.696671200933276
2021-04-17 09:20:00,-0.15291269932590146,-9.933035536453447,10.070889259398212
2021-04-17 09:21:00,-0.15309282494723508,-10.642921560760488,11.50437624825739
2021-04-17 09:22:00,-0.1532796753588589,-11.015014985990533,10.372238773513429
2021-04-17 09:23:00,-0.15347287668428722,-10.86187278798182,10.15728565798601
2021-04-17 09:24:00,-0.15367203309258948,-10.451497340782932,10.805480643908865
2021-04-17 09:25:00,-0.15387672701475974,-11.250167365029393,9.520727831121473
2021-04-17 09:26:00,-0.15408651938398688,-10.726842219142005,10.498641010383471
2021-04-17 09:27:00,-0.154300949775247,-10.476125082085824,11.40858443680749
2021-04-17 09:28:00,-0.15451953667145446,-10.948868046803897,9.694308194074374
2021-04-17 09:29:00,-0.1547417776399792,-10.996551671671511,10.059414697226545
2021-04-17 09:30:00,-0.1549671496182986,-10.385541301986345,10.649199793334732
2021-04-17 09:31:00,-0.1551951090791862,-11.295750544768211,10.815027445950145
2021-04-17 09:32:00,-0.15542509234481006,-11.01236839641786,10.401668941977762
2021-04-17 09:33:00,-0.15565651581834616,-11.178302971762836,9.810424792913217
2021-04-17 09:34:00,-0.15588877626551623,-10.35820089559358,9.714185750112138
2021-04-17 09:35:00,-0.15612125103984598,-10.634185512652419,10.159070335641307
2021-04-17 09:36:00,-0.15635329837399925,-10.035440871973138,10.252258463857638
2021-04-17 09:37:00,-0.15658425776265306,-10.345006098330295,10.797893493040451
2021-04-17 09:38:00,-0.15681345010941183,-10.444199820491177,10.110577573483194
2021-04-17 09:39:00,-0.1570401781012336,-10.649941969357574,10.489405591563102
2021-04-17 09:40:00,-0.15726372659536414,-10.620246157043432,9.950910594783117
2021-04-17 09:41:00,-0.15748336276739305,-10.796047854857001,10.540088231848486
2021-04-17 09:42:00,-0.15769833661468646,-11.48845832804449,9.461957923790521
2021-04-17 09:43:00,-0.15790788113809928,-10.674963690424718,10.107114773191233
2021-04-17 09:44:00,-0.15811121281578788,-10.593015671669772,10.300243526403557
2021-04-17 09:45:00,-0.15830753184159496,-10.962780914778367,10.357728656819114
2021-04-17 09:46:00,-0.1584960225122347,-11.562031090833742,10.603991913589034
2021-04-17 09:47:00,-0.1586758536427354,-10.616969110851095,10.778264554489684
2021-04-17 09:48:00,-0.1588461788532407,-10.067853010177233,11.041966565701756
2021-04-17 09:49:00,-0.159006137004171,-11.12872021728541,9.8752940681324
2021-04-17 09:50:00,-0.15915485252489958,-10.326204208086617,10.592777730731589
2021-04-17 09:51:00,-0.15929143586163452,-10.287931821519173,10.247296173700137
2021-04-17 09:52:00,-0.1594149837871769,-10.78698465967078,10.316402417935599
2021-04-17 09:53:00,-0.15952457985582613,-10.399552891196409,10.054729590398663
2021-04-17 09:54:00,-0.15961929484876414,-10.407865695281796,10.199520090044016
2021-04-17 09:55:00,-0.1596981870623081,-9.444046330529613,10.144128630882545
2021-04-17 09:56:00,-0.15976030280874487,-9.852059949521784,10.521513599376458
2021-04-17 09:57:00,-0.1598046768664959,-10.253516826614588,10.850473327245936
2021-04-17 09:58:00,-0.15983033278892345,-10.546019474867279,9.933596322358202
2021-04-17 09:59:00,-0.15983628348115053,-10.196573627271118,10.437173367177492
2021-04-17 10:00:00,-0.15982153146382494,-10.707691340784537,10.949705631134094
2021-04-17 10:01:00,-0.1597850695228712,-11.150323683378454,9.669440721106387
2021-04-17 10:02:00,-0.15972588093162987,-9.609999054958932,10.462416734512834
2021-04-17 10:03:00,-0.15964294007793034,-9.917015199703169,10.625178117327001
2021-04-17 10:04:00,-0.15953521281688166,-10.901057395958706,10.734863637883933
2021-04-17 10:05:00,-0.1594016570010287,-10.43069093197716,10.749697066853818
2021-04-17 10:06:00,-0.15924122280990938,-10.881240814772184,10.217174716241818
2021-04-17 10:07:00,-0.15905285338366282,-10.25377241703671,10.203458712943801
2021-04-17 10:08:00,-0.15883548521645408,-10.858338357039976,10.719277340330631
2021-04-17 10:09:00,-0.15858804859080466,-11.469754229121984,10.20156385685017
2021-04-17 10:10:00,-0.15830946806597035,-10.174468327081293,10.666036751008308
2021-04-17 10:11:00,-0.15799866305304044,-10.273336371338962,10.497038019292662
2021-04-17 10:12:00,-0.15765454814448343,-10.6250242623294,10.712645135509916
2021-04-17 10:13:00,-0.15727603374581678,-10.70555488954929,11.034539366013757
2021-04-17 10:14:00,-0.15686202642279345,-10.225781764566783,10.273721691676528
2021-04-17 10:15:00,-0.15641142953816733,-11.55559335175851,9.77380956807477
2021-04-17 10:16:00,-0.15592314358903858,-10.960269079548361,10.656545446561438
2021-04-17 10:17:00,-0.15539606680161755,-10.473380632104533,10.802805422945964
2021-04-17 10:18:00,-0.15482909563706904,-10.560489446815664,11.214849261999095
2021-04-17 10:19:00,-0.15422112524463794,-10.603250708321251,10.5849341802678
2021-04-17 10:20:00,-0.15357104989381853,-11.228945227884852,9.907475090765619
2021-04-17 10:21:00,-0.15330458173926853,-10.843624986057522,10.171187251542545
2021-04-17 10:22:00,-0.1529937968912799,-10.806362142156614,10.84841440325496
2021-04-17 10:23:00,-0.15263759032465662,-10.349611900006304,10.730302289273714
2021-04-17 10:24:00,-0.1522348580761519,-10.375663479648518,10.321377977774555
2021-04-17 10:25:00,-0.15178449808772843,-10.86258004233037,9.994725928658236
2021-04-17 10:26:00,-0.15128541031453835,-11.360791128697265,10.986968635270426
2021-04-17 10:27:00,-0.1507364975690748,-10.39064697239724,10.588957385805333
2021-04-17 10:28:00,-0.15013666580193308,-10.93207551873692,10.628480945055548
2021-04-17 10:29:00,-0.1494848247527849,-9.816559897653633,10.418805847973541
2021-04-17 10:30:00,-0.14877988835502076,-11.120427911440116,10.518737262457288
2021-04-17 10:31:00,-0.14802077524556356,-11.637261559923012,10.34495974068832
2021-04-17 10:32:00,-0.147206409376323,-11.248440185170967,10.658854400582728
2021-04-17 10:33:00,-0.14633572039497422,-11.331409077222794,10.643429798678879
2021-04-17 10:34:00,-0.14540764414785778,-10.561271919014613,10.128942373974954
2021-04-17 10:35:00,-0.14442112334676838,-10.606834573087763,9.95185990615437
2021-04-17 10:36:00,-0.14337510780893659,-10.618446394012667,11.050274695091282
2021-04-17 10:37:00,-0.14226855519459036,-10.230419198826214,10.20198021702411
2021-04-17 10:38:00,-0.1411004313329296,-10.627332188297455,11.200383950724797
2021-04-17 10:39:00,-0.13986971086419375,-10.64760436771541,10.604678047335785
2021-04-17 10:40:00,-0.13857537752451488,-10.34047871306336,10.685891022035362
2021-04-17 10:41:00,-0.13721642488779684,-10.471688846273322,10.38441826291408
2021-04-17 10:42:00,-0.1357918566557016,-10.18009547055773,9.984471328632166
2021-04-17 10:43:00,-0.13430068726682276,-11.241474977473812,9.888611809848934
2021-04-17 10:44:00,-0.132741942302409,-10.775841378476768,9.59081138967939
2021-04-17 10:45:00,-0.1311146589412977,-10.593198503398298,10.509070475978998
2021-04-17 10:46:00,-0.12941788661692455,-11.166791152335934,9.49893685298524
2021-04-17 10:47:00,-0.12765068724470918,-10.967580166648565,9.671984051034501
2021-04-17 10:48:00,-0.125812135807999,-10.469477437145253,10.86278621310542
2021-04-17 10:49:00,-0.12390132094304063,-10.827824799360238,10.889437631732177
2021-04-17 10:50:00,-0.12191734515098263,-11.045665661941902,10.519395434939202
2021-04-17 10:51:00,-0.11985932544732403,-11.199242066763592,10.197194964082938
2021-04-17 10:52:00,-0.11772639376476679,-10.322146245047637,11.67403023824782
2021-04-17 10:53:00,-0.11551769739593187,-10.509879351067399,10.993193055460404
2021-04-17 10:54:00,-0.11323239943687324,-10.808318243667072,10.554885752116151
2021-04-17 10:55:00,-0.11086967920285817,-10.791152194830135,10.45458632360849
2021-04-17 10:56:00,-0.10842873270380105,-10.383329539458929,10.228008152157695
2021-04-17 10:57:00,-0.10590877312797087,-10.693620176235878,10.08092389745313
2021-04-17 10:58:00,-0.1033090311122844,-11.052624638141584,10.39420534445873
2021-04-17 10:59:00,-0.10062875536486504,-11.304199168877762,10.080996562346073
2021-04-17 11:00:00,-0.09786721287870004,-10.796236546176859,10.654942318134204
2021-04-17 11:01:00,-0.09502368945822037,-10.156801921564496,9.865748792185359
2021-04-17 11:02:00,-0.0920974901808238,-10.554516355901853,10.911187787214084
2021-04-17 11:03:00,-0.08908793964401318,-10.8530103357448,10.020075126209067
2021-04-17 11:04:00,-0.08599438243217428,-10.57701068440745,10.227267953328562
2021-04-17 11:05:00,-0.08281618354387521,-9.972919203692967,11.32562128899141
2021-04-17 11:06:00,-0.07955272873353703,-11.31121588073871,10.225532476481453
2021-04-17 11:07:00,-0.07620342486849063,-11.111828829935561,10.757241137697035
2021-04-17 11:08:00,-0.07276770035393665,-12.05965720118213,10.42670053124222
2021-04-17 11:09:00,-0.06924500536475364,-11.444569563030633,11.270686793878529
2021-04-17 11:10:00,-0.0656348124407361,-10.452692012659078,10.628000126804052
2021-04-17 11:11:00,-0.06193661656093763,-10.440833142056006,10.810522106104278
2021-04-17 11:12:00,-0.05814993560906134,-10.672919714061525,10.886917239750577
2021-04-17 11:13:00,-0.05427431083309331,-10.778359146324878,10.997479522507058
2021-04-17 11:14:00,-0.05030930689918911,-11.032955737870008,10.48244087025487
2021-04-17 11:15:00,-0.046254512438278494,-9.758643644069696,10.348881030583213
2021-04-17 11:16:00,-0.042109540278887914,-9.55208151148325,11.072522984674608
2021-04-17 11:17:00,-0.03787402766147663,-10.316280526569006,10.665749956181205
2021-04-17 11:18:00,-0.033547636788095025,-10.468456358713492,10.386362388688736
2021-04-17 11:19:00,-0.029130054687680595,-11.201799188820184,10.97025100854512
2021-04-17 11:20:00,-0.024620994069986746,-10.81963195674725,10.619664246342056
2021-04-17 11:21:00,-0.02002019297782376,-10.568826933390637,10.302873990466216
2021-04-17 11:22:00,-0.015327415517370269,-10.73869207640804,9.879988617101017
2021-04-17 11:23:00,-0.010542451909790973,-10.516193369023325,10.690168518619918
2021-04-17 11:24:00,-0.005665118786425394,-11.038569101153216,11.075049654110696
2021-04-17 11:25:00,-0.0006952593526675654,-10.770342119419837,10.432736923990278
2021-04-17 11:26:00,0.004367256251310625,-9.521572228746576,10.576472838931865
2021-04-17 11:27:00,0.009522530835756715,-11.050617200128672,10.683021376593501
2021-04-17 11:28:00,0.014770639878039837,-9.776099254201716,10.876627029778627
2021-04-17 11:29:00,0.020111631425815624,-9.928700647031519,10.574128224028108
2021-04-17 11:30:00,0.025545525778633005,-10.57025100119685,10.650656176599673
2021-04-17 11:31:00,0.031072315358260716,-9.564100579630576,10.73290013215662
2021-04-17 11:32:00,0.03669196450770107,-11.213187713040204,10.58482430841222
2021-04-17 11:33:00,0.04240440952259916,-10.561884640635654,11.126593109204222
2021-04-17 11:34:00,0.048209557998974195,-10.576732815933,10.190258271110753
2021-04-17 11:35:00,0.054107289363830746,-10.572220081895482,10.855157647528028
2021-04-17 11:36:00,0.06009745407345396,-11.372831873306184,10.63334293178206
2021-04-17 11:37:00,0.06617987401449266,-10.730197556309346,10.810689914330503
2021-04-17 11:38:00,0.07235434207130864,-10.153766031538739,10.828061913509442
2021-04-17 11:39:00,0.0786206220454152,-10.084839297724011,10.735911130147956
2021-04-17 11:40:00,0.08497844875691579,-11.11076264790307,10.085055488082556
2021-04-17 11:41:00,0.0914275277271594,-10.26544645257966,11.150675649226848
2021-04-17 11:42:00,0.09796753516223361,-10.607513320186024,10.552444091233045
2021-04-17 11:43:00,0.10459811801361646,-11.008697328028815,10.728907892024656
2021-04-17 11:44:00,0.11131889365518399,-10.293028591908062,10.740053474869121
2021-04-17 11:45:00,0.11812945012880571,-10.616585088710371,10.79712831425123
2021-04-17 11:46:00,0.12502934590421605,-10.785691438281173,10.053648051524984
2021-04-17 11:47:00,0.1320181098776842,-10.892985793400767,10.661274012497662
2021-04-17 11:48:00,0.1390952414074214,-10.065186313762439,11.437783651302317
2021-04-17 11:49:00,0.146260210316632,-9.769650853524949,11.304864994605959
2021-04-17 11:50:00,0.1535124567620536,-10.6007545418132,10.835134287929934
2021-04-17 11:51:00,0.16085139140840693,-11.724738143103671,10.666329983158796
2021-04-17 11:52:00,0.16827639529257732,-9.75023717245898,11.26642566709773
2021-04-17 11:53:00,0.1757868199876786,-10.851189258816973,10.362081774438783
2021-04-17 11:54:00,0.18338198766984626,-10.84934217181252,10.720728924664423
2021-04-17 11:55:00,0.1910611908318861,-10.912087177521997,10.302720467982088
2021-04-17 11:56:00,0.19882369284806878,-10.21877890097796,11.127970147934914
2021-04-17 11:57:00,0.20666872771641565,-10.2340613453334,10.91429224244119
2021-04-17 11:58:00,0.2145955001068759,-9.761533275021359,10.79189721628457
2021-04-17 11:59:00,0.22260318571268145,-9.922385627440676,10.327989815766253
2021-04-17 12:00:00,0.23069093107024868,-9.866828326612415,10.321659137088679
2021-04-17 12:01:00,0.23885785386663927,-10.22759889418903,11.237388038549591
2021-04-17 12:02:00,0.24710304298918673,-10.696883564911648,10.804326915571853
2021-04-17 12:03:00,0.2554255585780471,-10.778465582251274,10.997499845415604
2021-04-17 12:04:00,0.2638244323673337,-9.770150329418126,10.70327617757495
2021-04-17 12:05:00,0.27229866755717425,-10.168318702095888,10.00478657721435
2021-04-17 12:06:00,0.2808472392486782,-9.63952867787489,10.809848997432011
2021-04-17 12:07:00,0.2894690944917002,-9.373949178251806,11.074955673910011
2021-04-17 12:08:00,0.29816315234526325,-10.662502074022818,10.715581918195518
2021-04-17 12:09:00,0.30692830428209616,-10.120109351890173,11.703665126678574
2021-04-17 12:10:00,0.3157634143965702,-9.993534862922404,10.8749219929951
2021-04-17 12:11:00,0.32466731921063224,-10.104563595382773,11.476563221236391
2021-04-17 12:12:00,0.33363882856227167,-10.209071502468714,10.97006256330704
2021-04-17 12:13:00,0.34267672508823455,-9.886987831731355,10.483515113019495
2021-04-17 12:14:00,0.35177976516985554,-10.579496874266658,10.414896146348164
2021-04-17 12:15:00,0.36094667873599284,-10.078681679521704,11.508868317283508
2021-04-17 12:16:00,0.3701761694542729,-10.729331827588894,11.321231943009302
2021-04-17 12:17:00,0.37946691546116884,-10.170202706567693,11.267016405667462
2021-04-17 12:18:00,0.3888175692400281,-10.564760429190468,11.102913863949558
2021-04-17 12:19:00,0.39822675793680007,-10.461323749584354,11.619886422310772
2021-04-17 12:20:00,0.4076930838879744,-10.560436722310014,10.726842684471446
2021-04-17 12:21:00,0.4172151246383652,-9.633339776941371,10.902637564381488
2021-04-17 12:22:00,0.4267914334845909,-9.662807941369563,10.753314941042364
2021-04-17 12:23:00,0.4364205397132276,-9.790046019264363,11.177846382973598
2021-04-17 12:24:00,0.4461009488168327,-9.977338963519232,11.255676804548601
2021-04-17 12:25:00,0.45583114303648714,-9.415467178522333,11.762339313402775
2021-04-17 12:26:00,0.46560958161263793,-10.522761076279883,10.577694367246313
2021-04-17 12:27:00,0.47543470103899016,-9.659111988276667,11.17825355598414
2021-04-17 12:28:00,0.4853049156656966,-9.618373474746035,10.85713982458635
2021-04-17 12:29:00,0.4952186177942697,-9.899630630857823,10.433998823714017
2021-04-17 12:30:00,0.5051741782717136,-10.100862910309186,11.429794120528571
2021-04-17 12:31:00,0.5151699469477772,-9.70200767349864,11.525562462771903
2021-04-17 12:32:00,0.5252042525835683,-10.296312747669536,10.089051913258356
2021-04-17 12:33:00,0.535275403958753,-9.826268350394837,11.221481629149432
2021-04-17 12:34:00,0.5453816897920793,-9.962074571596652,10.498028707927903
2021-04-17 12:35:00,0.5555213792325046,-10.376561655361488,10.693887016691743
2021-04-17 12:36:00,0.565692722505053,-10.468856897246734,11.254133633154312
2021-04-17 12:37:00,0.5758939510563735,-9.598258636629609,11.7123052595751
2021-04-17 12:38:00,0.5861232782475253,-9.88820585212759,10.576319234209409
2021-04-17 12:39:00,0.5963788997089816,-10.22950392373531,11.390760315714857
2021-04-17 12:40:00,0.6066589936734387,-10.270851232767823,11.012796676989678
2021-04-17 12:41:00,0.6169617216755363,-9.770431069950172,10.971283151759428
2021-04-17 12:42:00,0.6272852288911821,-9.893118075681661,10.460214837174359
2021-04-17 12:43:00,0.637627644539913,-9.476442211577908,10.97933458073146
2021-04-17 12:44:00,0.6479870825881231,-10.413284149878228,10.696767093210934
2021-04-17 12:45:00,0.6583616419699732,-9.490226752278915,10.835434555107986
2021-04-17 12:46:00,0.6687494073063537,-10.241498640526926,11.15984985184493
2021-04-17 12:47:00,0.679148449475274,-9.66598334436708,11.53207415375998
2021-04-17 12:48:00,0.6895568255902625,-10.667734734856678,11.039587200275166
2021-04-17 12:49:00,0.6999725803588968,-9.27650126720535,11.10109078300659
2021-04-17 12:50:00,0.7103937456954694,-9.708855737992936,11.016677805927072
2021-04-17 12:51:00,0.7208183420703033,-9.841434793762874,10.955258068571588
2021-04-17 12:52:00,0.7312443784999909,-9.477454831944392,11.594492213630433
2021-04-17 12:53:00,0.7416698532105319,-10.522763661409646,10.905826482918076
2021-04-17 12:54:00,0.7520927542934073,-9.663264682161744,12.58859227411425
2021-04-17 12:55:00,0.7625110602089411,-10.063327833182356,11.528539027998999
2021-04-17 12:56:00,0.7729227401709816,-9.785281259588276,10.596262285835888
2021-04-17 12:57:00,0.7833257550091791,-9.28200050126366,12.376183990745641
2021-04-17 12:58:00,0.7937180573953682,-9.808414594860608,11.029278141066197
2021-04-17 12:59:00,0.8040975926714438,-9.96581684105829,11.58799798947562
2021-04-17 13:00:00,0.8144622993445664,-10.458330858861272,11.64051493574213
2021-04-17 13:01:00,0.8248101095008342,-9.622278017417447,11.18635858755785
2021-04-17 13:02:00,0.8351389495774107,-9.954427450989154,11.401463843234382
2021-04-17 13:03:00,0.8454467410396365,-10.06218410919509,11.171463667776115
2021-04-17 13:04:00,0.855731400455099,-9.867649900507436,11.83240498743539
2021-04-17 13:05:00,0.8659908407330982,-10.291893047884201,11.813046457208218
2021-04-17 13:06:00,0.8762229711910852,-9.820322295299178,11.809096579994575
2021-04-17 13:07:00,0.8864256984696661,-9.457510568895602,11.579823493761356
2021-04-17 13:08:00,0.8965969271080108,-9.241959265960087,11.37059790484799
2021-04-17 13:09:00,0.9067345597183365,-9.332366456963522,11.680997944457694
2021-04-17 13:10:00,0.916836498260843,-9.181701711744868,11.314236878620111
2021-04-17 13:11:00,0.9269006441643972,-10.135444423898749,10.776614643549397
2021-04-17 13:12:00,0.9369248989683726,-9.760431805704794,11.04932213937696
2021-04-17 13:13:00,0.9469071651419363,-9.369422235073332,11.992713723000156
2021-04-17 13:14:00,0.9568453464778002,-10.660021781014775,11.544936329970632
2021-04-17 13:15:00,0.9667373488370199,-9.921293451673083,11.341030460782854
2021-04-17 13:16:00,0.9765810807008176,-8.84713810735498,10.827618983973956
2021-04-17 13:17:00,0.9863744537324306,-9.033962000598912,12.037959349395193
2021-04-17 13:18:00,0.9961153834679893,-9.965804790971092,11.761059162330424
2021-04-17 13:19:00,1.0058017899515899,-9.782496241014417,12.296930962202275
2021-04-17 13:20:00,1.0154315981341222,-9.650719733041921,12.024693506093213
2021-04-17 13:21:00,1.0250027388170992,-9.109456471679074,10.68262143863903
2021-04-17 13:22:00,1.0345131489139003,-9.480421729397104,11.370569153484203
2021-04-17 13:23:00,1.0439607722842537,-9.33379267469334,11.688306396635603
2021-04-17 13:24:00,1.0533435604485946,-9.499493311382993,12.187518260653455
2021-04-17 13:25:00,1.0626594726772205,-9.869613918941344,10.898737653857035
2021-04-17 13:26:00,1.0719064773078428,-9.081689645258528,11.695963016210744
2021-04-17 13:27:00,1.0810825518122753,-8.841826479705015,10.581297533063646
2021-04-17 13:28:00,1.0901856836008927,-9.119905676631914,11.503332680119659
2021-04-17 13:29:00,1.0992138706700505,-9.510113507079518,12.309562471853297
2021-04-17 13:30:00,1.1081651220350197,-9.501653075306464,12.047652820283574
2021-04-17 13:31:00,1.117037458578106,-9.928361043363179,11.318496413085116
2021-04-17 13:32:00,1.1258289134538952,-9.033615119386674,11.544405790287458
2021-04-17 13:33:00,1.1345375326616947,-9.808206289808895,11.608529392696267
2021-04-17 13:34:00,1.1431613758807533,-10.97354595473523,11.228837234566937
2021-04-17 13:35:00,1.1516985167200016,-10.095234708872871,11.563520272438357
2021-04-17 13:36:00,1.1601470436406471,-8.5293783652174,11.843278221367035
2021-04-17 13:37:00,1.1685050603074996,-9.842957617418104,12.793912493729758
2021-04-17 13:38:00,1.1767706862564706,-9.45224250312116,11.413174399853474
2021-04-17 13:39:00,1.1849420574383154,-8.789421504325775,12.160431799714244
2021-04-17 13:40:00,1.1930173269979238,-9.782423598854681,11.764335350854358
2021-04-17 13:41:00,1.2009946653549877,-8.595250158554544,11.416321340249024
2021-04-17 13:42:00,1.2088722614720566,-9.146501875120405,11.399751154212195
2021-04-17 13:43:00,1.2166483226360036,-10.2430271435779,11.461306089418652
2021-04-17 13:44:00,1.2243210756804999,-9.738174944940987,11.599662753256244
2021-04-17 13:45:00,1.2318887673198213,-9.519978679958646,11.691189862970182
2021-04-17 13:46:00,1.2393496643981259,-9.132187981497893,11.882938046438873
2021-04-17 13:47:00,1.2467020549082988,-8.373129834990005,11.549122944888603
2021-04-17 13:48:00,1.2539442482970389,-8.906534756060202,12.53994362836399
2021-04-17 13:49:00,1.2610745758943653,-9.652508134223522,10.977507606131025
2021-04-17 13:50:00,1.268091391740311,-9.202672846372142,12.106709615861309
2021-04-17 13:51:00,1.2749930727724517,-9.049923463239923,11.43857196853856
2021-04-17 13:52:00,1.2817780196617843,-9.231933976226012,11.708580375914723
2021-04-17 13:53:00,1.28844465710787,-9.529792174267586,11.261534885410537
2021-04-17 13:54:00,1.29499143436042,-9.053763894600271,11.796482798129757
2021-04-17 13:55:00,1.301416649025444,-9.46570864529293,11.855409445606401
2021-04-17 13:56:00,1.3077189779869407,-8.412066139898503,12.716559690222226
2021-04-17 13:57:00,1.3138969472929711,-9.165400079633802,11.868254910360363
2021-04-17 13:58:00,1.3199491096993134,-9.454300589329186,12.517047365963423
2021-04-17 13:59:00,1.3258740448478497,-9.708595486014032,12.567301387317231
2021-04-17 14:00:00,1.3316703600214896,-9.891215490284639,11.689251471829174
2021-04-17 14:01:00,1.3373366904384838,-9.473826493067474,12.144146185703018
2021-04-17 14:02:00,1.3428716996932883,-9.981403814841217,11.684944866692138
2021-04-17 14:03:00,1.3482740803015252,-9.251820093219694,11.049743847015572
2021-04-17 14:04:00,1.3535425541268584,-8.637914818077931,11.827143167898987
2021-04-17 14:05:00,1.3586758726514083,-8.687723827120315,11.880546301583035
2021-04-17 14:06:00,1.363672817670044,-9.905240057932147,12.089829070383955
2021-04-17 14:07:00,1.3685322014319738,-8.69944393136732,12.584255487911587
2021-04-17 14:08:00,1.3732528672066762,-9.346925259472542,12.243268422126029
2021-04-17 14:09:00,1.3778336897179246,-9.776427027606918,11.420467803979486
2021-04-17 14:10:00,1.3822735753542001,-8.443291223710828,11.830031950521361
2021-04-17 14:11:00,1.3865714626880232,-8.83832912826933,11.767056288465817
2021-04-17 14:12:00,1.3907263228892868,-9.39997778999708,12.117486609914408
2021-04-17 14:13:00,1.3947371598870282,-9.524890412034347,12.582212949765063
2021-04-17 14:14:00,1.3986030109886154,-9.232296446455287,12.705715734670987
2021-04-17 14:15:00,1.4023229469527674,-10.014245348912043,12.172277846889399
2021-04-17 14:16:00,1.4058960725800915,-9.390253518235042,11.410642314494526
2021-04-17 14:17:00,1.4093215268698829,-9.289694836317612,12.543262585488046
2021-04-17 14:18:00,1.4125984833192753,-9.526234097201739,12.056755935607207
2021-04-17 14:19:00,1.4157261504533596,-9.452020137944634,12.08979558927579
2021-04-17 14:20:00,1.418703771794308,-9.081042507032798,12.715525658872423
2021-04-17 14:21:00,1.4215306264826757,-9.03853055863209,12.657504425509021
2021-04-17 14:22:00,1.424206029299177,-8.940648024424537,12.337597141424583
2021-04-17 14:23:00,1.426729331007067,-9.074105024240946,11.948971016717737
2021-04-17 14:24:00,1.4290999187464097,-8.835852706399526,12.197784819195759
2021-04-17 14:25:00,1.4313172160471224,-9.087939065708348,12.365700957728
2021-04-17 14:26:00,1.433380683286987,-9.07294487095798,11.559613878436124
2021-04-17 14:27:00,1.4352898177509907,-8.272968949499246,11.902099602692527
2021-04-17 14:28:00,1.4370441539084757,-9.338338198927508,12.245525463627757
2021-04-17 14:29:00,1.4386432636834159,-9.246156659885903,12.13254389120249
2021-04-17 14:30:00,1.440086756590899,-9.261730782088486,11.465797332046284
2021-04-17 14:31:00,1.4413742798721647,-9.11137773076725,12.08388526577305
2021-04-17 14:32:00,1.4425055187204627,-9.560055741398163,11.610546510000287
2021-04-17 14:33:00,1.4434801965192867,-10.243304533841469,12.340905234580882
2021-04-17 14:34:00,1.4442980748459617,-9.57222023071549,12.824836330098176
2021-04-17 14:35:00,1.4449589536784773,-8.876566472568683,11.834855838622557
2021-04-17 14:36:00,1.445462671619346,-8.271973615724946,12.238915298734867
2021-04-17 14:37:00,1.4458091058208025,-9.994902783079302,11.852937383490655
2021-04-17 14:38:00,1.445998172285198,-8.938890365134132,12.576530783794203
2021-04-17 14:39:00,1.4460298258132986,-9.298433539390142,11.611682221402685
2021-04-17 14:40:00,1.4459040602132989,-9.475825091057228,12.516743152303349
2021-04-17 14:41:00,1.4456209082516858,-8.14816533959791,12.255942190239129
2021-04-17 14:42:00,1.445180441790641,-8.749966428660429,11.323569999618263
2021-04-17 14:43:00,1.4445827718792736,-9.315389907662148,13.017666623718549
2021-04-17 14:44:00,1.4438280486637667,-8.382187210306384,11.765880333480474
2021-04-17 14:45:00,1.4429164615744647,-9.16035165601275,12.322804458686745
2021-04-17 14:46:00,1.4418482391566854,-8.534427929608183,11.971549882868722
2021-04-17 14:47:00,1.4406236493062459,-9.139983988145666,11.930387080491148
2021-04-17 14:48:00,1.439242999036457,-8.42467360214384,12.256908281953088
2021-04-17 14:49:00,1.4377066345591443,-9.122612338105235,11.842002231471954
2021-04-17 14:50:00,1.4360149413617582,-9.686464383582999,11.852384803085975
2021-04-17 14:51:00,1.4341683439466342,-8.74023758384173,12.28208560019787
2021-04-17 14:52:00,1.4321673059359734,-8.461480790099964,12.215291404939707
2021-04-17 14:53:00,1.4300123299955743,-8.611768169092743,12.44876704203596
2021-04-17 14:54:00,1.4277039576793795,-8.840177500581133,12.695607972085215
2021-04-17 14:55:00,1.4252427694641865,-7.935195698038204,12.837803868319694
2021-04-17 14:56:00,1.4226293844574964,-9.358281039700692,11.665203415819148
2021-04-17 14:57:00,1.419864460529985,-9.875782317194027,12.36131272711137
2021-04-17 14:58:00,1.4169486940039837,-8.974432175027209,11.938054470896304
2021-04-17 14:59:00,1.4138828196307278,-8.47277523199223,11.584342586379472
2021-04-17 15:00:00,1.4106676103646956,-8.722340116094225,11.520999438072653
2021-04-17 15:01:00,1.4073038772993234,-9.089001792015909,12.581762273771517
2021-04-17 15:02:00,1.4037924693730117,-9.132960934166595,11.270355512995986
2021-04-17 15:03:00,1.40013427331245,-9.593408565692178,11.98369578042638
2021-04-17 15:04:00,1.396330213399558,-8.874302598190043,11.549169819121618
2021-04-17 15:05:00,1.392381251259656,-10.011122224974594,11.680975944380721
2021-04-17 15:06:00,1.3882883856030053,-8.823347500133941,12.17330394044782
2021-04-17 15:07:00,1.3840526521177694,-9.29479255032035,11.414676718234121
2021-04-17 15:08:00,1.3796751231298292,-8.92115584233363,11.970553638080547
2021-04-17 15:09:00,1.3751569074307775,-9.271058770186189,11.998844551827942
2021-04-17 15:10:00,1.370499149890673,-9.336792016850621,12.451884401456663
2021-04-17 15:11:00,1.365703031430678,-8.877825578588576,12.179030205998956
2021-04-17 15:12:00,1.3607697684487372,-8.805738001626402,11.684459767054324
2021-04-17 15:13:00,1.3557006127562656,-8.53128974077916,11.234366918080516
2021-04-17 15:14:00,1.3504968512006232,-8.626256617739335,11.800676886333806
2021-04-17 15:15:00,1.3451598052824312,-9.323706865776076,11.821574306175282
2021-04-17 15:16:00,1.3396908309844335,-9.456923931994492,12.338748815142177
2021-04-17 15:17:00,1.33409131826717,-9.022817517549592,11.612315054103508
2021-04-17 15:18:00,1.3283626908739259,-8.983807917318488,12.268971756665952
2021-04-17 15:19:00,1.3225064059182126,-9.425524389218587,13.041108452595406
2021-04-17 15:20:00,1.3165239534245576,-9.681669586709335,11.989438473942847
2021-04-17 15:21:00,1.3104168561989935,-9.177628745753065,11.927321144144415
2021-04-17 15:22:00,1.3041866691380224,-9.187181214527643,11.008897848645542
2021-04-17 15:23:00,1.2978349790654413,-9.042822142774774,11.002765624037277
2021-04-17 15:24:00,1.2913634042415743,-8.944061718913701,11.627846842387214
2021-04-17 15:25:00,1.2847735939615323,-9.103493139883216,11.371630064916456
2021-04-17 15:26:00,1.2780672280644452,-8.958504323431235,11.815719046998387
2021-04-17 15:27:00,1.271246016637981,-9.823059937155328,12.00033382636841
2021-04-17 15:28:00,1.2643116994521133,-9.242809680330884,11.513328509502351
2021-04-17 15:29:00,1.257266045598888,-8.81427763148867,11.355413600742324
2021-04-17 15:30:00,1.2501108529336977,-9.359222485819187,11.59423516174067
2021-04-17 15:31:00,1.2428479476009948,-9.8008167829167,11.88445425333336
2021-04-17 15:32:00,1.235479183805843,-9.227819939826537,11.850771317535216
2021-04-17 15:33:00,1.2280064429290911,-9.440785943065785,11.27393423744906
2021-04-17 15:34:00,1.2204316332657525,-9.227532139808696,11.419477496918585
2021-04-17 15:35:00,1.212756689609046,-8.899589345024301,12.932630115296966
2021-04-17 15:36:00,1.2049835724451705,-9.449174798011766,11.7366202358322
2021-04-17 15:37:00,1.1971142677093998,-8.711986326820487,12.361358626318886
2021-04-17 15:38:00,1.1891507860894026,-9.029455407647488,11.673512166924544
2021-04-17 15:39:00,1.1810951625362969,-9.371670077633546,11.588189753822956
2021-04-17 15:40:00,1.1729494557754807,-9.325569594022875,11.542787635247945
2021-04-17 15:41:00,1.1647157476107801,-10.07289725268668,11.076483068433046
2021-04-17 15:42:00,1.1563961424946643,-9.448644209678363,12.240127910748747
2021-04-17 15:43:00,1.1479927669566008,-9.695922196882202,11.972484328320588
2021-04-17 15:44:00,1.139507768864996,-8.797166351216795,11.844694373820873
2021-04-17 15:45:00,1.1309433171272834,-10.127463623918889,11.868429842063316
2021-04-17 15:46:00,1.1223016008167888,-9.612958304199955,11.897373081619905
2021-04-17 15:47:00,1.1135848286273666,-9.868186289868978,11.268857027111132
2021-04-17 15:48:00,1.1047952285576874,-8.92664519065703,11.088321357238746
2021-04-17 15:49:00,1.0959350468883409,-9.472409750325745,11.511899842242798
2021-04-17 15:50:00,1.0870065478718887,-10.083655284585355,11.981554589360515
2021-04-17 15:51:00,1.0780120129357478,-9.926766913437204,12.117824417295065
2021-04-17 15:52:00,1.0689537400261084,-9.421189506620419,12.221155291476322
2021-04-17 15:53:00,1.0598340433289888,-8.99931309111848,11.666540855629204
2021-04-17 15:54:00,1.0506552520979735,-9.319259664689506,11.83036420170366
2021-04-17 15:55:00,1.0414197103555474,-9.823468422318246,11.5353879192753
2021-04-17 15:56:00,1.0321297762759567,-9.316268921455492,11.492336109658439
2021-04-17 15:57:00,1.0227878212571093,-9.84685800283603,12.268179499554568
2021-04-17 15:58:00,1.0133962295538277,-9.031915521264683,11.85725198715414
2021-04-17 15:59:00,1.003957397419367,-9.80438373175184,10.865471093427434
2021-04-17 16:00:00,0.9944737324700388,-9.40131047631585,12.551398194934496
2021-04-17 16:01:00,0.9849476531436259,-8.700654664961554,11.7698637652055
2021-04-17 16:02:00,0.9753815878468879,-9.804488835034492,11.57643730359989
2021-04-17 16:03:00,0.9657779743516668,-10.053795439444324,10.89760993009587
2021-04-17 16:04:00,0.9561392591921807,-9.458106358831964,11.65507143990959
2021-04-17 16:05:00,0.9464678967694068,-8.778471028362867,11.656883595243784
2021-04-17 16:06:00,0.9367663489454536,-10.466103527412878,10.944138641985626
2021-04-17 16:07:00,0.9270370840968613,-9.884608799221702,11.707361716626359
2021-04-17 16:08:00,0.9172825764174104,-9.670566867461027,11.429491140825279
2021-04-17 16:09:00,0.907505305615504,-9.51984028707463,11.389809639407503
2021-04-17 16:10:00,0.8977077556186883,-9.642950811377085,10.934311612528406
2021-04-17 16:11:00,0.8878924142779511,-10.04774401226019,11.185391139685603
2021-04-17 16:12:00,0.8780617726198159,-9.520026292419344,11.017272484210837
2021-04-17 16:13:00,0.8682183239605987,-9.533115526832525,11.641273726250345
2021-04-17 16:14:00,0.8583645634224581,-10.221872603160893,11.850483313806777
2021-04-17 16:15:00,0.8485029870153811,-9.486855803978955,11.746235219314885
2021-04-17 16:16:00,0.8386360910381623,-10.137320263344096,11.29973434171711
2021-04-17 16:17:00,0.8287663714288857,-9.726006411739325,11.365527639552457
2021-04-17 16:18:00,0.8188963228961541,-9.384908840574388,11.724964721938242
2021-04-17 16:19:00,0.8090284382684245,-10.036656206903473,10.806707707952718
2021-04-17 16:20:00,0.7991652079096327,-9.81444563937115,11.93865492230678
2021-04-17 16:21:00,0.789309118754045,-9.889288305973412,11.493677822525974
2021-04-17 16:22:00,0.7794626538623406,-9.16431883793688,10.848138520946137
2021-04-17 16:23:00,0.7696282915211126,-9.252462095731675,11.241980743814633
2021-04-17 16:24:00,0.759808504463634,-9.837951529900533,11.868455810441404
2021-04-17 16:25:00,0.7500057595877814,-9.550259957790312,12.167417466279232
2021-04-17 16:26:00,0.7402225166390219,-10.542658874939264,10.612554395687491
2021-04-17 16:27:00,0.7304612278960481,-10.273431486334667,10.715463816368704
2021-04-17 16:28:00,0.7207243375545478,-9.70745596557905,10.318245965773274
2021-04-17 16:29:00,0.7110142804978113,-10.140488019362717,10.937892155850873
2021-04-17 16:30:00,0.7013334823035318,-10.516418742545673,11.055625671133916
2021-04-17 16:31:00,0.6916843578617304,-9.804680652478197,11.38237558821673
2021-04-17 16:32:00,0.682069311106229,-9.952977786989639,11.380252531210774
2021-04-17 16:33:00,0.6724907342558797,-10.40138594158524,11.660477954158983
2021-04-17 16:34:00,0.6629510069343125,-9.987643572410894,11.38508693431744
2021-04-17 16:35:00,0.6534524957240284,-9.850490322516,10.891848451870295
2021-04-17 16:36:00,0.6439975532670575,-9.918622834225161,11.053830386087302
2021-04-17 16:37:00,0.6345885176623186,-9.427106858573882,11.38717136839509
2021-04-17 16:38:00,0.6252277118818492,-10.107178056781754,11.397580664617834
2021-04-17 16:39:00,0.61591744291341,-10.414056391359395,10.725151886895503
2021-04-17 16:40:00,0.6066600011640035,-10.335950158107652,12.157727461165772
2021-04-17 16:41:00,0.5974576598954329,-9.505601531089374,10.835858875139486
2021-04-17 16:42:00,0.5883126743338887,-10.343684441798553,10.474525009417588
2021-04-17 16:43:00,0.5792272812626031,-10.84723492579967,11.167840182588494
2021-04-17 16:44:00,0.5702036981648657,-10.444823389887794,11.087677047918373
2021-04-17 16:45:00,0.5612441225512542,-9.988897803333293,11.174158110735029
2021-04-17 16:46:00,0.55235073167829,-9.98602004183858,11.405102932232625
2021-04-17 16:47:00,0.5435256813568816,-10.312275224305235,11.576239386112583
2021-04-17 16:48:00,0.5347711057030511,-10.8046220470636,10.744554431589238
2021-04-17 16:49:00,0.526089116463677,-10.17716148449161,11.308008529413419
2021-04-17 16:50:00,0.5174818022276539,-10.279591191894184,10.73018690656528
2021-04-17 16:51:00,0.5089512279918177,-10.277295048912494,11.157083503805422
2021-04-17 16:52:00,0.5004994344110861,-9.278280922443484,11.476672021385554
2021-04-17 16:53:00,0.4921284372523323,-10.090314883803407,11.222054177590755
2021-04-17 16:54:00,0.4838402268428679,-10.952269181809417,10.527336392055096
2021-04-17 16:55:00,0.4756367673872742,-10.429671989110682,11.794143967819261
2021-04-17 16:56:00,0.46751999639361447,-10.690511650280168,10.847453944824966
2021-04-17 16:57:00,0.459491824230435,-9.757273438175604,10.602474653367082
2021-04-17 16:58:00,0.4515541333262731,-9.42452189579944,10.73979717389766
2021-04-17 16:59:00,0.44370877785174395,-9.951767097410372,10.818582599880953
2021-04-17 17:00:00,0.4359575830027957,-9.942271454804397,11.371383276556017
2021-04-17 17:01:00,0.42830234438465037,-9.170936943542134,11.709555303335495
2021-04-17 17:02:00,0.4207448278407889,-10.20030053371552,11.15420357975107
2021-04-17 17:03:00,0.41328676841529244,-9.562566593394267,11.068672999130996
2021-04-17 17:04:00,0.4059298702133982,-10.154226809909163,11.593448934956749
2021-04-17 17:05:00,0.39867580575456907,-9.885397830515323,10.474505045377313
2021-04-17 17:06:00,0.3915262154076841,-10.571499659109977,10.81840583873917
2021-04-17 17:07:00,0.38448270711550014,-9.896803046266673,10.538980431814924
2021-04-17 17:08:00,0.37754685554496403,-10.580640922554288,10.92415133056099
2021-04-17 17:09:00,0.3707202019316595,-10.572148266155539,11.018080630606818
2021-04-17 17:10:00,0.3640042535338179,-10.348875955545857,10.378664446695305
2021-04-17 17:11:00,0.3574004830585825,-10.264399134474964,11.42113614141372
2021-04-17 17:12:00,0.3509103282933275,-10.446209990702867,11.152702874042637
2021-04-17 17:13:00,0.3445351917422521,-10.644529918739561,10.671048920774922
2021-04-17 17:14:00,0.33827644005686236,-10.104707695541931,10.505725283125612
2021-04-17 17:15:00,0.3321354037023895,-10.408904367423972,10.310033369200163
2021-04-17 17:16:00,0.32611337652275224,-11.009189348895209,10.85166434423524
2021-04-17 17:17:00,0.3202116153502609,-10.364915480635204,9.757916980678212
2021-04-17 17:18:00,0.31443133961234065,-9.79452781590022,11.088155913546093
2021-04-17 17:19:00,0.3087737309451313,-9.819036740041582,10.8337803702875
2021-04-17 17:20:00,0.3032399328936284,-10.03257326278131,10.806117420419518
2021-04-17 17:21:00,0.29783105044139757,-9.737764327146838,10.438951011919073
2021-04-17 17:22:00,0.2925481496775551,-9.612216945411083,10.314739008333698
2021-04-17 17:23:00,0.287392257661952,-9.98819048236959,11.68634922049763
2021-04-17 17:24:00,0.28236436183432173,-9.730815257375022,11.584799072697026
2021-04-17 17:25:00,0.27746540981798873,-10.08529174990652,10.122561121628918
2021-04-17 17:26:00,0.2726963092091604,-9.491361924230898,10.45229665044155
2021-04-17 17:27:00,0.26805792709239606,-10.80822250160861,10.097846930210771
2021-04-17 17:28:00,0.26355108998141363,-9.787716002550084,10.148397116751225
2021-04-17 17:29:00,0.25917658334667926,-10.329934172867478,10.798831905697835
2021-04-17 17:30:00,0.25493515106662545,-10.169676507756785,10.223888393208153
2021-04-17 17:31:00,0.250827496505303,-10.970774861420253,10.45088404146422
2021-04-17 17:32:00,0.24685428082904182,-10.507422124272825,9.944301688257957
2021-04-17 17:33:00,0.24301612337616973,-10.829767566164193,10.951865641279468
2021-04-17 17:34:00,0.2393136014139766,-10.33577459293811,9.815966097500711
2021-04-17 17:35:00,0.23574724984367254,-11.071008539687185,10.438233728594028
2021-04-17 17:36:00,0.2323175612014704,-9.95870414352779,10.801020981786147
2021-04-17 17:37:00,0.22902498529987572,-9.49358322421641,10.836238135067259
2021-04-17 17:38:00,0.22586992922695093,-10.236706859537083,10.833040769412687
2021-04-17 17:39:00,0.22285275709616556,-10.469330549889756,10.785717243689811
2021-04-17 17:40:00,0.2199737900000196,-10.577828766736355,9.980912633545264
2021-04-17 17:41:00,0.21723330578253047,-10.125653813576747,10.834515675515272
2021-04-17 17:42:00,0.2146315390841273,-10.665876059673408,11.639671131568377
2021-04-17 17:43:00,0.2121686810713191,-9.520741578498397,11.670653418783896
2021-04-17 17:44:00,0.20984487951596173,-10.417873985038977,10.652996215029013
2021-04-17 17:45:00,0.20766023865531597,-9.295466998220403,10.823488845188514
2021-04-17 17:46:00,0.20561481907730197,-9.700424745571219,10.85601690438617
2021-04-17 17:47:00,0.20370863780386408,-10.353138942180598,10.901438358787427
2021-04-17 17:48:00,0.20194166819928044,-9.738402225456495,10.599343753466774
2021-04-17 17:49:00,0.20031383988758683,-10.42522867386037,10.130665703732399
2021-04-17 17:50:00,0.1988250388956304,-11.286435665248316,9.710515075232948
2021-04-17 17:51:00,0.19747510749792999,-10.739037413942832,10.942101609620817
2021-04-17 17:52:00,0.19626384439894765,-10.14412193999307,11.16150551797016
2021-04-17 17:53:00,0.19519100460142058,-10.045517894850914,10.147023216098498
2021-04-17 17:54:00,0.19425629962675312,-11.24889221238078,9.653433908535497
2021-04-17 17:55:00,0.19345939745146945,-10.09348293490681,10.70065478650846
2021-04-17 17:56:00,0.19279992259479398,-10.55228288602207,11.405036043330842
2021-04-17 17:57:00,0.19227745622335382,-9.822221893040084,10.346795696989883
2021-04-17 17:58:00,0.19189153633732603,-10.264792911562429,10.985698467885735
2021-04-17 17:59:00,0.19164165770673347,-10.7832351505201,10.749066863206446
2021-04-17 18:00:00,0.19152727212730847,-9.916340751016083,11.266741234749569
2021-04-17 18:01:00,0.19154778849127987,-10.753151727972101,11.732783385985634
2021-04-17 18:02:00,0.19170257303381838,-10.071892684784002,10.388979620963608
2021-04-17 18:03:00,0.19199094931167002,-10.476588571518006,11.291579096467888
2021-04-17 18:04:00,0.1924121985993015,-10.359960085345334,10.950856448836147
2021-04-17 18:05:00,0.19296555993509548,-10.766150831596335,10.482353283061396
2021-04-17 18:06:00,0.19365023033577533,-9.920366565968026,11.257959346494125
2021-04-17 18:07:00,0.19446536503256284,-10.14552987089729,10.411198127405168
2021-04-17 18:08:00,0.195410077712757,-10.73115128753213,10.38654917539555
2021-04-17 18:09:00,0.1964834407724593,-10.59457406818819,10.922777984386748
2021-04-17 18:10:00,0.19768448546212267,-9.926721149770286,10.560896298687366
2021-04-17 18:11:00,0.19901220226104083,-11.317022875615937,10.716567801113507
2021-04-17 18:12:00,0.20046554116285317,-9.619646133773841,11.117134202904467
2021-04-17 18:13:00,0.20204341178776816,-10.169756733540098,10.943881090992615
2021-04-17 18:14:00,0.20374468393329181,-10.394733498907431,10.923640382178673
2021-04-17 18:15:00,0.20556818771665614,-10.388459052043068,11.647781736766515
2021-04-17 18:16:00,0.20751271390269085,-9.824644630215243,11.21099328774901
2021-04-17 18:17:00,0.20957701431847744,-10.714009640403395,11.109019042625995
2021-04-17 18:18:00,0.21175980218120413,-10.856174957548301,10.549397990692304
2021-04-17 18:19:00,0.21405975240456931,-9.931571617995763,10.666690033348258
2021-04-17 18:20:00,0.21647550198633178,-9.69847750670957,10.953221686573423
2021-04-17 18:21:00,0.21900565044365788,-11.23973625259907,10.141426243804307
2021-04-17 18:22:00,0.2216487601132811,-10.812209304317227,10.298406563971934
2021-04-17 18:23:00,0.22440335671515976,-10.589196939622626,11.295575619223449
2021-04-17 18:24:00,0.22726792950857966,-9.483420233431264,10.624532122641336
2021-04-17 18:25:00,0.23024093200357026,-10.36163818248608,11.507221962891993
2021-04-17 18:26:00,0.23332078227125014,-11.099498026774334,10.717510612458184
2021-04-17 18:27:00,0.2365058632579592,-10.229870243566083,11.61687916583112
2021-04-17 18:28:00,0.2397945235299108,-10.628631867585124,10.584804221757558
2021-04-17 18:29:00,0.24318507751551469,-10.294966280079228,10.088022362157549
2021-04-17 18:30:00,0.24667580604724426,-11.063073016114425,11.405296992831097
2021-04-17 18:31:00,0.25026495694838885,-10.458303910436653,11.687292234141623
2021-04-17 18:32:00,0.2539507453243682,-10.54206816541017,11.371400302118495
2021-04-17 18:33:00,0.25773135432184613,-10.856440218191278,11.431107440521677
2021-04-17 18:34:00,0.26160493551804587,-10.823367431933612,10.94312010005613
2021-04-17 18:35:00,0.26556960935742313,-10.966813408062617,10.617530560619098
2021-04-17 18:36:00,0.2696234659505761,-11.000733433233071,11.005049029283079
2021-04-17 18:37:00,0.2737645653181776,-10.142576561532834,11.321230062910654
2021-04-17 18:38:00,0.27799093821911197,-10.260272859844566,10.948792156503007
2021-04-17 18:39:00,0.28230058659666935,-9.522115475445359,11.064344218704194
2021-04-17 18:40:00,0.28669148411900786,-10.648360867572617,10.770638413073458
2021-04-17 18:41:00,0.2911615768020205,-10.13593476251139,10.246780949158296
2021-04-17 18:42:00,0.2957087836923823,-9.887399520023362,10.97579418609347
2021-04-17 18:43:00,0.30033099732316687,-10.47304171938701,10.79257423463168
2021-04-17 18:44:00,0.305026084413035,-10.083705457581859,11.006393691152141
2021-04-17 18:45:00,0.30979188647731515,-10.660930553612921,11.173180554473074
2021-04-17 18:46:00,0.31462622041809024,-10.376331162839014,11.270441433045288
2021-04-17 18:47:00,0.31952687929353263,-9.380077633427321,11.093997551525522
2021-04-17 18:48:00,0.32449163268505526,-9.821426476649528,10.271471197294202
2021-04-17 18:49:00,0.3295182276967984,-10.822111566251415,10.02817185940793
2021-04-17 18:50:00,0.33460438934178754,-10.420617607482356,10.696876685791272
2021-04-17 18:51:00,0.33974782130545905,-10.284289164732249,11.181659135524468
2021-04-17 18:52:00,0.344946206696501,-10.239433914820296,10.760269531281612
2021-04-17 18:53:00,0.3501972085461906,-10.802459394738216,11.297063279747643
2021-04-17 18:54:00,0.35549847070109075,-9.671110903939226,9.85278433348069
2021-04-17 18:55:00,0.360847618336646,-9.927726382533162,11.83789739942699
2021-04-17 18:56:00,0.3662422587285721,-9.021579586855182,11.987255230005772
2021-04-17 18:57:00,0.37167998206238184,-10.145655988424389,11.429671875782253
2021-04-17 18:58:00,0.37715836186488605,-9.905932060055212,10.394789006831871
2021-04-17 18:59:00,0.3826749560709716,-10.568285139679803,10.794742524342468
2021-04-17 19:00:00,0.3882273074739052,-10.094861379389815,11.353615952806525
2021-04-17 19:01:00,0.39381294456516325,-10.408226716924677,11.450366073090146
2021-04-17 19:02:00,0.39942938223130264,-10.86951763518448,11.814931769992938
2021-04-17 19:03:00,0.4050741225786547,-10.054505320197453,10.868760227509172
2021-04-17 19:04:00,0.41074465552218303,-10.531429936003603,11.785726841588843
2021-04-17 19:05:00,0.4164384596456353,-10.073724419542131,10.364813914625913
2021-04-17 19:06:00,0.42215300287917595,-10.400371713111479,11.144824636655306
2021-04-17 19:07:00,0.4278857433400354,-9.677176867794534,10.954965150746913
2021-04-17 19:08:00,0.4336341300741302,-10.310631859659653,11.530145239926473
2021-04-17 19:09:00,0.439395603604153,-9.758618902435124,11.423642624860433
2021-04-17 19:10:00,0.44516759704155795,-10.191539732743633,11.44441260780624
2021-04-17 19:11:00,0.45094753668815335,-10.839416734858942,10.780000934549486
2021-04-17 19:12:00,0.4567328425458858,-10.555554616801574,11.601478608800255
2021-04-17 19:13:00,0.4625209296954865,-10.368990021562741,11.099628000504154
2021-04-17 19:14:00,0.4683092083928512,-9.494212448897878,11.168188536253146
2021-04-17 19:15:00,0.47409508538453926,-10.8334027075049,10.663129575444678
2021-04-17 19:16:00,0.4798759643590781,-9.78247091497258,11.17059287229802
2021-04-17 19:17:00,0.4856492468220778,-9.479960202799168,11.681485975035775
2021-04-17 19:18:00,0.49141233296473796,-10.100000353231492,11.523069981707504
2021-04-17 19:19:00,0.4971626223044364,-9.81057917191404,10.798905190708904
2021-04-17 19:20:00,0.5028975145157297,-10.618867835947162,10.722400433508684
2021-04-17 19:21:00,0.5086144103324037,-9.736102111894677,10.980745825661458
2021-04-17 19:22:00,0.5143107120638606,-10.096681101260945,11.48104401189142
2021-04-17 19:23:00,0.5199838247029014,-9.360012375939391,11.499422266123268
2021-04-17 19:24:00,0.5256311564709579,-9.703560652743292,11.49722009781946
2021-04-17 19:25:00,0.531250119686225,-9.500928774364361,11.97271934730608
2021-04-17 19:26:00,0.5368381315176449,-10.7863501546667,11.396480090080372
2021-04-17 19:27:00,0.5423926149536057,-9.577554675485404,10.645993501547098
2021-04-17 19:28:00,0.5479109991753914,-9.859646638516185,11.365631829434475
2021-04-17 19:29:00,0.5533907208318728,-10.054689501288,10.886980579841852
2021-04-17 19:30:00,0.5588292243556936,-10.923298759042199,11.462281094703332
2021-04-17 19:31:00,0.5642239631356956,-9.690531394404628,11.827657547145316
2021-04-17 19:32:00,0.5695724000956928,-10.216537743589722,11.077221744409444
2021-04-17 19:33:00,0.5748720083760999,-9.925022858856698,10.365226077652954
2021-04-17 19:34:00,0.5801202723751098,-9.53158681615289,11.288831574066744
2021-04-17 19:35:00,0.5853146882741055,-10.312135066129665,11.043786901844898
2021-04-17 19:36:00,0.5904527649203773,-10.770388069224131,10.826972066410331
2021-04-17 19:37:00,0.5955320246226867,-9.935865959655054,11.93306712909058
2021-04-17 19:38:00,0.6005500037931228,-9.558066817907502,11.417401244150522
2021-04-17 19:39:00,0.6055042538101141,-10.224945662667514,11.221589101978298
2021-04-17 19:40:00,0.6103923417374553,-9.973689295628695,11.741415768886279
2021-04-17 19:41:00,0.6152118510413753,-10.349244133858285,11.048070899296446
2021-04-17 19:42:00,0.6199603824572986,-9.679786992624296,11.032016183912113
2021-04-17 19:43:00,0.6246355545147393,-10.159430498599264,10.934246369784777
2021-04-17 19:44:00,0.6292350045111684,-9.240977873799466,11.427733585286049
2021-04-17 19:45:00,0.6337563891629079,-9.943858661214826,10.127631852243832
2021-04-17 19:46:00,0.6381973851663152,-9.869562013728697,11.452758741912287
2021-04-17 19:47:00,0.6425556902134644,-10.577415502327579,11.49136521927321
2021-04-17 19:48:00,0.6468290235243144,-9.941201608441869,10.555591196009797
2021-04-17 19:49:00,0.651015126560236,-10.794919000452902,11.335716768281339
2021-04-17 19:50:00,0.6551117638250259,-9.263056616598359,10.890921075289608
2021-04-17 19:51:00,0.6591167234016773,-10.326494867451013,11.544578539255458
2021-04-17 19:52:00,0.6630278179212898,-9.434972868530494,11.974642317819965
2021-04-17 19:53:00,0.666842884973939,-10.328666966535522,11.298923362355922
2021-04-17 19:54:00,0.6705597879179964,-9.463667849415527,11.207024790284912
2021-04-17 19:55:00,0.6741764165446997,-9.698268437990809,11.937939033629311
2021-04-17 19:56:00,0.6776906877863909,-10.925539025669751,11.036004698753421
2021-04-17 19:57:00,0.6811005462387321,-8.962396934140589,12.096606582298005
2021-04-17 19:58:00,0.6844039650056915,-9.506245765563134,11.032410882739052
2021-04-17 19:59:00,0.687598946184311,-10.406986505555166,11.154447885914173
2021-04-17 20:00:00,0.6906835215820648,-9.77656957538601,11.50862925610724
2021-04-17 20:01:00,0.6936557533605772,-9.915045564963501,10.693730209829106
2021-04-17 20:02:00,0.6965137345854948,-10.15198623100992,11.354549410963562
2021-04-17 20:03:00,0.6992555898937916,-9.341535658149207,11.935455795191283
2021-04-17 20:04:00,0.7018794761393568,-9.596490449679592,11.020784512443495
2021-04-17 20:05:00,0.7043835828297834,-10.241914745600116,10.533465318433404
2021-04-17 20:06:00,0.7067661329701693,-10.05854811395755,11.737572953747208
2021-04-17 20:07:00,0.7090253833278878,-10.28534280165155,11.320533196598623
2021-04-17 20:08:00,0.711159625316114,-9.831128360553304,11.523785090432517
2021-04-17 20:09:00,0.7131671853284665,-9.87233095002121,11.683920777839074
2021-04-17 20:10:00,0.7150464253773279,-9.672556965233213,11.065956992351456
2021-04-17 20:11:00,0.7167957436275234,-9.472098631986867,11.354347377026604
2021-04-17 20:12:00,0.7184135749422773,-9.710459497766667,11.329339323940756
2021-04-17 20:13:00,0.7198983913586916,-10.824209907409813,11.342079527684229
2021-04-17 20:14:00,0.7212487026413879,-10.739992506834179,10.765255139111755
2021-04-17 20:15:00,0.7224630567524541,-10.07518341939448,11.64336707175468
2021-04-17 20:16:00,0.7235400403764365,-10.353242801076057,10.757197237043263
2021-04-17 20:17:00,0.7244782793613389,-9.58173329276085,11.291370579429634
2021-04-17 20:18:00,0.7252764392037583,-9.538444357496065,10.97249820675396
2021-04-17 20:19:00,0.7259332255106944,-10.19921878410333,11.563027099662518
2021-04-17 20:20:00,0.7264473844351871,-9.55533988900329,10.7564941584683
2021-04-17 20:21:00,0.7268177031127189,-9.98857476778778,10.848212741291864
2021-04-17 20:22:00,0.7270430101093437,-10.249879471912763,11.679285306512435
2021-04-17 20:23:00,0.7271221757784181,-9.855857621474527,10.364258450439722
2021-04-17 20:24:00,0.7270541127195511,-11.30006414920906,11.824578108121523
2021-04-17 20:25:00,0.7268377761290468,-9.68447474768154,10.582333053057877
2021-04-17 20:26:00,0.7264721641914214,-9.360445246479905,11.773674690235213
2021-04-17 20:27:00,0.7259563184442455,-10.188922016106279,11.511663214653458
2021-04-17 20:28:00,0.7252893241222771,-9.57466954462772,11.432553255754955
2021-04-17 20:29:00,0.7244703105069947,-9.581247852109849,11.53599560690301
2021-04-17 20:30:00,0.7234984512462893,-9.790915325225823,11.202454190867336
2021-04-17 20:31:00,0.7223729646784689,-10.204979662626391,11.041984564038817
2021-04-17 20:32:00,0.7210931141251835,-8.889636166928296,11.036808933381998
2021-04-17 20:33:00,0.7196582081858811,-9.220015088660107,11.62683001823122
2021-04-17 20:34:00,0.71806760102274,-10.159798464685752,11.838515936605326
2021-04-17 20:35:00,0.7163206926081932,-10.662641133220895,12.159977383237326
2021-04-17 20:36:00,0.7144169289996889,-10.00788472093391,9.892593243337595
2021-04-17 20:37:00,0.7123558025565114,-9.609347173528098,12.158950896420558
2021-04-17 20:38:00,0.7101368521544091,-9.83602630294623,11.883419243392776
2021-04-17 20:39:00,0.7077596634665331,-9.800651421584181,11.212821344960902
2021-04-17 20:40:00,0.7052238690770696,-10.188761336707515,11.39627129029805
2021-04-17 20:41:00,0.7025291486858611,-9.789759503303214,10.850060034610708
2021-04-17 20:42:00,0.6996752293661932,-9.842251685228353,11.28889603984206
2021-04-17 20:43:00,0.6966618855695963,-9.857401783077412,11.184000160852333
2021-04-17 20:44:00,0.6934889394512369,-10.05013415941727,11.572150118602305
2021-04-17 20:45:00,0.6901562608321705,-10.033650823545027,11.567633489745466
2021-04-17 20:46:00,0.6866637674175202,-9.850819642166469,11.101105652573532
2021-04-17 20:47:00,0.6830114249018685,-9.30258825245234,11.46859952569576
2021-04-17 20:48:00,0.6791992470149099,-10.121502334600203,11.290780524389314
2021-04-17 20:49:00,0.6752272956204335,-10.66019052603205,11.19467492653277
2021-04-17 20:50:00,0.6710956808086961,-10.310420586812722,9.859817544060537
2021-04-17 20:51:00,0.6668045608640837,-9.727243020176473,11.02997285080809
2021-04-17 20:52:00,0.6623541424339388,-9.775615012718587,11.866645638046842
2021-04-17 20:53:00,0.6577446804100859,-9.709761680933642,10.810981611351881
2021-04-17 20:54:00,0.6529764779974385,-10.563781071128894,11.454303065390349
2021-04-17 20:55:00,0.6480498867856328,-9.910067709496142,11.20077541672358
2021-04-17 20:56:00,0.6429653065939993,-9.863232394198475,11.269231991769304
2021-04-17 20:57:00,0.6377231854624065,-9.825175103111839,11.613228849049177
2021-04-17 20:58:00,0.6323240197886564,-9.503800527191549,11.65693733009328
2021-04-17 20:59:00,0.6267683539400061,-10.095133967344884,11.227998270925013
2021-04-17 21:00:00,0.6210567805618954,-10.335737868125436,11.555851566171507
2021-04-17 21:01:00,0.6151899400962264,-10.141483877543886,11.583342247595779
2021-04-17 21:02:00,0.6091685209800293,-9.852139279382563,10.410056353609841
2021-04-17 21:03:00,0.6029932594257392,-10.717600065686028,11.817370348463827
2021-04-17 21:04:00,0.6148974997171951,-9.900174012864369,11.206213694470474
2021-04-17 21:05:00,0.6266495127413286,-9.845142129828835,11.507871191685457
2021-04-17 21:06:00,0.6382501771778392,-9.545874094201842,11.029177517055247
2021-04-17 21:07:00,0.6497004188428595,-9.853044435982824,11.392806625617892
2021-04-17 21:08:00,0.6610012106121173,-9.463252338691841,11.346342847879106
2021-04-17 21:09:00,0.6721535721179035,-9.518866680259801,11.0941084477478
2021-04-17 21:10:00,0.6831585695330187,-9.717294809983633,11.614883960362135
2021-04-17 21:11:00,0.69401731546112,-9.681013282386415,11.83864480821749
2021-04-17 21:12:00,0.704730968558589,-9.614293384372996,11.757235926365315
2021-04-17 21:13:00,0.7153007333992375,-9.857152747761212,10.774863257728946
2021-04-17 21:14:00,0.725727860159715,-9.984628366767065,11.347249268300937
2021-04-17 21:15:00,0.7360136441681107,-9.635618776432725,12.202998292709529
2021-04-17 21:16:00,0.7461594261234747,-9.04572806693265,11.40183563344484
2021-04-17 21:17:00,0.7561665911083755,-9.569555741688385,11.443110797174631
2021-04-17 21:18:00,0.7660365687555315,-10.086045063601766,11.441816767416507
2021-04-17 21:19:00,0.7757708328982957,-9.578881820144773,11.389596122451213
2021-04-17 21:20:00,0.7853709008484235,-9.77098326738053,11.763804263444616
2021-04-17 21:21:00,0.7948383335560998,-10.347356814621849,11.271187107004948
2021-04-17 21:22:00,0.8041747347651995,-9.744631003326317,10.968194659948855
2021-04-17 21:23:00,0.8133817509572374,-8.923348888693171,11.594064813057692
2021-04-17 21:24:00,0.8224610708827288,-10.600310249151358,11.16743961241158
2021-04-17 21:25:00,0.8314144250229477,-9.94101989090676,11.347240009075657
2021-04-17 21:26:00,0.8402435853192443,-8.695066158832775,11.156260903339412
2021-04-17 21:27:00,0.848950364726734,-9.578992992991246,12.300390069182868
2021-04-17 21:28:00,0.8575366166709801,-8.684191576291644,10.787321356095276
2021-04-17 21:29:00,0.8660042347287346,-10.202079641694125,11.736391917228193
2021-04-17 21:30:00,0.8743551520607348,-9.76967328028934,11.240108049577223
2021-04-17 21:31:00,0.8825913409107469,-9.04926218861313,12.12962164023987
2021-04-17 21:32:00,0.8907148122799778,-9.583407834943133,11.110394525155295
2021-04-17 21:33:00,0.8987276152840864,-10.289637409108092,11.606078666077805
2021-04-17 21:34:00,0.9066318365440403,-8.648871092506436,11.275309922006203
2021-04-17 21:35:00,0.9144296000532447,-9.507653151056623,11.31076011012676
2021-04-17 21:36:00,0.9221230660653602,-9.122320375755503,11.591982305817416
2021-04-17 21:37:00,0.9297144312279787,-9.822837813426355,11.28147218241561
2021-04-17 21:38:00,0.9372059273610597,-9.321851529520313,11.855001033964447
2021-04-17 21:39:00,0.9445998212681921,-9.850679484691529,11.880267131925338
2021-04-17 21:40:00,0.951898414248068,-9.724432376217624,11.499771223856238
2021-04-17 21:41:00,0.9591040411461876,-9.893509316754315,11.385742107586626
2021-04-17 21:42:00,0.966219070038813,-10.22741473916656,11.015263752504447
2021-04-17 21:43:00,0.9732459015835521,-9.20574762239856,12.114626231864733
2021-04-17 21:44:00,0.9801869682847253,-8.626842549408185,12.102699595340175
2021-04-17 21:45:00,0.9870447340472015,-9.835968275116606,11.490318347913192
2021-04-17 21:46:00,0.9938216933147199,-9.130465773122786,11.0063045025748
2021-04-17 21:47:00,1.0005203706133705,-9.336026497626658,11.690833455216953
2021-04-17 21:48:00,1.0071433198952857,-9.772811023851544,11.319838820066321
2021-04-17 21:49:00,1.0136931236434927,-9.306540043598735,10.658705168362959
2021-04-17 21:50:00,1.020172392607963,-9.259560497990257,11.942388529689309
2021-04-17 21:51:00,1.0265837647137175,-9.4906857344635,11.853686246472654
2021-04-17 21:52:00,1.0329299044613205,-9.24580267941146,12.102067954276004
2021-04-17 21:53:00,1.03921350266066,-9.294231230029313,11.094650710778238
2021-04-17 21:54:00,1.0454372750355971,-9.189353602871808,11.862732819351143
2021-04-17 21:55:00,1.0516039619179092,-9.467136556031273,10.92777770480602
2021-04-17 21:56:00,1.0577163277329724,-8.983324101510021,11.478259388767926
2021-04-17 21:57:00,1.063777159586561,-10.271668896097866,12.48496458614829
2021-04-17 21:58:00,1.0697892673919323,-8.993359761832911,11.588576300605624
2021-04-17 21:59:00,1.075755482332655,-10.399235494273858,11.891591735680528
2021-04-17 22:00:00,1.0816786565518983,-9.02593227962276,12.362067692913726
2021-04-17 22:01:00,1.0875616625006184,-10.186046700082233,11.992481417878443
2021-04-17 22:02:00,1.093407391782254,-9.548802341574037,11.76745968456046
2021-04-17 22:03:00,1.099218754592253,-8.928693371283348,11.382686142682482
2021-04-17 22:04:00,1.1049986791565924,-9.33869802660704,11.26860522103587
2021-04-17 22:05:00,1.11075011048643,-9.876603629881574,11.333310810055023
2021-04-17 22:06:00,1.1164760100338178,-9.765830842901325,12.030580992543266
2021-04-17 22:07:00,1.1221793546298302,-9.011810949876539,12.129751569194308
2021-04-17 22:08:00,1.1278631357791684,-9.181680899110653,11.847576997431897
2021-04-17 22:09:00,1.1335303589505552,-9.450032291938534,11.70181602095522
2021-04-17 22:10:00,1.1391840425904467,-9.520410507435683,11.270971799162831
2021-04-17 22:11:00,1.1448272172965381,-9.783812630626214,11.754374134154542
2021-04-17 22:12:00,1.1504629254821972,-9.887514299067375,11.914305869356923
2021-04-17 22:13:00,1.1560942197364548,-9.970878622729815,11.043234993309248
2021-04-17 22:14:00,1.1617241629212867,-9.247397884234132,12.063665095342749
2021-04-17 22:15:00,1.1673558265243902,-8.969384026457208,11.505675487193013
2021-04-17 22:16:00,1.1729922903086358,-8.924766408323837,12.581340061613737
2021-04-17 22:17:00,1.1786366414651013,-9.414058221248853,11.9704228741118
2021-04-17 22:18:00,1.1842919736242112,-9.342720413503713,11.449237124747889
2021-04-17 22:19:00,1.1899613860080593,-9.447312682711363,11.572167568518422
2021-04-17 22:20:00,1.1956479828093856,-9.449375013675981,11.15953833831787
2021-04-17 22:21:00,1.2013548721036675,-8.923429055973,12.150595997113617
2021-04-17 22:22:00,1.2070851652007135,-9.237097324514682,10.362921565271446
2021-04-17 22:23:00,1.212841975682354,-9.283749263924951,12.986611698826826
2021-04-17 22:24:00,1.2186284184923877,-8.908119972759456,11.205911947242827
2021-04-17 22:25:00,1.2244476094364454,-9.755752179975621,11.61092931059828
2021-04-17 22:26:00,1.2303026638979344,-10.18721235892458,11.934057335046925
2021-04-17 22:27:00,1.2361966961077906,-9.4320738524809,11.399102070708114
2021-04-17 22:28:00,1.242132818733625,-9.630067842045992,11.618481946398735
2021-04-17 22:29:00,1.2481141412559968,-9.255538967865506,11.462581192460595
2021-04-17 22:30:00,1.254143769909526,-9.31064108433713,11.441067159297987
2021-04-17 22:31:00,1.2602248061683194,-9.544288300136678,11.907295077505491
2021-04-17 22:32:00,1.2663603463577329,-8.573105378454422,11.745345888673343
2021-04-17 22:33:00,1.2725534806900298,-8.408263122221316,12.285401116856278
2021-04-17 22:34:00,1.2788072921575928,-9.509457551033961,11.796189733146358
2021-04-17 22:35:00,1.285124856350011,-9.689867445588972,12.15796747624243
2021-04-17 22:36:00,1.2915092396718575,-8.858672856926647,11.200822485070713
2021-04-17 22:37:00,1.2979634992911528,-9.91143281426736,11.584821928419103
2021-04-17 22:38:00,1.3044906820030628,-9.152455841079933,11.851196897946252
2021-04-17 22:39:00,1.3110938233810931,-9.318307510369454,10.545310847006462
2021-04-17 22:40:00,1.3177759468969654,-8.66256418239263,12.356753021711777
2021-04-17 22:41:00,1.3245400632962325,-9.455569852768742,11.392392557768018
2021-04-17 22:42:00,1.3313891695456173,-9.148264774528569,11.567458409469069
2021-04-17 22:43:00,1.338326248198382,-9.363059114248749,12.868929991340329
2021-04-17 22:44:00,1.3453542663512987,-9.564395419978885,11.478692905452226
2021-04-17 22:45:00,1.3524761750328977,-8.884730032390012,12.065227689943944
2021-04-17 22:46:00,1.3596949083355572,-9.012263073643394,12.001569923987221
2021-04-17 22:47:00,1.367013382599894,-8.506814903775181,11.567934295079969
2021-04-17 22:48:00,1.3744344953294871,-9.178178023059704,12.466498891146545
2021-04-17 22:49:00,1.3819611251614352,-8.926084968491924,11.42742090495992
2021-04-17 22:50:00,1.389596130001272,-9.37251261589586,11.536743862043227
2021-04-17 22:51:00,1.3973423472749134,-10.159889594227936,12.46706280759439
2021-04-17 22:52:00,1.4052025923129112,-8.856806421179275,11.69893056721929
2021-04-17 22:53:00,1.4131796580789668,-9.890499009460807,12.051947717400834
2021-04-17 22:54:00,1.421276314261852,-9.873361747520734,11.10278983990551
2021-04-17 22:55:00,1.429495306364177,-8.957167597724654,11.832998716597416
2021-04-17 22:56:00,1.4378393551310171,-9.147810858985986,12.198118904422875
2021-04-17 22:57:00,1.4463111557565274,-8.683834023373766,12.144390780708845
2021-04-17 22:58:00,1.4549133769475695,-9.030956952697197,11.598428300299041
2021-04-17 22:59:00,1.463648660548103,-9.064143613112504,11.62383107513306
2021-04-17 23:00:00,1.472519620377498,-9.548339610241603,11.805653792502502
2021-04-17 23:01:00,1.4815288418055683,-9.062999109204481,11.77035764893341
2021-04-17 23:02:00,1.490678880942178,-8.78100931804546,11.888677003262758
2021-04-17 23:03:00,1.4999722639370767,-8.484103509951327,11.84956234950954
2021-04-17 23:04:00,1.5094114860461207,-8.664245626441135,12.10369082641559
2021-04-17 23:05:00,1.518999011472554,-8.456153566730057,12.389336738883621
2021-04-17 23:06:00,1.5287372720119152,-8.4433222964278,12.338910134733196
2021-04-17 23:07:00,1.5386286669982159,-8.4444354948715,12.177183895282885
2021-04-17 23:08:00,1.5486755620995907,-8.636987383777448,11.199726797984676
2021-04-17 23:09:00,1.5588802889242181,-8.868516492152112,11.77328998185845
2021-04-17 23:10:00,1.5692451444756634,-8.870439732776253,11.798242007103752
2021-04-17 23:11:00,1.5797723901950171,-8.687296082539445,13.05017440017678
2021-04-17 23:12:00,1.590464251486786,-9.586334839463294,12.687257388122092
2021-04-17 23:13:00,1.6013229172406276,-9.389969059142341,11.997549621764652
2021-04-17 23:14:00,1.6123505388788617,-8.789410117000605,12.408051844700147
2021-04-17 23:15:00,1.6235492300418555,-8.909700484155831,12.653284780189962
2021-04-17 23:16:00,1.6349210658360347,-8.260397960995537,12.308758840979278
2021-04-17 23:17:00,1.6464680822872757,-9.062856651992174,11.617496642967957
2021-04-17 23:18:00,1.6581922757957768,-8.735876157561828,11.982058991019718
2021-04-17 23:19:00,1.6700956024317668,-8.920303146442246,12.324846170211385
2021-04-17 23:20:00,1.682179977641898,-9.766617394509208,12.795605753174401
2021-04-17 23:21:00,1.6944472754069146,-9.022451091881996,12.736572003689359
2021-04-17 23:22:00,1.7068993278327769,-8.45573329225019,11.901127576432076
2021-04-17 23:23:00,1.7195379247776104,-8.829192884584225,11.999766554046964
2021-04-17 23:24:00,1.7323648130562666,-8.138784566278071,13.205915276810547
2021-04-17 23:25:00,1.7453816960778612,-9.088730894680074,12.539630104742066
2021-04-17 23:26:00,1.758590233482403,-8.783922420600438,12.70295560991354
2021-04-17 23:27:00,1.7719920403690217,-8.320771406638041,12.683252727560793
2021-04-17 23:28:00,1.7855886871707671,-8.926296926546113,12.50032135851902
2021-04-17 23:29:00,1.799381698833133,-8.3921247337238,12.639069136451212
2021-04-17 23:30:00,1.813372554695172,-8.401247197166795,13.13671119997524
2021-04-17 23:31:00,1.8275626878830697,-8.482441039288927,12.297796968833078
2021-04-17 23:32:00,1.841953484955224,-8.671877986948067,12.170870792220377
2021-04-17 23:33:00,1.8565462854057557,-8.631630318517242,12.941769128811567
2021-04-17 23:34:00,1.871342381455257,-8.770623903795634,12.651488142926748
2021-04-17 23:35:00,1.8863430174439648,-8.637292956895672,12.80724305981533
2021-04-17 23:36:00,1.901549389630591,-9.451959507356426,12.323453656521648
2021-04-17 23:37:00,1.9169626457910849,-8.59779216379165,13.137055126429088
2021-04-17 23:38:00,1.932583884818774,-8.504612295638038,11.839208158812358
2021-04-17 23:39:00,1.9484141564767057,-8.383339940064557,13.126445077481463
2021-04-17 23:40:00,1.9644544610556431,-8.76211769029107,12.092453723845928
2021-04-17 23:41:00,1.9807057490284339,-8.478735533681126,12.63767187170125
2021-04-17 23:42:00,1.9971689208526424,-8.240727122350327,13.562927517786216
2021-04-17 23:43:00,2.013844826537195,-8.432865352320285,13.161008904091034
2021-04-17 23:44:00,2.0307342656157816,-8.65135352886539,12.531305964108043
2021-04-17 23:45:00,2.047837986630398,-8.323436837075707,12.685942791533716
2021-04-17 23:46:00,2.0651566871155103,-8.84043091461076,13.490004654941824
2021-04-17 23:47:00,2.0826910132377563,-9.383865588538052,12.768292335460048
2021-04-17 23:48:00,2.1004415596782673,-9.37286779709297,12.418098921195234
2021-04-17 23:49:00,2.118408869358989,-8.600771894289588,13.525740539754999
2021-04-17 23:50:00,2.136593433308909,-8.134538247801297,12.65088800962046
2021-04-17 23:51:00,2.1549956905195344,-8.589087572169289,12.849825167375442
2021-04-17 23:52:00,2.173616027727926,-8.188973305078706,12.093220197180717
2021-04-17 23:53:00,2.192454779309964,-8.28355913119097,12.517490743450557
2021-04-17 23:54:00,2.211512227196948,-8.310078327704954,12.754749801143095
2021-04-17 23:55:00,2.2307886006729127,-7.506418589945965,12.748626960670313
2021-04-17 23:56:00,2.2502840763778655,-8.772743757814098,12.75643261438783
2021-04-17 23:57:00,2.269998778150217,-7.959615833499296,12.38522329696419
2021-04-17 23:58:00,2.2899327769922286,-8.11567791294266,12.593431072544828
2021-04-17 23:59:00,2.3100860910292065,-7.976470344473472,12.758373689822319
2021-04-18 00:00:00,2.330458685390024,-8.399612492776551,12.919705568727364
2021-04-18 00:01:00,2.351050472318131,-8.672607570801542,12.337249653902369
2021-04-18 00:02:00,2.37186131107915,-8.874821528573976,12.2451410835413
2021-04-18 00:05:00,2.4356059359701514,-8.03386939600426,12.627265323743886
2021-04-18 00:06:00,2.457290515177169,-7.844379398108006,12.90183119366714
2021-04-18 00:07:00,2.479192648350721,-8.209127589551912,13.213024501088862
2021-04-18 00:08:00,2.501311877426727,-8.644295523135469,12.436321182660325
2021-04-18 00:09:00,2.523647691688092,-8.107215743536718,13.573962092512797
2021-04-18 00:10:00,2.546199527892946,-8.53893675409024,13.821140920929217
2021-04-18 00:11:00,2.5689667702868375,-8.238065438838776,13.469297302793667
2021-04-18 00:12:00,2.591948750889066,-8.017413090432576,12.466161099158668
2021-04-18 00:13:00,2.61514474946891,-8.087176156257463,13.323435031261337
2021-04-18 00:14:00,2.6385539938338827,-8.349017721998251,13.81688322453978
2021-04-18 00:15:00,2.6621756599714357,-7.441954883389659,13.157603053996246
2021-04-18 00:16:00,2.686008872142898,-8.129007737971609,12.699769475198284
2021-04-18 00:17:00,2.7100527031902617,-8.061637749614647,13.451283638804064
2021-04-18 00:18:00,2.7343061748108437,-7.859967426917004,13.462745138253899
2021-04-18 00:19:00,2.758768257462262,-7.116554472667988,13.432133333565645
2021-04-18 00:20:00,2.783437871095515,-8.220085436830157,13.13672537123296
2021-04-18 00:21:00,2.8083138848618754,-8.108359495546182,13.482101190801963
2021-04-18 00:22:00,2.833395117894021,-8.37434548271697,13.900393090784599
2021-04-18 00:23:00,2.85868033925255,-7.675040995866877,12.72408229340382
2021-04-18 00:24:00,2.8841682682664587,-7.413646411679858,12.878712653105747
2021-04-18 00:25:00,2.909857574968299,-8.059435772735537,13.104232101005405
2021-04-18 00:26:00,2.9357468803378772,-8.024348587340222,13.895002918470576
2021-04-18 00:27:00,2.9618347565495364,-7.422753579051188,13.299532393148613
2021-04-18 00:28:00,2.988119727512628,-7.5387402962308085,12.847338569156193
2021-04-18 00:29:00,3.014600269010046,-7.823493379854239,14.046219250505322
2021-04-18 00:30:00,3.0412748092622786,-7.848194872860184,13.353848776676083
2021-04-18 00:31:00,3.068141729233436,-8.108138675479177,13.741177577153506
2021-04-18 00:32:00,3.095199362930575,-6.998218282907355,14.109879779429846
2021-04-18 00:33:00,3.1224459979669557,-6.936705984300394,13.812751263753958
2021-04-18 00:34:00,3.1498798760516156,-6.984602929322166,13.025463518202676
2021-04-18 00:35:00,3.1774991929721894,-6.724527225181539,13.77553506079001
2021-04-18 00:36:00,3.205302099753102,-7.153765704974207,13.778561411521343
2021-04-18 00:37:00,3.233286702322217,-7.140831235084655,13.682793426187478
2021-04-18 00:38:00,3.261451062723581,-6.80171917604819,14.25752147348441
2021-04-18 00:39:00,3.2897931991121325,-7.084030602626738,14.437567413158968
2021-04-18 00:40:00,3.3183110863265126,-6.762179761357348,13.99332805157498
2021-04-18 00:41:00,3.3522657574201373,-6.47117434069613,13.785851345196312
2021-04-18 00:42:00,3.386392001491813,-6.9355367572920565,13.806162820864127
2021-04-18 00:43:00,3.420687666671003,-7.700451500334643,14.331952989333216
2021-04-18 00:44:00,3.455150560082374,-6.482815431626651,14.440748649502272
2021-04-18 00:45:00,3.4897784480729954,-6.818177722922127,14.05787219689207
2021-04-18 00:46:00,3.524569057028884,-6.722615373945668,13.936397443657134
2021-04-18 00:47:00,3.559520073858805,-6.809653626883144,13.361940726352266
2021-04-18 00:48:00,3.594629146433294,-6.499618103832136,15.007845089206995
2021-04-18 00:49:00,3.6298938844456607,-6.579807343046386,14.326096150028787
2021-04-18 00:50:00,3.6653118597190137,-6.604456926749518,14.025574712822946
2021-04-18 00:51:00,3.700880607061177,-6.6562732122643,14.11116988904697
2021-04-18 00:52:00,3.7365976248121693,-6.900376797262542,13.688325139796103
2021-04-18 00:53:00,3.772460375281227,-5.970083415894085,14.682502578320141
2021-04-18 00:54:00,3.80846628566332,-6.792936842836683,13.778820965725073
2021-04-18 00:55:00,3.8446127487229402,-6.3342134507102745,14.419744175981176
2021-04-18 00:56:00,3.8808971228697513,-5.802473704127287,14.966101815181378
2021-04-18 00:57:00,3.9173167337614427,-6.4040330782256385,14.597407043216695
2021-04-18 00:58:00,3.953868873966091,-6.9657072884088835,14.369056210448642
2021-04-18 00:59:00,3.9905508045602396,-7.136641279010455,15.227847116836077
2021-04-18 01:00:00,4.027359755221501,-6.434206691512798,14.559032783970077
2021-04-18 01:01:00,4.064292925026523,-6.884660860695003,14.245729829411088
2021-04-18 01:02:00,4.101347483382526,-5.952572945241496,15.057598418760625
2021-04-18 01:03:00,4.138520570563794,-6.435022495871414,15.510213597455202
2021-04-18 01:04:00,4.175809298354234,-6.816656206989364,14.934361295931538
2021-04-18 01:05:00,4.213210751039672,-6.212883640620916,14.314934091280067
2021-04-18 01:06:00,4.250721985827722,-6.167894338749953,15.396699765993661
2021-04-18 01:07:00,4.288340033853043,-6.040903348074599,15.570687731008995
2021-04-18 01:08:00,4.3260619008557955,-6.757093042376904,14.849189284991766
2021-04-18 01:09:00,4.363884567743361,-6.2952896176599715,14.449251302746855
2021-04-18 01:10:00,4.401804991584862,-6.467597972775964,14.575982733246674
2021-04-18 01:11:00,4.43982010649908,-5.849590287865777,15.085840872391367
2021-04-18 01:12:00,4.4779268237723455,-6.732564386864444,16.02401204091567
2021-04-18 01:13:00,4.516122033640588,-5.435882761834014,14.189426312962043
2021-04-18 01:14:00,4.554402604941816,-5.422774633865245,16.489747485555824
2021-04-18 01:15:00,4.592765386970292,-7.074547923791748,14.766684545325202
2021-04-18 01:16:00,4.631207209623883,-5.646356355534678,14.638850070908555
2021-04-18 01:17:00,4.66972488419102,-5.9069152699861425,14.892140548686022
2021-04-18 01:18:00,4.708315204546518,-5.876657191186385,15.198113327539373
2021-04-18 01:19:00,4.746974947673856,-5.82880152395594,15.170979750021917
2021-04-18 01:20:00,4.785700874426817,-5.716796611459158,15.295017349349793
2021-04-18 01:21:00,4.824489730612849,-5.992187541950556,15.867581159606837
2021-04-18 01:22:00,4.86333824746846,-4.883020184595333,16.148737059962233
2021-04-18 01:23:00,4.902243142829598,-5.223320034189794,15.297994471422777
2021-04-18 01:24:00,4.9412011217352845,-5.460403556952444,15.43383528710676
2021-04-18 01:25:00,4.980208877179417,-6.4752206333456055,15.240045907997393
2021-04-18 01:26:00,5.019263091177907,-5.2760655240722905,16.528718875720187
2021-04-18 01:27:00,5.058360435665295,-6.509332951841551,15.612238446962758
2021-04-18 01:28:00,5.097497572694303,-5.02932138865697,15.978651226642905
2021-04-18 01:29:00,5.136671156117789,-5.7730490235257035,16.67328818577684
2021-04-18 01:30:00,5.17587783181158,-4.486620460854874,15.7968846189751
2021-04-18 01:31:00,5.215114238776243,-5.874200995536712,15.258912455250773
2021-04-18 01:32:00,5.25437701022363,-5.160394179469283,15.586649157812525
2021-04-18 01:33:00,5.293662773537541,-5.637094715272643,15.51967773214418
2021-04-18 01:34:00,5.332968152354714,-5.908459030560681,15.665203882299899
2021-04-18 01:35:00,5.372289766121506,-5.506796849179963,15.679272850149905
2021-04-18 01:36:00,5.411624232084217,-5.192680907890101,15.97476668020803
2021-04-18 01:37:00,5.450968165457314,-5.878547778528212,16.37446150202164
2021-04-18 01:38:00,5.490318180225134,-4.97322649810632,16.489330654372793
2021-04-18 01:39:00,5.529670890419563,-5.301911318692197,15.868800200849478
2021-04-18 01:40:00,5.569022910723542,-4.702115248626189,16.165797313402646
2021-04-18 01:41:00,5.6083708570685955,-4.864126887153067,16.444638977786997
2021-04-18 01:42:00,5.647711348014669,-4.948910990626177,17.13239675342315
2021-04-18 01:43:00,5.68704100504852,-5.015339298403421,17.11126711037582
2021-04-18 01:44:00,5.726356453794692,-4.947661186449491,16.648844542337283
2021-04-18 01:45:00,5.765654324711127,-4.8090140463174125,16.321825376081755
2021-04-18 01:46:00,5.804931253785165,-4.445894282051048,16.06737594650919
2021-04-18 01:47:00,5.844183883619694,-4.4122573968620555,16.470905970024347
2021-04-18 01:48:00,5.883408864312493,-4.8450404151064586,16.709269213189955
2021-04-18 01:49:00,5.922602853598574,-5.21248265117701,16.42103703773022
2021-04-18 01:50:00,5.961762518807256,-4.199214379524875,16.830699331174582
2021-04-18 01:51:00,6.000884536427481,-4.703964938418792,16.30142719756077
2021-04-18 01:52:00,6.039965594053309,-4.219946897671705,17.459685417887403
2021-04-18 01:53:00,6.079002390518739,-3.7641746342277997,16.739477088799813
2021-04-18 01:54:00,6.11799163675802,-4.116487045715829,16.082749766716912
2021-04-18 01:55:00,6.156930056834727,-4.52035736160275,16.81033783866859
2021-04-18 01:56:00,6.195814388700578,-3.929363208058104,17.03109377591433
2021-04-18 01:57:00,6.234641384745096,-4.7991245973437255,17.849728999047905
2021-04-18 01:58:00,6.273407812925622,-4.391787818118321,17.11722547414051
2021-04-18 01:59:00,6.312110457247202,-4.713979446936731,15.819933704792687
2021-04-18 02:00:00,6.350746118763025,-4.397940348715677,17.28366460152986
2021-04-18 02:01:00,6.389311616362346,-4.744313143802363,17.19676571118667
2021-04-18 02:02:00,6.427803787174546,-4.380555924179825,16.71950440826538
2021-04-18 02:03:00,6.466219487814807,-3.8558419132281703,17.58373997338205
2021-04-18 02:04:00,6.504555595059582,-3.8221227434269993,17.04318912871209
2021-04-18 02:05:00,6.542809005989697,-3.9026880081513924,17.42426056530538
2021-04-18 02:06:00,6.580976639773684,-4.870403204703015,17.115346997344915
2021-04-18 02:07:00,6.619055437387796,-3.881528797788958,17.268589543573977
2021-04-18 02:08:00,6.657042362995544,-4.628505588857774,16.68888892752188
2021-04-18 02:09:00,6.694934404667727,-3.779165527436113,17.153534439056315
2021-04-18 02:10:00,6.732728574398736,-3.435869326682595,17.395991924069925
2021-04-18 02:11:00,6.77042190988538,-3.860270175393124,16.920049036993237
2021-04-18 02:12:00,6.808011474369517,-3.797509709360577,18.20260896852753
2021-04-18 02:13:00,6.8454943576234335,-3.621227412714847,17.311651697847118
2021-04-18 02:14:00,6.88286767676299,-4.33615099000095,17.30831421713295
2021-04-18 02:15:00,6.920128576690612,-3.9369431844817973,17.433648522762955
2021-04-18 02:16:00,6.9572742309435185,-4.307886918360299,17.921022656101066
2021-04-18 02:17:00,6.994301842368193,-3.649036678731727,17.880577399859174
2021-04-18 02:18:00,7.031208643539241,-3.2735073660206853,17.577449152872685
2021-04-18 02:19:00,7.06799189769791,-3.925321196077751,18.195537634273187
2021-04-18 02:20:00,7.104648899118088,-3.6533702426421644,17.443404895107406
2021-04-18 02:21:00,7.1411769740236375,-3.341903235659757,17.34483714079182
2021-04-18 02:22:00,7.1775734809684035,-3.129573010020228,17.406349314457593
2021-04-18 02:23:00,7.213835811472097,-2.6091060210765673,18.12501381829135
2021-04-18 02:24:00,7.249961390668636,-3.2720041879150843,17.872772784929264
2021-04-18 02:25:00,7.285947678195036,-3.6498579293803415,17.72056291032955
2021-04-18 02:26:00,7.32179216786574,-2.507591339884591,17.210926001632757
2021-04-18 02:27:00,7.357492389514895,-3.6474904226331573,17.793801829859657
2021-04-18 02:28:00,7.393045908292316,-2.4117341533732177,17.859729360386787
2021-04-18 02:29:00,7.428450326236377,-3.549952846979008,18.148752094747895
2021-04-18 02:30:00,7.46370328217785,-3.2816174580706012,17.159140735908736
2021-04-18 02:31:00,7.498802452421219,-3.1703478615764604,17.718704346138242
2021-04-18 02:32:00,7.533745551443912,-2.3470909316924597,18.566656938602545
2021-04-18 02:33:00,7.568530332178702,-3.5089492433123795,18.187257023697224
2021-04-18 02:34:00,7.603154586527432,-2.7107580827836446,17.964104556341518
2021-04-18 02:35:00,7.63761614608516,-2.4938777681485,17.95360360130469
2021-04-18 02:36:00,7.671912882171556,-3.325271065368893,17.948309199867847
2021-04-18 02:37:00,7.706042706786072,-3.009823392182756,18.818621694555784
2021-04-18 02:38:00,7.740003572712871,-3.5039689010560062,18.14492721853253
2021-04-18 02:39:00,7.773793474037403,-3.0369536116804707,18.874963675081133
2021-04-18 02:40:00,7.807410446581914,-2.229255342606679,18.509891402143236
2021-04-18 02:41:00,7.8408525685750075,-2.0224451467375046,18.040453640335233
2021-04-18 02:42:00,7.874117960398146,-2.9171610518360707,18.36572089387273
2021-04-18 02:43:00,7.9072047858035885,-3.19328506920106,18.475187161468444
2021-04-18 02:44:00,7.9401112514944305,-3.1371251091579686,18.342166300445626
2021-04-18 02:45:00,7.972835608169866,-2.1476477185499414,18.56808098138957
2021-04-18 02:46:00,8.005376150532742,-1.6218999545340975,19.674718844266202
2021-04-18 02:47:00,8.037731217450965,-2.4606301830605344,19.19601524196688
2021-04-18 02:48:00,8.069899192778184,-2.3534911252113297,19.223984998923928
2021-04-18 02:49:00,8.10187850534982,-3.249564518927858,19.01512675916978
2021-04-18 02:50:00,8.133667629167928,-2.8596591034731276,19.259197832221794
2021-04-18 02:51:00,8.16526508408199,-2.701286979612236,18.449116829289192
2021-04-18 02:52:00,8.196669435705918,-2.740696772848279,18.93719109914637
2021-04-18 02:53:00,8.22787929587987,-2.171926290813287,19.562515275334473
2021-04-18 02:54:00,8.258893322864562,-2.7804726910884705,18.92058487209873
2021-04-18 02:55:00,8.289710221533943,-2.6994706446878616,18.817744866251104
2021-04-18 02:56:00,8.320328743749192,-2.4435588793717695,19.668734141985734
2021-04-18 02:57:00,8.350747688397458,-1.61131440076919,19.19041394284832
2021-04-18 02:58:00,8.38096590164932,-2.280802443352611,19.11065425772624
2021-04-18 02:59:00,8.41098227728673,-1.9695184760085531,18.491514527556777
2021-04-18 03:00:00,8.440795756564313,-2.4215887749601706,18.708185781085703
2021-04-18 03:01:00,8.470405328719156,-1.7664344950873156,18.20276424152622
2021-04-18 03:02:00,8.49981003097409,-1.8028878348290103,18.51812004887489
2021-04-18 03:03:00,8.529008948481575,-2.2337886592742566,19.229001730184187
2021-04-18 03:04:00,8.558001214853462,-2.270976036885216,19.5943756557819
2021-04-18 03:05:00,8.586786011796523,-2.0292913642969173,19.47379671488238
2021-04-18 03:06:00,8.615362569709474,-1.2023276750964662,19.16057396252481
2021-04-18 03:07:00,8.643730167333796,-2.5082688212990383,18.0516463080351
2021-04-18 03:08:00,8.67188813204396,-1.6719785180816578,19.195963961560864
2021-04-18 03:09:00,8.699835839836464,-2.7955343860101336,19.148863978274584
2021-04-18 03:10:00,8.72757271548054,-1.973062244123941,18.4644657112712
2021-04-18 03:11:00,8.755098232305805,-1.6210040405210668,19.396283927010714
2021-04-18 03:12:00,8.782411912524722,-1.5935346827699672,20.4607574344716
2021-04-18 03:13:00,8.80951332700216,-1.8914763990563035,19.526238747960466
2021-04-18 03:14:00,8.836402095322251,-2.586423142256429,19.4192330972864
2021-04-18 03:15:00,8.863077885833777,-1.986081207876621,20.086277730605048
2021-04-18 03:16:00,8.889540415498152,-2.3113601714755854,19.246555367898296
2021-04-18 03:17:00,8.915789449888576,-1.526748911997354,19.025923599035497
2021-04-18 03:18:00,8.941824803194343,-2.4382277190940203,20.705442928484604
2021-04-18 03:19:00,8.967646337972372,-1.557875981710826,19.009548504490095
2021-04-18 03:20:00,8.993253965351721,-2.003781733668586,19.598320812096954
2021-04-18 03:21:00,9.018647644520648,-1.24502508893134,19.03222201982848
2021-04-18 03:22:00,9.043827383065892,-1.6834394047432655,19.878403010127546
2021-04-18 03:23:00,9.068793236488462,-1.314804347477111,19.801007136987206
2021-04-18 03:24:00,9.093545308262184,-0.9081435295844156,19.344649389230693
2021-04-18 03:25:00,9.118083749578727,-1.3898240421640682,19.409718958652853
2021-04-18 03:26:00,9.142408759283885,-1.0613468714407845,19.671179474049957
2021-04-18 03:27:00,9.166520583616398,-2.0393273397294926,19.525794285297263
2021-04-18 03:28:00,9.190419516025933,-2.0243688765188352,20.244385294152725
2021-04-18 03:29:00,9.214105897017863,-0.7992891838566948,19.796895630350072
2021-04-18 03:30:00,9.23758011393758,-1.332077919692924,20.090257826930124
2021-04-18 03:31:00,9.260842600663969,-0.5117765734815667,20.183032054531605
2021-04-18 03:32:00,9.283893837486474,-1.4414112385988,19.61755096787596
2021-04-18 03:33:00,9.306734350739422,-1.5685220717981474,19.244200435128104
2021-04-18 03:34:00,9.329364712680926,-1.5207524517418287,19.226551344351883
2021-04-18 03:35:00,9.351785541036909,-0.8827898751056655,20.056651344667685
2021-04-18 03:36:00,9.37399749889343,-0.4455862884928368,19.95177653977108
2021-04-18 03:37:00,9.396001294309553,-0.7640919557527861,19.52891988506372
2021-04-18 03:38:00,9.417797679993482,-1.5895052493990518,19.691235066637457
2021-04-18 03:39:00,9.439387452991486,-0.903600409010815,20.427088798849233
2021-04-18 03:40:00,9.460771454477529,-1.4335813282345853,20.058561737406315
2021-04-18 03:41:00,9.481950569205088,-1.0103161398805767,20.826382264941273
2021-04-18 03:42:00,9.502925725275913,-0.8559424272004149,20.300003808345913
2021-04-18 03:43:00,9.52369789379601,-1.6847367201126862,20.611623925104546
2021-04-18 03:44:00,9.544268088447447,-0.6724238643313931,20.37872871816995
2021-04-18 03:45:00,9.564637365088675,-0.6624567745231345,20.2995464107029
2021-04-18 03:46:00,9.584806821431348,0.01977238621411101,20.356488782707615
2021-04-18 03:47:00,9.604777596527947,-1.6097437580122465,19.9996816356465
2021-04-18 03:48:00,9.624550870490816,-0.31721266378420543,19.546573017595087
2021-04-18 03:49:00,9.64412786390597,-1.1016566712340239,20.583584044671767
2021-04-18 03:50:00,9.663509837550064,-1.4864910933590492,19.469726428406737
2021-04-18 03:51:00,9.682698091846571,-1.31226689316817,20.65378839500286
2021-04-18 03:52:00,9.701693966393151,-0.6713678220064256,20.506183108757227
2021-04-18 03:53:00,9.720498839605128,-0.5332372678776192,19.843850919004158
2021-04-18 03:54:00,9.739114128150979,-1.0436354719059053,19.80900032144997
2021-04-18 03:55:00,9.75754128640058,-0.6665683568101424,20.44987495612662
2021-04-18 03:56:00,9.775781806186416,-0.8146362758919299,20.389307760652976
2021-04-18 03:57:00,9.793837215933511,-0.765609049119085,20.02460037075623
2021-04-18 03:58:00,9.811709080549859,-0.42782353976054327,20.78917190414313
2021-04-18 03:59:00,9.82939900052025,-1.3942540584870091,19.698403585729643
2021-04-18 04:00:00,9.846908611643714,0.05368065816134864,20.76586765436258
2021-04-18 04:01:00,9.864239584443212,-0.2937089983730741,20.179085232373268
2021-04-18 04:02:00,9.881393623521351,-0.8205782318970645,20.154185168695598
2021-04-18 04:03:00,9.898372467072313,-0.7220500012169103,20.724099505615918
2021-04-18 04:04:00,9.915177886394371,-1.1899007156616401,20.590251705382904
2021-04-18 04:05:00,9.931811685175534,-0.5749809420843554,20.43346528969052
2021-04-18 04:06:00,9.948275699041554,0.3281881699499896,20.17732693885466
2021-04-18 04:07:00,9.964571794890787,-0.48261076991977,20.82298241124872
2021-04-18 04:08:00,9.980701870332055,-0.9014678593787676,21.21815511985138
2021-04-18 04:09:00,9.996667853132795,-0.20152555414159531,20.266038407428724
2021-04-18 04:10:00,10.01247170056279,-1.4311716862903203,20.89301649587078
2021-04-18 04:11:00,10.028115398674855,-0.42570209537603254,20.051871142618797
2021-04-18 04:12:00,10.04360096206354,-0.842980006512555,20.088402400852075
2021-04-18 04:13:00,10.058930432684747,-0.9602768420125962,21.46204163344965
2021-04-18 04:14:00,10.074105879809725,-1.5043320788049726,20.689186553424808
2021-04-18 04:15:00,10.05302656259345,-0.7824127200127614,20.764338662742613
2021-04-18 04:16:00,10.031797438608807,-0.6874312495929898,20.49423658671694
2021-04-18 04:17:00,10.010420654448897,-1.0638640692200525,20.664804439915994
2021-04-18 04:18:00,9.9888983808972,-0.35836057780652997,20.82907398660569
2021-04-18 04:19:00,9.967232812669815,-0.5240637854788492,20.287804986187055
2021-04-18 04:20:00,9.945426167677736,-0.17445816693475885,20.881858738993277
2021-04-18 04:21:00,9.923480686221668,-0.585696026555722,20.849860835699356
2021-04-18 04:22:00,9.901398630536033,-0.276505801824567,19.997339744016855
2021-04-18 04:23:00,9.87918228391045,-0.71666169346666,21.00929777209569
2021-04-18 04:24:00,9.85683395011364,-1.4351393067292197,20.065723960715953
2021-04-18 04:25:00,9.8343559527969,-0.16318014754027854,20.73849975351301
2021-04-18 04:26:00,9.811750634626675,-0.803927658376252,21.05504087488435
2021-04-18 04:27:00,9.789020356691514,-0.5017882014306931,21.43438880132096
2021-04-18 04:28:00,9.766167497911233,-1.8198668381104313,20.111666848895922
2021-04-18 04:29:00,9.74319445411666,-0.9941167019521627,20.89793491026992
2021-04-18 04:30:00,9.7201036376132,-1.1469812626711922,20.655935007868788
2021-04-18 04:31:00,9.696897476290705,-1.2289275686954002,20.026536152030413
2021-04-18 04:32:00,9.673578412849842,-0.40817572751174064,21.35163955208126
2021-04-18 04:33:00,9.65014890457694,-0.7478604125356731,20.247054289579257
2021-04-18 04:34:00,9.626611421892616,-1.04465461113682,20.496501991620157
2021-04-18 04:35:00,9.602968448464436,-0.8539997284700974,19.83106824983292
2021-04-18 04:36:00,9.579222479747017,-0.9623939185749921,20.177740206154834
2021-04-18 04:37:00,9.555376022757681,-1.0435052125933038,20.584559963135014
2021-04-18 04:38:00,9.531431595297795,-1.019727714898958,20.14014632221913
2021-04-18 04:39:00,9.50739172506336,-0.9987942012767056,20.513513939173567
2021-04-18 04:40:00,9.483258949052974,-2.083494376985781,19.71879748432612
2021-04-18 04:41:00,9.459035812950125,-1.077803403053655,20.048795293339584
2021-04-18 04:42:00,9.434724870175616,-1.0047823420346442,20.213793109878573
2021-04-18 04:43:00,9.410328681451494,-0.8997612787427375,20.241248545169626
2021-04-18 04:44:00,9.385849813855826,-1.330052931019251,19.49276396224621
2021-04-18 04:45:00,9.36129084019696,-0.5602667729146205,20.791044107483554
2021-04-18 04:46:00,9.336654338436304,-1.352715331231032,19.383164658877867
2021-04-18 04:47:00,9.31194289079598,-1.1418111912328084,20.075686329967542
2021-04-18 04:48:00,9.287159082964779,-0.7852723004845922,20.58943151728596
2021-04-18 04:49:00,9.262305503915197,-0.7905886285950325,19.711064856969806
2021-04-18 04:50:00,9.237384744387972,-0.6140900740305011,19.74196048129162
2021-04-18 04:51:00,9.212399397051684,-1.3112857061107233,19.51703470265409
2021-04-18 04:52:00,9.187352055168088,-0.9077100186015367,19.62315305731811
2021-04-18 04:53:00,9.162245311955704,-1.1851438219457449,20.102559633537442
2021-04-18 04:54:00,9.137081760499115,-1.0091282149418468,20.30158608067976
2021-04-18 04:55:00,9.111863992156769,-0.8474299478556288,19.57728994409552
2021-04-18 04:56:00,9.086594596521122,-1.702049042290885,20.156566957470737
2021-04-18 04:57:00,9.061276160584184,-1.575034346941752,19.446015894638485
2021-04-18 04:58:00,9.035911267865073,-1.763977443948397,19.483717287453842
2021-04-18 04:59:00,9.01050249801109,-1.657407257698589,19.260669465275328
2021-04-18 05:00:00,8.985052425844557,-1.7321407123708588,20.014684404160107
2021-04-18 05:01:00,8.959563620849025,-1.6336612546050169,19.726318860328213
2021-04-18 05:02:00,8.934038646573137,-1.8020166822580896,19.953677362728254
2021-04-18 05:03:00,8.908480059730758,-0.558052089703084,19.52856972066235
2021-04-18 05:04:00,8.882890409704558,-1.8550537589422735,20.103882327780624
2021-04-18 05:05:00,8.857272237947157,-2.370698919417558,19.510371317007003
2021-04-18 05:06:00,8.831628077107338,-1.5049604364883749,20.461254146910974
2021-04-18 05:07:00,8.805960450648255,-1.6239772295388137,19.500774507097464
2021-04-18 05:08:00,8.780271872032083,-2.085043010297119,19.10356263695327
2021-04-18 05:09:00,8.754564843908073,-2.163862932879217,19.28059062985973
2021-04-18 05:10:00,8.728841858148627,-0.9999028639000266,20.073746871773107
2021-04-18 05:11:00,8.703105394347551,-1.6898702982179352,19.305181938300283
2021-04-18 05:12:00,8.677357919808092,-1.7251514573616196,19.259915822258378
2021-04-18 05:13:00,8.651601888812202,-1.8703760944230918,19.30697166947006
2021-04-18 05:14:00,8.625839741764993,-2.0216743021808425,18.331600646302316
2021-04-18 05:15:00,8.600073905001729,-1.7545987137576957,20.069986935346332
2021-04-18 05:16:00,8.574306789788869,-1.3296948073292247,18.8826364960366
2021-04-18 05:17:00,8.548540791913465,-1.7632302017906047,18.907947864266667
2021-04-18 05:18:00,8.52277829128586,-2.179344354557297,19.400211919371333
2021-04-18 05:19:00,8.497021650953997,-2.2381453761601255,19.168263398586493
2021-04-18 05:20:00,8.471273216947292,-2.1050140836249676,19.5286536902134
2021-04-18 05:21:00,8.445535317426627,-1.8078004563502914,18.21603632893889
2021-04-18 05:22:00,8.41981026223936,-2.670506692773868,18.5630638679184
2021-04-18 05:23:00,8.394100342479145,-2.561057581632803,19.125176210024076
2021-04-18 05:24:00,8.368407829749033,-1.2089537280826153,19.08310525034713
2021-04-18 05:25:00,8.342734975590856,-2.468164242970064,18.621666089988825
2021-04-18 05:26:00,8.317084011491266,-2.624345662673298,18.09096654719564
2021-04-18 05:27:00,8.291457147489437,-2.59277430049411,18.446996788273218
2021-04-18 05:28:00,8.265856572640269,-1.8616723812977802,19.095840669970038
2021-04-18 05:29:00,8.240284453643255,-2.3615943960108576,18.9781058587947
2021-04-18 05:30:00,8.214742934829543,-2.0783098727326563,18.44992953962612
2021-04-18 05:31:00,8.189234137871757,-2.310971903575162,18.8685731479398
2021-04-18 05:32:00,8.163760160679608,-2.8215350609026966,18.809749454256043
2021-04-18 05:33:00,8.138323077424722,-2.065600077105665,19.12369377196995
2021-04-18 05:34:00,8.112924938049199,-2.130868217062738,18.608772477720557
2021-04-18 05:35:00,8.087567767605515,-2.691012942194149,18.574620222863906
2021-04-18 05:36:00,8.062253566052595,-2.4410116402099855,18.468148634138565
2021-04-18 05:37:00,8.036984307665872,-2.5384795225605825,18.928337835724186
2021-04-18 05:38:00,8.011761940601216,-2.7611841203829766,18.29161081679725
2021-04-18 05:39:00,7.986588386783352,-2.267939276176672,19.791549648888907
2021-04-18 05:40:00,7.961465541096238,-3.1531347885222942,18.531424102297372
2021-04-18 05:41:00,7.936395271192088,-2.6499600860699637,18.150543670299054
2021-04-18 05:42:00,7.911379417311745,-2.420099341050912,19.55755554544325
2021-04-18 05:43:00,7.886419791477851,-2.7032876075734835,17.449391848742163
2021-04-18 05:44:00,7.861518177558142,-3.1434268613450334,18.529032539242735
2021-04-18 05:45:00,7.836676330691979,-2.43963844884252,18.406588581742646
2021-04-18 05:46:00,7.811895976824507,-2.733420091207646,18.909961456939737
2021-04-18 05:47:00,7.787178812956349,-2.9528396868516698,17.96599525204711
2021-04-18 05:48:00,7.762526505982938,-2.062028440735495,18.490219500608436
2021-04-18 05:49:00,7.737940693076309,-2.540430649692547,18.358458468338934
2021-04-18 05:50:00,7.71342298114395,-2.4658282894317356,18.013532791859117
2021-04-18 05:51:00,7.688974946459601,-2.6997693031141536,18.29251544016573
2021-04-18 05:52:00,7.6645981345584895,-2.2498473082504336,18.500045541921356
2021-04-18 05:53:00,7.640294059849552,-3.419924149571604,18.450140546357087
2021-04-18 05:54:00,7.616064205334678,-2.6735562927231213,17.489554991934085
2021-04-18 05:55:00,7.591910022561431,-3.7579259986511477,17.93581410550735
2021-04-18 05:56:00,7.567832931204787,-2.789040198908537,18.35053005256868
2021-04-18 05:57:00,7.54383431883661,-2.9696912801918405,18.65800342818873
2021-04-18 05:58:00,7.519915540910231,-2.9317718408872104,18.722153972825865
2021-04-18 05:59:00,7.4960779203385215,-2.8409247371616893,18.21662122077682
2021-04-18 06:00:00,7.472322747475485,-3.0195805402740508,17.882704085043034
2021-04-18 06:01:00,7.448651279878136,-2.444677717507685,18.386732690049822
2021-04-18 06:02:00,7.425064741869847,-3.290926587055914,18.06311880905533
2021-04-18 06:03:00,7.4015643251510825,-3.05159630866542,18.100357183667168
2021-04-18 06:04:00,7.378151187586625,-3.452633842860228,18.257994609172247
2021-04-18 06:05:00,7.3548264541217065,-4.165004162570376,17.413051793536507
2021-04-18 06:06:00,7.331591215818435,-3.643315888096157,16.44617322909125
2021-04-18 06:07:00,7.308446530263197,-3.3564579930701397,17.986609475937176
2021-04-18 06:08:00,7.285393421333332,-3.111300271939981,18.600751717257648
2021-04-18 06:09:00,7.262432878960168,-3.6013172372541162,18.299089656041772
2021-04-18 06:10:00,7.239565859246915,-3.132793513397635,18.04094130997157
2021-04-18 06:11:00,7.2167932843678795,-3.0853739978882255,18.03781363659415
2021-04-18 06:12:00,7.194116042316898,-3.653257994129118,17.953337945913784
2021-04-18 06:13:00,7.171534987246905,-3.2943394835338813,17.249485894580104
2021-04-18 06:14:00,7.149050938992263,-3.491730217124102,17.19418022973691
2021-04-18 06:15:00,7.126664683364672,-3.244267598466654,18.08175653192485
2021-04-18 06:16:00,7.104376972049808,-2.85269616984875,17.749067755549806
2021-04-18 06:17:00,7.0821885226232695,-3.4928836311336635,16.856481764176614
2021-04-18 06:18:00,7.060100018314082,-3.7291445771322604,17.36006896787107
2021-04-18 06:19:00,7.038112108574982,-3.611765038392317,17.515929595495333
2021-04-18 06:20:00,7.0162254085738445,-4.00889947055806,17.757976201333516
2021-04-18 06:21:00,6.994440499553781,-3.2812331537345742,17.337424051929798
2021-04-18 06:22:00,6.972757928711895,-4.274750986561239,17.521121253431126
2021-04-18 06:23:00,6.951178209276012,-3.310214962271976,17.012971954325607
2021-04-18 06:24:00,6.929701820885157,-3.5764665159272466,17.99009793457195
2021-04-18 06:25:00,6.908329209188695,-3.9010434597731813,17.891464559784794
2021-04-18 06:26:00,6.887060786222467,-4.590319050141309,17.45111228107127
2021-04-18 06:27:00,6.865896930649945,-2.798210723812002,18.07404502619997
2021-04-18 06:28:00,6.844837987498876,-3.7109686814415594,17.370656697432562
2021-04-18 06:29:00,6.823884268633701,-3.8502230748707147,17.449111817568774
2021-04-18 06:30:00,6.8030360527143445,-3.4149280219491143,18.222948666299505
2021-04-18 06:31:00,6.782293585393868,-3.2828111318644777,17.639488658415676
2021-04-18 06:32:00,6.761657079519854,-3.518643075278611,16.02542099392977
2021-04-18 06:33:00,6.741126715164024,-4.147710153224484,17.06485796915143
2021-04-18 06:34:00,6.720702639976345,-4.396671263877356,16.6103326713742
2021-04-18 06:35:00,6.700384969309829,-3.5589846576263096,17.191233238360162
2021-04-18 06:36:00,6.680173786282264,-4.30796459618779,16.647251037093405
2021-04-18 06:37:00,6.66006914230624,-3.78797415280674,16.46493502153262
2021-04-18 06:38:00,6.6400710569442865,-3.772501147709522,16.731024320433647
2021-04-18 06:39:00,6.620179518289147,-4.185866976595301,16.33568224891652
2021-04-18 06:40:00,6.600394483401248,-4.914969968377102,17.02386196983516
2021-04-18 06:41:00,6.58071587818063,-4.626791952616571,17.599823015438247
2021-04-18 06:42:00,6.561143597849983,-3.6939052712603964,17.275120460728296
2021-04-18 06:43:00,6.541677507234989,-4.540500025451955,17.170834592354126
2021-04-18 06:44:00,6.52231744094927,-4.264194695825622,17.3312747525732
2021-04-18 06:45:00,6.503063203719419,-4.457830515483206,17.35064060551858
2021-04-18 06:46:00,6.4839145706895405,-4.546661803205504,17.5538062715392
2021-04-18 06:47:00,6.464871287601868,-4.263490085905172,16.735237075558192
2021-04-18 06:48:00,6.445933071385356,-5.076250885206781,17.16198025873388
2021-04-18 06:49:00,6.427099610114569,-3.8080211488854596,17.324149516785397
2021-04-18 06:50:00,6.408370563617684,-4.090966765036852,17.110402961756385
2021-04-18 06:51:00,6.389745563706953,-4.013375550129338,16.579400182479908
2021-04-18 06:52:00,6.37122421444852,-4.389707767913968,16.89494414296294
2021-04-18 06:53:00,6.352806092659148,-4.574348257129743,16.74925196530441
2021-04-18 06:54:00,6.33449074819132,-3.3150564146573496,16.375589056261187
2021-04-18 06:55:00,6.316277704206523,-4.3416787057611295,16.357970960177724
2021-04-18 06:56:00,6.298166457823164,-3.7914933322971383,16.76395098445219
2021-04-18 06:57:00,6.280156480039471,-4.221879149623866,17.54915813181189
2021-04-18 06:58:00,6.262247216718306,-3.879849052753213,16.84526662856302
2021-04-18 06:59:00,6.244438088426494,-3.677743627934164,16.488511472712393
2021-04-18 07:00:00,6.226728491104436,-4.4125718976219135,16.507212156306373
2021-04-18 07:01:00,6.209117796557328,-4.468076352083268,16.81527987787931
2021-04-18 07:02:00,6.191605352635635,-4.069577435823829,16.88456182399367
2021-04-18 07:03:00,6.174190483788196,-4.560384693780513,17.146576605101583
2021-04-18 07:04:00,6.156872491515564,-4.151849928242649,17.30222900397509
2021-04-18 07:05:00,6.139650654753977,-4.843656787868404,16.78004569978965
2021-04-18 07:06:00,6.122524230333902,-4.8712616881759105,15.896062772460402
2021-04-18 07:07:00,6.105492453359146,-4.171821624813791,16.306088740538495
2021-04-18 07:08:00,6.088554537786605,-5.097250190295294,16.64709384745326
2021-04-18 07:09:00,6.071709676776735,-5.441305798615154,16.404816633213464
2021-04-18 07:10:00,6.054957043227365,-4.742474843167516,16.2632924554154
2021-04-18 07:11:00,6.038295790117056,-4.259312466998001,16.789937710971213
2021-04-18 07:12:00,6.021725051207755,-4.347768134131353,17.25185656805134
2021-04-18 07:13:00,6.00524394124465,-4.316204745605562,16.395689909932475
2021-04-18 07:14:00,5.988851556642131,-4.900723433380326,16.72706916133277
2021-04-18 07:15:00,5.972546975911107,-4.9456647744837925,16.22034798735179
2021-04-18 07:16:00,5.956329260098815,-4.450079866698258,16.720854981665717
2021-04-18 07:17:00,5.940197453354325,-4.57343091131592,17.466423700418375
2021-04-18 07:18:00,5.924150583369896,-4.275395973403246,16.789565022524062
2021-04-18 07:19:00,5.908187661952661,-4.774694779477663,16.595109871493097
2021-04-18 07:20:00,5.892307685476164,-4.210833453688849,16.027733990181027
2021-04-18 07:21:00,5.876509635345833,-4.610259918601713,16.852123064227094
2021-04-18 07:22:00,5.860792478686807,-4.952182698871858,15.891160721210802
2021-04-18 07:23:00,5.8451551686184136,-4.019399329339092,15.801255773938902
2021-04-18 07:24:00,5.829596644977568,-4.94429676366324,16.012711379701685
2021-04-18 07:25:00,5.814115834718267,-4.335014904670187,15.939364221079256
2021-04-18 07:26:00,5.798711652514648,-4.3253831364817525,16.05645020256831
2021-04-18 07:27:00,5.78338300119053,-4.362770751351521,16.124397958820285
2021-04-18 07:28:00,5.76812877234218,-4.558803760808448,16.174924683326264
2021-04-18 07:29:00,5.752947846839552,-4.200913255142948,16.993048487485208
2021-04-18 07:30:00,5.737839095340005,-5.752623714235827,16.56800093469948
2021-04-18 07:31:00,5.722801378808444,-4.97537559397155,15.844954684076548
2021-04-18 07:32:00,5.707833549087393,-5.1996228422909825,16.320879571573496
2021-04-18 07:33:00,5.692934449455556,-5.897208777742949,16.589535567698807
2021-04-18 07:34:00,5.678102915074999,-5.044892299513589,16.654502597438015
2021-04-18 07:35:00,5.663337773636524,-5.131940983736366,15.925519126527773
2021-04-18 07:36:00,5.648637845814161,-4.276003669669322,16.867581477627002
2021-04-18 07:37:00,5.634001945815795,-4.804181331580316,16.13482506893625
2021-04-18 07:38:00,5.619428881996995,-4.716632751841678,17.131924635964793
2021-04-18 07:39:00,5.604917457295929,-4.935581407894258,16.70123961398388
2021-04-18 07:40:00,5.590466469858255,-4.560579783753007,16.719926841174118
2021-04-18 07:41:00,5.576074713523683,-5.531625775972769,15.897874280923682
2021-04-18 07:42:00,5.561740978348249,-5.117808625806628,16.920681357681463
2021-04-18 07:43:00,5.547464051251666,-4.573654408417303,16.64764381896111
2021-04-18 07:44:00,5.5332427164068365,-4.546785015293236,16.72318760468892
2021-04-18 07:45:00,5.519075755847481,-5.022297175297244,15.981292747653276
2021-04-18 07:46:00,5.504961950064926,-5.1910460020774165,16.187538344079947
2021-04-18 07:47:00,5.490900078398445,-5.184007568564998,15.763900929584295
2021-04-18 07:48:00,5.4768889197023425,-4.701711313217948,16.927186336841757
2021-04-18 07:49:00,5.462927252783096,-4.789385035855286,15.406227845398181
2021-04-18 07:50:00,5.449013831272369,-4.760844354268699,16.609675860582936
2021-04-18 07:51:00,5.435147461266315,-4.901805100943224,15.803853258444011
2021-04-18 07:52:00,5.42132692469562,-4.922285792891214,16.310005327561168
2021-04-18 07:53:00,5.407551005593791,-5.504479385732883,16.119828259822615
2021-04-18 07:54:00,5.393818490602415,-4.796060593623213,16.052349055466614
2021-04-18 07:55:00,5.380128169478995,-5.163689162516933,16.21121255257884
2021-04-18 07:56:00,5.3664788355884365,-4.685396697632297,16.095327166657174
2021-04-18 07:57:00,5.352869286491531,-5.191871239488167,15.451509560355186
2021-04-18 07:58:00,5.339298324345539,-4.7097442065188515,15.63480730536969
2021-04-18 07:59:00,5.325764756476595,-4.941522042572516,16.170829934350245
2021-04-18 08:00:00,5.312267395878215,-6.719647995774443,15.343942557331024
2021-04-18 08:01:00,5.298805061658126,-5.127440334229707,15.846193358364195
2021-04-18 08:02:00,5.285376579571173,-5.483706030308793,15.69584240035278
2021-04-18 08:03:00,5.271980782502411,-5.374409654305651,15.69214700387524
2021-04-18 08:04:00,5.258616510940805,-5.409991203035538,16.07036611518912
2021-04-18 08:05:00,5.245282613448889,-5.1767978407171675,15.62359613379091
2021-04-18 08:06:00,5.231977947134399,-5.339029039499606,16.07390911007901
2021-04-18 08:07:00,5.218701378163956,-5.901931430513504,16.29698246143738
2021-04-18 08:08:00,5.205451782154272,-4.837964408541321,16.228374425329722
2021-04-18 08:09:00,5.192228044689784,-5.16143379979198,16.159064768428827
2021-04-18 08:10:00,5.179029061746177,-5.9480914049228595,15.265289706092613
2021-04-18 08:11:00,5.165853740151921,-5.580979087561928,16.10904940122754
2021-04-18 08:12:00,5.152700998012105,-5.280225765969155,15.565751780050572
2021-04-18 08:13:00,5.139569765160455,-4.876735266958019,16.49404906395856
2021-04-18 08:14:00,5.126458983595071,-5.49471574375145,15.757248779292931
2021-04-18 08:15:00,5.113367607886571,-5.648784710650493,15.154396938163435
2021-04-18 08:16:00,5.1002946055925635,-5.423223242535518,15.84123626787902
2021-04-18 08:17:00,5.08723895769967,-5.421219643581149,16.097484614140008
2021-04-18 08:18:00,5.074199658992246,-5.814085861429751,15.517481681243051
2021-04-18 08:19:00,5.06117571848194,-5.429709458928586,14.949585206829425
2021-04-18 08:20:00,5.0481661597733085,-5.318839573774633,14.799589636038018
2021-04-18 08:21:00,5.035170021474462,-5.009096000105759,16.03137277915823
2021-04-18 08:22:00,5.022186357553162,-6.155299122074659,15.142607504802616
2021-04-18 08:23:00,5.009214237720187,-5.953639813405775,15.405577197513043
2021-04-18 08:24:00,4.996252747797569,-5.87949625458771,15.338827578426443
2021-04-18 08:25:00,4.983300990062381,-5.011551395014696,15.771271793449557
2021-04-18 08:26:00,4.97035808360394,-5.573438254169936,15.730939321552002
2021-04-18 08:27:00,4.957423164669433,-5.041033444748039,15.518832168665753
2021-04-18 08:28:00,4.94449538698739,-4.8958296676742945,16.353210657938742
2021-04-18 08:29:00,4.9315739221040475,-5.726052904231033,15.010540360290104
2021-04-18 08:30:00,4.918657959698694,-5.444521062601909,15.37443851596038
2021-04-18 08:31:00,4.905746707888002,-5.771449275245418,16.20250353013855
2021-04-18 08:32:00,4.892839393541344,-5.300062095129005,14.52518443747324
2021-04-18 08:33:00,4.879935262563682,-5.841675067477701,14.893093767261353
2021-04-18 08:34:00,4.867033580187008,-5.40770296257419,15.483027858120066
2021-04-18 08:35:00,4.854133631246516,-5.772230751415071,15.35218631088571
2021-04-18 08:36:00,4.841234720449883,-6.119439447732948,15.653309259562175
2021-04-18 08:37:00,4.828336172643356,-5.24096696729053,15.161158874501446
2021-04-18 08:38:00,4.8154373330524125,-5.59573455425392,15.50867477788119
2021-04-18 08:39:00,4.8025375675347135,-5.20957912811558,15.400519812586376
2021-04-18 08:40:00,4.789636262817649,-5.1186910763753755,16.298041150611294
2021-04-18 08:41:00,4.77673282670889,-5.155139179240585,15.58414634427847
2021-04-18 08:42:00,4.763826688332383,-6.173403793828612,14.886639296089308
2021-04-18 08:43:00,4.750917298318506,-5.596866225747986,14.23060272488727
2021-04-18 08:44:00,4.738004129021533,-6.269515973861123,15.062714294511732
2021-04-18 08:45:00,4.725086674684997,-5.897541381021096,14.915014696693728
2021-04-18 08:46:00,4.712164451659084,-6.38599991191961,15.376188083240079
2021-04-18 08:47:00,4.699236998531779,-5.402453412594796,14.519099457775367
2021-04-18 08:48:00,4.6863038763183145,-5.122036539207695,16.112994824251782
2021-04-18 08:49:00,4.673364668596125,-5.885887618690238,15.568407419026547
2021-04-18 08:50:00,4.660418981665363,-5.414865594646602,15.73588451025861
2021-04-18 08:51:00,4.647466444685388,-5.510612900552742,15.32041245031376
2021-04-18 08:52:00,4.6345067097590515,-5.94078548439544,14.77936654948494
2021-04-18 08:53:00,4.621539452105905,-6.450998291782764,14.741189151827701
2021-04-18 08:54:00,4.608564370141741,-5.788960355741686,15.045532502804022
2021-04-18 08:55:00,4.595581185541762,-6.460588334853836,14.513282110275139
2021-04-18 08:56:00,4.582589643398603,-6.380660409975252,14.34234630040277
2021-04-18 08:57:00,4.56958951222585,-5.782639622837306,15.255860023771861
2021-04-18 08:58:00,4.556580584086308,-6.140726936597375,15.230474203525631
2021-04-18 08:59:00,4.543562674596761,-7.081002044311544,14.503138028549145
2021-04-18 09:00:00,4.530535623018859,-6.215281449107553,14.71172927162446
2021-04-18 09:01:00,4.517499292287266,-5.618075501193569,15.5138030458786
2021-04-18 09:02:00,4.504453569012808,-5.436340904826345,15.483350511821829
2021-04-18 09:03:00,4.491398363525743,-7.277535251486126,14.384185458333416
2021-04-18 09:04:00,4.478333609904605,-6.158489321822517,13.997234267684371
2021-04-18 09:05:00,4.465259265903935,-6.008300148038477,14.67196780260978
2021-04-18 09:06:00,4.452175313043479,-6.80894296713405,14.601952839138
2021-04-18 09:07:00,4.439081756504062,-5.678882052394946,14.847842015850802
2021-04-18 09:08:00,4.425978625149287,-6.096947486206464,14.900696015910894
2021-04-18 09:09:00,4.412865971452262,-6.878821244471014,14.619787687701928
2021-04-18 09:10:00,4.399743871489938,-5.9770665200607125,14.884812777793092
2021-04-18 09:11:00,4.386612424855383,-6.6457183048439,14.601413438934205
2021-04-18 09:12:00,4.3734717545690245,-6.651172377258506,14.87806964208689
2021-04-18 09:13:00,4.36032200706906,-6.11041879630186,15.46606887946793
2021-04-18 09:14:00,4.347163352040117,-6.026410419810135,15.73949712048489
2021-04-18 09:15:00,4.333995982418223,-5.669098533359383,14.321507886349163
2021-04-18 09:16:00,4.320820114162689,-6.656410281315484,15.53615460078651
2021-04-18 09:17:00,4.307635986261894,-6.017699684599476,14.7928027079612
2021-04-18 09:18:00,4.294443860557721,-7.357185822265188,13.840555246908364
2021-04-18 09:19:00,4.281244021554829,-6.767112381867383,14.711918365641765
2021-04-18 09:20:00,4.26803677639455,-5.094127446325506,14.514671471654049
2021-04-18 09:21:00,4.254822454630405,-6.304108016615335,14.792299748689338
2021-04-18 09:22:00,4.241601408056355,-6.607057700694639,14.511223173166796
2021-04-18 09:23:00,4.228374010575969,-6.798729239232631,14.327943236700982
2021-04-18 09:24:00,4.215140658005151,-6.490088587653466,15.166067856685256
2021-04-18 09:25:00,4.20190176792812,-6.042243772861327,14.181053252901549
2021-04-18 09:26:00,4.188657779396289,-6.1899820551676275,15.305279796670082
2021-04-18 09:27:00,4.175409152850246,-6.522407307763666,14.678790345189967
2021-04-18 09:28:00,4.162156369791339,-6.201789216622463,14.96268349758114
2021-04-18 09:29:00,4.148899932668141,-6.7590730489390864,15.63340658351467
2021-04-18 09:30:00,4.135640364531131,-6.102835314605307,15.466600737326639
2021-04-18 09:31:00,4.122378208907378,-6.8666691078963185,14.255664268675549
2021-04-18 09:32:00,4.109114029487232,-6.541894441284269,14.9459108833987
2021-04-18 09:33:00,4.095848409835891,-6.748874407123527,14.697650060140052
2021-04-18 09:34:00,4.082581953229802,-6.868933528290702,13.64085488280693
2021-04-18 09:35:00,4.069315282316115,-6.511772191978417,15.539961876284162
2021-04-18 09:36:00,4.0560490388034856,-6.415870883642808,13.513378761240764
2021-04-18 09:37:00,4.042783883275924,-6.349730433687114,14.90959244975792
2021-04-18 09:38:00,4.029520494765917,-6.65305304046384,14.6253045478986
2021-04-18 09:39:00,4.016259570619954,-6.105197614723922,14.179241141021045
2021-04-18 09:40:00,4.003001825962441,-6.827850469012745,14.575124898838576
2021-04-18 09:41:00,3.9897479936316613,-6.7269273863362615,14.79736126259877
2021-04-18 09:42:00,3.9764988236304295,-6.723186776214273,14.680423247889589
2021-04-18 09:43:00,3.9632550829434283,-6.6799997973076986,14.228742596250571
2021-04-18 09:44:00,3.950017555090511,-6.750040728971002,14.195913711077019
2021-04-18 09:45:00,3.9367870399224043,-6.2821065490046015,15.614553829839176
2021-04-18 09:46:00,3.923564353098102,-6.989116714258191,14.375015581555962
2021-04-18 09:47:00,3.910350325803721,-6.767133034922564,14.220268736840206
2021-04-18 09:48:00,3.897145804417546,-6.79463965007781,14.699148926404689
2021-04-18 09:49:00,3.883951650124742,-7.9982253808903065,13.999045909152139
2021-04-18 09:50:00,3.870768738428156,-7.490002252786116,15.102422730850908
2021-04-18 09:51:00,3.857597958955222,-7.049641377544388,14.633928671923952
2021-04-18 09:52:00,3.844440214870986,-6.898353333346683,15.0087573134067
2021-04-18 09:53:00,3.83129642264365,-7.15012869832569,14.26752680087719
2021-04-18 09:54:00,3.8181675114920175,-6.863762655914211,15.065745517260073
2021-04-18 09:55:00,3.805054423119767,-6.192994970426089,15.410593488807454
2021-04-18 09:56:00,3.7919581112146425,-7.016656239484796,14.601102707547255
2021-04-18 09:57:00,3.7788795409981972,-6.88571679108993,14.247025629786433
2021-04-18 09:58:00,3.765819688893356,-7.255043174946221,14.725674653472279
2021-04-18 09:59:00,3.7527795420599004,-6.629610830908004,14.44202722144725
2021-04-18 10:00:00,3.739760097900795,-6.52047478548578,14.387730808806134
2021-04-18 10:01:00,3.7267623637005824,-6.345586743921361,14.924401318701632
2021-04-18 10:02:00,3.7137873561153545,-6.830733230044215,15.803858918689832
2021-04-18 10:03:00,3.7008361008279236,-7.190038259600975,13.736664796129144
2021-04-18 10:04:00,3.6879096319124756,-6.3068505495524,14.58796431118739
2021-04-18 10:05:00,3.6750089915871955,-7.463187968319832,13.91710673162268
2021-04-18 10:06:00,3.66213522962653,-6.5934674622724145,14.404194503043145
2021-04-18 10:07:00,3.6492894028940817,-7.3816203104563325,13.827373318063888
2021-04-18 10:08:00,3.6364725749025895,-6.719137053915238,13.662642937996242
2021-04-18 10:09:00,3.6236858153695453,-6.601968785724632,13.71568514707034
2021-04-18 10:10:00,3.6109301997356846,-7.490466314088129,14.414559734814569
2021-04-18 10:11:00,3.5982068085899206,-7.312371298788202,13.859128074024012
2021-04-18 10:12:00,3.5855167273145567,-6.984651072837219,13.974248819200067
2021-04-18 10:13:00,3.5728610455797485,-7.726491158831229,13.467136410719979
2021-04-18 10:14:00,3.5602408567187114,-7.0963895055372594,13.945038458352286
2021-04-18 10:15:00,3.547657257461817,-6.223764045710092,14.071379056750859
2021-04-18 10:16:00,3.535111347260438,-8.096677053967744,13.975737074035134
2021-04-18 10:17:00,3.522604227880682,-7.320572056153727,14.640904480682654
2021-04-18 10:18:00,3.510137002869418,-6.586444638817225,13.651865082051588
2021-04-18 10:19:00,3.497710777119981,-7.705016992546289,13.281676592564597
2021-04-18 10:20:00,3.4853266563119383,-8.762523789055185,13.484878075162559
2021-04-18 10:21:00,3.4729857463957505,-7.194656671049747,14.029224523734062
2021-04-18 10:22:00,3.4606891531548114,-6.4098277430170825,14.41829956492294
2021-04-18 10:23:00,3.4484379816510047,-6.672990092249227,13.843157614922436
2021-04-18 10:24:00,3.4362333358102495,-7.3633052851694405,13.918362702266787
2021-04-18 10:25:00,3.4240763177285682,-7.7899433410212655,13.795482875913713
2021-04-18 10:26:00,3.411968027396203,-6.949404575146853,14.123904074031392
2021-04-18 10:27:00,3.3999095620878634,-6.787029169300541,13.825266413614019
2021-04-18 10:28:00,3.3879020157494204,-7.689484019720365,14.10411615540914
2021-04-18 10:29:00,3.375946478718885,-6.906090696419658,13.963299849676158
2021-04-18 10:30:00,3.3640440370628735,-7.819288576396468,13.768237604990116
2021-04-18 10:31:00,3.3521957720926583,-7.217058603944821,13.939310056265612
2021-04-18 10:32:00,3.3404027598822066,-7.432180578373922,13.488079405462635
2021-04-18 10:33:00,3.328666070783883,-7.710952123264264,14.271230584698127
2021-04-18 10:34:00,3.3169867689513195,-7.200686569974178,14.228538528873672
2021-04-18 10:35:00,3.3053659116727294,-7.348835538478442,13.551247701004952
2021-04-18 10:36:00,3.2938045491191392,-8.093427450673945,14.56406790720008
2021-04-18 10:37:00,3.2823037236655415,-7.576675411062647,13.92010758012242
2021-04-18 10:38:00,3.2708644694353923,-7.043488834377262,13.387121907928401
2021-04-18 10:39:00,3.2594878118365784,-6.820087813642426,14.352077246197412
2021-04-18 10:40:00,3.248174767084037,-7.46862895798028,14.00895985906851
2021-04-18 10:41:00,3.236926341653609,-8.16664503900607,13.02678947948167
2021-04-18 10:42:00,3.2257435317930776,-7.8341918101971535,13.452543431103644
2021-04-18 10:43:00,3.2146273230897213,-7.297677628501488,13.618890321966726
2021-04-18 10:44:00,3.203578689999949,-8.025450730879184,12.778562805660256
2021-04-18 10:45:00,3.192598595255999,-8.077004244998141,13.50864506974171
2021-04-18 10:46:00,3.1816879895260786,-7.883278907869918,12.795621340310598
2021-04-18 10:47:00,3.1708478108186133,-7.364734520217143,12.604959895521494
2021-04-18 10:48:00,3.160078984175636,-7.155450507714409,13.871695807356875
2021-04-18 10:49:00,3.149382420960913,-7.33827167151091,13.692922874504625
2021-04-18 10:50:00,3.1387590186732894,-7.051781463915723,14.330854477397379
2021-04-18 10:51:00,3.1282096602972667,-7.3733367577248865,13.148892467324147
2021-04-18 10:52:00,3.1177352138850027,-7.638334815834904,14.106510901305679
2021-04-18 10:53:00,3.1073365321645885,-7.62663774445077,13.296688120741297
2021-04-18 10:54:00,3.0970144520530716,-8.014583400658795,14.225248292519893
2021-04-18 10:55:00,3.0867697942229966,-7.141939947757129,13.863209871148486
2021-04-18 10:56:00,3.0766033626263054,-7.527947405616139,13.859269369818973
2021-04-18 10:57:00,3.066515944114254,-7.7605938672634895,13.32072342326924
2021-04-18 10:58:00,3.0565083080579893,-7.766253525738839,13.646995018537496
2021-04-18 10:59:00,3.046581205725486,-6.964243197351694,13.886413595804356
2021-04-18 11:00:00,3.036735370148724,-7.156213966660123,14.425803850165124
2021-04-18 11:01:00,3.026971515472275,-6.859278190866235,13.967840509601281
2021-04-18 11:02:00,3.0172903366872377,-6.83824957307262,13.758537882600306
2021-04-18 11:03:00,3.0076925091443636,-7.5604409997428155,14.321418111576612
2021-04-18 11:04:00,2.99817868827651,-7.917828604655558,14.017449372756397
2021-04-18 11:05:00,2.9887495090851233,-6.651631141759066,13.473464746604556
2021-04-18 11:06:00,2.9794055858157753,-7.714253775507858,13.260258156803758
2021-04-18 11:07:00,2.970147511578272,-7.760360773826513,12.782270977439474
2021-04-18 11:08:00,2.960975858035995,-7.703290860480924,13.732200785382688
2021-04-18 11:09:00,2.9518911749229546,-7.706055871014504,13.26808994631733
2021-04-18 11:10:00,2.94289398978982,-8.204027839637115,13.747517140994022
2021-04-18 11:11:00,2.933984807570214,-7.2040859101816235,13.707707465071394
2021-04-18 11:12:00,2.9251641104621244,-7.704712513430824,13.233840219622072
2021-04-18 11:13:00,2.91643235713817,-6.924219917889431,13.634755475268511
2021-04-18 11:14:00,2.9077899830126106,-6.90087816163047,14.004919865216019
2021-04-18 11:15:00,2.8992373993730984,-7.388047586909976,12.8863611575338
2021-04-18 11:16:00,2.8907749934735305,-8.356878270934326,13.870326728609367
2021-04-18 11:17:00,2.8824031279900035,-7.066265644588534,14.46930948369883
2021-04-18 11:18:00,2.8741221408049324,-7.761489896414581,13.337507786251757
2021-04-18 11:19:00,2.8659323448039067,-7.685279720991867,13.692772974924841
2021-04-18 11:20:00,2.857834027363655,-7.536072801010219,13.458760923839185
2021-04-18 11:21:00,2.849827450355857,-7.82616483854291,12.910362325173436
2021-04-18 11:22:00,2.8419128497568753,-7.689371301473655,14.47107366795126
2021-04-18 11:23:00,2.834090435264942,-7.430048261095363,14.22365252602469
2021-04-18 11:24:00,2.829687512533728,-8.01611083448026,12.995843286438351
2021-04-18 11:25:00,2.8253771160930614,-7.645482705391066,13.52829035031687
2021-04-18 11:26:00,2.821159375822621,-8.67962138556392,13.959605785182115
2021-04-18 11:27:00,2.817034394532648,-7.09457233052549,13.783888719588871
2021-04-18 11:28:00,2.8130022477005174,-8.523944460614905,13.403238854117838
2021-04-18 11:29:00,2.8090629833495897,-7.071898739976688,13.150114772862223
2021-04-18 11:30:00,2.805216621852262,-8.92390429224812,13.811409178820185
2021-04-18 11:31:00,2.8014631555326988,-7.681934054619565,13.237051167591005
2021-04-18 11:32:00,2.797802548832491,-7.429434239148459,13.158023705557376
2021-04-18 11:33:00,2.7942347379476877,-7.637574715739785,13.055376700023507
2021-04-18 11:34:00,2.7907596305749083,-7.841721133761437,12.77639687045995
2021-04-18 11:35:00,2.787377106039584,-8.058651522000103,13.206411362805747
2021-04-18 11:36:00,2.784087014900542,-8.27272212243231,13.771269567594802
2021-04-18 11:37:00,2.7808891789506855,-7.44716560053494,13.2144407114944
2021-04-18 11:38:00,2.7777833911230525,-7.591499062898897,13.670736481186426
2021-04-18 11:39:00,2.774769415249218,-8.120953018348668,13.364348432216934
2021-04-18 11:40:00,2.771846986086288,-7.899255827692511,13.397771683420295
2021-04-18 11:41:00,2.7690158091820942,-8.245417588629364,13.775647058278944
2021-04-18 11:42:00,2.7662755607427423,-7.921782100131946,13.836756368380579
2021-04-18 11:43:00,2.7636258877196918,-7.722445587038726,13.84153665010145
2021-04-18 11:44:00,2.7610664074868247,-8.518083160205764,13.00243114641242
2021-04-18 11:45:00,2.758596708057878,-7.924560055553449,12.75141473016227
2021-04-18 11:46:00,2.756216347986985,-7.526085327283334,13.510779265702745
2021-04-18 11:47:00,2.7539248560723064,-7.436953237456371,13.412729207864613
2021-04-18 11:48:00,2.751721731712516,-6.670814840966579,13.137327274484017
2021-04-18 11:49:00,2.7496064447760853,-8.576166771473964,13.229916861177818
2021-04-18 11:50:00,2.747578435317832,-8.007035396317356,12.624784542500096
2021-04-18 11:51:00,2.7456371141189773,-8.180825383647532,13.579888386493703
2021-04-18 11:52:00,2.743781862099051,-7.741680084308265,12.764175033348065
2021-04-18 11:53:00,2.742012030949361,-6.850161918699844,13.111936172671482
2021-04-18 11:54:00,2.740326942727009,-7.811324676290991,14.263015782555188
2021-04-18 11:55:00,2.7387258900446763,-8.243022824544333,13.459597936623144
2021-04-18 11:56:00,2.7372081361864176,-7.18786079198001,12.983876563539322
2021-04-18 11:57:00,2.7357729151803083,-8.862672598329592,13.536961990738101
2021-04-18 11:58:00,2.7344194316963177,-7.721232502789707,12.785652460469297
2021-04-18 11:59:00,2.733146861427672,-6.8581090103880324,13.444115795453667
2021-04-18 12:00:00,2.7319543509107924,-7.919469536300134,13.57161380477606
2021-04-18 12:01:00,2.7308410178232476,-7.912760879452923,13.638963830404862
2021-04-18 12:02:00,2.729805951071656,-7.874621287407806,12.028270337366784
2021-04-18 12:03:00,2.728848210795224,-6.836714659584671,12.905039748735204
2021-04-18 12:04:00,2.7279668287015317,-7.457001596889465,13.18411440068134
2021-04-18 12:05:00,2.727160808025426,-7.735397891813139,13.613394026418135
2021-04-18 12:06:00,2.7264291238101737,-7.3543160078464895,13.85527593687169
2021-04-18 12:07:00,2.7257707232110353,-7.979833173748303,12.385951900945717
2021-04-18 12:08:00,2.7251845251575193,-7.364099979503427,12.981646051324136
2021-04-18 12:09:00,2.724669421252495,-8.953590293654015,13.91017477861794
2021-04-18 12:10:00,2.7242242754595916,-7.905421909443346,13.747222915701046
2021-04-18 12:11:00,2.723847924432103,-7.6302137255185585,12.815160904712936
2021-04-18 12:12:00,2.7235391778760683,-8.070540955867006,13.57504512281087
2021-04-18 12:13:00,2.723296818560758,-8.929727441254162,13.513585432300156
2021-04-18 12:14:00,2.723119602767913,-6.844342001668276,13.533706281695022
2021-04-18 12:15:00,2.723006260425975,-7.703767942103255,14.6192715945992
2021-04-18 12:16:00,2.722955495298792,-7.441908544954035,13.169975780529455
2021-04-18 12:17:00,2.7229659854357995,-7.86808571797863,13.64807572702112
2021-04-18 12:18:00,2.7230363833362605,-7.655966759164511,12.879035471664965
2021-04-18 12:19:00,2.7231653161624716,-8.594893015543141,13.823023219586053
2021-04-18 12:20:00,2.7233513862391643,-9.038675170975537,12.726077759250616
2021-04-18 12:21:00,2.7235931711150783,-7.776917282825176,13.240478203539547
2021-04-18 12:22:00,2.7238892240524497,-7.604711671482242,13.56063195589946
2021-04-18 12:23:00,2.7242380744409633,-8.641400689575155,13.13938550277099
2021-04-18 12:24:00,2.7246382276355505,-7.435725108552001,13.97160572764126
2021-04-18 12:25:00,2.7250881659806367,-8.250897221870922,12.745601201495333
2021-04-18 12:26:00,2.7255863487156837,-6.647026048213319,13.7877104450988
2021-04-18 12:27:00,2.726131212234007,-7.324962294625252,13.059114938600553
2021-04-18 12:28:00,2.7267211710204395,-7.021648144384529,13.689539903742308
2021-04-18 12:29:00,2.727354617240182,-8.133950691231005,13.70987303388494
2021-04-18 12:30:00,2.728029921878134,-7.439229395729062,14.276888549914668
2021-04-18 12:31:00,2.728745434644594,-7.41961720661314,13.508885133159414
2021-04-18 12:32:00,2.729499484441674,-8.265000659824256,13.209067914314392
2021-04-18 12:33:00,2.7302903799415437,-7.950508632671355,13.175256351632715
2021-04-18 12:34:00,2.731116409900359,-8.393819793087546,13.024337331202888
2021-04-18 12:35:00,2.7319758434662846,-7.623937882951077,13.296478993661928
2021-04-18 12:36:00,2.732866930864326,-7.411180468290375,12.757562669874515
2021-04-18 12:37:00,2.7337879035411374,-7.698663481973951,13.911947459696572
2021-04-18 12:38:00,2.7347369748577783,-7.559992664532974,14.232882922127617
2021-04-18 12:39:00,2.735712340444722,-7.695447824637922,12.790207417878221
2021-04-18 12:40:00,2.7367121785381796,-7.802816310166467,13.27922681056389
2021-04-18 12:41:00,2.7377346506271203,-7.348421937335607,13.159471553445973
2021-04-18 12:42:00,2.7387779020075604,-7.533467623210809,14.234542367017022
2021-04-18 12:43:00,2.7398400617425014,-7.868794591713569,13.337219172363657
2021-04-18 12:44:00,2.7409192439512764,-7.669025118236087,13.099334937485754
2021-04-18 12:45:00,2.742013547423591,-7.37218841618628,13.574014869748492
2021-04-18 12:46:00,2.7431210569259776,-8.065476102100622,13.294973552457437
2021-04-18 12:47:00,2.7442398431799253,-7.987210199786604,13.641603779337858
2021-04-18 12:48:00,2.7453679634553163,-7.328908566321568,13.360709742785582
2021-04-18 12:49:00,2.746503462314614,-8.274325134642103,13.849194469670525
2021-04-18 12:50:00,2.747644371811463,-8.004796502211397,13.497942574752065
2021-04-18 12:51:00,2.748788712311764,-8.494402655262899,13.255309266935358
2021-04-18 12:52:00,2.7499344928669243,-7.724381980182348,13.46004015097792
2021-04-18 12:53:00,2.7510797117029293,-7.959591951826092,13.742834373427925
2021-04-18 12:54:00,2.7522223569193933,-7.182662436161375,13.527005116844402
2021-04-18 12:55:00,2.7533604069522557,-7.820613862357637,13.805110608934456
2021-04-18 12:56:00,2.754491831048536,-8.442215694091695,13.56455437116697
2021-04-18 12:57:00,2.755614590012509,-8.059125527716839,12.980559252600175
2021-04-18 12:58:00,2.7567266365150553,-8.360430983933421,13.983659015937581
2021-04-18 12:59:00,2.757825915882737,-8.320948654067559,12.969572862501167
2021-04-18 13:00:00,2.7589103667151678,-7.5544377180313305,13.290415614070431
2021-04-18 13:01:00,2.7599779209633,-7.2273879959111245,13.311715258327268
2021-04-18 13:02:00,2.7610265051989065,-7.275442224795591,12.99859383963451
2021-04-18 13:03:00,2.762054040753295,-8.611918796255893,12.635634864364665
2021-04-18 13:04:00,2.7630584442943613,-8.151443919707987,13.411882327443912
2021-04-18 13:05:00,2.7640376287309394,-7.500859521204522,13.188513787618314
2021-04-18 13:06:00,2.7649895032815692,-8.620489459557808,13.348460082504818
2021-04-18 13:07:00,2.765911974718392,-8.02012072678691,13.647848701675368
2021-04-18 13:08:00,2.766802947449736,-8.024696776042534,13.499999063180613
2021-04-18 13:09:00,2.767660324217941,-7.719698298433054,13.33394479585538
2021-04-18 13:10:00,2.7684820068989535,-7.911798221987487,12.913615149463062
2021-04-18 13:11:00,2.7692658969282347,-8.406790807267148,13.530418770812968
2021-04-18 13:12:00,2.770009895844284,-8.284859133445643,14.065797594056697
2021-04-18 13:13:00,2.7707119061572234,-8.203470801535103,13.13410919751162
2021-04-18 13:14:00,2.771369831604575,-8.463079525730654,12.955412328047334
2021-04-18 13:15:00,2.7719815780892243,-7.50909024980308,13.610272029796267
2021-04-18 13:16:00,2.77254505407845,-8.230560787151582,12.488270375951396
2021-04-18 13:17:00,2.773058171235497,-7.8403011672368885,13.724051595678008
2021-04-18 13:18:00,2.773518845066218,-7.584268839944999,13.852905855506219
2021-04-18 13:19:00,2.773924995705499,-7.8374671902046,13.619719198676973
2021-04-18 13:20:00,2.774274547983717,-8.333574375547098,13.244054462546853
2021-04-18 13:21:00,2.774565432838002,-7.871702307539338,13.245588901607746
2021-04-18 13:22:00,2.774795587014867,-7.315582483683087,12.378677099763266
2021-04-18 13:23:00,2.7749629545398453,-7.525917385527136,12.928790783222553
2021-04-18 13:24:00,2.7750654868009668,-7.338037875240185,13.236136242406452
2021-04-18 13:25:00,2.7751011432008337,-7.569471848665165,13.568008763724201
2021-04-18 13:26:00,2.7750678919396825,-7.524348855674217,12.93022398804159
2021-04-18 13:27:00,2.774963710587218,-8.009647608031308,13.691056269876215
2021-04-18 13:28:00,2.774786586483565,-8.05449780199122,13.298640580302326
2021-04-18 13:29:00,2.7745345176781337,-7.986580429177928,13.637202584086214
2021-04-18 13:30:00,2.7742055131685133,-8.121988522296222,13.317740306126563
2021-04-18 13:31:00,2.7737975938370076,-8.076500296174464,13.212181419499862
2021-04-18 13:32:00,2.773308792838205,-8.014143651047632,13.283293185353994
2021-04-18 13:33:00,2.772737156171411,-8.106170106729111,12.837231759939584
2021-04-18 13:34:00,2.772080743515882,-8.229486999173432,13.584090797903523
2021-04-18 13:35:00,2.771337628500093,-7.580843310025057,13.411327807847217
2021-04-18 13:36:00,2.770505899501803,-8.463275522084114,12.825243247563467
2021-04-18 13:37:00,2.769583660338834,-7.45195469669101,14.03329039123885
2021-04-18 13:38:00,2.7685690303691612,-7.54094620067469,12.62865354144014
2021-04-18 13:39:00,2.767460145720876,-7.731703266390159,13.814006196581614
2021-04-18 13:40:00,2.766255159362153,-8.22573578495603,13.072367895157818
2021-04-18 13:41:00,2.7649522418887624,-7.790648930966114,13.235278597405143
2021-04-18 13:42:00,2.7635495820878546,-8.640227645881778,12.936961258525464
2021-04-18 13:43:00,2.7620453873775825,-7.8272496265627325,13.556700635984882
2021-04-18 13:44:00,2.760437884569622,-7.954973233948366,13.731917471835752
2021-04-18 13:45:00,2.758725320312994,-7.00290973284698,13.694750728038137
2021-04-18 13:46:00,2.7569059615380445,-8.132346039586611,13.436255464151934
2021-04-18 13:47:00,2.754978096173604,-7.586416851845724,12.90606342654912
2021-04-18 13:48:00,2.7529400336877377,-6.746016152663866,13.345922111722297
2021-04-18 13:49:00,2.7507901054327943,-8.245527563474328,13.407957349951733
2021-04-18 13:50:00,2.7485266653818,-7.886205171500338,12.958869574735727
2021-04-18 13:51:00,2.7461480905619924,-7.708835470837815,12.653255296223936
2021-04-18 13:52:00,2.7436527815356366,-7.301380252600523,13.614821774715644
2021-04-18 13:53:00,2.7410391631255306,-6.811892718979175,13.498508629737703
2021-04-18 13:54:00,2.738305684503471,-7.992440166326053,12.717079802588271
2021-04-18 13:55:00,2.735450820150784,-7.673768806792163,13.97130777643414
2021-04-18 13:56:00,2.7324730701287736,-7.698831843318656,12.729928060003228
2021-04-18 13:57:00,2.7293709604180005,-8.252767829202439,13.321576465754434
2021-04-18 13:58:00,2.7261430438399263,-7.522151251745609,13.556614827509803
2021-04-18 13:59:00,2.7227878999725754,-7.659545308867505,13.10864164734501
2021-04-18 14:00:00,2.7193041361608814,-7.519092644260418,13.38343846676939
2021-04-18 14:01:00,2.715690387562919,-7.7478407920439905,12.438659670808919
2021-04-18 14:02:00,2.7119453178314643,-7.105732708549117,13.247273899482591
2021-04-18 14:03:00,2.7080676194634328,-7.78487075033024,14.326970586507755
2021-04-18 14:04:00,2.7040560142638044,-8.181514959290901,13.522024425542483
2021-04-18 14:05:00,2.699909253812316,-7.7106696025661465,12.706518710258493
2021-04-18 14:06:00,2.6956261198304508,-8.634168178041712,13.644748874622497
2021-04-18 14:07:00,2.6912054245670833,-6.836423921329627,13.84040321430812
2021-04-18 14:08:00,2.686646011341174,-7.399598160194096,13.657745797067417
2021-04-18 14:09:00,2.68194675485181,-8.246770660589863,13.408784695047418
2021-04-18 14:10:00,2.67710656148748,-7.787813473745886,12.8008457178036
2021-04-18 14:11:00,2.6721243698111796,-7.20153448015806,13.151246629419115
2021-04-18 14:12:00,2.6669991510213356,-7.6470105743166465,13.632122675767938
2021-04-18 14:13:00,2.661729909009966,-8.458358562669035,13.189738054082419
2021-04-18 14:14:00,2.656315681119447,-8.467722097461309,13.61168482052769
2021-04-18 14:15:00,2.650755538075483,-7.483392288605012,13.029330506912409
2021-04-18 14:16:00,2.645048584709693,-7.4853648169708284,13.220319190251255
2021-04-18 14:17:00,2.6391939599923977,-8.068433760438586,13.117209700584539
2021-04-18 14:18:00,2.6331908374476614,-8.052636808039829,13.470331754281794
2021-04-18 14:19:00,2.6270384255756674,-8.216770724473092,13.96487775165419
2021-04-18 14:20:00,2.620735967947174,-7.255285426573835,13.487686669628044
2021-04-18 14:21:00,2.6142827436092313,-8.120620173056519,12.256624265477267
2021-04-18 14:22:00,2.6076780674212037,-8.242639953496028,14.11512331255512
2021-04-18 14:23:00,2.6009212901323977,-7.247719529628245,13.273117518114816
2021-04-18 14:24:00,2.5940117988711386,-8.714162873201147,12.772937471969662
2021-04-18 14:25:00,2.5869490171712433,-8.044958331267493,13.409411108819333
2021-04-18 14:26:00,2.579732405410501,-8.646481896916523,13.526142024622375
2021-04-18 14:27:00,2.572361460873898,-8.230727444847705,13.052492835451254
2021-04-18 14:28:00,2.5648357180307775,-7.8411080278069445,13.138267034669772
2021-04-18 14:29:00,2.55715474880482,-7.737212219706398,13.482472751938799
2021-04-18 14:30:00,2.5493181627378956,-7.737596383927421,13.072968053161658
2021-04-18 14:31:00,2.541325606992653,-8.702417325951563,13.320164449685555
2021-04-18 14:32:00,2.533176766841615,-7.577662892706333,13.531022496003654
2021-04-18 14:33:00,2.52487136563857,-8.167161993233185,12.192229259078278
2021-04-18 14:34:00,2.5164091649669564,-8.28722071926811,13.115976078536267
2021-04-18 14:35:00,2.5077899647965594,-8.322073385613331,14.292407044795922
2021-04-18 14:36:00,2.499013603740171,-7.536153721933919,13.26321654871171
2021-04-18 14:37:00,2.4900799589376867,-7.759276795668624,13.268879033286586
2021-04-18 14:38:00,2.4809889464058674,-7.851521617265353,13.305248069673725
2021-04-18 14:39:00,2.471740520928997,-8.325702701340056,13.054829085154015
2021-04-18 14:40:00,2.4623346763283953,-8.452888267058198,13.144602799928869
2021-04-18 14:41:00,2.4527714453661953,-8.142351663362929,13.170284975107453
2021-04-18 14:42:00,2.443050899904558,-7.648542684834354,13.724392949261604
2021-04-18 14:43:00,2.433173150992599,-8.651688576322384,13.717231570729254
2021-04-18 14:44:00,2.4231383488019413,-8.095330116807297,12.917674139608444
2021-04-18 14:45:00,2.412946682686611,-8.443948296829523,12.355158525964304
2021-04-18 14:46:00,2.4025983812935547,-8.575977343750044,12.823679193046258
2021-04-18 14:47:00,2.3920937124172186,-8.251073181462957,13.96426104285608
2021-04-18 14:48:00,2.3814329831563046,-8.203190795811986,12.821294807204836
2021-04-18 14:49:00,2.3706165396689487,-7.973322442924379,12.813725760804651
2021-04-18 14:50:00,2.3596447674814343,-9.542346997575052,12.24730590074036
2021-04-18 14:51:00,2.3485180910552765,-7.539691195961866,12.787893558071808
2021-04-18 14:52:00,2.337236974055474,-8.019699139892378,12.818285342366568
2021-04-18 14:53:00,2.3258019191030606,-8.402811377210348,12.294695844015047
2021-04-18 14:54:00,2.314213467798699,-8.36102779650472,12.567983625730564
2021-04-18 14:55:00,2.30247220057053,-7.577777070416724,13.070232410257086
2021-04-18 14:56:00,2.290578736563261,-8.607655500031859,12.956757099219251
2021-04-18 14:57:00,2.278533733635179,-8.045947206682973,12.702994267419736
2021-04-18 14:58:00,2.266337888132741,-8.460466187649377,13.64267961943937
2021-04-18 14:59:00,2.2624362076923794,-8.534215631157664,13.239384707441568
2021-04-18 15:00:00,2.2583851924072587,-8.240694760273096,12.756277218458973
2021-04-18 15:01:00,2.254185653275038,-8.75920303935823,12.605407354331707
2021-04-18 15:02:00,2.2498384393057607,-8.419718533110416,12.8413222320289
2021-04-18 15:03:00,2.2453444372022364,-8.484478672376634,12.61701478454021
2021-04-18 15:04:00,2.2407045712463822,-9.14657468782001,12.542008592982496
2021-04-18 15:05:00,2.2359198030635206,-8.6278601599473,11.928752303212935
2021-04-18 15:06:00,2.2309911313818622,-8.34762336180492,13.186255417912879
2021-04-18 15:07:00,2.2259195918357215,-8.015794092341487,12.843078563559022
2021-04-18 15:08:00,2.220706256823643,-8.3982493221359,13.104515012643326
2021-04-18 15:09:00,2.2153522350820656,-8.094717026017744,12.647036978117317
2021-04-18 15:10:00,2.209858671502136,-8.278775273285756,12.264907050511933
2021-04-18 15:11:00,2.2042267469969077,-9.005411915772367,11.689883731341993
2021-04-18 15:12:00,2.198457677951942,-8.140586628153786,12.63929146106391
2021-04-18 15:13:00,2.192552716237424,-8.991556688942142,12.185663617234377
2021-04-18 15:14:00,2.1865131486395977,-8.763458563200642,13.019176560148795
2021-04-18 15:15:00,2.1803402966785073,-9.105563770544803,12.560409971237368
2021-04-18 15:16:00,2.1740355163158807,-8.432973860523648,13.231862949744347
2021-04-18 15:17:00,2.167600197555683,-7.844526714384856,12.109331269102416
2021-04-18 15:18:00,2.161035764119508,-9.038238697796132,12.71058893433479
2021-04-18 15:19:00,2.1543436731208656,-9.161714766490498,12.064744943433299
2021-04-18 15:20:00,2.1475254145842833,-8.045551730427906,12.213034052977363
2021-04-18 15:21:00,2.140582511315795,-8.73514750728564,13.758804105194969
2021-04-18 15:22:00,2.1335165182319495,-8.643230497072766,12.818861693987445
2021-04-18 15:23:00,2.126329022096402,-8.108968290722759,13.273585714104836
2021-04-18 15:24:00,2.119021641249228,-9.189014299696401,12.777860390202598
2021-04-18 15:25:00,2.1115960249319863,-7.791967352139415,12.464851809469838
2021-04-18 15:26:00,2.104053852966662,-8.24440122999135,12.353756293497833
2021-04-18 15:27:00,2.0963968355232656,-8.70638586686329,12.473970468706796
2021-04-18 15:28:00,2.088626712268513,-9.012592636061074,12.464968623337896
2021-04-18 15:29:00,2.0807452523989856,-9.030800857866831,11.686623976372475
2021-04-18 15:30:00,2.072754253664292,-9.262989376109768,12.366259284188322
2021-04-18 15:31:00,2.06465554231589,-7.784159537644819,13.168798353794404
2021-04-18 15:32:00,2.0564509724506403,-9.230453534459071,12.212930792423876
2021-04-18 15:33:00,2.048142425530995,-8.142396073755265,12.537036596427086
2021-04-18 15:34:00,2.0397318098247648,-8.69594545596488,12.983924320351823
2021-04-18 15:35:00,2.0312210601251697,-7.545595163871648,12.554286166719708
2021-04-18 15:36:00,2.022612136918407,-7.91836049181147,12.22027306923519
2021-04-18 15:37:00,2.013907026139754,-7.993335042702596,13.170696843613143
2021-04-18 15:38:00,2.005107738493074,-8.797389264024751,12.50336253393964
2021-04-18 15:39:00,1.996216308896824,-8.982889682939266,12.566932108006467
2021-04-18 15:40:00,1.9872347960772003,-8.455793551760017,12.976726729970807
2021-04-18 15:41:00,1.9781652818993862,-8.772613773150704,12.076700732381525
2021-04-18 15:42:00,1.969009870710642,-9.125286599926104,12.745095287210122
2021-04-18 15:43:00,1.959770689159891,-8.833722994576695,13.117059699618162
2021-04-18 15:44:00,1.9504498849952416,-7.986942788417833,12.551400517277429
2021-04-18 15:45:00,1.9410496272452376,-8.59068510361614,12.52384461628858
2021-04-18 15:46:00,1.9315721048613153,-8.276570658772672,12.396395657107453
2021-04-18 15:47:00,1.9220195266599638,-8.659788127409982,12.072353424847035
2021-04-18 15:48:00,1.9123941205475994,-9.305334977446783,12.693761892102387
2021-04-18 15:49:00,1.9026981328174368,-8.711588734605195,12.55610078434501
2021-04-18 15:50:00,1.8929338277764112,-9.367916642903243,12.74820237509996
2021-04-18 15:51:00,1.8831034867660223,-8.287107977897636,11.496656462096684
2021-04-18 15:52:00,1.8732094078452222,-8.657551288413634,12.262115008004725
2021-04-18 15:53:00,1.863253905085525,-8.409753534662352,12.341568668211233
2021-04-18 15:54:00,1.8532393077997305,-8.510305393014177,12.530242799477701
2021-04-18 15:55:00,1.8431679600258077,-8.689816872630942,12.826119079520002
2021-04-18 15:56:00,1.8330422198920506,-8.438055197017862,12.710678527807717
2021-04-18 15:57:00,1.8228644588303742,-9.612530117604933,12.836246044465675
2021-04-18 15:58:00,1.8126370610842675,-8.39686880317151,12.573976147560286
2021-04-18 15:59:00,1.802362422906986,-8.911955020582761,11.982851833001776
2021-04-18 16:00:00,1.792042951914838,-8.437228301136805,11.644829969314852
2021-04-18 16:01:00,1.7816810665456075,-8.752098554497028,11.91536978157627
2021-04-18 16:02:00,1.7712791952386187,-9.327875514707463,11.950691866005412
2021-04-18 16:03:00,1.7608397756768646,-8.163888624109699,12.042702420366364
2021-04-18 16:04:00,1.7503652544983677,-8.882652805043266,11.807162455425033
2021-04-18 16:05:00,1.7398580860083495,-8.775068865605244,12.302061799383209
2021-04-18 16:06:00,1.7293207321660722,-9.027520728642337,12.49133945845521
2021-04-18 16:07:00,1.7187556612495563,-9.038592404205332,11.781773644594118
2021-04-18 16:08:00,1.7081653475524394,-9.195542857556395,11.893361776456693
2021-04-18 16:09:00,1.6975522706819555,-8.979682477430314,12.4347457934114
2021-04-18 16:10:00,1.6869189146354455,-9.531631901111075,12.288875804893005
2021-04-18 16:11:00,1.6762677672519206,-8.771717454819928,11.979952410903802
2021-04-18 16:12:00,1.6656013195509993,-8.576867122183403,12.456067599761615
2021-04-18 16:13:00,1.654922064848998,-8.767138705162086,12.255088988392512
2021-04-18 16:14:00,1.6442324982680763,-8.982569337314883,13.513242692400256
2021-04-18 16:15:00,1.633535115818222,-8.705742956885112,12.224384750431302
2021-04-18 16:16:00,1.622832413798228,-9.36752183181919,12.332027686953458
2021-04-18 16:17:00,1.612126888150432,-8.791495665541982,12.283073190845908
2021-04-18 16:18:00,1.6014210336028776,-8.916022806543397,12.832850827032889
2021-04-18 16:19:00,1.5907173429037638,-8.759004711555276,11.468036761992574
2021-04-18 16:20:00,1.580018306530625,-9.685281688035738,12.522334904213965
2021-04-18 16:21:00,1.5693264113002723,-8.776906197827504,12.316855379242662
2021-04-18 16:22:00,1.5586441403975781,-8.69247010261104,12.8296463066209
2021-04-18 16:23:00,1.5479739719840602,-9.112375887484276,12.4155520861009
2021-04-18 16:24:00,1.5373183789130938,-9.199693754448832,11.998139842104846
2021-04-18 16:25:00,1.526679827962985,-9.062205360892241,12.168022178787204
2021-04-18 16:26:00,1.5160607789714762,-9.60282477190853,12.2815003443917
2021-04-18 16:27:00,1.505463684216797,-8.264083552712362,12.827232280072595
2021-04-18 16:28:00,1.4948909878015109,-8.74104186546393,12.110353006682812
2021-04-18 16:29:00,1.4843451247327242,-9.480042999259274,12.038396547567851
2021-04-18 16:30:00,1.4738285204650123,-8.960841322522706,11.991996419398381
2021-04-18 16:31:00,1.4633435899799998,-9.465226210876997,11.722043640409767
2021-04-18 16:32:00,1.4528927371822369,-9.047533882749859,12.739449997071189
2021-04-18 16:33:00,1.4424783542880024,-8.857775375335956,12.543878647464119
2021-04-18 16:34:00,1.4321028209233666,-8.810975521599248,10.97009412468146
2021-04-18 16:35:00,1.421768503671844,-9.127631927248954,11.128076811775342
2021-04-18 16:36:00,1.411477755201369,-8.84717386068799,11.576446239001791
2021-04-18 16:37:00,1.4012329135246844,-7.795193521113384,11.451902127803967
2021-04-18 16:38:00,1.3910363017014933,-8.546809772572495,12.63271208554124
2021-04-18 16:39:00,1.3808902267188092,-8.325009306213001,11.496346951500676
2021-04-18 16:40:00,1.3707969788982104,-9.434878237940815,11.905023497591374
2021-04-18 16:41:00,1.3607588316148638,-9.393880271844099,11.516726456671964
2021-04-18 16:42:00,1.3507780399826665,-9.131337351250872,11.776281467290444
2021-04-18 16:43:00,1.3408568408960442,-9.81412159748247,11.703934490855243
2021-04-18 16:44:00,1.330997451728224,-9.757439838424212,11.881101810942683
2021-04-18 16:45:00,1.3212020700986853,-9.337711139182046,11.958459183453881
2021-04-18 16:46:00,1.3114728731562342,-9.610500941070935,11.695462178236884
2021-04-18 16:47:00,1.301812016786274,-9.299949723321285,11.678495800974645
2021-04-18 16:48:00,1.2922216350894125,-9.036666503238054,11.824033977039328
2021-04-18 16:49:00,1.2827038398135158,-9.512285401199389,12.802760695225311
2021-04-18 16:50:00,1.2732607195279602,-8.759207921673674,11.620545654054824
2021-04-18 16:51:00,1.2638943392562616,-9.477210471921042,12.203513179192758
2021-04-18 16:52:00,1.2546067396328362,-9.243528710732004,12.205558616884758
2021-04-18 16:53:00,1.2453999364313886,-9.52712622439205,11.60934830684271
2021-04-18 16:54:00,1.2362759199792324,-9.602732528054721,11.7440765841021
2021-04-18 16:55:00,1.2272366545043565,-8.989652181252191,11.957250879511626
2021-04-18 16:56:00,1.2182840774446013,-9.803557926390097,12.050214499439688
2021-04-18 16:57:00,1.2094200992613926,-8.928104680120859,11.096133858097437
2021-04-18 16:58:00,1.2006466022824782,-9.069895962305436,11.835159745186445
2021-04-18 16:59:00,1.191965440796557,-9.144259979523602,11.403461774893646
2021-04-18 17:00:00,1.1833784398830434,-9.117728703856324,11.200127995930748
2021-04-18 17:01:00,1.174887395243304,-9.751198133150744,11.637754101067655
2021-04-18 17:02:00,1.1664940726250155,-8.75463424459005,11.937156022558737
2021-04-18 17:03:00,1.1582002071674997,-9.243442222120878,11.799286935254463
2021-04-18 17:04:00,1.1500075029116545,-9.708589092749653,11.991510483351107
2021-04-18 17:05:00,1.1419176324214224,-9.791522303125468,11.743969328115506
2021-04-18 17:06:00,1.1339322360508652,-9.165626125390327,12.306956910966822
2021-04-18 17:07:00,1.1260529216970037,-9.661382932333824,10.822635712689928
2021-04-18 17:08:00,1.1182812640837942,-10.08885435405684,12.060721630521348
2021-04-18 17:09:00,1.110618804427817,-9.413365167531566,11.950295371067705
2021-04-18 17:10:00,1.1030670499873034,-9.41160217157681,11.136680585298611
2021-04-18 17:11:00,1.095627473486199,-9.717145327939198,12.109605328871941
2021-04-18 17:12:00,1.0883015126478235,-9.635294548438697,12.555410624461196
2021-04-18 17:13:00,1.081090570083619,-9.606736575997866,11.387917498347518
2021-04-18 17:14:00,1.0739960123254488,-8.496750569990054,11.987880815850325
2021-04-18 17:15:00,1.0670191699574936,-9.634229448853304,11.883798553490799
2021-04-18 17:16:00,1.0601613367347202,-9.646954031787839,12.328005706654729
2021-04-18 17:17:00,1.0534237695050688,-8.338521227512421,11.870459926240812
2021-04-18 17:18:00,1.0468076877380275,-10.001535531066994,11.302364859300573
2021-04-18 17:19:00,1.040314273014608,-10.086028394220373,12.151562067906895
2021-04-18 17:20:00,1.0339446689330245,-9.632694878884557,11.082272731833072
2021-04-18 17:21:00,1.027699980425545,-9.763505102842908,12.00374781513508
2021-04-18 17:22:00,1.0215812736306502,-9.779216937521356,12.204878780370212
2021-04-18 17:23:00,1.0155895755607716,-8.769538403160672,11.96853390294389
2021-04-18 17:24:00,1.009725873690477,-9.425199947367467,11.57109168190414
2021-04-18 17:25:00,1.0039911156314807,-9.787372370416575,11.43273081395759
2021-04-18 17:26:00,0.9983862089625559,-9.716115013467222,12.058921645982014
2021-04-18 17:27:00,0.9929120208205616,-9.134668972436637,11.929303958801153
2021-04-18 17:28:00,0.9875693776489867,-8.613144399452233,12.36666228985921
2021-04-18 17:29:00,0.9823590649895191,-9.726577099403993,11.92285350248439
2021-04-18 17:30:00,0.9772818271167926,-9.61084210636846,12.045116501807085
2021-04-18 17:31:00,0.9723383669627983,-10.141926902961554,11.592018842639032
2021-04-18 17:32:00,0.9675293457004764,-10.61712052586563,11.757991423800005
2021-04-18 17:33:00,0.9628553826483219,-9.71216127208351,11.825660552702587
2021-04-18 17:34:00,0.9583170550990477,-10.433707560536828,11.087196543927382
2021-04-18 17:35:00,0.953914897930479,-9.458343219134129,11.246992010674616
2021-04-18 17:36:00,0.949649403700173,-9.916722989196089,11.711126968423601
2021-04-18 17:37:00,0.9455210222013366,-8.929345352305797,12.13806034990402
2021-04-18 17:38:00,0.9415301605392814,-10.249072656532578,12.20427581217213
2021-04-18 17:39:00,0.9376771828122771,-9.84685750200567,11.743866015191868
2021-04-18 17:40:00,0.9339624101028223,-9.559484123523529,11.557029428089804
2021-04-18 17:41:00,0.9303861203132923,-9.400033750331867,11.11242902790831
2021-04-18 17:42:00,0.9269485480011751,-9.941072515765809,11.001370062694518
2021-04-18 17:43:00,0.9236498843954937,-9.65022936129033,11.150931614660719
2021-04-18 17:44:00,0.9204902772686907,-9.215362177441435,11.713482198121998
2021-04-18 17:45:00,0.9174698308153676,-8.874487375098346,10.915631660023392
2021-04-18 17:46:00,0.9145886056446728,-9.59782225438686,11.614384197618316
2021-04-18 17:47:00,0.911846618778554,-9.867883323462072,10.818094414631066
2021-04-18 17:48:00,0.9092438435797172,-9.89855459812671,11.195980060994541
2021-04-18 17:49:00,0.906780209676914,-10.032837621026479,11.671602752563293
2021-04-18 17:50:00,0.9044556030896871,-9.412114332875746,11.388359274990401
2021-04-18 17:51:00,0.9022698661018876,-9.752369321322949,12.352302545740834
2021-04-18 17:52:00,0.9002227974066273,-9.277570696945187,11.114964345503415
2021-04-18 17:53:00,0.8983141520200056,-9.700007234902092,12.065606088549869
2021-04-18 17:54:00,0.8965436414526491,-10.947326237287294,11.705422876576874
2021-04-18 17:55:00,0.8949109336795864,-9.404142101792996,11.13984849940221
2021-04-18 17:56:00,0.8934156532118702,-10.16151939448436,11.119925940736849
2021-04-18 17:57:00,0.8920573812651014,-9.645662340546382,11.514336631467899
2021-04-18 17:58:00,0.8908356557924536,-9.317292716162537,11.658229505984899
2021-04-18 17:59:00,0.8897499715621149,-10.22351703182877,11.747442300098013
2021-04-18 18:00:00,0.888799780397044,-9.113752257265157,11.454649398902475
2021-04-18 18:01:00,0.8879844911683159,-9.442633086301429,11.135166285895053
2021-04-18 18:02:00,0.8873034701181536,-10.57973254430011,11.5516477661104
2021-04-18 18:03:00,0.8867560408033026,-10.001052844756767,10.823299364326012
2021-04-18 18:04:00,0.8863414844982307,-9.310588087491253,11.956611965018494
2021-04-18 18:05:00,0.8860590402413187,-9.760667292754128,11.69464527257042
2021-04-18 18:06:00,0.885907905024613,-10.00675485134521,11.671797741202763
2021-04-18 18:07:00,0.8858872341285895,-10.29108506485312,11.050031348418631
2021-04-18 18:08:00,0.8859961412408511,-9.421522664594603,12.124674418827405
2021-04-18 18:09:00,0.8862336986961102,-9.631945986897028,11.663186675403288
2021-04-18 18:10:00,0.8865989378047875,-9.57141205718286,11.590447389623032
2021-04-18 18:11:00,0.8870908489983707,-9.885873525008082,11.803794223002166
2021-04-18 18:12:00,0.88770838232008,-9.830704013910351,11.423724402364956
2021-04-18 18:13:00,0.8884504473387863,-9.19043269354889,12.042717112557488
2021-04-18 18:14:00,0.8893159139050735,-9.823082352833943,11.735851352982756
2021-04-18 18:15:00,0.8903036120813739,-9.800625297251084,10.701831509806865
2021-04-18 18:16:00,0.891412332689016,-10.061112797234776,11.333058755069745
2021-04-18 18:17:00,0.8926408275120712,-9.129002197454684,11.01992598537126
2021-04-18 18:18:00,0.8939878097820653,-10.054462532090291,11.185180073555083
2021-04-18 18:19:00,0.8954519544126934,-9.436677220498709,11.363207430688925
2021-04-18 18:20:00,0.8970318984017176,-9.058715137449871,11.607578458320619
2021-04-18 18:21:00,0.8987262412405619,-9.77136026146058,11.53002291161557
2021-04-18 18:22:00,0.9005335453431835,-9.702655705463064,11.611784463289675
2021-04-18 18:23:00,0.902452336326507,-9.971541516915563,10.87010019901877
2021-04-18 18:24:00,0.9044811035529859,-9.374672014520563,11.836155439520612
2021-04-18 18:25:00,0.9066183004369724,-9.746391795554539,11.416926313921275
2021-04-18 18:26:00,0.9088623451301522,-9.102445830027103,12.070850055847064
2021-04-18 18:27:00,0.9112116205051409,-9.574450889476598,11.926952202192432
2021-04-18 18:28:00,0.9136644752032953,-9.254847378965803,11.948028460992424
2021-04-18 18:29:00,0.9162192235764912,-9.408325378790195,11.125817089346251
2021-04-18 18:30:00,0.9188741465351026,-9.166378992242633,10.797020329950298
2021-04-18 18:31:00,0.921627491823177,-9.760588917085395,11.784106972154312
2021-04-18 18:32:00,0.9244774746060765,-10.051365920351339,11.103942071178084
2021-04-18 18:33:00,0.9274222691706,-10.030987578917989,11.174523554756098
2021-04-18 18:34:00,0.9304600358919926,-9.475604849328779,11.539988017994226
2021-04-18 18:35:00,0.93358889527318,-9.813413969737203,12.127453938115096
2021-04-18 18:36:00,0.9368069374167769,-10.04024715369152,11.205176490096164
2021-04-18 18:37:00,0.9401122223268232,-8.908381294063007,11.333847276386614
2021-04-18 18:38:00,0.9435027807999526,-9.694694391748163,11.80197331482308
2021-04-18 18:39:00,0.9469766147239175,-10.12768565039108,11.2331659192183
2021-04-18 18:40:00,0.9505316977926619,-9.473667134577104,11.271280632436637
2021-04-18 18:41:00,0.9541659759989406,-10.491917039697832,11.1301725215555
2021-04-18 18:42:00,0.9578773684588375,-10.508437850959199,11.135356543216835
2021-04-18 18:43:00,0.9616637676360168,-10.23628299663095,11.181828914190698
2021-04-18 18:44:00,0.9655230402722775,-8.977706190622234,11.507245888964702
2021-04-18 18:45:00,0.9694530278575663,-9.927767210639445,11.246878261579594
2021-04-18 18:46:00,0.9734515473458529,-9.206332364176737,11.496974960370517
2021-04-18 18:47:00,0.9775163917666971,-10.64157007231868,11.73888361578745
2021-04-18 18:48:00,0.9816453307051898,-9.87983223322645,11.424570071446436
2021-04-18 18:49:00,0.9858361112879543,-9.450943414219232,10.733554847892803
2021-04-18 18:50:00,0.9900864584543164,-9.809668310777461,11.789984785206771
2021-04-18 18:51:00,0.9943940759644614,-9.550942941233519,11.720521714406653
2021-04-18 18:52:00,0.9987566469014449,-10.25335387243856,11.187780785499019
2021-04-18 18:53:00,1.003171834322818,-8.774087894893695,11.203486294455303
2021-04-18 18:54:00,1.0076372820240778,-9.546368550707488,11.652204475917562
2021-04-18 18:55:00,1.012150615205988,-9.803532287827451,11.683976976770987
2021-04-18 18:56:00,1.0167094411442665,-10.157163956149066,11.391068405694304
2021-04-18 18:57:00,1.0213113500244255,-9.564665835636376,11.32609870868666
2021-04-18 18:58:00,1.0259539153732755,-9.390310190932112,11.680065875224225
2021-04-18 18:59:00,1.0306346951016918,-9.559907419438705,10.781047685883918
2021-04-18 19:00:00,1.035351232074975,-9.636906440424614,11.45881209206203
2021-04-18 19:01:00,1.0401010546888212,-9.588348473150978,11.873241693207865
2021-04-18 19:02:00,1.0448816778986643,-9.813076466942734,11.2864075607361
2021-04-18 19:03:00,1.04969060381872,-10.217304011024217,11.601271467997321
2021-04-18 19:04:00,1.0545253222820965,-8.948880622923468,11.484304747373455
2021-04-18 19:05:00,1.0593833119783467,-10.029584856664533,11.302393938161947
2021-04-18 19:06:00,1.0642620407316659,-9.86821974082798,11.488646665116455
2021-04-18 19:07:00,1.0691589667653785,-9.331829288999154,11.180723116520165
2021-04-18 19:08:00,1.074071539019221,-9.424872192849765,11.569345045321217
2021-04-18 19:09:00,1.0789971981221151,-8.813930080723713,11.89123365477946
2021-04-18 19:10:00,1.083933377105824,-9.61396724156366,11.113254538007949
2021-04-18 19:11:00,1.0888775022721897,-9.14038950964382,10.939512734483039
2021-04-18 19:12:00,1.0938269937027485,-9.121382414681532,12.342879920867727
2021-04-18 19:13:00,1.098779266372184,-9.720148749418854,12.20393294814907
2021-04-18 19:14:00,1.1037317306422978,-9.382844715970093,11.993683567114397
2021-04-18 19:15:00,1.1086817931588084,-9.672814929933274,11.730744427774368
2021-04-18 19:16:00,1.1136268576798212,-9.689923566366726,11.69382207102361
2021-04-18 19:17:00,1.1185643257103726,-9.61034766126642,11.682670098430945
2021-04-18 19:18:00,1.123491597373195,-9.24528553525629,10.955606923614374
2021-04-18 19:19:00,1.12840607228528,-8.701825010162823,11.571697568298221
2021-04-18 19:20:00,1.1333051500169329,-8.526197922142034,11.994779186276137
2021-04-18 19:21:00,1.1381862314057822,-9.853267030764044,11.045392112402618
2021-04-18 19:22:00,1.1430467186835012,-9.013416094191196,11.470956062785461
2021-04-18 19:23:00,1.147884016843271,-9.62526208272315,11.889772928403344
2021-04-18 19:24:00,1.1526955341831122,-9.274533473129825,11.246098446885128
2021-04-18 19:25:00,1.1574786829194013,-8.447906984089519,11.864634772929465
2021-04-18 19:26:00,1.1622308803223,-9.589529553893868,11.573726477895951
2021-04-18 19:27:00,1.1669495492796145,-9.662505709451695,11.60828686262044
2021-04-18 19:28:00,1.171632119072534,-10.07009167437073,12.226121843955024
2021-04-18 19:29:00,1.1762760262507368,-8.681063309412599,11.905532242546757
2021-04-18 19:30:00,1.1808787153270879,-9.130792048872399,11.99795328892261
2021-04-18 19:31:00,1.1854376396715445,-9.435160772317063,12.094888598806891
2021-04-18 19:32:00,1.1899502621600355,-10.069585379899731,11.273056126903473
2021-04-18 19:33:00,1.1944140560044023,-9.621200944424595,12.69453702462343
2021-04-18 19:34:00,1.198826505549635,-9.16485380596261,11.664797208624442
2021-04-18 19:35:00,1.2031851069948505,-9.973749393219535,12.16198703920058
2021-04-18 19:36:00,1.2074873691873373,-9.804167723355004,12.295692858777185
2021-04-18 19:37:00,1.2117308144358596,-10.329876868068203,11.746611993445695
2021-04-18 19:38:00,1.2159129791525052,-9.6838310018073,11.638181856410267
2021-04-18 19:39:00,1.2200314146936129,-9.315788986626755,11.71203900143435
2021-04-18 19:40:00,1.2240836881735842,-9.021979947246988,12.21799243366764
2021-04-18 19:41:00,1.2280673830178703,-9.385292352926266,12.404878959277651
2021-04-18 19:42:00,1.2319800999863717,-9.757754379755793,11.030186123161682
2021-04-18 19:43:00,1.2358194575842534,-8.596536679808825,12.854416586415939
2021-04-18 19:44:00,1.2395830931331828,-8.60596508041052,12.056186294094788
2021-04-18 19:45:00,1.2432686633254622,-9.927950073186748,11.682571808115211
2021-04-18 19:46:00,1.2468738448812695,-9.671088623758056,12.01012818948316
2021-04-18 19:47:00,1.2503963354885985,-9.58395066897784,11.574337270333478
2021-04-18 19:48:00,1.253833854345628,-10.343398499918344,11.94805143258965
2021-04-18 19:49:00,1.2571841429277266,-9.571427558479158,11.365579369976267
2021-04-18 19:50:00,1.2604449657202768,-9.567093303471724,11.87328119440621
2021-04-18 19:51:00,1.2636141108615144,-8.779832583063826,11.137699732691862
2021-04-18 19:52:00,1.266689390927295,-9.2746152797371,11.882834657521322
2021-04-18 19:53:00,1.2696686435261109,-9.690587012068935,11.813645705600846
2021-04-18 19:54:00,1.2725497320046921,-10.000707456886069,12.221764118779829
2021-04-18 19:55:00,1.2753305461727775,-9.87372962684999,12.735822810466441
2021-04-18 19:56:00,1.2780090029660158,-9.249434078429182,12.080106485232625
2021-04-18 19:57:00,1.2805830469599733,-8.951753029693377,11.489991044708438
2021-04-18 19:58:00,1.283050651288657,-8.886394341432348,11.967052694269242
2021-04-18 19:59:00,1.2854098179987365,-8.476413291403343,12.450919813493748
2021-04-18 20:00:00,1.2876585789430883,-9.505904154070919,12.344664549362346
2021-04-18 20:01:00,1.2897949962819908,-10.225916364444148,12.011092198711793
2021-04-18 20:02:00,1.2918171630397302,-9.654517400952466,11.866393002926555
2021-04-18 20:03:00,1.293723203907492,-9.349368253962655,11.171396498687395
2021-04-18 20:04:00,1.2955112756868201,-9.490565119111471,12.303448574379598
2021-04-18 20:05:00,1.297179567935761,-8.42949576261739,12.182217243355629
2021-04-18 20:06:00,1.2987263036108778,-9.62326686665081,12.136464710647799
2021-04-18 20:07:00,1.3001497395261352,-9.017532218644968,12.117870738956304
2021-04-18 20:08:00,1.3014481670532638,-10.86643660748401,12.040015795841137
2021-04-18 20:09:00,1.3026199126189755,-9.946733417922177,11.758033526594975
2021-04-18 20:10:00,1.30366333820739,-8.90608302890557,11.92450461924708
2021-04-18 20:11:00,1.304576842010287,-9.20934194343615,11.604034371170686
2021-04-18 20:12:00,1.3053588588711644,-9.112869688512617,12.371010196429575
2021-04-18 20:13:00,1.3060078608337014,-8.83390737008203,12.047751513495557
2021-04-18 20:14:00,1.3065223576625185,-8.81840002626071,11.772437830252871
2021-04-18 20:15:00,1.306900897319705,-9.374431076338293,11.839573465065605
2021-04-18 20:16:00,1.307142066483602,-8.703472317037635,11.313565204199458
2021-04-18 20:17:00,1.307244491020823,-9.492938616013342,11.407564631054282
2021-04-18 20:18:00,1.307206836404256,-9.510552419208912,11.531038037051957
2021-04-18 20:19:00,1.3070278082624065,-9.692468427751347,12.222467330223056
2021-04-18 20:20:00,1.306706152729029,-10.48812529805499,12.44382698085949
2021-04-18 20:21:00,1.306240656956653,-10.077265902838864,11.77877013854132
2021-04-18 20:22:00,1.3056301494965419,-8.658619551175795,11.401750137291966
2021-04-18 20:23:00,1.3048735007145702,-9.030429316185534,11.673687988072938
2021-04-18 20:24:00,1.303969623199912,-9.522874608475128,11.641389623511408
2021-04-18 20:25:00,1.302917472155851,-9.55446259207103,11.586418155491266
2021-04-18 20:26:00,1.3017160457658907,-9.661193360380205,12.249609236739754
2021-04-18 20:27:00,1.300364385563936,-8.858138461719744,12.858308555488177
2021-04-18 20:28:00,1.2988615767889549,-8.455276377477832,11.087955549768658
2021-04-18 20:29:00,1.2972067487197734,-9.186290396320627,11.59176687830491
2021-04-18 20:30:00,1.2953990750051692,-8.792189916554005,12.166876261769902
2021-04-18 20:31:00,1.2934377739834497,-9.503016062787584,12.42028242644533
2021-04-18 20:32:00,1.2913221089792999,-9.298259335058276,11.75893993081803
2021-04-18 20:33:00,1.2890513885830603,-8.587338382238991,12.801343784277893
2021-04-18 20:34:00,1.2866249669702612,-9.033317767647478,11.102089091954213
2021-04-18 20:35:00,1.2840422440993982,-9.10842498308932,11.452472916809368
2021-04-18 20:36:00,1.2813026660406226,-8.695451678978301,11.718910401047822
2021-04-18 20:37:00,1.278405725138083,-10.427665328750509,11.389202600061152
2021-04-18 20:38:00,1.2753509602887578,-8.69111202236758,11.61494199804093
2021-04-18 20:39:00,1.2721379571475908,-10.16584880349262,12.067299444304119
2021-04-18 20:40:00,1.2687663482969318,-8.785523609171937,11.8006220116312
2021-04-18 20:41:00,1.2652358134603394,-9.17254194118616,12.101951466739221
2021-04-18 20:42:00,1.261546079678248,-8.743559165622655,11.47872145716605
2021-04-18 20:43:00,1.2576969214374991,-9.66813773628587,11.891707227172065
2021-04-18 20:44:00,1.2536881608554848,-9.684673000800936,12.664320583989682
2021-04-18 20:45:00,1.249519667782514,-9.111442235925164,11.969405920075184
2021-04-18 20:46:00,1.2451913599139603,-9.149556525001211,12.778653913570293
2021-04-18 20:47:00,1.2407032029444056,-9.826660626497919,11.743425069431494
2021-04-18 20:48:00,1.236055210609723,-10.169757598514828,11.340410272297714
2021-04-18 20:49:00,1.231247444761672,-9.506805922912493,11.58778421553322
2021-04-18 20:50:00,1.2262800154895257,-9.168635807812395,12.549016429021712
2021-04-18 20:51:00,1.2211530810981726,-9.755093400475552,12.075340874514701
2021-04-18 20:52:00,1.215866848206966,-9.175162401137978,11.841753910516875
2021-04-18 20:53:00,1.2104215717451081,-9.86695130370689,11.373068571230037
2021-04-18 20:54:00,1.2048175548626647,-8.863282407052125,12.320757094477214
2021-04-18 20:55:00,1.1990551492140744,-9.743590256814072,11.965775052021039
2021-04-18 20:56:00,1.1931347545514295,-9.095637350879239,12.420832887772674
2021-04-18 20:57:00,1.187056818984262,-9.423067494490986,11.484417432170439
2021-04-18 20:58:00,1.1808218388382912,-8.150538758632404,12.322036228479007
2021-04-18 20:59:00,1.1744303585552713,-8.752981929993313,12.217059772974071
2021-04-18 21:00:00,1.1678829707037406,-9.044502783124727,11.756770530651318
2021-04-18 21:01:00,1.1611803157841771,-9.339303370056491,11.67176012857093
2021-04-18 21:02:00,1.1543230822140882,-9.031009829406504,12.828227028739722
2021-04-18 21:03:00,1.14731200621687,-9.374367378484068,13.045980965317769
2021-04-18 21:04:00,1.1401478715729831,-9.887798830534445,11.631736372063552
2021-04-18 21:05:00,1.132831509684333,-9.512427844634063,11.247589515521396
2021-04-18 21:06:00,1.1253637991849061,-9.419992896991408,12.65636358319864
2021-04-18 21:07:00,1.117745665925569,-8.921697616452812,11.383940914014097
2021-04-18 21:08:00,1.109978082770471,-8.8623021100311,11.165111102921664
2021-04-18 21:09:00,1.1020620693772605,-9.186553438465287,11.878603561443784
2021-04-18 21:10:00,1.0939986918426636,-8.844269533517796,12.294464427056846
2021-04-18 21:11:00,1.0857890628728941,-8.986653076408444,11.752306893796234
2021-04-18 21:12:00,1.0774343410195193,-9.412785283112889,11.313010026752972
2021-04-18 21:13:00,1.0689357309634036,-9.208248878800324,12.215901490190937
2021-04-18 21:14:00,1.0602944827719503,-8.564557779777259,11.434558078442986
2021-04-18 21:15:00,1.0515118918846842,-8.851102936528946,12.071835821636622
2021-04-18 21:16:00,1.0425892988870247,-9.284871441412443,12.324405179256848
2021-04-18 21:17:00,1.0335280889626446,-8.91015339576758,11.47116333527049
2021-04-18 21:18:00,1.0243296917006586,-9.20016887846272,12.325939009916809
2021-04-18 21:19:00,1.0149955809044373,-9.086638484678915,11.989127899974774
2021-04-18 21:20:00,1.0055272739458976,-9.36083673076447,11.096753500901515
2021-04-18 21:21:00,0.9959263316979544,-9.753597411031778,11.01579631847338
2021-04-18 21:22:00,0.9861943579827385,-9.513841676120089,11.315952211021564
2021-04-18 21:23:00,0.97633299925045,-9.312657975004916,11.356740355686012
2021-04-18 21:24:00,0.966343944251617,-9.838184424888823,11.93150066627986
2021-04-18 21:25:00,0.9562289235012552,-9.537041428194483,12.176601568808685
2021-04-18 21:26:00,0.9459897088394763,-10.124454985995635,11.113258636134706
2021-04-18 21:27:00,0.9356281133403318,-8.955741704205805,12.442172690032901
2021-04-18 21:28:00,0.9251459903425806,-8.486656253837833,11.2980378829691
2021-04-18 21:29:00,0.9145452334941945,-9.28478548248334,12.025556986814795
2021-04-18 21:30:00,0.9038277759197716,-11.134456074286959,11.138695127837568
2021-04-18 21:31:00,0.8929955898094201,-9.737844618232526,11.486353567313607
2021-04-18 21:32:00,0.8820506862912741,-9.661519135575304,11.599724280525498
2021-04-18 21:33:00,0.8709951143532554,-9.753307899470355,10.858855233014593
2021-04-18 21:34:00,0.8598309607075625,-9.445880656201988,11.407431558662593
2021-04-18 21:35:00,0.8485603492547068,-8.556151217227896,11.537814371304297
2021-04-18 21:36:00,0.8371854403811032,-9.401181198933633,10.913151953049937
2021-04-18 21:37:00,0.8257084305808606,-9.569959931727531,11.313328597864873
2021-04-18 21:38:00,0.8141315517896551,-10.060218364634736,11.364569074087672
2021-04-18 21:39:00,0.8024570707725047,-10.303761535329649,11.424242986357584
2021-04-18 21:40:00,0.7906872888281014,-9.597653482078833,10.80730184944904
2021-04-18 21:41:00,0.7788245408227676,-10.543619294055842,11.097137310087904
2021-04-18 21:42:00,0.7668711947702824,-9.412355295108766,11.618684222185784
2021-04-18 21:43:00,0.754829651411985,-9.380712789910003,10.89161211360417
2021-04-18 21:44:00,0.7427023431890976,-10.106404967375035,11.599255446485374
2021-04-18 21:45:00,0.7304917340058725,-9.97426089770936,11.560768628119554
2021-04-18 21:46:00,0.7182003183912229,-9.269827187063886,11.586346374909736
2021-04-18 21:47:00,0.7058306207235248,-9.499396786677126,10.827191088581493
2021-04-18 21:48:00,0.6933851951238743,-10.645201837914655,10.73469817443617
2021-04-18 21:49:00,0.6808666239051322,-10.585488545460315,10.396996949071843
2021-04-18 21:50:00,0.6682775179885998,-9.762464817389171,11.514369297385041
2021-04-18 21:51:00,0.6556205151268816,-10.473323913412361,11.42383186088323
2021-04-18 21:52:00,0.6428982799940068,-8.973583122285392,10.96479596504603
2021-04-18 21:53:00,0.6301135032253372,-10.143114471117347,11.412398544438782
2021-04-18 21:54:00,0.6172689006760421,-9.462750523399478,10.968266416240027
2021-04-18 21:55:00,0.6043672126785881,-9.802454251493259,10.423857638583588
2021-04-18 21:56:00,0.5914112035249669,-9.773022762646807,11.709425387620813
2021-04-18 21:57:00,0.5784036604991992,-10.887597031446633,10.507218159553558
2021-04-18 21:58:00,0.5653473933592091,-10.43597130214228,10.835842012234846
2021-04-18 21:59:00,0.5522452333519996,-10.070069184154665,11.06787261188866
2021-04-18 22:00:00,0.5391000326710187,-9.990156757992471,11.120494208295588
2021-04-18 22:01:00,0.5259146636715363,-9.439204547193068,11.031348580984947
2021-04-18 22:02:00,0.512692018074704,-9.534069596136717,10.914301076611805
2021-04-18 22:03:00,0.4994350059147731,-10.08848594594091,11.060839949666462
2021-04-18 22:04:00,0.48614655560092057,-9.781759986974032,11.332775634775013
2021-04-18 22:05:00,0.4728296119605681,-9.251829870065135,10.839033833248019
2021-04-18 22:06:00,0.45948713658377005,-11.462693393494671,10.14263200964428
2021-04-18 22:07:00,0.44612210630191856,-9.836563993626966,11.473802481878256
2021-04-18 22:08:00,0.43273751502210267,-9.637533182347152,11.325025005281915
2021-04-18 22:09:00,0.41933636580737427,-10.234394055708604,10.608502838994557
2021-04-18 22:10:00,0.4059216769930863,-10.246154178601884,11.596180486325023
2021-04-18 22:11:00,0.3924964793380719,-10.57711401249267,11.196940721921811
2021-04-18 22:12:00,0.3790638150946675,-10.26638752493575,10.347799284074798
2021-04-18 22:13:00,0.36562673696267667,-9.916832907456465,10.876389253919852
2021-04-18 22:14:00,0.35218830771852927,-9.808497420848422,11.41068007154842
2021-04-18 22:15:00,0.3387515988885867,-9.959225158614439,11.446697651363843
2021-04-18 22:16:00,0.32531969026515634,-10.082877163751512,10.666411910033151
2021-04-18 22:17:00,0.31189566901393617,-10.551957434508626,11.700223111394426
2021-04-18 22:18:00,0.29848262876537784,-10.172442218115929,11.456406586076815
2021-04-18 22:19:00,0.28508366874156243,-10.269259830422955,10.53118443762242
2021-04-18 22:20:00,0.2717018931352422,-10.977359190966496,11.411607047234959
2021-04-18 22:21:00,0.2583404100218557,-10.025407626002155,11.201811706357608
2021-04-18 22:22:00,0.24500233073702604,-10.558077910523725,10.777138092422657
2021-04-18 22:23:00,0.23169076883156087,-9.474665686633614,10.647339597342652
2021-04-18 22:24:00,0.21840883921346932,-10.528085469138375,10.511766650602153
2021-04-18 22:25:00,0.20515965777015177,-10.432136106647638,11.799673492610545
2021-04-18 22:26:00,0.1919463398037693,-11.037662975354849,10.48996007075029
2021-04-18 22:27:00,0.17877199962599266,-10.338191680371821,11.179147754673743
2021-04-18 22:28:00,0.16563974982424068,-10.70701037104687,10.618356086989237
2021-04-18 22:29:00,0.1525526999586393,-10.642502194987793,10.708640805947537
2021-04-18 22:30:00,0.13951395615898854,-10.54673268438057,10.45309687427197
2021-04-18 22:31:00,0.1265266200101679,-10.212271289886171,11.574519912551546
2021-04-18 22:32:00,0.11359378779197171,-10.625368690640315,10.123661517944605
2021-04-18 22:33:00,0.10071854971666416,-9.794496697903211,11.212960325040456
2021-04-18 22:34:00,0.0879039888212414,-10.38204200803169,11.179113057837105
2021-04-18 22:35:00,0.07515318056144604,-10.424712209519587,10.692003005532033
2021-04-18 22:36:00,0.062469191501513976,-10.635368959918184,10.351513202895418
2021-04-18 22:37:00,0.049855078687406795,-10.880523090313863,9.594214740880574
2021-04-18 22:38:00,0.03731388901746602,-10.97533837951033,9.66598287031061
2021-04-18 22:39:00,0.02484865800555547,-10.590812440793785,10.4349025499049
2021-04-18 22:40:00,0.012462409070462588,-10.515268505503629,10.234666992993743
2021-04-18 22:41:00,0.0001581531049890117,-10.07191676955441,10.241380984576335
2021-04-18 22:42:00,-0.012061113096025644,-10.377918692996166,10.58806246704415
2021-04-18 22:43:00,-0.02419240680862289,-10.776540426289461,10.786506475113653
2021-04-18 22:44:00,-0.036232761063589525,-11.482337631479732,10.046123067071582
2021-04-18 22:45:00,-0.048179224831427225,-9.817490091613461,11.056012502430399
2021-04-18 22:46:00,-0.06002886389513262,-10.573031460868288,9.911233950094465
2021-04-18 22:47:00,-0.07177876207954637,-9.953441731960817,10.828362863994014
2021-04-18 22:48:00,-0.08342602171700642,-10.190196739108183,10.637622949743458
2021-04-18 22:49:00,-0.09496776433307719,-10.844727172212757,10.414247386889935
2021-04-18 22:50:00,-0.10640113186107791,-10.258533504323402,10.333266139443072
2021-04-18 22:51:00,-0.11772328703468238,-10.649639466300595,10.524058166675742
2021-04-18 22:52:00,-0.12893141437941402,-10.838025322748813,9.67965624374354
2021-04-18 22:53:00,-0.14002272102098345,-9.90889851382981,10.064686900455708
2021-04-18 22:54:00,-0.15099443727033235,-9.874235214828186,10.843766946119251
2021-04-18 22:55:00,-0.16184381757552668,-10.76018591134996,9.83579161431568
2021-04-18 22:56:00,-0.17256814121618702,-10.815970008045094,10.20236513056649
2021-04-18 22:57:00,-0.18316471299818682,-10.693218994115709,10.86173324511567
2021-04-18 22:58:00,-0.19363086421466513,-10.778414478056431,10.221108481371093
2021-04-18 22:59:00,-0.2039639530216355,-10.50823637540975,9.88688035148713
2021-04-18 23:00:00,-0.21416136556447096,-11.201786480345321,10.76267574618447
2021-04-18 23:01:00,-0.22422051657916575,-9.9598914116207,10.369065961880118
2021-04-18 23:02:00,-0.23413884981580002,-11.492198924219808,10.344429944115555
2021-04-18 23:03:00,-0.2439138392626391,-10.531112687319586,10.522666593445804
2021-04-18 23:04:00,-0.253542989527864,-10.993701529597345,9.264804011944664
2021-04-18 23:05:00,-0.26302383654212924,-11.693428253570877,10.583329913827864
2021-04-18 23:06:00,-0.2723539483781243,-10.855853104592871,10.591337467411677
2021-04-18 23:07:00,-0.2815309258085732,-11.276346289055144,10.566546925067183
2021-04-18 23:08:00,-0.2905524031375327,-11.541459120073297,9.941808489858278
2021-04-18 23:09:00,-0.29941604869783767,-11.420922887558033,10.88957025689367
2021-04-18 23:10:00,-0.30811956557639486,-10.824022932953763,9.698087848804974
2021-04-18 23:11:00,-0.316660692264504,-9.824732903385899,10.953101930041552
2021-04-18 23:12:00,-0.32503720338019426,-11.272633635047233,10.406818314167408
2021-04-18 23:13:00,-0.33324691003380935,-11.336502262549232,10.252698959986917
2021-04-18 23:14:00,-0.3412876608030415,-11.193842516710825,10.848996599418225
2021-04-18 23:15:00,-0.3491573420474986,-11.118638652049498,10.265873185726093
2021-04-18 23:16:00,-0.35685387863455287,-11.15058033728548,11.104116541116571
2021-04-18 23:17:00,-0.3643752345958795,-11.28221345956225,9.553180287910818
2021-04-18 23:18:00,-0.3717194134909767,-11.01917706856418,9.824473759277572
2021-04-18 23:19:00,-0.3788844592666847,-10.712731385854063,10.968153585412109
2021-04-18 23:20:00,-0.38586845646104084,-10.613074791537612,10.280477747481163
2021-04-18 23:21:00,-0.3926695311068208,-10.838045004965075,10.188094660187245
2021-04-18 23:22:00,-0.39928585108637726,-11.13836092622883,9.817957392506871
2021-04-18 23:23:00,-0.4057156265496512,-11.474587131502409,9.71231648973252
2021-04-18 23:24:00,-0.41195711070001373,-10.963261023407513,10.258586966753631
2021-04-18 23:25:00,-0.41800860006561413,-10.556552229467226,10.66839345102344
2021-04-18 23:26:00,-0.4238684350887343,-10.889309061790122,10.098196855684504
2021-04-18 23:27:00,-0.4295350005907089,-10.80989661967382,9.986067548989881
2021-04-18 23:28:00,-0.43500672621520575,-11.097762935785488,9.749376038736017
2021-04-18 23:29:00,-0.4402820869602525,-10.659204712585572,10.820940624920917
2021-04-18 23:30:00,-0.4453596035056382,-10.639037591031057,9.693164596529016
2021-04-18 23:31:00,-0.45023784270715794,-11.024063759728147,9.871420961591122
2021-04-18 23:32:00,-0.454915418045174,-10.619357779753523,10.214563077331965
2021-04-18 23:33:00,-0.45939098999977734,-11.177635294611129,10.375768413138099
2021-04-18 23:34:00,-0.4636632663751781,-10.462664956608533,10.314128332406307
2021-04-18 23:35:00,-0.4677310027938718,-10.231608460752122,10.614398360401855
2021-04-18 23:36:00,-0.47159300301464446,-11.278262416054694,10.589214542596572
2021-04-18 23:37:00,-0.4752481192500707,-10.97748722185034,9.939242057893933
2021-04-18 23:38:00,-0.4786952526412678,-11.320962525331671,10.218134215786986
2021-04-18 23:39:00,-0.4819333533807669,-10.967474172413235,10.691388283836325
2021-04-18 23:40:00,-0.48496142121917263,-12.00972150006809,10.20021806737103
2021-04-18 23:41:00,-0.4877785056453635,-11.155764568910575,9.998539921185017
2021-04-18 23:42:00,-0.4903837062369525,-10.67772076103336,10.539773801242735
2021-04-18 23:43:00,-0.49277617295294995,-10.609760496797517,10.051210378810433
2021-04-18 23:44:00,-0.49495510628860173,-10.739293726283359,10.255073176822586
2021-04-18 23:45:00,-0.4969197576670893,-10.776895682175534,9.783378297758711
2021-04-18 23:46:00,-0.49866942960362803,-10.733275703903917,9.771855599224498
2021-04-18 23:47:00,-0.5002034758750694,-10.380550100906529,10.193845025780552
2021-04-18 23:48:00,-0.5015213018556495,-11.468533104590135,10.46623241672425
2021-04-18 23:49:00,-0.5026223645823077,-11.208115821469443,10.25365014181161
2021-04-18 23:50:00,-0.5035061730397656,-11.143170430463318,10.257654414150817
2021-04-18 23:51:00,-0.5041722882365316,-10.48480226366763,10.065285371765262
2021-04-18 23:52:00,-0.5046203234355189,-10.914162644776518,10.112707621905173
2021-04-18 23:53:00,-0.5048499442619389,-11.166512712371881,9.644017821945496
2021-04-18 23:54:00,-0.5048608687812356,-12.095643623057866,10.858476579865316
2021-04-18 23:55:00,-0.5046528677153661,-11.583151721237071,10.340406576798518
2021-04-18 23:56:00,-0.504225764415082,-11.524680544428753,11.027934318500948
2021-04-18 23:57:00,-0.5035794350544266,-10.713976105126047,10.384850110801779
2021-04-18 23:58:00,-0.5027138086154657,-11.351713770465123,9.807950439991371
2021-04-18 23:59:00,-0.5016288669918139,-10.5816341640957,10.548924641651215
2021-04-19 00:00:00,-0.5003246450324172,-11.47477190654107,10.855350759071975
2021-04-19 00:01:00,-0.49880123050220704,-10.18857743761295,9.851464097589888
2021-04-19 00:02:00,-0.4970587641664025,-11.658629492440426,10.749347750758721
2021-04-19 00:03:00,-0.49509743978424314,-10.663453843301,9.801964624144661
2021-04-19 00:04:00,-0.49291750400893997,-10.614946036811434,10.019121000298343
2021-04-19 00:05:00,-0.49051925648916206,-11.520294555348185,9.983543259369608
2021-04-19 00:06:00,-0.4879030496895169,-11.729530127460803,10.849215946685016
2021-04-19 00:07:00,-0.4850692889233361,-11.666534869327162,9.398620881159378
2021-04-19 00:08:00,-0.4820184322547022,-11.63356073128743,10.326857272603139
2021-04-19 00:09:00,-0.47875099041472324,-10.594380849457256,10.091845679338096
2021-04-19 00:10:00,-0.4752675266032286,-10.92027154255642,10.1061443379723
2021-04-19 00:11:00,-0.4715686566104762,-11.59489191097802,11.375863790007884
2021-04-19 00:12:00,-0.46765504841595207,-11.677509150816284,10.211880727105967
2021-04-19 00:13:00,-0.46352742224939814,-10.316941475189742,10.070615460657512
2021-04-19 00:14:00,-0.4591865503097986,-10.57643864107889,9.966099573801177
2021-04-19 00:15:00,-0.4546332565616218,-9.718754838260603,10.563623614134164
2021-04-19 00:16:00,-0.4498684168171123,-10.475125874754381,9.961314631475487
2021-04-19 00:17:00,-0.44489295815754726,-11.256879351827735,10.975920059043938
2021-04-19 00:18:00,-0.43970785896548537,-10.828636659045314,10.003031646870319
2021-04-19 00:19:00,-0.4343141487003156,-10.829287540232526,10.354686928992322
2021-04-19 00:20:00,-0.4287129074971362,-10.955593721476893,9.761178718944292
2021-04-19 00:21:00,-0.42290526611546186,-11.199181209435963,8.824734995674785
2021-04-19 00:22:00,-0.4168924054906832,-11.61044845414913,10.27222296433684
2021-04-19 00:23:00,-0.41067555653954935,-11.031677433725111,10.805288449237112
2021-04-19 00:24:00,-0.4042559999330253,-10.438711408714136,10.518790240311295
2021-04-19 00:25:00,-0.397635065637009,-11.244361504363738,10.682743452158665
2021-04-19 00:26:00,-0.39081413267515475,-10.601914048734955,9.45234150674918
2021-04-19 00:27:00,-0.38379462887211835,-11.189711421151907,10.877317741249119
2021-04-19 00:28:00,-0.3765780303158719,-11.013250230471787,9.673851473094494
2021-04-19 00:29:00,-0.3691658612263743,-11.16530515283068,9.987167505682997
2021-04-19 00:30:00,-0.3615596934117379,-10.584735486469475,10.412019499024453
2021-04-19 00:31:00,-0.3537611458177832,-10.486702104749625,9.700865614043835
2021-04-19 00:32:00,-0.3457718845596849,-10.695418478950073,10.519346794399736
2021-04-19 00:33:00,-0.3375936218990554,-10.739504024437267,10.2582091354213
2021-04-19 00:34:00,-0.32922811625485837,-11.350056939155603,9.825614481677743
2021-04-19 00:35:00,-0.32067717170863363,-10.54619022276156,10.030069511292844
2021-04-19 00:36:00,-0.31194263736956906,-11.130708401480035,10.71421687460985
2021-04-19 00:37:00,-0.3030264071734008,-10.403606438284529,10.695440321907482
2021-04-19 00:38:00,-0.29393041917944285,-11.131454352115776,9.94243154332325
2021-04-19 00:39:00,-0.2846566551983132,-10.138534796592074,10.393052464868623
2021-04-19 00:40:00,-0.2752071403948727,-11.476327973063444,10.284860209270022
2021-04-19 00:41:00,-0.26558394257377715,-11.891686652941273,9.855241897848748
2021-04-19 00:42:00,-0.2557891717823344,-10.30025049953549,10.430291215915364
2021-04-19 00:43:00,-0.2458249798750226,-10.678573777186749,10.728144437631835
2021-04-19 00:44:00,-0.23569355973970385,-10.566378941805175,10.888391742883673
2021-04-19 00:45:00,-0.22539714502513775,-10.818860202010356,10.584193335001299
2021-04-19 00:46:00,-0.21493800938631724,-10.518797334554446,9.715937896433717
2021-04-19 00:47:00,-0.20431846579147073,-10.649281214689294,10.370982594758715
2021-04-19 00:48:00,-0.19354086653527602,-10.626117015569964,9.982222964364398
2021-04-19 00:49:00,-0.18260760175674262,-11.233779524733775,9.910792302881303
2021-04-19 00:50:00,-0.17152109976629165,-10.55723794057472,10.903098647742212
2021-04-19 00:51:00,-0.16028382573736216,-10.66131870129684,9.763854552759856
2021-04-19 00:52:00,-0.14889828122594534,-11.663007770823157,10.818505948658473
2021-04-19 00:53:00,-0.13736700407060848,-10.96602289922647,10.615186211285081
2021-04-19 00:54:00,-0.12569256692759628,-10.866321175237344,11.309652259106231
2021-04-19 00:55:00,-0.11387757718215441,-9.9943581567732,10.388651694241059
2021-04-19 00:56:00,-0.10192467627398638,-9.91607476553249,10.142509679211665
2021-04-19 00:57:00,-0.08983653869690006,-11.391796971131967,9.526634851368925
2021-04-19 00:58:00,-0.07761587172105072,-9.911588808046744,10.532468447861042
2021-04-19 00:59:00,-0.06526541440299494,-10.1089247207281,11.017749264149678
2021-04-19 01:00:00,-0.052787937017858444,-11.488127898276606,10.720899443252385
2021-04-19 01:01:00,-0.040186240488936986,-10.40073131027993,10.822720568282872
2021-04-19 01:02:00,-0.027463155409036766,-10.243483157613834,9.500432035464382
2021-04-19 01:03:00,-0.01462154150387629,-11.282108185376808,9.778054392935456
2021-04-19 01:04:00,-0.0016642870008328758,-10.409284071865006,10.706682297667063
2021-04-19 01:05:00,0.011405692419764024,-10.420935736344179,10.951332608295472
2021-04-19 01:06:00,0.0245854539198177,-10.041486051107071,10.379461146365266
2021-04-19 01:07:00,0.037872028628885335,-10.20123780391945,10.68665845360499
2021-04-19 01:08:00,0.05126242240750123,-10.652861196430885,10.163628537176615
2021-04-19 01:09:00,0.06475361596610468,-10.049963270071054,10.335856490579085
2021-04-19 01:10:00,0.07834256657123884,-10.757621050193782,10.03265147218457
2021-04-19 01:11:00,0.09202620816878004,-9.929441010577207,10.862122823129248
2021-04-19 01:12:00,0.10580145221950521,-9.874881206105076,11.421481872480753
2021-04-19 01:13:00,0.1196651887572599,-10.412829099984423,10.278730544264052
2021-04-19 01:14:00,0.1336142868366878,-9.686147619558204,11.07441780134006
2021-04-19 01:15:00,0.14764559558901558,-9.804131246918521,11.036887101866272
2021-04-19 01:16:00,0.16175594496644075,-9.591812369645686,11.135573222865101
2021-04-19 01:17:00,0.17594214625741927,-10.725989421555095,10.412664908545054
2021-04-19 01:18:00,0.19020099332142276,-11.40283255285654,10.794949383216288
2021-04-19 01:19:00,0.20452926318793146,-10.478122722727013,10.793856252584257
2021-04-19 01:20:00,0.21892371664882135,-10.748032598168779,11.043004076680285
2021-04-19 01:21:00,0.23338109955841335,-10.118579685868095,11.206837052019717
2021-04-19 01:22:00,0.24789814315399142,-10.624766411028936,10.621745801068242
2021-04-19 01:23:00,0.2624715651816085,-9.567520300990372,10.578298852484952
2021-04-19 01:24:00,0.27709807086843846,-10.563748560512428,11.51218595524883
2021-04-19 01:25:00,0.2917743529785808,-9.83701195184901,9.47431218318267
2021-04-19 01:26:00,0.30649709375867973,-10.103163526159946,10.246717215736282
2021-04-19 01:27:00,0.32126296491165796,-10.281456134866382,11.48331488914316
2021-04-19 01:28:00,0.33606862866425036,-10.86138694351018,10.696475468981031
2021-04-19 01:29:00,0.3509107388699345,-10.11450272995751,10.992200299957712
2021-04-19 01:30:00,0.3657859412287728,-10.04295917171549,10.45953499431404
2021-04-19 01:31:00,0.38069087497596865,-9.68641926863169,11.318086860782868
2021-04-19 01:32:00,0.3956221730880875,-9.487868542767572,10.72832067574079
2021-04-19 01:33:00,0.4105764631848161,-9.719159855041136,10.942811267987716
2021-04-19 01:34:00,0.4255503686664796,-9.933209995664825,11.149782328103543
2021-04-19 01:35:00,0.4405405091967626,-9.952911311623259,11.016737438123963
2021-04-19 01:36:00,0.455543501902792,-10.249466644786283,10.42309358741517
2021-04-19 01:37:00,0.47055596197964883,-10.414063316754804,11.302076597373757
2021-04-19 01:38:00,0.48557450349122966,-10.42875369731135,11.56186674630771
2021-04-19 01:39:00,0.5005957404094139,-10.062766491170832,11.63062982332845
2021-04-19 01:40:00,0.5156162874371173,-9.675819631989237,11.63110409894496
2021-04-19 01:41:00,0.5306327605059162,-10.463217148131836,11.328378497463392
2021-04-19 01:42:00,0.5486687865387627,-10.216579222295543,10.827006138794337
2021-04-19 01:43:00,0.5666939786593839,-9.703150028104282,11.082265861383105
2021-04-19 01:44:00,0.5847049624325249,-10.366512676204989,11.740630629323416
2021-04-19 01:45:00,0.602698368473893,-9.34935054434277,10.695300997996043
2021-04-19 01:46:00,0.6206708325965643,-11.180818561865184,11.170933612098311
2021-04-19 01:47:00,0.6386189975775831,-9.083936289536027,11.358416438513792
2021-04-19 01:48:00,0.6565395132974745,-9.65268796771889,12.011135085033567
2021-04-19 01:49:00,0.6744290377076121,-9.206773173363196,10.809554516104015
2021-04-19 01:50:00,0.6922842379658535,-10.511992123784763,11.46007418070737
2021-04-19 01:51:00,0.7101017907096445,-10.04462079525618,11.198218703320133
2021-04-19 01:52:00,0.727878383444859,-10.600907260510533,11.075592431670644
2021-04-19 01:53:00,0.7456107149970171,-10.57892229922206,11.241733371364067
2021-04-19 01:54:00,0.7632954963230215,-10.252067507825032,11.851543768280075
2021-04-19 01:55:00,0.7809294514864471,-9.868603938986997,10.989715802637862
2021-04-19 01:56:00,0.7985093184390004,-10.123466303935718,12.137904892216673
2021-04-19 01:57:00,0.8160318495702299,-10.283874419866551,10.907826760714038
2021-04-19 01:58:00,0.8334938128374632,-9.882161038498307,11.19008779507353
2021-04-19 01:59:00,0.8508919922218914,-10.27317090979368,11.434829782284755
2021-04-19 02:00:00,0.8682231887901988,-10.215751505401299,11.862574590059083
2021-04-19 02:01:00,0.8854842215101452,-10.11043886207396,11.690286317529752
2021-04-19 02:02:00,0.902671927375504,-8.714907678851151,11.942835549951818
2021-04-19 02:03:00,0.9197831631357414,-10.291492984021316,11.347207914272623
2021-04-19 02:04:00,0.9368148054343797,-8.789922433157168,12.390429951865524
2021-04-19 02:05:00,0.9537637514837556,-9.977186991755204,10.882426846551008
2021-04-19 02:06:00,0.9706269203223392,-8.910754298000011,11.685099698651095
2021-04-19 02:07:00,0.9874012530233968,-9.73238817786127,11.670289314231507
2021-04-19 02:08:00,1.0040837137741832,-9.77885269322644,11.952959461928529
2021-04-19 02:09:00,1.0206712904772264,-9.670324166596806,11.374734448288306
2021-04-19 02:10:00,1.0371609953506815,-9.610402174839491,12.453978819524684
2021-04-19 02:11:00,1.0535498659239773,-9.015135540678719,11.054003473408454
2021-04-19 02:12:00,1.0698349654947503,-10.442781089683349,12.197449408910654
2021-04-19 02:13:00,1.0860133838100046,-9.156234171415289,11.759304932395466
2021-04-19 02:14:00,1.1020822380614983,-9.412592348190513,11.102083429513085
2021-04-19 02:15:00,1.118038673050325,-8.565543070353007,11.251553788788522
2021-04-19 02:16:00,1.1338798623619029,-9.995369201972354,11.763061309839781
2021-04-19 02:17:00,1.1496030089265898,-9.467494317756598,11.921080018275811
2021-04-19 02:18:00,1.1652053451842657,-9.438118538439623,11.952697251141078
2021-04-19 02:19:00,1.1806841344295558,-9.471087397141485,11.575266985198672
2021-04-19 02:20:00,1.1960366709363535,-8.960842985883204,11.337889428017542
2021-04-19 02:21:00,1.2112602808771153,-9.33524846327604,12.023139681700057
2021-04-19 02:22:00,1.226352322959868,-9.032356860902855,11.819999982387293
2021-04-19 02:23:00,1.2413101884996727,-9.372428718960032,12.580108662986804
2021-04-19 02:24:00,1.2561313028333116,-9.344147192232573,11.188305084362524
2021-04-19 02:25:00,1.270813125396719,-9.519056991593088,11.765852071899037
2021-04-19 02:26:00,1.2853531502036006,-9.22147220000983,11.973834290551899
2021-04-19 02:27:00,1.299748906890723,-10.25101384972922,12.054558172147953
2021-04-19 02:28:00,1.3139979608033587,-9.396748007091855,12.01309476235345
2021-04-19 02:29:00,1.3280979138080902,-8.877255300274252,11.065182644998819
2021-04-19 02:30:00,1.3420464048361462,-9.280131627274049,11.992761838270125
2021-04-19 02:31:00,1.3558411101919998,-8.683796841045046,11.722383985850223
2021-04-19 02:32:00,1.369479744301267,-8.63682961054493,11.410650003556357
2021-04-19 02:33:00,1.3829600601226053,-8.915226087988236,11.354171464268628
2021-04-19 02:34:00,1.3962798495579047,-8.780484117015295,11.754116727378488
2021-04-19 02:35:00,1.4094369442021997,-9.119950461316447,12.072781575362262
2021-04-19 02:36:00,1.4224292153751592,-9.030861710925716,11.901732654256476
2021-04-19 02:37:00,1.4352545750328958,-9.158427686868698,11.438967985629223
2021-04-19 02:38:00,1.4479109760895783,-8.994033028377906,12.353758406099494
2021-04-19 02:39:00,1.4603964124584974,-8.713548678992883,11.093453418503678
2021-04-19 02:40:00,1.4727089201317258,-9.724001633989776,11.949377986056135
2021-04-19 02:41:00,1.4848465771703634,-8.09383962528968,11.915275194204595
2021-04-19 02:42:00,1.4968075041210256,-9.905382860143556,12.104213004800531
2021-04-19 02:43:00,1.508589864573251,-10.197028946979167,12.294868227263999
2021-04-19 02:44:00,1.5201918653649447,-9.137569195797461,13.02414190357509
2021-04-19 02:45:00,1.531611757152349,-9.032866110385099,12.62041701115106
2021-04-19 02:46:00,1.5428478345638803,-9.382702981753749,12.272590096604707
2021-04-19 02:47:00,1.5538984366065132,-8.906422946003806,11.355019200249501
2021-04-19 02:48:00,1.5647619470202594,-9.173950759598593,12.227513204630858
2021-04-19 02:49:00,1.5754367946784096,-8.816357722336578,12.948368446534506
2021-04-19 02:50:00,1.585921453583041,-9.00096127907097,12.247727367220474
2021-04-19 02:51:00,1.5962144435836234,-8.912121770032694,11.437891417009602
2021-04-19 02:52:00,1.6063143302940697,-9.653438558123327,11.377272461824004
2021-04-19 02:53:00,1.6162197255212407,-9.606363518587248,12.420884161768276
2021-04-19 02:54:00,1.6259292876011227,-8.628439051362447,12.289452930292034
2021-04-19 02:55:00,1.635441721349709,-9.185097475877145,11.810999210001079
2021-04-19 02:56:00,1.6447557786521583,-8.875451215216533,12.547359435673458
2021-04-19 02:57:00,1.6538702584181277,-8.523496298862467,12.260760263206617
2021-04-19 02:58:00,1.662784006726683,-8.813248950063706,12.098349794378572
2021-04-19 02:59:00,1.671495917480406,-9.429979125279335,11.69694406540497
2021-04-19 03:00:00,1.6800049318160963,-8.352929642869551,11.780852896020695
2021-04-19 03:01:00,1.688310039085804,-8.893179519187573,11.277952489022413
2021-04-19 03:02:00,1.696410276400276,-8.966666363568068,12.181134923456144
2021-04-19 03:03:00,1.7043047290212159,-8.8854056876909,12.8583294664748
2021-04-19 03:04:00,1.7119925304540868,-8.496572630012269,11.933097337286027
2021-04-19 03:05:00,1.7194728625091336,-9.086350727085735,12.49241474287713
2021-04-19 03:06:00,1.7267449555085737,-9.470169385487598,12.320669728943148
2021-04-19 03:07:00,1.7338080882193863,-9.08409631418392,12.61359900246648
2021-04-19 03:08:00,1.7406615879933356,-8.416279794354509,12.511461163895348
2021-04-19 03:09:00,1.7473048308950236,-9.423711695698463,12.178461209264864
2021-04-19 03:10:00,1.753737241603202,-8.95073168884958,11.588528319203808
2021-04-19 03:11:00,1.759958293537316,-9.003179870538162,12.515867099160308
2021-04-19 03:12:00,1.7659675088427125,-8.605303360279214,12.056676425993535
2021-04-19 03:13:00,1.77176445840663,-8.829758009112643,12.183193569911852
2021-04-19 03:14:00,1.7773487617951045,-9.058391920300364,12.90923600447112
2021-04-19 03:15:00,1.782720087411175,-9.227399545247717,12.442219711651344
2021-04-19 03:16:00,1.7878781521454732,-8.293868592113636,11.714720887299505
2021-04-19 03:17:00,1.792822721638923,-8.587620439751266,12.29339358572454
2021-04-19 03:18:00,1.7975536100161233,-8.98230519517787,12.663260994143657
2021-04-19 03:19:00,1.802070679895651,-9.118002720241602,12.67113883282134
2021-04-19 03:20:00,1.8063738423479725,-9.237872772062124,12.434682190085663
2021-04-19 03:21:00,1.8104630566168676,-9.012603083646459,12.01166635783174
2021-04-19 03:22:00,1.8143383302285208,-8.339690160961153,12.042305301439116
2021-04-19 03:23:00,1.817999718757593,-8.863923532555422,11.459484749766052
2021-04-19 03:24:00,1.8214473255981725,-8.972314451976674,12.318145898418972
2021-04-19 03:25:00,1.8246813020207924,-8.78190530437558,12.849502749308563
2021-04-19 03:26:00,1.8277018468124036,-8.425555023719633,12.582061382395453
2021-04-19 03:27:00,1.8305092062313835,-8.803327236963181,11.940228161921816
2021-04-19 03:28:00,1.833103673727385,-9.114095646539136,13.043968699602017
2021-04-19 03:29:00,1.8354855898057785,-9.135042310610029,13.130671623483535
2021-04-19 03:30:00,1.8376553418061223,-9.154501433156911,12.739921467720478
2021-04-19 03:31:00,1.8396133636248009,-8.969854537597511,12.394759429932538
2021-04-19 03:32:00,1.8413601355294749,-9.136933931000852,12.571049250569681
2021-04-19 03:33:00,1.8428961838731812,-8.219030871515317,13.007525711347487
2021-04-19 03:34:00,1.8442220808983532,-8.15704363941258,12.45295742460272
2021-04-19 03:35:00,1.8453384443415644,-8.828720688511853,12.854765918125857
2021-04-19 03:36:00,1.8462459372865538,-9.158705763454625,12.497532287040238
2021-04-19 03:37:00,1.8469452677886533,-8.05281438335887,12.053791158795544
2021-04-19 03:38:00,1.8474371885433212,-9.048248276827936,12.5649458069847
2021-04-19 03:39:00,1.8477224966450096,-8.448645642998757,12.230186917345568
2021-04-19 03:40:00,1.8478020332164933,-9.331145157131873,12.583068389929483
2021-04-19 03:41:00,1.8476766830305174,-8.265088829905034,12.186929883556754
2021-04-19 03:42:00,1.8473473741877926,-9.194568089410788,12.58445582853402
2021-04-19 03:43:00,1.846815077794354,-8.77959149798591,12.57119223152381
2021-04-19 03:44:00,1.8460808075322588,-8.9449606735477,12.34084885044449
2021-04-19 03:45:00,1.8451456192599365,-9.117835084593604,12.814061224272491
2021-04-19 03:46:00,1.8440106106750664,-8.751141184358668,12.827261520362033
2021-04-19 03:47:00,1.8426769208721283,-8.072923820934689,12.117791925709538
2021-04-19 03:48:00,1.8411457299080458,-9.263304017541206,12.012749615432439
2021-04-19 03:49:00,1.8394182584099563,-8.65664530275447,13.260371919377896
2021-04-19 03:50:00,1.837495767153635,-8.501723596603044,12.26925418912404
2021-04-19 03:51:00,1.8353795565464717,-8.825744507348618,12.545520360458294
2021-04-19 03:52:00,1.8330709661696618,-8.594622039317834,12.825896877453257
2021-04-19 03:53:00,1.830571374479391,-8.462094264625218,12.058978394965143
2021-04-19 03:54:00,1.8278821981004048,-8.043657186148963,12.461490117342835
2021-04-19 03:55:00,1.825004891449168,-8.642005976889084,12.564549061566112
2021-04-19 03:56:00,1.8219409463087866,-9.057940829832454,12.62615068052236
2021-04-19 03:57:00,1.8186918911564356,-8.388793949023146,12.212066819801457
2021-04-19 03:58:00,1.8152592908451681,-7.7251615917945955,11.789685354510828
2021-04-19 03:59:00,1.8116447459020364,-8.845846809067837,12.477825410141712
2021-04-19 04:00:00,1.8078498921119808,-9.492403378744823,13.257429402797738
2021-04-19 04:01:00,1.803876399997957,-9.30058109937499,12.706593383677566
2021-04-19 04:02:00,1.7997259741534064,-9.026761343588268,12.517449363779743
2021-04-19 04:03:00,1.7954003527911704,-8.180890843061139,12.982858108397236
2021-04-19 04:04:00,1.790901307208551,-9.091406576274945,12.940976165170028
2021-04-19 04:05:00,1.786230641067998,-8.660771468308297,12.49795379033168
2021-04-19 04:06:00,1.7813901900286768,-8.967852785425189,12.303655876749986
2021-04-19 04:07:00,1.7763818209851032,-9.603573879307536,12.511181242555926
2021-04-19 04:08:00,1.7712074314921564,-9.304038390474902,12.355051762445461
2021-04-19 04:09:00,1.7658689494013493,-8.274778312656522,12.084011237855346
2021-04-19 04:10:00,1.7603683318958603,-8.87593953031635,12.265375895078195
2021-04-19 04:11:00,1.7547075651176158,-8.91825297671491,12.525574905332281
2021-04-19 04:12:00,1.7488886635696015,-9.132031011701029,12.536225097318118
2021-04-19 04:13:00,1.74291366927172,-8.829640841250097,12.74343172543053
2021-04-19 04:14:00,1.7367846515137582,-8.050894870515895,11.87363826686952
2021-04-19 04:15:00,1.7305037057345207,-8.385772378041766,11.960621755036197
2021-04-19 04:16:00,1.724072953238073,-9.271300766345425,12.501001254241903
2021-04-19 04:17:00,1.7174945405097817,-9.020859438365394,12.599167509768412
2021-04-19 04:18:00,1.7107706384243828,-9.562296567204505,11.534080287598453
2021-04-19 04:19:00,1.7039034416554597,-9.249290199786133,12.302154663220145
2021-04-19 04:20:00,1.6968951681290059,-8.577270954956187,11.955557353088475
2021-04-19 04:21:00,1.6897480581349875,-8.860189784539616,12.136596680512104
2021-04-19 04:22:00,1.6824643739113971,-9.481155456040167,11.871353888040616
2021-04-19 04:23:00,1.6750463987478725,-8.503302835657681,12.00109663559846
2021-04-19 04:24:00,1.6674964364131082,-9.231469902216588,11.953725437049409
2021-04-19 04:25:00,1.6598168105584283,-9.401900564408262,12.194991595720259
2021-04-19 04:26:00,1.6520098638818097,-8.794652972026755,11.610952610898096
2021-04-19 04:27:00,1.6440779573762787,-9.350435345807256,11.720926559745749
2021-04-19 04:28:00,1.6360234700914873,-8.501995687893107,11.848774194954087
2021-04-19 04:29:00,1.6278487977262266,-8.79375213592498,12.09483622453992
2021-04-19 04:30:00,1.6195563527185315,-9.157878942396499,12.04319890411679
2021-04-19 04:31:00,1.6111485628250928,-8.09347572833815,12.180551974575394
2021-04-19 04:32:00,1.6026278708802457,-9.309741006620078,12.062125261902333
2021-04-19 04:33:00,1.5939967340361445,-8.262592328478464,11.388231054872925
2021-04-19 04:34:00,1.5852576228480522,-8.653281813143986,11.649878424447778
2021-04-19 04:35:00,1.5764130208466516,-8.068408194627839,11.602673124179823
2021-04-19 04:36:00,1.567465423591313,-9.795938994424928,11.577949699977164
2021-04-19 04:37:00,1.5584173380640571,-8.86504972038325,12.184802425353334
2021-04-19 04:38:00,1.5492712820662553,-8.50106584158216,11.92296488345403
2021-04-19 04:39:00,1.5400297832939192,-9.047563991062333,12.299008386217062
2021-04-19 04:40:00,1.5306953787456221,-8.981282662336799,12.043446715034872
2021-04-19 04:41:00,1.5212706141087158,-9.439780469742821,12.174242937166529
2021-04-19 04:42:00,1.511758042792449,-9.200842333561923,11.837518263456502
2021-04-19 04:43:00,1.5021602255349564,-9.077724574223076,11.908891886839754
2021-04-19 04:44:00,1.492479729436115,-9.361362772499996,12.143479474511949
2021-04-19 04:45:00,1.4827191272001063,-8.656542654538972,11.491833808441179
2021-04-19 04:46:00,1.472880996941492,-8.997278811041213,12.209404144899384
2021-04-19 04:47:00,1.4629679207292,-9.563476367003133,11.591024247767745
2021-04-19 04:48:00,1.4529824843948402,-8.920756181993795,12.189002789094182
2021-04-19 04:49:00,1.4429272767667944,-9.244454070030711,11.99900359235648
2021-04-19 04:50:00,1.4328048887428801,-8.79171314450445,11.983120327054412
2021-04-19 04:51:00,1.4226179128690135,-9.153026621147722,11.279669024705676
2021-04-19 04:52:00,1.4123689424060553,-8.759614188005388,12.447365123313737
2021-04-19 04:53:00,1.4020605706978437,-8.887988118679544,11.74456880252259
2021-04-19 04:54:00,1.3916953906613423,-8.683900695497519,12.097527998459077
2021-04-19 04:55:00,1.3812759937895858,-9.59973728922404,11.917392548628687
2021-04-19 04:56:00,1.3708049696076268,-9.20354663046547,11.642242214525181
2021-04-19 04:57:00,1.360284905141918,-10.350244462262356,11.39088937218467
2021-04-19 04:58:00,1.3497183838852629,-9.046960628596585,12.591205061206766
2021-04-19 04:59:00,1.339107985484028,-8.909113493912766,12.112754731203447
2021-04-19 05:00:00,1.3284562848233539,-8.312503241744505,12.255035500664857
2021-04-19 05:01:00,1.317765851246255,-8.99004033812124,11.781248186801703
2021-04-19 05:02:00,1.3070392484325213,-9.093611250648932,11.79848654211063
2021-04-19 05:03:00,1.2962790330966003,-9.198857604325026,12.295382198406537
2021-04-19 05:04:00,1.285487754488266,-8.80754519193971,12.462903371952763
2021-04-19 05:05:00,1.2746679542376627,-10.218988041760712,12.223747828336696
2021-04-19 05:06:00,1.263822164815367,-9.111106692261089,11.778642389998064
2021-04-19 05:07:00,1.25295290986341,-9.15299862087338,11.565076126489064
2021-04-19 05:08:00,1.2420627026644615,-9.120172174923876,12.474487975352803
2021-04-19 05:09:00,1.2311540460478407,-9.099438584703183,11.653020623717008
2021-04-19 05:10:00,1.2202294317053524,-9.145518923152698,12.40324241245261
2021-04-19 05:11:00,1.2092913393798286,-9.180162902892537,11.890376956189371
2021-04-19 05:12:00,1.1983422363028398,-8.79314160548804,12.556288636997298
2021-04-19 05:13:00,1.187384576755486,-9.258748158558808,11.304559700738624
2021-04-19 05:14:00,1.1764208011846855,-9.115686325336497,11.85766884706988
2021-04-19 05:15:00,1.1654533358694037,-9.409276080652383,11.46565417699869
2021-04-19 05:16:00,1.1544845921187368,-9.291800345831975,11.19473980101183
2021-04-19 05:17:00,1.1435169657055289,-9.3186754953213,12.72074567073608
2021-04-19 05:18:00,1.132552836540128,-9.214605104333337,12.043575756867272
2021-04-19 05:19:00,1.1215945676704737,-9.528006930608878,11.609120958040057
2021-04-19 05:20:00,1.1106445051259772,-9.760397091624199,11.465537810637306
2021-04-19 05:21:00,1.0997049771136376,-9.335093595636323,11.074126297866453
2021-04-19 05:22:00,1.0887782933588745,-9.457636337748696,11.225812011990808
2021-04-19 05:23:00,1.0778667450906183,-9.453630652981133,11.646657389620849
2021-04-19 05:24:00,1.0669726037765865,-8.830719179807172,11.851079063596034
2021-04-19 05:25:00,1.0560981211267686,-9.306633305835641,11.939541848106977
2021-04-19 05:26:00,1.045245528460696,-9.743783975459811,11.711212375122734
2021-04-19 05:27:00,1.0344170359497624,-9.627520979109661,11.566869347902266
2021-04-19 05:28:00,1.0236148325346617,-9.476908131171314,12.117684782259985
2021-04-19 05:29:00,1.0128410849819511,-9.012701909640988,11.395068683962517
2021-04-19 05:30:00,1.0020979376764638,-9.646127087096428,11.533444574506689
2021-04-19 05:31:00,0.9913875121349239,-9.616960258983582,11.282776208738936
2021-04-19 05:32:00,0.9807119064050269,-8.952068736388743,11.815937241664004
2021-04-19 05:33:00,0.9700731946123857,-9.325915166067077,12.238500105258606
2021-04-19 05:34:00,0.9594734266991064,-10.030791964463033,11.332065405942922
2021-04-19 05:35:00,0.9489146277176718,-9.10363594988765,11.018114044491803
2021-04-19 05:36:00,0.9383987976468016,-9.667661892384912,11.297612827815916
2021-04-19 05:37:00,0.9279279107480045,-9.955935860242851,11.41317166024256
2021-04-19 05:38:00,0.917503915120365,-9.487179995427127,11.91587281886506
2021-04-19 05:39:00,0.9071287327897831,-9.321849833741062,11.184242776951471
2021-04-19 05:40:00,0.8968042585648227,-9.442073181768075,12.168319468539005
2021-04-19 05:41:00,0.8865323600778211,-9.553400024848532,11.906636532755401
2021-04-19 05:42:00,0.8763148777046024,-9.724430318454335,11.178129680797197
2021-04-19 05:43:00,0.8661536232881282,-9.875105778324352,11.68929037626774
2021-04-19 05:44:00,0.8560503808752645,-9.200063390482091,11.815586566220915
2021-04-19 05:45:00,0.846006905426813,-8.86853468481804,12.075146962012862
2021-04-19 05:46:00,0.8360249230658758,-9.249902954490562,11.514307015373541
2021-04-19 05:47:00,0.8261061306157472,-9.927937459491396,12.090410014139268
2021-04-19 05:48:00,0.8162521951046268,-9.376247080952378,11.345840040162422
2021-04-19 05:49:00,0.8064647536602921,-9.318270261833351,10.752092140941366
2021-04-19 05:50:00,0.7967454132127201,-9.55990923048804,11.643457324591077
2021-04-19 05:51:00,0.7870957499681631,-9.3232680486348,11.5570531278112
2021-04-19 05:52:00,0.7775173095521795,-10.312399960164342,11.315036617324592
2021-04-19 05:53:00,0.7680116062827168,-9.335612565343553,11.587442993994653
2021-04-19 05:54:00,0.7585801232301408,-9.633470638772586,10.956798662486817
2021-04-19 05:55:00,0.7492243119191953,-10.184676737565042,11.115202057465844
2021-04-19 05:56:00,0.7399455920671548,-10.507277874705279,11.172107475739947
2021-04-19 05:57:00,0.730745351118996,-9.765683755375951,11.001802534090267
2021-04-19 05:58:00,0.7216249446967509,-9.638845403474246,11.783936276212547
2021-04-19 05:59:00,0.7125856955455261,-9.819087203573996,10.576002190161612
2021-04-19 06:00:00,0.7036288941861564,-8.66978726998298,11.633892480277371
2021-04-19 06:01:00,0.6947557980097798,-10.680602782807549,12.01081810334073
2021-04-19 06:02:00,0.6859676315046463,-10.324193484625907,11.46308042536535
2021-04-19 06:03:00,0.6772655862073619,-10.44089113213075,10.540768855189313
2021-04-19 06:04:00,0.6686508201455539,-9.409109632578181,11.308377866091053
2021-04-19 06:05:00,0.6601244581026446,-10.516116796333254,9.942776833144702
2021-04-19 06:06:00,0.6516875912863778,-10.664219020627927,11.527158500858521
2021-04-19 06:07:00,0.6433412771935672,-10.203462123940666,11.826428365617769
2021-04-19 06:08:00,0.6350865397012664,-9.33654115768435,12.061832330592392
2021-04-19 06:09:00,0.6269243687904351,-10.554331724714427,11.499011995552207
2021-04-19 06:10:00,0.618855720539516,-9.411018688284488,11.381204499981902
2021-04-19 06:11:00,0.6108815171228217,-9.275198922006227,11.236575708829553
2021-04-19 06:12:00,0.6030026465341853,-10.399781481506785,10.712720912877643
2021-04-19 06:13:00,0.5952199629265316,-10.73001401045334,10.73914580037839
2021-04-19 06:14:00,0.5875342861716615,-10.515372740872145,10.040407748844498
2021-04-19 06:15:00,0.5799464019689905,-9.401771232928569,11.981685447271852
2021-04-19 06:16:00,0.5724570621532755,-10.442715477753705,10.413540337232956
2021-04-19 06:17:00,0.5650669841522866,-9.75137798760973,11.475827498927218
2021-04-19 06:18:00,0.557776851341615,-9.791039275111961,10.886765623931504
2021-04-19 06:19:00,0.5505873130645402,-10.385175790706292,10.820621063402479
2021-04-19 06:20:00,0.5434989844899238,-10.521551404308063,11.04130778499436
2021-04-19 06:21:00,0.536512446967402,-9.866890061380975,10.897197606739093
2021-04-19 06:22:00,0.5296282475526906,-10.387539652916603,11.685827570737876
2021-04-19 06:23:00,0.5228468996136755,-10.013137009345915,11.782826098974
2021-04-19 06:24:00,0.516168882650681,-10.191701955758127,11.648313347597856
2021-04-19 06:25:00,0.5095946424165794,-10.482854026501501,10.346854353354722
2021-04-19 06:26:00,0.5031245909127127,-10.25991175430454,11.06474661499518
2021-04-19 06:27:00,0.4967591068025531,-10.70840554062022,10.409015640002911
2021-04-19 06:28:00,0.49049853511386254,-10.229538040784607,10.464899683504685
2021-04-19 06:29:00,0.4843431877110533,-10.10369350994361,9.79901326771998
2021-04-19 06:30:00,0.4782933432799696,-11.040659785567367,10.967107501410194
2021-04-19 06:31:00,0.4723492474218554,-9.764489253902031,11.29888823984563
2021-04-19 06:32:00,0.46651111298432524,-10.489777289807304,10.717040498378003
2021-04-19 06:33:00,0.46077912012189065,-10.30431626792773,11.576633773007194
2021-04-19 06:34:00,0.45515341636556067,-10.848324064234722,10.175809370176266
2021-04-19 06:35:00,0.4496341171917211,-10.798983529489139,11.374536096365011
2021-04-19 06:36:00,0.4442213055962342,-10.002877162216754,11.213695376756258
2021-04-19 06:37:00,0.4389150331121706,-9.69882703821357,11.589516412697561
2021-04-19 06:38:00,0.43371531918301465,-9.814589660555155,10.738002600995504
2021-04-19 06:39:00,0.42862215201911,-10.207344734205142,10.920298183851846
2021-04-19 06:40:00,0.42363548856473887,-10.205706066769507,10.784428268354555
2021-04-19 06:41:00,0.4187552548065113,-10.317285861877817,11.04891629771551
2021-04-19 06:42:00,0.41398134593824254,-10.030921847050983,10.872768758943177
2021-04-19 06:43:00,0.4093136267856382,-10.179109983372836,11.475721734359933
2021-04-19 06:44:00,0.4047519319623011,-10.089984216328947,10.632945778938927
2021-04-19 06:45:00,0.4002960662202214,-10.379977811894282,10.847534596161246
2021-04-19 06:46:00,0.39594580462735374,-10.563700405006717,11.49396906309577
2021-04-19 06:47:00,0.3917008930273026,-10.458151894067488,11.699469767943866
2021-04-19 06:48:00,0.38756104824794035,-10.548931120601955,11.464191481762182
2021-04-19 06:49:00,0.38352595843955406,-9.779219148376557,10.706709271079669
2021-04-19 06:50:00,0.3795952834050572,-10.364985417291198,10.994692676509311
2021-04-19 06:51:00,0.3757686549811393,-9.841692122040929,10.474823583643706
2021-04-19 06:52:00,0.3720456771606703,-9.753639240939737,10.326329838400557
2021-04-19 06:53:00,0.3684259268573893,-10.52454515201199,10.266035786361114
2021-04-19 06:54:00,0.3649089538282647,-10.418231745819437,10.900073152019457
2021-04-19 06:55:00,0.36149428132881056,-9.610520653895723,11.519039782940107
2021-04-19 06:56:00,0.3581814063848907,-10.498907086529952,10.968173075855985
2021-04-19 06:57:00,0.35496980008582213,-9.586288471877934,10.817336541951304
2021-04-19 06:58:00,0.3518589082266843,-9.496552093283475,11.210281898488887
2021-04-19 06:59:00,0.3488481513994215,-9.79265196130353,11.034654451203288
2021-04-19 07:00:00,0.3459369255368726,-9.85251390374102,11.087010703729634
2021-04-19 07:01:00,0.3431246024547917,-10.388271590830229,11.19327207118511
2021-04-19 07:02:00,0.3404105299717465,-10.67365254747452,10.504341642934028
2021-04-19 07:03:00,0.33779403258670027,-10.844796307700177,11.089011493870819
2021-04-19 07:04:00,0.33527441177646267,-10.384283844340294,10.950810140246306
2021-04-19 07:05:00,0.33285094647728475,-9.504957932456445,10.664282376774056
2021-04-19 07:06:00,0.3305228935196045,-9.75780817686907,11.161862857924598
2021-04-19 07:07:00,0.3282894880072451,-10.052537966672777,10.15375116986887
2021-04-19 07:08:00,0.3261499438971053,-10.459947208258344,10.51586732104637
2021-04-19 07:09:00,0.32410345437217436,-10.220793394740271,10.475684907593347
2021-04-19 07:10:00,0.32214919228023464,-10.88083969680469,11.115866876743484
2021-04-19 07:11:00,0.32028631063695046,-9.298265349473253,10.482288827583893
2021-04-19 07:12:00,0.3185139431847317,-9.28710586641146,10.637815424554054
2021-04-19 07:13:00,0.31683120466714954,-10.146403100690959,11.4115819674714
2021-04-19 07:14:00,0.3152371915432315,-10.869990490342746,10.785907293341873
2021-04-19 07:15:00,0.31373098227987006,-10.298778440978193,10.753502992605899
2021-04-19 07:16:00,0.31231163792403316,-10.386725643549697,10.090033465640591
2021-04-19 07:17:00,0.3109782026264295,-10.415252882053585,10.97633198073818
2021-04-19 07:18:00,0.3097297041043994,-9.95259297406781,11.325119572757844
2021-04-19 07:19:00,0.30856515414955943,-10.614648346941847,11.372834858783541
2021-04-19 07:20:00,0.30748354913545717,-10.553260248047975,11.013889989917748
2021-04-19 07:21:00,0.30648387046753534,-10.4877050477459,11.909141607946857
2021-04-19 07:22:00,0.305565085270904,-10.367989338772958,11.40931675621071
2021-04-19 07:23:00,0.3047261466847375,-10.56414147213707,11.520313881500229
2021-04-19 07:24:00,0.3039659944864562,-10.853909065792562,11.10987853731446
2021-04-19 07:25:00,0.3032835557089518,-10.236926590171054,10.645398609297613
2021-04-19 07:26:00,0.3026777449606375,-10.390810440955915,11.310555492234974
2021-04-19 07:27:00,0.30214746508661705,-10.008521637704607,10.326838386017348
2021-04-19 07:28:00,0.30169160771234627,-9.863867807354938,11.129260730022844
2021-04-19 07:29:00,0.3013090536604398,-10.735379375052323,11.44845623725992
2021-04-19 07:30:00,0.3009986736343718,-10.430885392470117,10.517819355196977
2021-04-19 07:31:00,0.3007593285541197,-10.512152865199587,10.432408489913744
2021-04-19 07:32:00,0.3005898703059575,-10.623443564729651,10.151031621094875
2021-04-19 07:33:00,0.3004891421260293,-10.558600104125043,10.879905862870173
2021-04-19 07:34:00,0.3004559792177868,-9.965447607428743,12.018409048715338
2021-04-19 07:35:00,0.3004892092317808,-9.83759672851649,11.04488785034486
2021-04-19 07:36:00,0.3005876528718162,-11.38333143556589,11.066475303223026
2021-04-19 07:37:00,0.3007501243449274,-9.933259933151943,10.64730589678258
2021-04-19 07:38:00,0.30097543197943843,-9.815123641336394,10.483346143751186
2021-04-19 07:39:00,0.3012623787566996,-10.635731968312014,10.505027626428692
2021-04-19 07:40:00,0.3016097627811467,-10.072511682069111,9.925575428938249
2021-04-19 07:41:00,0.3020163778933068,-10.35285784419471,11.340956090802981
2021-04-19 07:42:00,0.3024810141953851,-9.746940341224821,10.919854017787342
2021-04-19 07:43:00,0.30300245854607255,-10.890288526076457,10.777398406026059
2021-04-19 07:44:00,0.30357949517086935,-10.316214999369661,11.147670324470557
2021-04-19 07:45:00,0.3042109060666607,-10.29404624907822,10.355412806908207
2021-04-19 07:46:00,0.3048954717465049,-10.167465653850229,11.048096988912484
2021-04-19 07:47:00,0.3056319715489101,-11.20588460750042,10.336492406870443
2021-04-19 07:48:00,0.30641918430869175,-10.329292938210438,10.629794523629556
2021-04-19 07:49:00,0.3072558888578485,-10.639962759605714,11.655028108815275
2021-04-19 07:50:00,0.30814086453563594,-10.386973839796301,10.428920468390087
2021-04-19 07:51:00,0.30907289170400454,-10.943570779649047,10.548606000789631
2021-04-19 07:52:00,0.31005075230944046,-10.74481379435522,9.915983274661922
2021-04-19 07:53:00,0.3110732303944149,-10.87069158450037,10.957316590995028
2021-04-19 07:54:00,0.3121391125912718,-11.17415177907381,10.48724429969558
2021-04-19 07:55:00,0.31324718863790246,-11.102882393798822,10.350994397655297
2021-04-19 07:56:00,0.3143962519400607,-9.609306264274421,11.009358054889947
2021-04-19 07:57:00,0.31558510001381657,-9.915669898264474,11.04977607447973
2021-04-19 07:58:00,0.3168125350495212,-10.926827366010729,10.696916272097646
2021-04-19 07:59:00,0.3180773643622671,-9.643003170345475,10.242315789297667
2021-04-19 08:00:00,0.3193784009455778,-9.802092483802756,10.100143363358521
2021-04-19 08:01:00,0.32071446390717584,-10.17997740997296,9.729580847505936
2021-04-19 08:02:00,0.32208437900191744,-10.69017040972943,10.8338492177658
2021-04-19 08:03:00,0.32348697911793667,-10.381060698103427,10.720703617441957
2021-04-19 08:04:00,0.3249211047434448,-10.881548068689273,10.84814925617494
2021-04-19 08:05:00,0.3263856044274215,-9.947732787582105,11.432243195893363
2021-04-19 08:06:00,0.32787933529977076,-10.298667868297905,11.381801863205379
2021-04-19 08:07:00,0.32940116350551707,-10.33596787959037,10.996573121708101
2021-04-19 08:08:00,0.33094996468235516,-11.0172272976292,11.014741842758328
2021-04-19 08:09:00,0.3325246243943676,-10.307673705937683,10.779736101794832
2021-04-19 08:10:00,0.33412403863698437,-9.96716790181334,10.582640799243999
2021-04-19 08:11:00,0.3357471142178299,-10.073515294823427,10.34462034473262
2021-04-19 08:12:00,0.3373927692596924,-10.582576533718143,10.804230925874753
2021-04-19 08:13:00,0.339059933589722,-10.687065601208076,10.230118671873635
2021-04-19 08:14:00,0.3407475492072878,-9.63736501495049,10.649039547689759
2021-04-19 08:15:00,0.3424545706792015,-10.044253710234326,10.597162791694446
2021-04-19 08:16:00,0.3441799655668706,-9.777380525512774,11.179970948942161
2021-04-19 08:17:00,0.3459227148556526,-10.777954369150724,10.691807016851204
2021-04-19 08:18:00,0.3476818133338294,-10.387674638601512,10.35554159929901
2021-04-19 08:19:00,0.3494562700012783,-9.775096304097529,11.438602945967277
2021-04-19 08:20:00,0.3512451084775694,-9.60044907700253,10.723011831696477
2021-04-19 08:21:00,0.3530473673574501,-10.072623467935118,11.120843205825773
2021-04-19 08:22:00,0.35486210061752554,-9.8742055229324,10.854008659433134
2021-04-19 08:23:00,0.35668837796627917,-9.877396378845336,11.688228698981959
2021-04-19 08:24:00,0.3585252852252149,-9.529425250093622,12.209396089092794
2021-04-19 08:25:00,0.36037192467174917,-9.93823919774451,10.356913252783311
2021-04-19 08:26:00,0.3622274153947015,-9.907306702995593,9.533466050944934
2021-04-19 08:27:00,0.36409089364214653,-9.707592696102056,10.608897849601851
2021-04-19 08:28:00,0.36596151314127146,-10.113267015924398,11.399772539224
2021-04-19 08:29:00,0.3678384454400945,-9.831272217813558,11.190862535088613
2021-04-19 08:30:00,0.3697208802157079,-10.149079255207358,11.832592316565378
2021-04-19 08:31:00,0.3716080255873867,-10.068655036682838,11.437408862773486
2021-04-19 08:32:00,0.3734991084215793,-10.431450658489359,11.477698286699233
2021-04-19 08:33:00,0.37539337462638633,-9.90971395850774,11.711758616578406
2021-04-19 08:34:00,0.37729008942989783,-10.979566457374428,10.372665467976105
2021-04-19 08:35:00,0.3791885376707317,-10.396377347436443,10.099211818939349
2021-04-19 08:36:00,0.38108802405758035,-10.338562294509034,11.210779618750893
2021-04-19 08:37:00,0.3829878734327139,-10.605905059593592,11.416627565265378
2021-04-19 08:38:00,0.3848874310234359,-9.969504873951575,10.483478882092982
2021-04-19 08:39:00,0.3867860626873981,-10.641100699018969,11.624796434977458
2021-04-19 08:40:00,0.3886831551504024,-11.443628449869331,10.653947260641882
2021-04-19 08:41:00,0.39057811622488914,-9.281722277160675,10.929248177031262
2021-04-19 08:42:00,0.39247037502830606,-9.981601943330755,11.691269039742986
2021-04-19 08:43:00,0.39435938219782474,-10.373911704890894,11.405030916996683
2021-04-19 08:44:00,0.39624461008062706,-10.288140906008437,10.525672272601547
2021-04-19 08:45:00,0.39812555292762397,-9.453175041997739,11.125268654183458
2021-04-19 08:46:00,0.4000017270813583,-9.841925710927564,10.823235013556111
2021-04-19 08:47:00,0.4018726711377212,-9.97348639723383,11.264402408840585
2021-04-19 08:48:00,0.4037379460997259,-10.780637810752845,10.265481540227663
2021-04-19 08:49:00,0.4055971355588581,-10.08500570415457,10.842117907679887
2021-04-19 08:50:00,0.4074498458162682,-10.099253733958543,11.25738729346569
2021-04-19 08:51:00,0.4092957060107767,-10.071475527602168,11.449279900666797
2021-04-19 08:52:00,0.4111343682732508,-10.369812516041437,11.057095915925547
2021-04-19 08:53:00,0.4129655078017539,-10.627609162977395,10.702239687852398
2021-04-19 08:54:00,0.41478882301923825,-9.822698470806554,10.400362346181554
2021-04-19 08:55:00,0.41660403560091397,-9.822048282968188,11.083250993049823
2021-04-19 08:56:00,0.41841089063681147,-10.798099619328475,11.392649170330367
2021-04-19 08:57:00,0.42020915664829617,-10.758388254740588,11.155709760335835
2021-04-19 08:58:00,0.4219986256877013,-10.445130022400258,10.761572532705335
2021-04-19 08:59:00,0.4237791133727832,-10.30675490315725,10.948544609034217
2021-04-19 09:00:00,0.4255504589834621,-10.75540367591355,10.099002022912702
2021-04-19 09:01:00,0.4273125254362955,-10.35759105479859,10.199401195729989
2021-04-19 09:02:00,0.42906519934059906,-10.463908771281169,11.187342177802138
2021-04-19 09:03:00,0.4308083910351397,-10.035692801717357,10.870721117023802
2021-04-19 09:04:00,0.43254203459857166,-10.52711035292588,10.929107650159054
2021-04-19 09:05:00,0.43426608777652786,-10.476826952640815,10.62244624494935
2021-04-19 09:06:00,0.43598053210072896,-10.539887110284939,10.635841513746515
2021-04-19 09:07:00,0.43768537273985963,-10.437043502406084,10.440604727607552
2021-04-19 09:08:00,0.43938063856982723,-10.210641939568204,11.172963223472989
2021-04-19 09:09:00,0.44106638205444215,-9.783743208665364,10.727385264972508
2021-04-19 09:10:00,0.44274267927375854,-10.691312757261727,10.70789432937522
2021-04-19 09:11:00,0.4444096298208491,-9.953121842662199,10.087254540685382
2021-04-19 09:12:00,0.44606735671613096,-10.064636346376602,11.23616723170638
2021-04-19 09:13:00,0.4477160063838619,-9.739991442604024,10.489226009449261
2021-04-19 09:14:00,0.44935574855049476,-9.469625986868271,11.142346321135419
2021-04-19 09:15:00,0.4509867760957471,-10.486076349406341,11.016509650417985
2021-04-19 09:16:00,0.4526093050363481,-10.043102941437917,11.460813129654671
2021-04-19 09:17:00,0.4542235743136691,-10.382866261892893,11.217392145346418
2021-04-19 09:18:00,0.45582984579465335,-9.855526117200968,11.257226830860503
2021-04-19 09:19:00,0.45742840396979767,-9.83540716386251,11.181606771730868
2021-04-19 09:20:00,0.45901955599476263,-9.76442699788682,11.460290915314324
2021-04-19 09:21:00,0.4606036314085601,-9.490156762615047,11.169163233856072
2021-04-19 09:22:00,0.4621809820198385,-10.049287223178991,11.291445759106185
2021-04-19 09:23:00,0.46375198171731236,-10.646186638116282,11.334012401353275
2021-04-19 09:24:00,0.46531702633191163,-10.59850322563666,10.767639116500266
2021-04-19 09:25:00,0.46687653343651503,-10.010199218891819,10.928883514583415
2021-04-19 09:26:00,0.468430942086311,-10.278202514001878,11.359617759104498
2021-04-19 09:27:00,0.4699807127042338,-11.111065887756611,11.229813987091186
2021-04-19 09:28:00,0.47152632684463647,-10.923013220909183,11.306026216234036
2021-04-19 09:29:00,0.47306828688489855,-9.501063505539772,11.389076685191341
2021-04-19 09:30:00,0.47460711594769456,-10.476497858107239,11.906877470682439
2021-04-19 09:31:00,0.47614335750558,-10.316114506180655,10.72557823405445
2021-04-19 09:32:00,0.4776775752670681,-9.654106933925782,10.689190891933228
2021-04-19 09:33:00,0.4792103527930841,-10.864701331500237,11.064640255629527
2021-04-19 09:34:00,0.4807422933729031,-10.188736403895895,10.365401705607765
2021-04-19 09:35:00,0.4822740196364673,-10.740933050858594,10.613776684463199
2021-04-19 09:36:00,0.4838061733098574,-9.608439062050847,11.449943850133778
2021-04-19 09:37:00,0.48533941495942434,-10.72432232622816,10.666437931604493
2021-04-19 09:38:00,0.486874423635545,-10.33237971477319,11.060689790021351
2021-04-19 09:39:00,0.48841189666659945,-9.616820397693438,11.614793872098629
2021-04-19 09:40:00,0.4899525491953447,-9.447260895424234,10.934511532111067
2021-04-19 09:41:00,0.4914971140253528,-10.456172601119775,11.552905185701963
2021-04-19 09:42:00,0.49304634122176627,-9.728413211534296,11.168767683569321
2021-04-19 09:43:00,0.494600997699991,-10.70830617757423,11.421844176166141
2021-04-19 09:44:00,0.4961618670449781,-9.8591800926831,11.412636083627456
2021-04-19 09:45:00,0.49772974906346135,-10.358168801613894,11.07892746526005
2021-04-19 09:46:00,0.4993054594207891,-10.323512527431417,10.081122649272517
2021-04-19 09:47:00,0.5008898293080453,-9.037396808420159,11.78240346497285
2021-04-19 09:48:00,0.5024837051035003,-10.66832543119718,10.928220298468043
2021-04-19 09:49:00,0.5040879479923271,-9.905054869277082,11.579596450664907
2021-04-19 09:50:00,0.5057034334773698,-9.662718832421831,10.96919171225342
2021-04-19 09:51:00,0.5073310511805703,-10.060824204870205,11.629400681655103
2021-04-19 09:52:00,0.5089717042834669,-9.38395953931752,11.111358666770611
2021-04-19 09:53:00,0.5106263092147648,-10.313612983888145,11.680631440261424
2021-04-19 09:54:00,0.5122957952619855,-9.963322673916858,11.002290067071888
2021-04-19 09:55:00,0.5139811040771416,-9.93183138350038,11.37352575945119
2021-04-19 09:56:00,0.515683189347691,-9.642082461527462,11.332792557622625
2021-04-19 09:57:00,0.5174030163188258,-9.969695498207336,10.905964692370516
2021-04-19 09:58:00,0.5191415613894681,-10.233569480736872,11.325743758593802
2021-04-19 09:59:00,0.5208998117437937,-9.57795582277632,11.455204446605618
2021-04-19 10:00:00,0.5226787647599674,-9.649558287367261,11.090456696888795
2021-04-19 10:01:00,0.5244794277477356,-10.233210406606233,10.855353634955053
2021-04-19 10:02:00,0.5263028173441368,-10.055068707709527,11.166898067606077
2021-04-19 10:03:00,0.5281499592383275,-9.66411030201352,10.95237270090486
2021-04-19 10:04:00,0.530021887504523,-10.693645779064278,11.088216602679957
2021-04-19 10:05:00,0.5319196443608721,-10.3690931963493,11.01392027362994
2021-04-19 10:06:00,0.5338442795818282,-10.148443808989285,10.61394853975949
2021-04-19 10:07:00,0.5357968500062309,-10.094129217283761,10.814899045628154
2021-04-19 10:08:00,0.5377784191962784,-9.551135739236239,11.837097240673263
2021-04-19 10:09:00,0.5397900568697392,-9.85771738794014,11.469395148623908
2021-04-19 10:10:00,0.541832838409991,-9.92579195267543,10.989316257166033
2021-04-19 10:11:00,0.5439078444533725,-9.787592058769311,11.78791294827212
2021-04-19 10:12:00,0.5460161603518655,-9.642095471864813,10.755352261256727
2021-04-19 10:13:00,0.5481588758064654,-10.409072680576454,12.156288292009505
2021-04-19 10:14:00,0.5503370841190052,-9.423204268398196,10.689207695717084
2021-04-19 10:15:00,0.5525518820517924,-9.827842953484716,10.49197239899065
2021-04-19 10:16:00,0.5548043690237119,-9.639382781392602,11.360289913024769
2021-04-19 10:17:00,0.5570956468339223,-10.712278830947,11.669141186856434
2021-04-19 10:18:00,0.5594268190042815,-9.54737348141253,11.403181173707546
2021-04-19 10:19:00,0.5617989904364719,-9.790215675875933,11.391015653782178
2021-04-19 10:20:00,0.5642132668100727,-9.854471758473458,11.317490221053399
2021-04-19 10:21:00,0.5666707540664174,-10.577092043674103,10.477604717891154
2021-04-19 10:22:00,0.5691725579904214,-10.688869608993123,10.590865107424019
2021-04-19 10:23:00,0.5717197836940195,-9.911549007124691,11.10065714455195
2021-04-19 10:24:00,0.5743135350090653,-9.995400225363047,10.724626541805847
2021-04-19 10:25:00,0.5769549141348489,-9.327006642299992,11.26210187186432
2021-04-19 10:26:00,0.5796450209742025,-10.46185738667289,11.544092155586974
2021-04-19 10:27:00,0.5823849528574015,-10.771753502617473,10.923693618835223
2021-04-19 10:28:00,0.58517580369034,-9.730901483602809,11.257858037203885
2021-04-19 10:29:00,0.588018663851688,-10.653329007319806,10.878998186665994
2021-04-19 10:30:00,0.590914619377305,-9.538539849226977,11.216799985041606
2021-04-19 10:31:00,0.5938647515779206,-10.035580997183736,11.638682637093227
2021-04-19 10:32:00,0.5968701365340093,-10.603577591150659,10.711055633659422
2021-04-19 10:33:00,0.5999318446320395,-10.10612638284509,11.420859310182589
2021-04-19 10:34:00,0.603050939966404,-9.521442668481297,11.446921955740162
2021-04-19 10:35:00,0.606228479883763,-9.828357424779732,11.779624764705188
2021-04-19 10:36:00,0.609465514497535,-10.315083107526547,11.234681759037311
2021-04-19 10:37:00,0.6127630862394485,-10.082807118774939,11.107423571397495
2021-04-19 10:38:00,0.6161222291771118,-9.877464428343151,12.004182917679863
2021-04-19 10:39:00,0.6195439687856734,-9.692508555314902,12.125739705856283
2021-04-19 10:40:00,0.6230293212147674,-9.42052022755218,11.17009511434655
2021-04-19 10:41:00,0.6265792929659677,-9.245216592397117,12.0968830179321
2021-04-19 10:42:00,0.630194880287065,-9.899475090499918,11.291851379761596
2021-04-19 10:43:00,0.6338770687653286,-9.59908995277693,11.364596922517068
2021-04-19 10:44:00,0.6376268328571978,-9.34603262394807,11.554112375668936
2021-04-19 10:45:00,0.641445135294876,-10.3552261550434,10.733444291000978
2021-04-19 10:46:00,0.6453329267212662,-9.789405089870963,11.178479363366005
2021-04-19 10:47:00,0.6492911452067224,-10.291835837238125,11.257458818407665
2021-04-19 10:48:00,0.6533207157342366,-9.686600593152379,11.512429669010029
2021-04-19 10:49:00,0.6574225497118418,-11.040342879267385,10.941130516817873
2021-04-19 10:50:00,0.6615975446203002,-10.276784731766252,11.546795142277418
2021-04-19 10:51:00,0.6658465834109986,-9.833781659531722,11.351278660974385
2021-04-19 10:52:00,0.6701705341704726,-10.244871898589999,11.459001748701237
2021-04-19 10:53:00,0.6745702496411241,-9.34870867697983,11.27740603338259
2021-04-19 10:54:00,0.6790465667265937,-10.24131593704085,10.143028442300883
2021-04-19 10:55:00,0.6836003060781447,-9.757564859252012,11.424157401958327
2021-04-19 10:56:00,0.6882322716630843,-10.017651038130916,11.799880903662945
2021-04-19 10:57:00,0.6929432503326605,-10.047029073015516,11.497407411523703
2021-04-19 10:58:00,0.6977340114580124,-9.471225057465595,11.018497553147288
2021-04-19 10:59:00,0.7026053063071341,-9.640401974070425,10.708436905483753
2021-04-19 11:00:00,0.7075578678881266,-10.814375955492254,11.414103976160284
2021-04-19 11:01:00,0.7125924104171759,-10.680475383743742,11.532759563281598
2021-04-19 11:02:00,0.7177096287901525,-9.853828662156937,11.869689211077404
2021-04-19 11:03:00,0.7229101984347729,-9.593722360216363,11.24917768493906
2021-04-19 11:04:00,0.7281947747662866,-10.012835906185805,11.43211624178555
2021-04-19 11:05:00,0.7335639927382948,-10.040029319677625,12.326987312985015
2021-04-19 11:06:00,0.7390184666687971,-10.99526408543263,11.225187931230305
2021-04-19 11:07:00,0.7445587895941914,-10.423061173393643,10.69975771717758
2021-04-19 11:08:00,0.7501855332332936,-10.398914647501664,11.310079876935172
2021-04-19 11:09:00,0.7558992473208461,-10.361651559046962,11.119928070857307
2021-04-19 11:10:00,0.7617004593498604,-9.023449845450166,11.752055892087805
2021-04-19 11:11:00,0.767589674331338,-9.604928414857872,11.717812170293813
2021-04-19 11:12:00,0.7735673743848933,-9.337376904541438,10.978769324143421
2021-04-19 11:13:00,0.7796340182625386,-10.39002047635089,11.037224638409453
2021-04-19 11:14:00,0.7857900412981171,-9.515809580432776,11.456108128395254
2021-04-19 11:15:00,0.7920358548607025,-9.490339421610331,11.578561933456918
2021-04-19 11:16:00,0.7983718461214782,-9.467448712457085,11.423536374484756
2021-04-19 11:17:00,0.8047983778197717,-9.41572787542241,11.024046414342825
2021-04-19 11:18:00,0.8113157878373926,-8.96280483062308,11.367469377352895
2021-04-19 11:19:00,0.8179243889973071,-9.454390976444426,11.61123752809551
2021-04-19 11:20:00,0.8246244687593443,-9.334561638842242,11.33943740521637
2021-04-19 11:21:00,0.8314162889331677,-9.577227867139396,11.113949383836259
2021-04-19 11:22:00,0.8383000855158005,-10.007987871242273,11.65472099001634
2021-04-19 11:23:00,0.8452760682054655,-9.818222822655468,11.399944086668482
2021-04-19 11:24:00,0.8523444204275614,-10.025753973163965,11.561381896323173
2021-04-19 11:25:00,0.859505298986251,-9.885399519666368,11.450747623354252
2021-04-19 11:26:00,0.8667588336686207,-9.488959916969426,11.370427989869551
2021-04-19 11:27:00,0.8741051273595686,-9.526171643366048,10.84541492254964
2021-04-19 11:28:00,0.8815442554986678,-10.076522712256539,12.456116130546974
2021-04-19 11:29:00,0.8890762661481005,-9.269361361393798,11.439489524567737
2021-04-19 11:30:00,0.8967011796025772,-8.883134579773605,11.569724150397159
2021-04-19 11:31:00,0.9044189882658805,-9.737586733573592,11.34868643842085
2021-04-19 11:32:00,0.9122296565599802,-10.155654571155067,10.309653846132647
2021-04-19 11:33:00,0.9201331206340234,-8.87718301761298,11.877688363603257
2021-04-19 11:34:00,0.9281292882550553,-9.731148610615504,12.039688963271557
2021-04-19 11:35:00,0.9362180386960495,-9.056896685376895,11.808093201019947
2021-04-19 11:36:00,0.94439922253333,-9.63697480674537,12.09397639377504
2021-04-19 11:37:00,0.9526726615598037,-9.672049517566998,11.14788971293288
2021-04-19 11:38:00,0.9610381487084859,-9.645598777435415,11.2626798772125
2021-04-19 11:39:00,0.969495447810973,-9.69205340109444,11.526501869135895
2021-04-19 11:40:00,0.9780442935973968,-9.227345259974452,11.48422090784536
2021-04-19 11:41:00,0.9866843916811019,-9.064713815149979,11.359238378265351
2021-04-19 11:42:00,0.9954154182060184,-10.137905534936387,11.497220476787655
2021-04-19 11:43:00,1.0042370201718798,-9.563042553251998,11.18044329765979
2021-04-19 11:44:00,1.0131488149022707,-10.494709002374448,11.844995503702883
2021-04-19 11:45:00,1.0221503904632638,-9.868036889978754,10.803174901333751
2021-04-19 11:46:00,1.0312413053546061,-10.011951528361,11.877414378296455
2021-04-19 11:47:00,1.040421088416015,-9.677792149987175,12.604828993083816
2021-04-19 11:48:00,1.0496892390611134,-9.68012426293386,10.701730150073406
2021-04-19 11:49:00,1.0590452270719743,-9.859196409907465,12.078967959964675
2021-04-19 11:50:00,1.0684884926190499,-9.383820022763208,11.29294241543243
2021-04-19 11:51:00,1.0780184463670541,-9.820229065094761,11.98441818832744
2021-04-19 11:52:00,1.087634469352877,-8.92424587421313,12.319793418443767
2021-04-19 11:53:00,1.0973359131794984,-8.948408120348075,11.793836547657778
2021-04-19 11:54:00,1.1071220999334528,-10.130599493691495,11.702494182211792
2021-04-19 11:55:00,1.116992322216086,-9.009766916115748,11.116370618777264
2021-04-19 11:56:00,1.1269458433149826,-8.96855392659209,12.87047942746889
2021-04-19 11:57:00,1.1369818973049346,-9.616286591624053,11.96018544460102
2021-04-19 11:58:00,1.1470996888079674,-10.363682077196579,12.75666604958443
2021-04-19 11:59:00,1.1572983935156205,-9.25805157018824,11.400117367163574
2021-04-19 12:00:00,1.1675771579750303,-8.764303347826676,11.731603079542129
2021-04-19 12:01:00,1.1779350998323588,-9.157341196833228,11.722173750656415
2021-04-19 12:02:00,1.188371308088492,-9.865956857469662,11.903984684722216
2021-04-19 12:03:00,1.19888484275656,-9.027929522362799,12.256505037554984
2021-04-19 12:04:00,1.2094747356709457,-9.4655359845142,11.685600193071496
2021-04-19 12:05:00,1.2201399899390082,-9.21469873547362,11.622716075754477
2021-04-19 12:06:00,1.230879580732175,-9.523685616373433,12.493116137923963
2021-04-19 12:07:00,1.2416924550768613,-8.895839760816932,12.649549921056794
2021-04-19 12:08:00,1.2525775320320878,-9.374563812989143,12.256301082827939
2021-04-19 12:09:00,1.2635337030964533,-9.25211486329012,12.425563398867796
2021-04-19 12:10:00,1.274559832286729,-9.49286434949644,11.382081038123337
2021-04-19 12:11:00,1.2856547562292755,-9.657752225965636,12.302093298532949
2021-04-19 12:12:00,1.2968172846498516,-8.617304980716776,11.768941136109026
2021-04-19 12:13:00,1.3080462003167423,-9.197343714401455,12.097433337356673
2021-04-19 12:14:00,1.3193402595001706,-9.511046313603986,12.59243434928879
2021-04-19 12:15:00,1.3306981921345078,-8.885836455438769,11.423402117586935
2021-04-19 12:16:00,1.3421187019836003,-9.490386767169932,11.22331898853718
2021-04-19 12:17:00,1.3536004670630366,-9.577864993546278,12.160942385698997
2021-04-19 12:18:00,1.3651421399736128,-9.141088811966604,11.440088475855243
2021-04-19 12:19:00,1.376742347742029,-8.67171994899324,12.56510164968031
2021-04-19 12:20:00,1.3883996928290567,-9.254541515211336,12.119567246718276
2021-04-19 12:21:00,1.4001127526469608,-9.510680482391235,12.0436652270684
2021-04-19 12:22:00,1.4118800805948737,-9.291083302176062,12.347618624945381
2021-04-19 12:23:00,1.4237002059251993,-8.248492520545742,11.452501939135484
2021-04-19 12:24:00,1.4355716341304936,-9.269433985389915,12.553005000469357
2021-04-19 12:25:00,1.4474928474502806,-9.554816560426572,12.479835439398393
2021-04-19 12:26:00,1.459462305128465,-9.069391171934402,12.053334634948971
2021-04-19 12:27:00,1.4714784436577355,-8.541426191359118,12.355572745875294
2021-04-19 12:28:00,1.4835396773855958,-9.706580003148419,12.29927019456545
2021-04-19 12:29:00,1.4956443986164136,-9.323863678996533,11.804771611659222
2021-04-19 12:30:00,1.507790978230626,-9.093329179870326,12.180571022972416
2021-04-19 12:31:00,1.5199777659733291,-9.393389031364338,11.613777612017135
2021-04-19 12:32:00,1.5322030907466584,-9.310833603562513,12.159685215647555
2021-04-19 12:33:00,1.5444652611877236,-8.178253574127957,12.16589182862847
2021-04-19 12:34:00,1.5567625661578435,-9.516121992210122,11.870337065521563
2021-04-19 12:35:00,1.5690932746649013,-9.816998429234278,11.831314883785508
2021-04-19 12:36:00,1.5814556370764585,-9.41353143202708,12.17085969998552
2021-04-19 12:37:00,1.5938478847273436,-8.793181244163028,12.015550518408856
2021-04-19 12:38:00,1.6062682309850815,-8.468406156165807,11.766199301679197
2021-04-19 12:39:00,1.6187148715834068,-9.138519507584183,12.420767370267221
2021-04-19 12:40:00,1.631185984617963,-9.027547418393471,11.612573097718679
2021-04-19 12:41:00,1.6436797317182754,-9.02557137467587,12.42722151644063
2021-04-19 12:42:00,1.6561942580398397,-8.513529113114883,12.464775032984386
2021-04-19 12:43:00,1.6687276927861214,-8.103570664771741,12.184888655097671
2021-04-19 12:44:00,1.6812781499360692,-8.928028679627166,11.54002133614541
2021-04-19 12:45:00,1.693843728419661,-8.858186132961958,12.474017021848319
2021-04-19 12:46:00,1.706422512898281,-9.338661161434686,11.95177498397578
2021-04-19 12:47:00,1.7190125741284537,-9.25905333308969,12.198837884817053
2021-04-19 12:48:00,1.7316119693800662,-8.80983973369239,13.135457146180773
2021-04-19 12:49:00,1.7442187432155787,-9.68151509948122,12.486184772232203
2021-04-19 12:50:00,1.7568309276954872,-8.235923518470997,11.524348385097271
2021-04-19 12:51:00,1.7694465431651742,-8.400068856020145,12.280028929494856
2021-04-19 12:52:00,1.782063598704029,-9.266563558787272,12.864420000818328
2021-04-19 12:53:00,1.7946800925087627,-7.988007639655514,12.156653606987247
2021-04-19 12:54:00,1.8072940126670307,-8.95768789280755,12.413172046113152
2021-04-19 12:55:00,1.8199033377105192,-8.190463903054846,12.884397547248959
2021-04-19 12:56:00,1.8325060367487924,-8.385779227405266,12.322982646710619
2021-04-19 12:57:00,1.8451000707231828,-8.736367030663597,12.712372410219084
2021-04-19 12:58:00,1.8576833921679627,-8.271761503282821,13.010481497184358
2021-04-19 12:59:00,1.8702539465458228,-9.004001253895122,12.769571829485335
2021-04-19 13:00:00,1.8828096723207333,-9.20431195819736,11.498713979652662
2021-04-19 13:01:00,1.8953485015787899,-8.32954758423331,12.18700831704552
2021-04-19 13:02:00,1.9078683607906028,-8.765810100448586,13.119160438966276
2021-04-19 13:03:00,1.9203671713211836,-8.550264431189488,12.182801728407801
2021-04-19 13:04:00,1.9328428498497205,-8.197903929663513,13.6589828979035
2021-04-19 13:05:00,1.9452933092182487,-9.44027689234266,12.210629729641182
2021-04-19 13:06:00,1.957716458789923,-8.178323904804547,13.052742748050546
2021-04-19 13:07:00,1.9701102051910582,-8.709361606202696,12.830027381319914
2021-04-19 13:08:00,1.982472452898592,-8.82268637055598,12.438906474254624
2021-04-19 13:09:00,1.994801104642986,-8.526789096322199,12.669894454547155
2021-04-19 13:10:00,2.0070940622681297,-8.946169619267861,12.666117952347294
2021-04-19 13:11:00,2.019349227305654,-8.397810599167006,12.54434210364427
2021-04-19 13:12:00,2.0315645011662427,-8.256829689051687,12.936871229408682
2021-04-19 13:13:00,2.0437377864870028,-8.19090292896382,13.178672187892527
2021-04-19 13:14:00,2.0558669868793347,-7.950841827784754,12.663264252415072
2021-04-19 13:15:00,2.067950008340394,-8.310075361285957,13.238627551489957
2021-04-19 13:16:00,2.0799847593515595,-8.309046269482605,12.538634511891626
2021-04-19 13:17:00,2.09196915143949,-9.590328222106121,12.383152990372118
2021-04-19 13:18:00,2.103901100292231,-8.592612995954042,12.149942171541367
2021-04-19 13:19:00,2.1157785258623485,-7.767379488726123,13.233627432278519
2021-04-19 13:20:00,2.127599353162613,-8.811457038964136,12.881245917132325
2021-04-19 13:21:00,2.1393615129477137,-7.995796965845184,13.133197521196504
2021-04-19 13:22:00,2.1510629421302347,-8.192622418875127,12.736838149790485
2021-04-19 13:23:00,2.162701584631382,-8.408132426858828,12.338626548100883
2021-04-19 13:24:00,2.174275391868665,-9.04851697350133,13.112064002418627
2021-04-19 13:25:00,2.185782323244697,-8.520162215054738,12.954620007278365
2021-04-19 13:26:00,2.197220346959718,-7.730620544296249,12.613541798064569
2021-04-19 13:27:00,2.2085874405834116,-8.950270955399528,11.963210475665898
2021-04-19 13:28:00,2.2198815914738503,-8.502098474274927,11.741908872639478
2021-04-19 13:29:00,2.2311007976266506,-8.099260356968676,12.578248497355613
2021-04-19 13:30:00,2.242243068111603,-9.102223413191817,12.798451321342856
2021-04-19 13:31:00,2.2533064237113583,-8.030630533016778,12.198383570330673
2021-04-19 13:32:00,2.2642888977151987,-8.89526646486251,13.298966207968055
2021-04-19 13:33:00,2.275188535998744,-8.13908845896945,12.947575094604757
2021-04-19 13:34:00,2.2860033983451813,-8.553589055714342,12.45865541302213
2021-04-19 13:35:00,2.2967315582804284,-8.425474522922837,12.649422360878665
2021-04-19 13:36:00,2.3073711042834186,-8.19746760733546,12.719746676933484
2021-04-19 13:37:00,2.3179201400721885,-8.720015741437088,11.867562226739853
2021-04-19 13:38:00,2.3283767851030737,-7.721062582349348,13.67574789294946
2021-04-19 13:39:00,2.338739175430946,-8.93620305420586,12.752742999335771
2021-04-19 13:40:00,2.349005464048373,-8.596950739206173,13.696586264819473
2021-04-19 13:41:00,2.359173821551124,-7.958445505158903,12.74924669882902
2021-04-19 13:42:00,2.3692424367263647,-8.125917185932087,12.928740598009298
2021-04-19 13:43:00,2.3792095169922467,-7.609405965603715,12.428721845586452
2021-04-19 13:44:00,2.389073289181858,-9.20156486373112,12.957774659119933
2021-04-19 13:45:00,2.398831999901556,-7.769239905455064,13.499438538554134
2021-04-19 13:46:00,2.4084839160811384,-7.6991416599624065,12.775489745571361
2021-04-19 13:47:00,2.4180273256723117,-7.68387590487694,12.050422535988835
2021-04-19 13:48:00,2.4274605381831265,-8.19437496302124,13.45371172649962
2021-04-19 13:49:00,2.4367818848846157,-7.36535886172231,12.76061198994298
2021-04-19 13:50:00,2.4459897198294662,-8.60365459130364,13.374776215688037
2021-04-19 13:51:00,2.455082419966955,-7.494263244619629,13.190083350907756
2021-04-19 13:52:00,2.4640583859355845,-8.152796379820328,12.870879142293317
2021-04-19 13:53:00,2.472916042501619,-8.207440579935092,13.104305651882704
2021-04-19 13:54:00,2.4816538388381577,-7.993560961944397,13.6444493482568
2021-04-19 13:55:00,2.490270249479157,-8.253276583605142,12.814011173801443
2021-04-19 13:56:00,2.498763774416633,-8.327175860107646,13.303796991732494
2021-04-19 13:57:00,2.5071329396986446,-7.5485212354048175,13.989738108115914
2021-04-19 13:58:00,2.5153762980809704,-7.569978278452576,12.873076552454581
2021-04-19 13:59:00,2.5234924292293486,-8.645521990052025,12.73767218261781
2021-04-19 14:00:00,2.531479940369938,-8.435530167361849,12.901839020766952
2021-04-19 14:01:00,2.539337466772223,-7.920569237593553,13.5625447172675
2021-04-19 14:02:00,2.5470636719927873,-8.481492872749216,13.289339291807904
2021-04-19 14:03:00,2.5546572486008987,-7.714409823224642,13.517167239655155
2021-04-19 14:04:00,2.5621169183774066,-8.479683900669244,13.501233879026502
2021-04-19 14:05:00,2.569441432902053,-8.731985721102346,13.452087058992772
2021-04-19 14:06:00,2.5766295738963176,-8.160931564308301,12.942230836680654
2021-04-19 14:07:00,2.583680153609092,-8.18969491394217,13.699019585474337
2021-04-19 14:08:00,2.5905920153483337,-8.133271158698806,13.564050775832884
2021-04-19 14:09:00,2.5973640338710595,-7.568623686161848,13.244177852349784
2021-04-19 14:10:00,2.603995115447889,-7.1526673927156335,13.47122129562004
2021-04-19 14:11:00,2.6104841987577307,-7.671642053595544,13.013469974608164
2021-04-19 14:12:00,2.6168302549350186,-8.733890524080897,12.653816845187437
2021-04-19 14:13:00,2.6230322879340786,-8.773135707770347,13.965676095271544
2021-04-19 14:14:00,2.629089334986398,-7.822294825156351,13.36439864715789
2021-04-19 14:15:00,2.635000466952011,-6.670172350098721,12.891871829513542
2021-04-19 14:16:00,2.6407647885369254,-7.430516880044707,12.929286538457367
2021-04-19 14:17:00,2.6463814387957605,-7.922438852380804,12.82725560669123
2021-04-19 14:18:00,2.65184959122716,-7.7391611183734454,13.69543003943682
2021-04-19 14:19:00,2.6571684543313108,-7.994947372569009,12.942372186441672
2021-04-19 14:20:00,2.6623372716789486,-7.892509617398945,13.339824981073077
2021-04-19 14:21:00,2.6673553223171442,-7.738836175762598,13.050397973571263
2021-04-19 14:22:00,2.6722219211052547,-7.719981766027664,13.527284087636518
2021-04-19 14:23:00,2.6769364188184026,-7.304943359482525,12.512745443482311
2021-04-19 14:24:00,2.6814982025045833,-7.671497079512034,13.332784040877797
2021-04-19 14:25:00,2.6859066958095723,-7.75642321315713,13.457087119200773
2021-04-19 14:26:00,2.690161358997262,-8.02259930191162,12.514477152018594
2021-04-19 14:27:00,2.6942616894386506,-7.47239742725112,13.555200024344652
2021-04-19 14:28:00,2.698207221570861,-7.984420664050223,12.582533752737584
2021-04-19 14:29:00,2.7019975273477606,-7.736009118891121,13.23178992821113
2021-04-19 14:30:00,2.7056322162313036,-8.175337919647019,13.986831317269557
2021-04-19 14:31:00,2.709110935462724,-7.768723374399223,13.777853171015568
2021-04-19 14:32:00,2.7124333702870858,-8.527691475304556,12.462610265885962
2021-04-19 14:33:00,2.715599244061972,-7.621297111441473,13.784179138168204
2021-04-19 14:34:00,2.7186083183647125,-8.315107738554916,12.941342024213995
2021-04-19 14:35:00,2.7214603931732926,-7.755052521056011,13.216419136934972
2021-04-19 14:36:00,2.7241553070902293,-8.527417300495467,14.074851010412399
2021-04-19 14:37:00,2.726692937289679,-7.320143265823724,13.268329926368576
2021-04-19 14:38:00,2.7290731997082203,-8.403037803286928,12.550303833816955
2021-04-19 14:39:00,2.73129604923321,-7.519641802799918,13.194402560546017
2021-04-19 14:40:00,2.7333614795884635,-7.333156618232881,13.317742073404474
2021-04-19 14:41:00,2.735269523597007,-8.563134861191378,13.385311508608797
2021-04-19 14:42:00,2.737020253111524,-7.813472968135327,13.296171671504235
2021-04-19 14:43:00,2.738613779175722,-7.805398168686233,12.932225581200914
2021-04-19 14:44:00,2.7400502519612293,-7.953387206921943,13.46821994170712
2021-04-19 14:45:00,2.7413298608300045,-7.715854987653633,13.232669195801316
2021-04-19 14:46:00,2.742452834405155,-8.710595644402874,13.464493997212355
2021-04-19 14:47:00,2.7434194405139403,-7.601036342933419,13.499382920898725
2021-04-19 14:48:00,2.7442299862202306,-7.8512800790804445,13.602913997173443
2021-04-19 14:49:00,2.744884817718996,-8.372842233605565,12.940821787485017
2021-04-19 14:50:00,2.74538432049769,-8.30615641253003,12.709072057945647
2021-04-19 14:51:00,2.7457289190586467,-7.988778038930038,13.529647545895815
2021-04-19 14:52:00,2.7459190770240656,-8.55883230910342,13.781773749402115
2021-04-19 14:53:00,2.7459552970725234,-7.885359216405067,13.250234282018491
2021-04-19 14:54:00,2.74583812074423,-7.466489890679189,12.793780790041964
2021-04-19 14:55:00,2.745568128467632,-7.47119368278712,12.2469921350514
2021-04-19 14:56:00,2.7451459394365454,-7.816244752705083,13.550675667325113
2021-04-19 14:57:00,2.744572211484642,-8.16885577662847,13.39110596150064
2021-04-19 14:58:00,2.743847640958387,-7.349396714685668,13.32524568586129
2021-04-19 14:59:00,2.7429729625366077,-8.271662790086799,13.810738778175157
2021-04-19 15:00:00,2.7419489492700753,-7.811382457421558,13.315081170639603
2021-04-19 15:01:00,2.740776412172151,-7.791064003431159,12.770789767926601
2021-04-19 15:02:00,2.739456200205755,-8.06612158601824,12.307077736100531
2021-04-19 15:03:00,2.7379892001374397,-7.3907438698215,13.131814045697851
2021-04-19 15:04:00,2.736376336206887,-7.4775845217503845,12.781661174132685
2021-04-19 15:05:00,2.7346185700368086,-8.707826699732015,13.590341617110077
2021-04-19 15:06:00,2.7327169003562375,-8.370450645971566,13.934294738549527
2021-04-19 15:07:00,2.7306723628470815,-7.287650552404498,12.857264967520036
2021-04-19 15:08:00,2.7284860298579208,-8.289422506263318,12.667260693157072
2021-04-19 15:09:00,2.7261590101122484,-7.422250863710384,13.42931634743878
2021-04-19 15:10:00,2.7236924485705876,-8.73826749914053,13.04275709841096
2021-04-19 15:11:00,2.721087526064304,-7.8435238525200885,14.184924065941475
2021-04-19 15:12:00,2.718345459058439,-7.72359928871003,13.506130427289428
2021-04-19 15:13:00,2.7154674993420436,-8.279520918841575,13.233174324601539
2021-04-19 15:14:00,2.7124549337628325,-8.49866690090664,12.634759303833688
2021-04-19 15:15:00,2.709309083820358,-7.6855138919119845,13.269756214216656
2021-04-19 15:16:00,2.706031305476352,-8.070998148922067,13.19978418785733
2021-04-19 15:17:00,2.702622988757243,-7.0907484677008155,13.239257208465961
2021-04-19 15:18:00,2.6990855573381043,-7.8927380527037565,13.604245555123718
2021-04-19 15:19:00,2.6954204683604264,-7.674404532410972,13.066957027200036
2021-04-19 15:20:00,2.691629211839727,-8.264436984162684,12.986700851829701
2021-04-19 15:21:00,2.6877133105694,-7.851465622084657,13.224862996413833
2021-04-19 15:22:00,2.683674319528487,-8.048716356947683,13.351149339160255
2021-04-19 15:23:00,2.6795138253872754,-7.672301627520596,13.468055718988849
2021-04-19 15:24:00,2.6752334465837313,-8.356890736440558,13.305736461624571
2021-04-19 15:25:00,2.6708348322601414,-7.33363027104857,13.445754792378988
2021-04-19 15:26:00,2.666319662339114,-7.730379004425073,13.401405311135541
2021-04-19 15:27:00,2.6616896468887097,-8.150541332580113,12.820243678316146
2021-04-19 15:28:00,2.656946525678898,-6.88576540317322,13.333583985701857
2021-04-19 15:29:00,2.652092067801731,-8.189799569950091,13.733883698350086
2021-04-19 15:30:00,2.647128071085689,-8.180597905081905,13.35772460105117
2021-04-19 15:31:00,2.642056361755944,-7.740211121568572,13.360486677602344
2021-04-19 15:32:00,2.636878793927087,-8.249612594567992,13.002812740297632
2021-04-19 15:33:00,2.6315972490083706,-7.173869883738482,13.174684299268351
2021-04-19 15:34:00,2.626213635338037,-7.622378571348829,13.27253130065875
2021-04-19 15:35:00,2.620729887639876,-8.224994418733823,12.968723018877528
2021-04-19 15:36:00,2.6151479664517825,-7.730025682027044,13.522671871776417
2021-04-19 15:37:00,2.609469857691801,-8.997276351684162,13.068199501638075
2021-04-19 15:38:00,2.6036975720928655,-8.604212453671401,13.709437837920566
2021-04-19 15:39:00,2.5978331444862235,-8.382378725167584,12.201072728215987
2021-04-19 15:40:00,2.591878633714817,-7.6291299362707266,13.010918694279852
2021-04-19 15:41:00,2.5858361215261505,-7.368353697538237,13.50085656646291
2021-04-19 15:42:00,2.5797077123860648,-7.964277466232143,13.763406065817351
2021-04-19 15:43:00,2.5734955328240288,-7.325977997873421,13.194584693716147
2021-04-19 15:44:00,2.56720173070845,-7.680327291207077,13.584723236617426
2021-04-19 15:45:00,2.560828474946762,-7.611617920627616,13.227969648630904
2021-04-19 15:46:00,2.554377954595533,-7.682666845434655,13.414290231732078
2021-04-19 15:47:00,2.5478523783988845,-8.323645198533379,13.464338175742078
2021-04-19 15:48:00,2.541253974318642,-8.774192801534154,12.847939234287889
2021-04-19 15:49:00,2.534584988625019,-8.186652935563488,12.890642555614265
2021-04-19 15:50:00,2.527847685571447,-8.123271199669235,13.000041309481189
2021-04-19 15:51:00,2.52104434657977,-8.348905958299708,13.059440168707155
2021-04-19 15:52:00,2.514177269677681,-7.542872502529048,12.946333318649051
2021-04-19 15:53:00,2.507248768936704,-7.804316497595244,12.741694234059828
2021-04-19 15:54:00,2.5002611737015514,-7.725918024195034,12.787117738055377
2021-04-19 15:55:00,2.4932168279144276,-7.850457202670212,12.426507909927604
2021-04-19 15:56:00,2.4861180898315274,-8.152025744571047,13.09560700680303
2021-04-19 15:57:00,2.478967330756446,-8.039105486607664,13.32051962061561
2021-04-19 15:58:00,2.471766935061382,-7.902600525323536,12.786305668854132
2021-04-19 15:59:00,2.4645192989029066,-8.153652267253038,13.448012713983466
2021-04-19 16:00:00,2.457226829897109,-8.46716865714645,13.859360590433003
2021-04-19 16:01:00,2.4498919465791316,-7.629672858901828,12.027621573725222
2021-04-19 16:02:00,2.44251707726753,-8.29095050807502,13.231579004475249
2021-04-19 16:03:00,2.4351046597479655,-7.552566621582096,12.57226310820306
2021-04-19 16:04:00,2.4276571405556124,-8.013143411344268,11.915183382383029
2021-04-19 16:05:00,2.420176974117006,-8.257544482686898,13.3549704581306
2021-04-19 16:06:00,2.4126666222608217,-9.132119461323043,12.662918581974727
2021-04-19 16:07:00,2.4051285533630598,-8.26711536179135,12.377935589757303
2021-04-19 16:08:00,2.3975652416847013,-7.755114719436693,12.7002789007154
2021-04-19 16:09:00,2.389979166832979,-8.786149704266645,13.030975027495165
2021-04-19 16:10:00,2.3823728128118082,-8.331038860790514,12.334839742552678
2021-04-19 16:11:00,2.3747486674404747,-7.933672194439896,12.954252200432505
2021-04-19 16:12:00,2.3671092217642387,-9.11757717493552,13.0390207128051
2021-04-19 16:13:00,2.35945696908068,-8.155437586810216,13.455698024498735
2021-04-19 16:14:00,2.3517944045129475,-8.535658296929757,13.112804924995354
2021-04-19 16:15:00,2.3441240241143064,-7.340204480090786,12.957330808314058
2021-04-19 16:16:00,2.336448324080656,-8.531653875252715,12.368497286704422
2021-04-19 16:17:00,2.328769800483932,-9.191277754684,12.59531437087794
2021-04-19 16:18:00,2.321090947922875,-7.753078412084123,12.250501862280416
2021-04-19 16:19:00,2.3134142592746554,-7.617417508444613,12.676862000453465
2021-04-19 16:20:00,2.305742224888201,-7.9950718577862085,12.888058437617214
2021-04-19 16:21:00,2.298077331708533,-7.593271891352011,12.631226272312844
2021-04-19 16:22:00,2.2904220627927443,-8.932244299513517,12.46680817117814
2021-04-19 16:23:00,2.2827788963980233,-8.59305036084891,12.41738718408257
2021-04-19 16:24:00,2.275150305345859,-8.277593842648258,13.142346462907508
2021-04-19 16:25:00,2.267538756414553,-7.804467264368131,13.094770124777813
2021-04-19 16:26:00,2.2599467094430734,-8.7831838335514,12.2341490510494
2021-04-19 16:27:00,2.2523766167068624,-8.481244499609144,11.582854892970461
2021-04-19 16:28:00,2.244830922309505,-8.332208188342094,12.29216040907064
2021-04-19 16:29:00,2.237312061259736,-9.032466321805403,13.43208481876317
2021-04-19 16:30:00,2.2298224590106366,-8.379025752351817,12.543954974087649
2021-04-19 16:31:00,2.2223645305747537,-8.123854454303919,12.046332214437678
2021-04-19 16:32:00,2.2149406797654994,-8.141876202890645,12.408727192347314
2021-04-19 16:33:00,2.207553298919987,-8.854276939908809,12.182540875004804
2021-04-19 16:34:00,2.200204767544276,-8.61556763626789,12.604188246571832
2021-04-19 16:35:00,2.192897452341037,-9.497308580115332,12.209810126102802
2021-04-19 16:36:00,2.1856337058599347,-8.639620510602455,12.478209813202271
2021-04-19 16:37:00,2.178415866231062,-8.674717668725393,12.43236055075214
2021-04-19 16:38:00,2.171246256426457,-9.055606452447162,12.71174919570524
2021-04-19 16:39:00,2.1641271834338776,-8.68969492950924,12.526718335541094
2021-04-19 16:40:00,2.157060937660327,-8.118515665446465,13.459521186408208
2021-04-19 16:41:00,2.15004979236376,-8.921798063800084,13.282036691677
2021-04-19 16:42:00,2.143096002781917,-8.107959399127354,12.193742757739573
2021-04-19 16:43:00,2.1362018056819587,-9.781986388902812,12.657560919524043
2021-04-19 16:44:00,2.129369418537502,-8.856138727700479,13.34061959679682
2021-04-19 16:45:00,2.1226010389268133,-8.917140491837412,12.373437694983577
2021-04-19 16:46:00,2.1158988440032127,-8.249944500307965,12.367225900229945
2021-04-19 16:47:00,2.1092649896521034,-7.996869778965169,11.73092019525283
2021-04-19 16:48:00,2.102701609974096,-7.846516557221702,13.094428498246788
2021-04-19 16:49:00,2.096210816717054,-7.972215800708641,11.859610461515377
2021-04-19 16:50:00,2.089794698450358,-8.052936230999368,12.52271988424447
2021-04-19 16:51:00,2.0834553201903567,-7.714495335799532,12.47067149093363
2021-04-19 16:52:00,2.0771947226174405,-8.528223392237981,12.479499139610612
2021-04-19 16:53:00,2.0710149214025573,-8.92491079691243,12.781346501738453
2021-04-19 16:54:00,2.06491790700085,-8.774303984981215,12.437644446787928
2021-04-19 16:55:00,2.0589056435126123,-8.62367411009263,12.317061988685648
2021-04-19 16:56:00,2.0529800685032136,-7.695374433289058,13.034784837455163
2021-04-19 16:57:00,2.0471430923067446,-9.27680450581467,12.791584184640085
2021-04-19 16:58:00,2.041396597378067,-8.130225236395203,12.983905085583547
2021-04-19 16:59:00,2.0357424378887448,-8.857647351180967,13.31029617337014
2021-04-19 17:00:00,2.030182438994102,-8.323980307005126,13.010154406458431
2021-04-19 17:01:00,2.024718396373238,-8.03454005403153,12.758824567452029
2021-04-19 17:02:00,2.0193520757738255,-7.666557977217537,12.909413726201386
2021-04-19 17:03:00,2.0140852123351864,-7.994021989194701,12.314436516249787
2021-04-19 17:04:00,2.008919510098218,-8.195496539983765,13.164079075787187
2021-04-19 17:05:00,2.003856641615288,-7.9351373429856835,12.988116122410148
2021-04-19 17:06:00,1.9988982472751902,-9.137172776626077,12.17588244396509
2021-04-19 17:07:00,1.9940459349280275,-9.060978326113668,12.311950904486798
2021-04-19 17:08:00,1.9893012793640172,-8.218180327297294,13.41520171133838
2021-04-19 17:09:00,1.984665821708788,-8.749243322590317,12.453623638792461
2021-04-19 17:10:00,1.9801410693044088,-8.85664087146363,12.796241010825433
2021-04-19 17:11:00,1.9757284947915783,-8.044497985138896,13.3524873636442
2021-04-19 17:12:00,1.971429536001797,-8.369040171527024,11.379177944900839
2021-04-19 17:13:00,1.9672455954401307,-9.368873286601838,12.17762792548393
2021-04-19 17:14:00,1.9631780397162772,-8.211403432698454,12.847076270255409
2021-04-19 17:15:00,1.9592281993517813,-8.499360740814227,11.659178938655032
2021-04-19 17:16:00,1.955397368147897,-9.169620180238626,12.585248648550415
2021-04-19 17:17:00,1.9516868029511558,-8.144562892976786,12.370448682380722
2021-04-19 17:18:00,1.948097723188984,-8.488856364056042,12.369054132287621
2021-04-19 17:19:00,1.944631310497521,-8.514362985250653,12.270192547062122
2021-04-19 17:20:00,1.9412887084217607,-8.181813185676956,12.134000909517873
2021-04-19 17:21:00,1.9380710219170298,-8.349000086981398,12.880136927814887
2021-04-19 17:22:00,1.934979317140763,-9.478359734658346,12.713895740617303
2021-04-19 17:23:00,1.9320146211061837,-9.182406862159361,12.218996392102985
2021-04-19 17:24:00,1.9291779212654085,-9.570140375966162,12.535751285747697
2021-04-19 17:25:00,1.9264701652146765,-9.578218953889763,12.658695854326327
2021-04-19 17:26:00,1.9238922605646431,-8.97705253179207,12.070412393043405
2021-04-19 17:27:00,1.9214450744415434,-8.660971819455613,12.811100210938777
2021-04-19 17:28:00,1.9191294332888595,-8.5335232493092,11.763938834516274
2021-04-19 17:29:00,1.9169461226564146,-9.460457277912722,12.228104420048263
2021-04-19 17:30:00,1.9148958867944497,-8.722236484545487,12.264256543192023
2021-04-19 17:31:00,1.9129794286664672,-8.449006586183106,12.872346234063661
2021-04-19 17:32:00,1.9111974094159192,-9.1254430625052,12.28230579101731
2021-04-19 17:33:00,1.9095504483887569,-8.381529448061775,12.061286982240956
2021-04-19 17:34:00,1.9080391228522733,-8.039553409390967,12.345180893779954
2021-04-19 17:35:00,1.9066639677076773,-8.190106205149934,12.653559800195035
2021-04-19 17:36:00,1.9054254754713964,-8.549830944357343,12.720375290326514
2021-04-19 17:37:00,1.904324096011234,-8.595183364130474,12.64975994767698
2021-04-19 17:38:00,1.903360236347854,-8.606421789415611,11.964519641691695
2021-04-19 17:39:00,1.9025342606599556,-7.9935991844244985,12.512997983276518
2021-04-19 17:40:00,1.9018464899693908,-9.313127312405612,12.39157806826551
2021-04-19 17:41:00,1.9012972021987466,-9.229813282608358,12.282717660867972
2021-04-19 17:42:00,1.9008866319055189,-8.354377201318437,12.877049367688317
2021-04-19 17:43:00,1.9006149703187245,-8.38890988140051,12.315808686614115
2021-04-19 17:44:00,1.9004823652108067,-8.505614803259533,12.437028177750358
2021-04-19 17:45:00,1.9004889207763245,-8.99312799164476,12.842723966244142
2021-04-19 17:46:00,1.900634697602759,-8.560546964536597,12.514089440120772
2021-04-19 17:47:00,1.900919712776261,-8.834761474309822,12.936824039924003
2021-04-19 17:48:00,1.9013439395973681,-8.938803269813905,11.969096418563462
2021-04-19 17:49:00,1.9019073077113668,-8.621537293099676,12.6051785416981
2021-04-19 17:50:00,1.902609703122599,-8.601416968593977,12.126730598720929
2021-04-19 17:51:00,1.9034509681730918,-9.614437948399894,12.262516667249583
2021-04-19 17:52:00,1.9044309014769678,-8.84815077014922,12.185064607266586
2021-04-19 17:53:00,1.905549258132053,-9.112001685681204,12.544764772442923
2021-04-19 17:54:00,1.9068057495789792,-8.685427881957695,11.81577718163594
2021-04-19 17:55:00,1.9082000438293836,-8.822636356550118,12.781736310508707
2021-04-19 17:56:00,1.90973176538054,-9.346671005878308,12.257445834804717
2021-04-19 17:57:00,1.9114004954526411,-7.921721816738697,12.524417840812655
2021-04-19 17:58:00,1.9132057719988644,-8.973641872077641,13.184297546673067
2021-04-19 17:59:00,1.9151470897873943,-8.626583508609984,12.292185860336826
2021-04-19 18:00:00,1.9172239006172056,-8.511096835754461,12.185120240233731
2021-04-19 18:01:00,1.9194356134233117,-8.825956406330809,12.171849814396868
2021-04-19 18:02:00,1.9217815943757959,-9.067983638412777,12.111782932020382
2021-04-19 18:03:00,1.9242611670950738,-8.16623462121049,12.511634794918823
2021-04-19 18:04:00,1.9268736128178272,-7.840259118650545,13.345714996409617
2021-04-19 18:05:00,1.9296181705797717,-8.138578670414983,12.328558466595355
2021-04-19 18:06:00,1.9324940373715576,-8.402731128709382,12.357264233728404
2021-04-19 18:07:00,1.9355003685047543,-7.881256017199772,12.881603442367828
2021-04-19 18:08:00,1.938636277624588,-8.382982470599753,12.979427639890364
2021-04-19 18:09:00,1.9419008371099769,-8.632510538037664,12.815691372598051
2021-04-19 18:10:00,1.945293078225326,-8.8605689254657,12.007518777571365
2021-04-19 18:11:00,1.948811991449933,-8.8076415774578,12.38652001488544
2021-04-19 18:12:00,1.9524565267774308,-9.155281569381996,12.272246670292247
2021-04-19 18:13:00,1.9562255938280337,-7.349373813438407,13.16082893880367
2021-04-19 18:14:00,1.960118062387792,-9.526070304109357,12.328608786423036
2021-04-19 18:15:00,1.9641327626082978,-8.666834891423642,11.917719075162202
2021-04-19 18:16:00,1.9682684852092802,-7.994319398737984,12.107029676433548
2021-04-19 18:17:00,1.9725239820766625,-8.356868108928456,12.74721352889516
2021-04-19 18:18:00,1.9768979663654866,-8.801366257872877,12.006140188263934
2021-04-19 18:19:00,1.981389113014944,-8.86428212371911,12.398379822599178
2021-04-19 18:20:00,1.9859960590227939,-9.087873327891403,12.533083854897537
2021-04-19 18:21:00,1.9907174038804603,-8.74136954914378,12.33937416850491
2021-04-19 18:22:00,1.9955517099847622,-7.8526473886142085,12.839024465944474
2021-04-19 18:23:00,2.0004975030040435,-8.527024073399433,12.574426085309456
2021-04-19 18:24:00,2.005553272231452,-8.656895187765317,12.909121933823657
2021-04-19 18:25:00,2.0107174711521374,-7.767768693872659,12.137092443545203
2021-04-19 18:26:00,2.015988517845516,-8.631104091376933,12.464725657311352
2021-04-19 18:27:00,2.021364795257923,-9.154593747947683,12.818285643403286
2021-04-19 18:28:00,2.0268446519555745,-8.196691595415574,13.107054804544415
2021-04-19 18:29:00,2.03242640236688,-7.933849829081652,13.491656107379056
2021-04-19 18:30:00,2.038108327318384,-8.391432688708594,12.55481512433472
2021-04-19 18:31:00,2.0438886746252596,-7.97713659649196,12.142690971580246
2021-04-19 18:32:00,2.049765659452845,-8.56293500726468,11.787527654694161
2021-04-19 18:33:00,2.055737464896958,-7.754903017028073,11.876131704349163
2021-04-19 18:34:00,2.061802242497937,-8.943592897484937,13.124005774450891
2021-04-19 18:35:00,2.0679581127587094,-7.999583402280442,12.819447133117636
2021-04-19 18:36:00,2.074203165781888,-7.900575765673523,13.391910308660224
2021-04-19 18:37:00,2.080535461571513,-8.262205217829148,12.324965984125654
2021-04-19 18:38:00,2.0869530309018502,-8.63667127239768,12.775212370529365
2021-04-19 18:39:00,2.0934538757277545,-8.708044721641745,13.198639075568355
2021-04-19 18:40:00,2.1000359696531796,-7.724721733440632,12.734192189436994
2021-04-19 18:41:00,2.1066972587619106,-8.39881359998249,13.662341150095257
2021-04-19 18:42:00,2.1134356620779937,-8.395906955904838,11.879853131202017
2021-04-19 18:43:00,2.1202490721345,-8.599203758383403,12.70564694359992
2021-04-19 18:44:00,2.1271353556739276,-7.802635180242416,13.21316497530519
2021-04-19 18:45:00,2.1340923541147196,-9.339039806362939,12.84447392414439
2021-04-19 18:46:00,2.1411178845066043,-8.747878775501023,12.259357964453693
2021-04-19 18:47:00,2.1482097397825397,-8.70784237831755,12.289340531274597
2021-04-19 18:48:00,2.155365689625033,-8.777440411154535,12.852985960001766
2021-04-19 18:49:00,2.1625834810625086,-8.890256415589075,11.919893897923744
2021-04-19 18:50:00,2.169860839133235,-8.094578661739064,12.650481024024115
2021-04-19 18:51:00,2.177195467522913,-9.803224152669088,12.571717531105042
2021-04-19 18:52:00,2.1845850493394265,-8.10239813740919,12.261457540497812
2021-04-19 18:53:00,2.1920272476403255,-7.725565394615834,12.67158636875107
2021-04-19 18:54:00,2.1995197061965124,-8.146112425652209,12.942026795740619
2021-04-19 18:55:00,2.207060050258052,-8.731867242619277,12.584287117059064
2021-04-19 18:56:00,2.2146458871003336,-7.885068075180215,12.930575238526192
2021-04-19 18:57:00,2.222274806835749,-7.781174377091505,12.895313309624177
2021-04-19 18:58:00,2.2299443830883643,-8.523032984284457,12.263171199175504
2021-04-19 18:59:00,2.237652173670132,-8.354192433022984,12.647439411020175
2021-04-19 19:00:00,2.2453957215490736,-8.930105991336832,11.689277462684933
2021-04-19 19:01:00,2.253172555016106,-8.328885201246015,13.116566834459107
2021-04-19 19:02:00,2.260980189131756,-8.767724487197038,12.217162295288754
2021-04-19 19:03:00,2.268816125904874,-8.57546519030398,12.776913540037201
2021-04-19 19:04:00,2.2766778552741704,-8.681716906345793,12.407245739124553
2021-04-19 19:05:00,2.2845628558233924,-7.604627604405746,13.28735859520101
2021-04-19 19:06:00,2.292468595482706,-8.994275796214325,12.536624211032166
2021-04-19 19:07:00,2.3003925323958967,-7.688421378034355,13.389921348824021
2021-04-19 19:08:00,2.308332115529215,-7.744869524801245,13.086048285114263
2021-04-19 19:09:00,2.3162847854890427,-8.730029145716433,12.695848025398542
2021-04-19 19:10:00,2.324247975374756,-8.332346072386292,12.34711627316152
2021-04-19 19:11:00,2.3322191113983917,-7.929963350426239,13.440459638896863
2021-04-19 19:12:00,2.340195613730605,-8.21423160226695,12.64112969307328
2021-04-19 19:13:00,2.348174897279498,-7.827350982823956,13.212202619275129
2021-04-19 19:14:00,2.356154372429065,-8.058368251652645,13.417485023154603
2021-04-19 19:15:00,2.3641314457986757,-8.087952223028735,13.11024745994766
2021-04-19 19:16:00,2.3721035212254855,-9.129668465832532,13.69007117773145
2021-04-19 19:17:00,2.3800680001092784,-7.546470485186908,12.513575648311164
2021-04-19 19:18:00,2.388022282677742,-8.634762080896229,13.807946433285487
2021-04-19 19:19:00,2.3959637684432473,-8.823956926949828,12.291327068350784
2021-04-19 19:20:00,2.40388985708035,-7.738545246932105,12.737899751618409
2021-04-19 19:21:00,2.4117979493228363,-7.680873270047716,12.873932279700778
2021-04-19 19:22:00,2.419685447480106,-7.703786859225538,12.05687051586998
2021-04-19 19:23:00,2.4275497565251345,-9.002988901441892,13.475614375145536
2021-04-19 19:24:00,2.435388284738842,-8.081321955222029,13.11237217956847
2021-04-19 19:25:00,2.4431984443605432,-8.173621069983833,12.777654270480848
2021-04-19 19:26:00,2.450977652662242,-7.931482206226481,13.26019578806951
2021-04-19 19:27:00,2.4587233324989652,-7.999080563026055,13.756663817964105
2021-04-19 19:28:00,2.4664329131712903,-7.8395357456269155,12.753080489512863
2021-04-19 19:29:00,2.474103831228896,-8.74248732581243,12.4208855380072
2021-04-19 19:30:00,2.4817335311846462,-8.170392128467318,13.449898379154627
2021-04-19 19:31:00,2.489319466384393,-8.74695104008343,13.043376988466973
2021-04-19 19:32:00,2.4968590997763824,-7.390836780542642,13.235270634634091
2021-04-19 19:33:00,2.5043499044826536,-8.717853038343605,13.087766227485554
2021-04-19 19:34:00,2.5117893649247574,-7.652876763065546,12.390196620077626
2021-04-19 19:35:00,2.5191749772323755,-7.983168713040489,13.634373272805059
2021-04-19 19:36:00,2.526504250298309,-8.287161537978447,12.778536432424174
2021-04-19 19:37:00,2.5337747064491216,-7.841721440055725,12.76326993422452
2021-04-19 19:38:00,2.5409838820227657,-8.568634290505058,13.55081106108519
2021-04-19 19:39:00,2.548129328449686,-7.408717665049772,13.417527289902411
2021-04-19 19:40:00,2.555208612803159,-8.595118671061634,13.139827999253214
2021-04-19 19:41:00,2.5622193185486073,-7.91350953050328,12.862164683680879
2021-04-19 19:42:00,2.56915904637528,-7.9232965043358305,13.115811614121183
2021-04-19 19:43:00,2.576025414873709,-7.799254335516748,12.909108812331255
2021-04-19 19:44:00,2.5828160613019935,-7.992922017924026,13.525181516384144
2021-04-19 19:45:00,2.5895286423736272,-8.102537257861178,12.92542261189452
2021-04-19 19:46:00,2.5961608348087832,-6.8930067568088464,12.877078615362661
2021-04-19 19:47:00,2.6027103362817487,-7.92268763697317,13.272198713356035
2021-04-19 19:48:00,2.6091748660318315,-7.718845958996821,13.515054014444344
2021-04-19 19:49:00,2.615552165480142,-8.35925827338206,13.792707860731577
2021-04-19 19:50:00,2.621839999152324,-8.057074271681023,12.588111485872206
2021-04-19 19:51:00,2.628036155185732,-8.167628339778892,13.763819829123506
2021-04-19 19:52:00,2.6341384461132074,-7.684054567966531,12.525628081892402
2021-04-19 19:53:00,2.6401447096089927,-8.393925670323869,13.25889440789556
2021-04-19 19:54:00,2.6460528089500674,-7.746061156699843,13.053040975311642
2021-04-19 19:55:00,2.6518606340143105,-8.122107045215449,14.161929260155636
2021-04-19 19:56:00,2.6575661016708736,-8.475681008735663,12.202868250861156
2021-04-19 19:57:00,2.6631671565601507,-8.299882350627549,13.296392648833454
2021-04-19 19:58:00,2.6686617717530177,-8.22801847184704,12.8838528393672
2021-04-19 19:59:00,2.674047949357546,-7.373933151095175,13.72741289244389
2021-04-19 20:00:00,2.6793237211812118,-7.668579439207848,13.178449303095361
2021-04-19 20:01:00,2.684487149385639,-7.117362182838455,13.303887632379741
2021-04-19 20:02:00,2.6895363270364707,-7.970806987553075,12.231281463094694
2021-04-19 20:03:00,2.6944693787746994,-8.303310577856868,13.250134095726176
2021-04-19 20:04:00,2.69928446143365,-8.204639625566951,13.727792390115052
2021-04-19 20:05:00,2.7039797645704153,-7.953577458646728,12.982181453040775
2021-04-19 20:06:00,2.7085535111169534,-8.213924657729251,13.018009579420353
2021-04-19 20:07:00,2.713003957919386,-7.6617489788856625,13.638527106439957
2021-04-19 20:08:00,2.7173293963154013,-8.174768640327404,13.81012306231669
2021-04-19 20:09:00,2.7215281527708166,-7.138214793470729,12.892758183467292
2021-04-19 20:10:00,2.7255985892385213,-7.756493503680862,13.45090176919062
2021-04-19 20:11:00,2.7295391039118373,-8.176183411461823,13.730101081158052
2021-04-19 20:12:00,2.733348131660874,-7.923271669461453,12.926523287402267
2021-04-19 20:13:00,2.7370241444948786,-7.107601985281146,13.299479036306183
2021-04-19 20:14:00,2.7405656522055457,-8.672719523609523,12.700414412516398
2021-04-19 20:15:00,2.7439712027405214,-8.29256793896206,12.978591764703143
2021-04-19 20:16:00,2.7472393827904473,-8.045659912154235,13.291069906520352
2021-04-19 20:17:00,2.7503688182012946,-8.161001406456116,12.96284037251754
2021-04-19 20:18:00,2.753358174465741,-7.647148342306175,13.869400211434476
2021-04-19 20:19:00,2.7562061572025436,-8.327741718802706,12.90589906731667
2021-04-19 20:20:00,2.758911512549738,-7.88000677923741,13.191682352339326
2021-04-19 20:21:00,2.761473027659885,-7.509024655523499,13.533935023336257
2021-04-19 20:22:00,2.7638895310790463,-8.327584462186255,12.694978828304027
2021-04-19 20:23:00,2.766159893176346,-7.709474907681451,13.261750277215071
2021-04-19 20:24:00,2.7682830265409586,-6.861166401084525,13.37636081488716
2021-04-19 20:25:00,2.7702578863761684,-6.835116035542224,13.464318769512143
2021-04-19 20:26:00,2.772083470865476,-8.557692491262266,13.885967061421931
2021-04-19 20:27:00,2.773758821542789,-7.097942439761957,13.315203062306782
2021-04-19 20:28:00,2.7752830236465282,-7.145375382753446,12.833878006212254
2021-04-19 20:29:00,2.7766552064584005,-7.5802597124852396,13.239134930422926
2021-04-19 20:30:00,2.777874543621954,-8.05567160659192,13.156702543215733
2021-04-19 20:31:00,2.7789402534817995,-7.9645767160560546,13.550331581004464
2021-04-19 20:32:00,2.77985159935529,-7.306361041889643,13.522019439239832
2021-04-19 20:33:00,2.780607889841141,-8.039173737493211,13.517944921329057
2021-04-19 20:34:00,2.781208479105456,-7.946518681403966,13.700298175564434
2021-04-19 20:35:00,2.7816527671172135,-7.680250842883098,13.634562317915089
2021-04-19 20:36:00,2.7819401999328495,-7.591381194945996,13.77309362020352
2021-04-19 20:37:00,2.782070269909572,-7.52819763072632,14.062949774063256
2021-04-19 20:38:00,2.782042515939508,-7.344252360178623,13.52322291852205
2021-04-19 20:39:00,2.7818565236776007,-7.407180580250118,13.627323333755854
2021-04-19 20:40:00,2.7815119257062024,-7.413131470485853,12.531518359110517
2021-04-19 20:41:00,2.7810084017488697,-7.704932702469532,12.650343429715747
2021-04-19 20:42:00,2.780345678850225,-8.690913022184787,13.627809051091905
2021-04-19 20:43:00,2.77952353148455,-8.169840124507017,13.2991503702591
2021-04-19 20:44:00,2.778541781786649,-8.234595580820129,13.605144994094195
2021-04-19 20:45:00,2.7774002995990683,-8.697205432395444,12.304656169894917
2021-04-19 20:46:00,2.776099002598792,-7.522727962286624,12.917536151261436
2021-04-19 20:47:00,2.7746378565207137,-7.953562344783542,13.528751610381091
2021-04-19 20:48:00,2.773016875065905,-7.181199529579017,12.937012587022002
2021-04-19 20:49:00,2.7712361200842865,-6.881821545256574,14.053964979689395
2021-04-19 20:50:00,2.7692957017054622,-8.404748439085617,13.826105534553509
2021-04-19 20:51:00,2.7671957781793117,-8.098927865487001,12.980423316870324
2021-04-19 20:52:00,2.764936556182652,-7.063599747739063,12.852097135473358
2021-04-19 20:53:00,2.762518290584773,-7.926565870047632,14.146560300003316
2021-04-19 20:54:00,2.7599412845980997,-7.087787251607194,13.381485621007691
2021-04-19 20:55:00,2.7572058898122678,-8.111617179162401,13.881669560566378
2021-04-19 20:56:00,2.754312506037661,-8.266194125690886,13.15117397680793
2021-04-19 20:57:00,2.7512615813409873,-7.660021356322558,13.622919205272426
2021-04-19 20:58:00,2.748053612083693,-8.201168277300255,13.908380585445975
2021-04-19 20:59:00,2.7446891426802553,-8.424149028617476,12.608822684103579
2021-04-19 21:00:00,2.74116876569827,-7.156956438558688,13.72007589352991
2021-04-19 21:01:00,2.7374931216579768,-7.559383785452307,13.032903554306927
2021-04-19 21:02:00,2.7336628989671605,-7.279391489983971,13.268668476459885
2021-04-19 21:03:00,2.7296788338492135,-7.34006513187378,13.800246216611644
2021-04-19 21:04:00,2.725541710084601,-7.048735190732684,13.35075969513017
2021-04-19 21:05:00,2.7212523590752253,-7.579922163657018,13.219104599547057
2021-04-19 21:06:00,2.7168116594787226,-7.908476267450751,13.30083064870233
2021-04-19 21:07:00,2.712220537075017,-7.7919132207623525,13.470327511828529
2021-04-19 21:08:00,2.70747996482399,-7.054561567624408,13.005900452355977
2021-04-19 21:09:00,2.7025909622852686,-7.790356642262667,13.57860238154447
2021-04-19 21:10:00,2.697554595655877,-8.389030164627822,12.600671936931798
2021-04-19 21:11:00,2.6923719775394703,-7.839560316086343,12.80518099067348
2021-04-19 21:12:00,2.687044266592415,-7.362807223354319,13.09475062871564
2021-04-19 21:13:00,2.6815726674024907,-8.261369983982789,13.576518632753432
2021-04-19 21:14:00,2.6759584300763906,-7.791317179068235,13.28584619759433
2021-04-19 21:15:00,2.6702028500829202,-8.303011162167053,13.392389515676768
2021-04-19 21:16:00,2.664307267950049,-8.307152127177082,13.671244821195828
2021-04-19 21:17:00,2.6582730689049656,-8.089253545944748,13.212490337973454
2021-04-19 21:18:00,2.6521016825222774,-7.905071411448859,13.085555300398877
2021-04-19 21:19:00,2.6457945826053564,-7.817783155918701,13.195294615389804
2021-04-19 21:20:00,2.639353286526118,-8.20255176114907,12.786039341205097
2021-04-19 21:21:00,2.63277935515748,-7.998305141337324,13.09228140140793
2021-04-19 21:22:00,2.6260743923538645,-7.506697534059299,13.090907408689352
2021-04-19 21:23:00,2.6192400444852577,-7.843365496929604,13.326129045727996
2021-04-19 21:24:00,2.6122780003823434,-8.47614967146763,12.952925058411184
2021-04-19 21:25:00,2.6051899904780202,-7.298512339667666,14.105885961040471
2021-04-19 21:26:00,2.5979777867297895,-7.5685506511853635,13.52370948481451
2021-04-19 21:27:00,2.5906432021104306,-8.011364484206627,13.58590350853171
2021-04-19 21:28:00,2.5831880899573036,-8.353967005460463,13.677768871076083
2021-04-19 21:29:00,2.575614344023852,-7.773606250373637,12.581183154429425
2021-04-19 21:30:00,2.5679238972931446,-8.244275452932037,12.797486031902
2021-04-19 21:31:00,2.560118722098619,-8.647481667110519,11.99686132989078
2021-04-19 21:32:00,2.5522008294233096,-9.037417316570439,13.901165798859239
2021-04-19 21:33:00,2.544172268364625,-8.545338640116592,12.791480114985688
2021-04-19 21:34:00,2.5360351255982714,-7.754143568108511,12.921735964643906
2021-04-19 21:35:00,2.527791525024757,-8.3790124369217,13.02562479445576
2021-04-19 21:36:00,2.519443627030496,-7.813829906219337,13.018945076026203
2021-04-19 21:37:00,2.510993628129603,-7.5324340104396725,12.949437740849406
2021-04-19 21:38:00,2.5024437601977465,-7.214126994556391,13.209437068133498
2021-04-19 21:39:00,2.493796290080376,-8.538697231685667,12.455197976177724
2021-04-19 21:40:00,2.4850535189949015,-8.882140467641355,13.692842811771092
2021-04-19 21:41:00,2.4762177819093707,-7.346665565657598,13.094430833073643
2021-04-19 21:42:00,2.467291446695807,-7.561953768840428,13.21588645695782
2021-04-19 21:43:00,2.4582769142580037,-8.17736580931541,13.045409305414811
2021-04-19 21:44:00,2.4491766168733555,-8.12323683841892,12.854372966251349
2021-04-19 21:45:00,2.439993018611285,-7.8872844688357615,12.822332223085443
2021-04-19 21:46:00,2.43072861383423,-7.8185971291295475,12.578004288088211
2021-04-19 21:47:00,2.4213859270883065,-7.9311985685631985,13.2925602352829
2021-04-19 21:48:00,2.411967512325645,-8.563749699788964,13.246750019541135
2021-04-19 21:49:00,2.4024759520292576,-7.871349747538743,12.843599722984994
2021-04-19 21:50:00,2.3929138569491464,-7.623491560557283,13.243766020757924
2021-04-19 21:51:00,2.3832838649894894,-7.704437123513337,12.983148518342235
2021-04-19 21:52:00,2.3735886407133453,-8.748843346578939,13.318825676808187
2021-04-19 21:53:00,2.3638308748470633,-7.368215483560499,13.645902987880527
2021-04-19 21:54:00,2.3540132831541865,-8.114668213206947,12.402143942633748
2021-04-19 21:55:00,2.3441386060361413,-7.91376518961447,13.343893036872265
2021-04-19 21:56:00,2.3342096077619297,-8.545321148448073,12.518190000144111
2021-04-19 21:57:00,2.3242290756155786,-8.901479256595305,13.195239570281082
2021-04-19 21:58:00,2.3141998193550095,-8.716917838926012,13.297073633885073
2021-04-19 21:59:00,2.3041246702724756,-8.70852409005296,12.395734768268333
2021-04-19 22:00:00,2.294006480425669,-8.744570207267587,12.637966025100194
2021-04-19 22:01:00,2.283848122351202,-8.61793485540479,12.995722329487682
2021-04-19 22:02:00,2.2736524875882203,-8.124306717725528,12.810972351933131
2021-04-19 22:03:00,2.2634224863536025,-8.27230357784272,12.739755411764426
2021-04-19 22:04:00,2.253161046873319,-8.931515309927576,12.512641316351086
2021-04-19 22:05:00,2.2428711141585325,-8.574270235017474,12.561126783461694
2021-04-19 22:06:00,2.232555649661291,-8.581435788887966,13.172710732238787
2021-04-19 22:07:00,2.2222176302374526,-8.594665826196074,12.812386312976981
2021-04-19 22:08:00,2.211860047342254,-8.05296758711941,12.479169448412378
2021-04-19 22:09:00,2.2014859064441135,-8.201181076383302,12.23325686968153
2021-04-19 22:10:00,2.191098225992825,-8.574843830152885,13.34741021101662
2021-04-19 22:11:00,2.1807000367008142,-7.138387002671846,13.537658819123932
2021-04-19 22:12:00,2.1702943808204167,-8.007402744697908,12.386724670615854
2021-04-19 22:13:00,2.1598843110514347,-8.910786156008069,12.62784371610066
2021-04-19 22:14:00,2.149472890170305,-7.719781935385704,13.738897113432964
2021-04-19 22:15:00,2.139063189750064,-8.09551797800913,13.493570957373882
2021-04-19 22:16:00,2.128658289442974,-8.34279628531375,12.157357945721449
2021-04-19 22:17:00,2.1182612765803337,-8.414853568007363,12.681227105445045
2021-04-19 22:18:00,2.107875244715886,-7.884483282391047,12.18216631305673
2021-04-19 22:19:00,2.097503293008475,-8.985218412315923,12.86373597970692
2021-04-19 22:20:00,2.087148525811734,-8.921295462051097,13.202413295196704
2021-04-19 22:21:00,2.0768140510148516,-9.092652840716493,13.440400107265384
2021-04-19 22:22:00,2.066502980139473,-8.493045818746003,12.649480086311884
2021-04-19 22:23:00,2.0562184265506587,-8.633812025242298,12.328133788971828
2021-04-19 22:24:00,2.0459635053418426,-8.071578383753627,13.147755235460771
2021-04-19 22:25:00,2.0357413322153652,-8.981842103513626,12.726219876089761
2021-04-19 22:26:00,2.0255550226120476,-8.62391409490915,12.700412833327361
2021-04-19 22:27:00,2.0154076907973417,-7.842017351346347,12.200787033913475
2021-04-19 22:28:00,2.0053024493586618,-8.698687687970304,11.889530807273227
2021-04-19 22:29:00,1.9952424078561384,-8.415233908408144,12.332343170016047
2021-04-19 22:30:00,1.9852306724195683,-8.339141951740832,12.082733305504766
2021-04-19 22:31:00,1.975270344659735,-8.23971691782041,12.52085984372444
2021-04-19 22:32:00,1.9653645208046204,-8.096053671613127,12.77795678288082
2021-04-19 22:33:00,1.955516291066513,-9.277202425486134,12.58666103047114
2021-04-19 22:34:00,1.9457287385600526,-8.7094212528349,12.117620679322929
2021-04-19 22:35:00,1.9360049386374976,-9.892508526436067,12.15880636916637
2021-04-19 22:36:00,1.9263479579848306,-8.254926843248176,12.908661590310054
2021-04-19 22:37:00,1.9167608534896736,-8.789442291050548,11.685375746109631
2021-04-19 22:38:00,1.9072466722265053,-8.068275215160233,12.605133833408699
2021-04-19 22:39:00,1.8978084495340575,-8.894618360651908,13.123752517159787
2021-04-19 22:40:00,1.8884492090051967,-8.613481732212556,12.079939766392307
2021-04-19 22:41:00,1.8791719613597397,-9.022400608823313,12.60773512751528
2021-04-19 22:42:00,1.8699797035643726,-8.271147656095577,12.095244505220165
2021-04-19 22:43:00,1.8608754181723957,-9.477205596606108,12.315858248721701
2021-04-19 22:44:00,1.8518620722805665,-8.429591726595223,12.688560657179817
2021-04-19 22:45:00,1.8429426169174175,-8.131985753715124,12.50149227148363
2021-04-19 22:46:00,1.8341199862006219,-8.024130241737852,12.194874690318064
2021-04-19 22:47:00,1.825397096354052,-8.152372042023213,11.763557783787896
2021-04-19 22:48:00,1.816776845104903,-9.39729998130199,11.878819981290096
2021-04-19 22:49:00,1.808262110826834,-9.649384410965613,11.61539354233605
2021-04-19 22:50:00,1.799855751661994,-8.282138810660978,12.561990920336344
2021-04-19 22:51:00,1.7915606048515569,-9.030808024177942,11.625327958331798
2021-04-19 22:52:00,1.7833794859089012,-8.361399914695628,12.850514365549012
2021-04-19 22:53:00,1.7753151875915991,-8.56354161468596,12.591158125460042
2021-04-19 22:54:00,1.767370479743485,-9.182911072618177,12.446446336407215
2021-04-19 22:55:00,1.759548107801034,-8.68868926880182,12.095254115748823
2021-04-19 22:56:00,1.7518507925103162,-7.759249016684866,12.045101214299573
2021-04-19 22:57:00,1.7442812291038368,-8.716559211860835,12.476474128857435
2021-04-19 22:58:00,1.736842086237981,-8.606062582609988,12.480751379945477
2021-04-19 22:59:00,1.7295360058058278,-8.122118518437755,11.797412226011165
2021-04-19 23:00:00,1.7223656016143174,-8.158349894306008,12.169811885503437
2021-04-19 23:01:00,1.7153334589737144,-9.531949401612675,11.902601908594573
2021-04-19 23:02:00,1.7084421340891274,-8.474438476446535,12.48364329150515
2021-04-19 23:03:00,1.7016941529818874,-9.725664674947982,12.909802899202097
2021-04-19 23:04:00,1.6950920110798775,-9.173567299421988,11.986559473771827
2021-04-19 23:05:00,1.6886381724288295,-9.37844716554762,12.556605186709447
2021-04-19 23:06:00,1.6823350689560534,-9.266922850010605,11.47592877527361
2021-04-19 23:07:00,1.67618509988883,-8.39593560009841,12.115071029207051
2021-04-19 23:08:00,1.670190630923098,-9.148823806731885,11.574732431436498
2021-04-19 23:09:00,1.6643539937260234,-9.599278563176417,11.722294720783108
2021-04-19 23:10:00,1.6586774852330661,-8.630374905553591,12.1185039413311
2021-04-19 23:11:00,1.653163366915107,-9.343366855958818,12.60937057409963
2021-04-19 23:12:00,1.647813864155395,-8.56128258575995,12.25893784574041
2021-04-19 23:13:00,1.6426311658710833,-9.1202995670274,12.311651300248105
2021-04-19 23:14:00,1.6376174234370189,-9.268324604789733,11.642030755321986
2021-04-19 23:15:00,1.632774750582655,-9.205675535448842,11.985044204591784
2021-04-19 23:16:00,1.628105222353283,-8.752042703636677,12.456689461071795
2021-04-19 23:17:00,1.6236108747595148,-8.27107019327302,11.789755493292748
2021-04-19 23:18:00,1.6192937042020983,-9.324042903922898,12.006330573261598
2021-04-19 23:19:00,1.6151556668139329,-9.206497311706629,12.428476712483176
2021-04-19 23:20:00,1.6111986779585599,-8.341329142731162,11.659836016864286
2021-04-19 23:21:00,1.6074246116760447,-8.341646535685683,12.26854421197034
2021-04-19 23:22:00,1.6038353000597576,-8.575616694468712,12.24717438752365
2021-04-19 23:23:00,1.6004325329597537,-8.461347876613935,12.175641159941556
2021-04-19 23:24:00,1.5972180571922776,-9.384023803271408,11.31728791700818
2021-04-19 23:25:00,1.5941935761703425,-8.440246220492277,12.578523448410904
2021-04-19 23:26:00,1.591360749529662,-9.123052121527992,12.493920674100483
2021-04-19 23:27:00,1.5887211923907376,-8.851410337746676,11.99041090837913
2021-04-19 23:28:00,1.5862764751105949,-8.751681997198617,11.949239274117588
2021-04-19 23:29:00,1.584028122746232,-8.996560717521497,12.334026846814751
2021-04-19 23:30:00,1.5819776145467344,-9.201239331994561,12.111553078228456
2021-04-19 23:31:00,1.580126383724455,-8.852791657902175,12.919246171406959
2021-04-19 23:32:00,1.578475816733783,-9.504963105668356,11.565159032686196
2021-04-19 23:33:00,1.5770272531424738,-8.467706116696824,12.012667473153284
2021-04-19 23:34:00,1.575781985144103,-8.955670826756027,11.643980818666181
2021-04-19 23:35:00,1.5747412570749746,-8.419165740937105,11.908989785001832
2021-04-19 23:36:00,1.5739062652297364,-9.278919861394476,12.46472538268899
2021-04-19 23:37:00,1.5732781573453785,-9.0484579029545,12.117395344709097
2021-04-19 23:38:00,1.5728580323282002,-8.274539096072102,11.920914979138193
2021-04-19 23:39:00,1.5726469399412917,-9.180650737970565,12.494273857178472
2021-04-19 23:40:00,1.5726458804818564,-9.279723461587794,11.699507415629514
2021-04-19 23:41:00,1.5728558044187009,-9.275966685653037,12.461161982762782
2021-04-19 23:42:00,1.5732776121750307,-8.763650099548057,12.04725352930194
2021-04-19 23:43:00,1.5739121538371859,-9.337543158188424,12.30510423209737
2021-04-19 23:44:00,1.574760228850008,-8.429099434267428,12.424370382435884
2021-04-19 23:45:00,1.5758225858348334,-8.949166800918164,11.814792353920526
2021-04-19 23:46:00,1.577099922261611,-8.708010759060477,11.125324416568542
2021-04-19 23:47:00,1.578592884353486,-8.84141676061988,12.031127876439575
2021-04-19 23:48:00,1.580302066739133,-9.172232036061029,12.529497143668259
2021-04-19 23:49:00,1.5822280123728862,-8.47126201963051,12.760430860792818
2021-04-19 23:50:00,1.5843712122800604,-8.762662381147004,12.081231719140355
2021-04-19 23:51:00,1.5867321054578418,-9.017073020520332,12.421715001968462
2021-04-19 23:52:00,1.5893110786093478,-8.72543898954626,12.840118622438084
2021-04-19 23:53:00,1.5921084661465412,-9.30924458686495,12.199124043723003
2021-04-19 23:54:00,1.5951245499886666,-8.868071503466027,12.068007555428805
2021-04-19 23:55:00,1.5983595594310982,-9.08359642255983,11.658713686659075
2021-04-19 23:56:00,1.6018136710833715,-8.734061035248018,12.398633367598283
2021-04-19 23:57:00,1.6054870088180764,-8.436311371537103,12.401448901359071
2021-04-19 23:58:00,1.609379643609638,-8.321382934862909,11.588643253679084
2021-04-19 23:59:00,1.6134915935966165,-8.653735199052342,11.801480048653202
2021-04-20 00:00:00,1.6178228239193417,-8.788629269595448,12.542972150378695
2021-04-20 00:01:00,1.622373246812877,-9.448540341362628,12.406329656011996
2021-04-20 00:02:00,1.6271427215120096,-9.06253347941511,12.691915112956321
2021-04-20 00:03:00,1.6321310542574965,-9.276966314570549,12.369089326604106
2021-04-20 00:04:00,1.6373379983961271,-8.941477691490737,12.517984443749965
2021-04-20 00:05:00,1.6427632542874329,-8.688607676403374,12.042998352890926
2021-04-20 00:06:00,1.6484064694306046,-8.63379556316497,12.686338936172662
2021-04-20 00:07:00,1.6542672385792685,-8.816479329906704,12.887197005444738
2021-04-20 00:08:00,1.6603451035904666,-8.789853347158875,12.16190594461428
2021-04-20 00:09:00,1.6666395538138852,-8.641346505444403,12.628188209074695
2021-04-20 00:10:00,1.67315002596699,-9.07955633251165,12.074127926136171
2021-04-20 00:11:00,1.6798759043222673,-9.21847288046609,12.446245672443474
2021-04-20 00:12:00,1.6868165208957338,-9.435597354895263,12.480079762571052
2021-04-20 00:13:00,1.693971155408405,-9.455295302288533,12.157317238064472
2021-04-20 00:14:00,1.7013390357285365,-8.388176993547377,12.185819914246336
2021-04-20 00:15:00,1.7089193378212508,-9.30659735885342,11.586362520237264
2021-04-20 00:16:00,1.7167111859478732,-8.152444451267153,12.773545606761727
2021-04-20 00:17:00,1.7247136529707614,-8.885554376707546,11.390840709449332
2021-04-20 00:18:00,1.7329257605261446,-8.028105998844802,12.26885578506287
2021-04-20 00:19:00,1.7413464791582205,-8.902627994845004,12.904571472842157
2021-04-20 00:20:00,1.749974728721135,-8.283024758689628,12.422701309959882
2021-04-20 00:21:00,1.758809378469041,-9.14443386196813,12.308506041473244
2021-04-20 00:22:00,1.7678492474542256,-8.725657482483866,12.118329999390982
2021-04-20 00:23:00,1.7770931047686782,-8.91824846287747,12.614011409074072
2021-04-20 00:24:00,1.78653966973852,-8.20563876140709,12.891231976713408
2021-04-20 00:25:00,1.7961876123713427,-9.615128863547547,13.032597776151597
2021-04-20 00:26:00,1.8060355537230177,-8.738876350800004,11.734781463035896
2021-04-20 00:27:00,1.8160820658613646,-9.227482198733897,12.192890575905384
2021-04-20 00:28:00,1.8263256728089234,-8.710538768713743,12.6774563341145
2021-04-20 00:29:00,1.8367648502322538,-8.974721948593633,12.16754041196042
2021-04-20 00:30:00,1.8473980264396737,-8.47140442170048,12.762744941863023
2021-04-20 00:31:00,1.8582235823660085,-8.402019724150534,12.965177735121264
2021-04-20 00:32:00,1.8692398520183393,-8.833216336464567,12.408685550793665
